ISO-10303-21;
HEADER;
/****************************************************************
 * Generated by software with PDE/Lib inside                    *
 * PDElib Version v51a, created Tue 12/06/2005                  *
 * International Technegroup Inc. (www.iti-oh.com)              *
 ****************************************************************/
FILE_DESCRIPTION((''),'2;1');
FILE_NAME('I:\\Kurz\\oerlikon_neu\\Fliehkraftkupplung\\682Modelle-Ausfuehrung_mit_Passfeder\\Modell_Fliehgewicht_Pos5.stp','2010-05-04T19:53:16',('Administrator'),(''),'Autodesk Inventor 11','Autodesk Inventor 11','');
FILE_SCHEMA(('AUTOMOTIVE_DESIGN { 1 0 10303 214 1 1 1 1 }'));
ENDSEC;
DATA;
#5=APPLICATION_CONTEXT('automotive design');
#6=APPLICATION_PROTOCOL_DEFINITION('International Standard','automotive_design',2001,#5);
#7=PRODUCT_CONTEXT('',#5,'mechanical');
#8=PRODUCT('Pos5_Fliehgewicht','Pos5_Fliehgewicht',$,(#7));
#9=PRODUCT_RELATED_PRODUCT_CATEGORY('part',$,(#8));
#10=PRODUCT_DEFINITION_FORMATION('',$,#8);
#11=PRODUCT_DEFINITION_CONTEXT('part definition',#5,'design');
#12=PRODUCT_DEFINITION('',$,#10,#11);
#18=(NAMED_UNIT(*)PLANE_ANGLE_UNIT()SI_UNIT($,.RADIAN.));
#19=DIMENSIONAL_EXPONENTS(0.0,0.0,0.0,0.0,0.0,0.0,0.0);
#20=PLANE_ANGLE_MEASURE_WITH_UNIT(PLANE_ANGLE_MEASURE(0.017453292500000),#18);
#24=(CONVERSION_BASED_UNIT('DEGREE',#20)NAMED_UNIT(#19)PLANE_ANGLE_UNIT());
#28=(NAMED_UNIT(*)SI_UNIT($,.STERADIAN.)SOLID_ANGLE_UNIT());
#32=(LENGTH_UNIT()NAMED_UNIT(*)SI_UNIT(.MILLI.,.METRE.));
#34=UNCERTAINTY_MEASURE_WITH_UNIT(LENGTH_MEASURE(0.010000000000000),#32,'DISTANCE_ACCURACY_VALUE','');
#36=(GEOMETRIC_REPRESENTATION_CONTEXT(3)GLOBAL_UNCERTAINTY_ASSIGNED_CONTEXT((#34))GLOBAL_UNIT_ASSIGNED_CONTEXT((#24,#28,#32))REPRESENTATION_CONTEXT('None','None'));
#37=AXIS2_PLACEMENT_3D('',#38,#39,#40);
#38=CARTESIAN_POINT('',(0.0,0.0,0.0));
#39=DIRECTION('',(0.0,0.0,1.0));
#40=DIRECTION('',(1.0,0.0,0.0));
#41=SHAPE_REPRESENTATION('',(#37,#476,#4690),#36);
#42=PRODUCT_DEFINITION_SHAPE('','',#12);
#43=SHAPE_DEFINITION_REPRESENTATION(#42,#41);
#44=APPLICATION_CONTEXT('automotive design');
#45=APPLICATION_PROTOCOL_DEFINITION('International Standard','automotive_design',2001,#44);
#46=PRODUCT_CONTEXT('',#44,'mechanical');
#47=PRODUCT('Pos5_2_Belag','Pos5_2_Belag',$,(#46));
#48=PRODUCT_RELATED_PRODUCT_CATEGORY('part',$,(#47));
#49=PRODUCT_DEFINITION_FORMATION('',$,#47);
#50=PRODUCT_DEFINITION_CONTEXT('part definition',#44,'design');
#51=PRODUCT_DEFINITION('',$,#49,#50);
#57=(NAMED_UNIT(*)PLANE_ANGLE_UNIT()SI_UNIT($,.RADIAN.));
#58=DIMENSIONAL_EXPONENTS(0.0,0.0,0.0,0.0,0.0,0.0,0.0);
#59=PLANE_ANGLE_MEASURE_WITH_UNIT(PLANE_ANGLE_MEASURE(0.017453292500000),#57);
#63=(CONVERSION_BASED_UNIT('DEGREE',#59)NAMED_UNIT(#58)PLANE_ANGLE_UNIT());
#67=(NAMED_UNIT(*)SI_UNIT($,.STERADIAN.)SOLID_ANGLE_UNIT());
#71=(LENGTH_UNIT()NAMED_UNIT(*)SI_UNIT(.MILLI.,.METRE.));
#73=UNCERTAINTY_MEASURE_WITH_UNIT(LENGTH_MEASURE(0.010000000000000),#71,'DISTANCE_ACCURACY_VALUE','');
#75=(GEOMETRIC_REPRESENTATION_CONTEXT(3)GLOBAL_UNCERTAINTY_ASSIGNED_CONTEXT((#73))GLOBAL_UNIT_ASSIGNED_CONTEXT((#63,#67,#71))REPRESENTATION_CONTEXT('None','None'));
#76=AXIS2_PLACEMENT_3D('',#77,#78,#79);
#77=CARTESIAN_POINT('',(0.0,0.0,0.0));
#78=DIRECTION('',(0.0,0.0,1.0));
#79=DIRECTION('',(1.0,0.0,0.0));
#80=SHAPE_REPRESENTATION('',(#76),#75);
#81=PRODUCT_DEFINITION_SHAPE('','',#51);
#82=SHAPE_DEFINITION_REPRESENTATION(#81,#80);
#83=CARTESIAN_POINT('',(-10.980503087989486,67.182689811603325,-27.0));
#84=DIRECTION('',(0.0,0.0,-1.0));
#85=DIRECTION('',(-1.0,0.0,0.0));
#86=AXIS2_PLACEMENT_3D('',#83,#84,#85);
#87=PLANE('',#86);
#88=CARTESIAN_POINT('',(-10.981163824429455,67.163768795555285,-27.0));
#89=VERTEX_POINT('',#88);
#90=CARTESIAN_POINT('',(-12.450306061442129,67.215072372964570,-27.0));
#91=VERTEX_POINT('',#90);
#92=CARTESIAN_POINT('',(-10.981163824429455,67.163768795555285,-27.0));
#93=DIRECTION('',(-0.999390827019096,0.034899496702484,0.0));
#94=VECTOR('',#93,1.470037744287403);
#95=LINE('',#92,#94);
#96=EDGE_CURVE('',#89,#91,#95,.T.);
#97=ORIENTED_EDGE('',*,*,#96,.T.);
#98=CARTESIAN_POINT('',(-12.444694788050974,67.233820512452894,-27.0));
#99=VERTEX_POINT('',#98);
#100=CARTESIAN_POINT('',(-12.450306061442129,67.215072372964570,-27.0));
#101=DIRECTION('',(0.286730491044803,0.958011286731637,0.0));
#102=VECTOR('',#101,0.019569852409866);
#103=LINE('',#100,#102);
#104=EDGE_CURVE('',#91,#99,#103,.T.);
#105=ORIENTED_EDGE('',*,*,#104,.T.);
#106=CARTESIAN_POINT('',(-10.980503087989486,67.182689811603325,-27.0));
#107=VERTEX_POINT('',#106);
#108=CARTESIAN_POINT('',(-10.980503087989486,67.182689811603325,-27.0));
#109=DIRECTION('',(-0.999390827019096,0.034899496702495,0.0));
#110=VECTOR('',#109,1.465084189764642);
#111=LINE('',#108,#110);
#112=EDGE_CURVE('',#107,#99,#111,.T.);
#113=ORIENTED_EDGE('',*,*,#112,.F.);
#114=CARTESIAN_POINT('',(-10.981163824429455,67.163768795555285,-27.0));
#115=DIRECTION('',(0.034899496702774,0.999390827019086,0.0));
#116=VECTOR('',#115,0.018932549245500);
#117=LINE('',#114,#116);
#118=EDGE_CURVE('',#89,#107,#117,.T.);
#119=ORIENTED_EDGE('',*,*,#118,.F.);
#120=EDGE_LOOP('',(#97,#105,#113,#119));
#121=FACE_OUTER_BOUND('',#120,.T.);
#122=ADVANCED_FACE('',(#121),#87,.T.);
#123=CARTESIAN_POINT('',(-13.978675569046771,67.287388301710834,27.0));
#124=DIRECTION('',(-0.034899496702505,-0.999390827019096,0.0));
#125=DIRECTION('',(0.0,0.0,-1.0));
#126=AXIS2_PLACEMENT_3D('',#123,#124,#125);
#127=PLANE('',#126);
#128=ORIENTED_EDGE('',*,*,#112,.T.);
#129=CARTESIAN_POINT('',(-12.444694788050972,67.233820512452894,27.0));
#130=VERTEX_POINT('',#129);
#131=CARTESIAN_POINT('',(-12.444694788050974,67.233820512452894,-27.0));
#132=DIRECTION('',(0.0,0.0,1.0));
#133=VECTOR('',#132,54.0);
#134=LINE('',#131,#133);
#135=EDGE_CURVE('',#99,#130,#134,.T.);
#136=ORIENTED_EDGE('',*,*,#135,.T.);
#137=CARTESIAN_POINT('',(-10.980503087989486,67.182689811603325,27.0));
#138=VERTEX_POINT('',#137);
#139=CARTESIAN_POINT('',(-10.980503087989486,67.182689811603325,27.0));
#140=DIRECTION('',(-0.999390827019096,0.034899496702495,0.0));
#141=VECTOR('',#140,1.465084189764640);
#142=LINE('',#139,#141);
#143=EDGE_CURVE('',#138,#130,#142,.T.);
#144=ORIENTED_EDGE('',*,*,#143,.F.);
#145=CARTESIAN_POINT('',(-10.980503087989486,67.182689811603325,27.0));
#146=DIRECTION('',(0.0,0.0,-1.0));
#147=VECTOR('',#146,54.0);
#148=LINE('',#145,#147);
#149=EDGE_CURVE('',#138,#107,#148,.T.);
#150=ORIENTED_EDGE('',*,*,#149,.T.);
#151=EDGE_LOOP('',(#128,#136,#144,#150));
#152=FACE_OUTER_BOUND('',#151,.T.);
#153=ADVANCED_FACE('',(#152),#127,.F.);
#154=CARTESIAN_POINT('',(-10.980503087989486,67.182689811603325,27.0));
#155=DIRECTION('',(-0.999390827019096,0.034899496702504,0.0));
#156=DIRECTION('',(0.0,0.0,1.0));
#157=AXIS2_PLACEMENT_3D('',#154,#155,#156);
#158=PLANE('',#157);
#159=CARTESIAN_POINT('',(-10.981163824429455,67.163768795555285,27.0));
#160=VERTEX_POINT('',#159);
#161=CARTESIAN_POINT('',(-10.981163824429455,67.163768795555285,-27.0));
#162=DIRECTION('',(0.0,0.0,1.0));
#163=VECTOR('',#162,54.0);
#164=LINE('',#161,#163);
#165=EDGE_CURVE('',#89,#160,#164,.T.);
#166=ORIENTED_EDGE('',*,*,#165,.F.);
#167=ORIENTED_EDGE('',*,*,#118,.T.);
#168=ORIENTED_EDGE('',*,*,#149,.F.);
#169=CARTESIAN_POINT('',(-10.981163824429455,67.163768795555285,27.0));
#170=DIRECTION('',(0.034899496702774,0.999390827019086,0.0));
#171=VECTOR('',#170,0.018932549245500);
#172=LINE('',#169,#171);
#173=EDGE_CURVE('',#160,#138,#172,.T.);
#174=ORIENTED_EDGE('',*,*,#173,.F.);
#175=EDGE_LOOP('',(#166,#167,#168,#174));
#176=FACE_OUTER_BOUND('',#175,.T.);
#177=ADVANCED_FACE('',(#176),#158,.F.);
#178=CARTESIAN_POINT('',(-10.980503087989486,67.182689811603325,27.0));
#179=DIRECTION('',(0.0,0.0,-1.0));
#180=DIRECTION('',(-1.0,0.0,0.0));
#181=AXIS2_PLACEMENT_3D('',#178,#179,#180);
#182=PLANE('',#181);
#183=ORIENTED_EDGE('',*,*,#143,.T.);
#184=CARTESIAN_POINT('',(-12.450306061442129,67.215072372964570,27.0));
#185=VERTEX_POINT('',#184);
#186=CARTESIAN_POINT('',(-12.444694788050972,67.233820512452894,27.0));
#187=DIRECTION('',(-0.286730491044886,-0.958011286731612,0.0));
#188=VECTOR('',#187,0.019569852409866);
#189=LINE('',#186,#188);
#190=EDGE_CURVE('',#130,#185,#189,.T.);
#191=ORIENTED_EDGE('',*,*,#190,.T.);
#192=CARTESIAN_POINT('',(-10.981163824429455,67.163768795555285,27.0));
#193=DIRECTION('',(-0.999390827019096,0.034899496702484,0.0));
#194=VECTOR('',#193,1.470037744287403);
#195=LINE('',#192,#194);
#196=EDGE_CURVE('',#160,#185,#195,.T.);
#197=ORIENTED_EDGE('',*,*,#196,.F.);
#198=ORIENTED_EDGE('',*,*,#173,.T.);
#199=EDGE_LOOP('',(#183,#191,#197,#198));
#200=FACE_OUTER_BOUND('',#199,.T.);
#201=ADVANCED_FACE('',(#200),#182,.F.);
#202=CARTESIAN_POINT('',(51.000000000000014,3.000000000000008,27.0));
#203=DIRECTION('',(-1.0,0.0,0.0));
#204=DIRECTION('',(0.0,0.0,1.0));
#205=AXIS2_PLACEMENT_3D('',#202,#203,#204);
#206=PLANE('',#205);
#207=CARTESIAN_POINT('',(51.000000000000014,1.695663915881441,27.0));
#208=VERTEX_POINT('',#207);
#209=CARTESIAN_POINT('',(51.000000000000014,3.000000000000008,27.0));
#210=VERTEX_POINT('',#209);
#211=CARTESIAN_POINT('',(51.000000000000014,1.695663915881441,27.0));
#212=DIRECTION('',(0.0,1.0,0.0));
#213=VECTOR('',#212,1.304336084118567);
#214=LINE('',#211,#213);
#215=EDGE_CURVE('',#208,#210,#214,.T.);
#216=ORIENTED_EDGE('',*,*,#215,.F.);
#217=CARTESIAN_POINT('',(51.000000000000014,1.695663915881440,-27.0));
#218=VERTEX_POINT('',#217);
#219=CARTESIAN_POINT('',(51.000000000000014,1.695663915881441,27.0));
#220=DIRECTION('',(0.0,0.0,-1.0));
#221=VECTOR('',#220,54.0);
#222=LINE('',#219,#221);
#223=EDGE_CURVE('',#208,#218,#222,.T.);
#224=ORIENTED_EDGE('',*,*,#223,.T.);
#225=CARTESIAN_POINT('',(51.000000000000014,3.000000000000008,-27.0));
#226=VERTEX_POINT('',#225);
#227=CARTESIAN_POINT('',(51.000000000000014,1.695663915881440,-27.0));
#228=DIRECTION('',(0.0,1.0,0.0));
#229=VECTOR('',#228,1.304336084118568);
#230=LINE('',#227,#229);
#231=EDGE_CURVE('',#218,#226,#230,.T.);
#232=ORIENTED_EDGE('',*,*,#231,.T.);
#233=CARTESIAN_POINT('',(51.000000000000014,3.000000000000008,27.0));
#234=DIRECTION('',(0.0,0.0,-1.0));
#235=VECTOR('',#234,54.0);
#236=LINE('',#233,#235);
#237=EDGE_CURVE('',#210,#226,#236,.T.);
#238=ORIENTED_EDGE('',*,*,#237,.F.);
#239=EDGE_LOOP('',(#216,#224,#232,#238));
#240=FACE_OUTER_BOUND('',#239,.T.);
#241=ADVANCED_FACE('',(#240),#206,.F.);
#242=CARTESIAN_POINT('',(-50.999999999999986,2.999999999999996,27.0));
#243=DIRECTION('',(0.0,-1.0,0.0));
#244=DIRECTION('',(0.0,0.0,-1.0));
#245=AXIS2_PLACEMENT_3D('',#242,#243,#244);
#246=PLANE('',#245);
#247=CARTESIAN_POINT('',(50.981067450754452,3.000000000000003,-27.0));
#248=VERTEX_POINT('',#247);
#249=CARTESIAN_POINT('',(51.000000000000014,3.000000000000008,-27.0));
#250=DIRECTION('',(-1.0,-2.814766E-013,0.0));
#251=VECTOR('',#250,0.018932549245562);
#252=LINE('',#249,#251);
#253=EDGE_CURVE('',#226,#248,#252,.T.);
#254=ORIENTED_EDGE('',*,*,#253,.T.);
#255=CARTESIAN_POINT('',(50.981067450754452,3.000000000000003,27.0));
#256=VERTEX_POINT('',#255);
#257=CARTESIAN_POINT('',(50.981067450754452,3.000000000000003,-27.0));
#258=DIRECTION('',(0.0,0.0,1.0));
#259=VECTOR('',#258,54.0);
#260=LINE('',#257,#259);
#261=EDGE_CURVE('',#248,#256,#260,.T.);
#262=ORIENTED_EDGE('',*,*,#261,.T.);
#263=CARTESIAN_POINT('',(51.000000000000014,3.000000000000008,27.0));
#264=DIRECTION('',(-1.0,-2.814766E-013,0.0));
#265=VECTOR('',#264,0.018932549245562);
#266=LINE('',#263,#265);
#267=EDGE_CURVE('',#210,#256,#266,.T.);
#268=ORIENTED_EDGE('',*,*,#267,.F.);
#269=ORIENTED_EDGE('',*,*,#237,.T.);
#270=EDGE_LOOP('',(#254,#262,#268,#269));
#271=FACE_OUTER_BOUND('',#270,.T.);
#272=ADVANCED_FACE('',(#271),#246,.F.);
#273=CARTESIAN_POINT('',(-50.999999999999986,2.999999999999996,27.0));
#274=DIRECTION('',(0.0,0.0,-1.0));
#275=DIRECTION('',(-1.0,0.0,0.0));
#276=AXIS2_PLACEMENT_3D('',#273,#274,#275);
#277=PLANE('',#276);
#278=CARTESIAN_POINT('',(50.981067450754480,1.690131836511905,27.0));
#279=VERTEX_POINT('',#278);
#280=CARTESIAN_POINT('',(50.981067450754452,3.000000000000003,27.0));
#281=DIRECTION('',(0.0,-1.0,0.0));
#282=VECTOR('',#281,1.309868163488098);
#283=LINE('',#280,#282);
#284=EDGE_CURVE('',#256,#279,#283,.T.);
#285=ORIENTED_EDGE('',*,*,#284,.T.);
#286=CARTESIAN_POINT('',(50.981067450754480,1.690131836511905,27.0));
#287=DIRECTION('',(0.959862435448345,0.280471219584418,0.0));
#288=VECTOR('',#287,0.019724231875676);
#289=LINE('',#286,#288);
#290=EDGE_CURVE('',#279,#208,#289,.T.);
#291=ORIENTED_EDGE('',*,*,#290,.T.);
#292=ORIENTED_EDGE('',*,*,#215,.T.);
#293=ORIENTED_EDGE('',*,*,#267,.T.);
#294=EDGE_LOOP('',(#285,#291,#292,#293));
#295=FACE_OUTER_BOUND('',#294,.T.);
#296=ADVANCED_FACE('',(#295),#277,.F.);
#297=CARTESIAN_POINT('',(-50.999999999999986,2.999999999999996,-27.0));
#298=DIRECTION('',(0.0,0.0,-1.0));
#299=DIRECTION('',(-1.0,0.0,0.0));
#300=AXIS2_PLACEMENT_3D('',#297,#298,#299);
#301=PLANE('',#300);
#302=ORIENTED_EDGE('',*,*,#231,.F.);
#303=CARTESIAN_POINT('',(50.981067450754480,1.690131836511902,-27.0));
#304=VERTEX_POINT('',#303);
#305=CARTESIAN_POINT('',(51.000000000000014,1.695663915881440,-27.0));
#306=DIRECTION('',(-0.959862435448327,-0.280471219584480,0.0));
#307=VECTOR('',#306,0.019724231875676);
#308=LINE('',#305,#307);
#309=EDGE_CURVE('',#218,#304,#308,.T.);
#310=ORIENTED_EDGE('',*,*,#309,.T.);
#311=CARTESIAN_POINT('',(50.981067450754452,3.000000000000003,-27.0));
#312=DIRECTION('',(0.0,-1.0,0.0));
#313=VECTOR('',#312,1.309868163488101);
#314=LINE('',#311,#313);
#315=EDGE_CURVE('',#248,#304,#314,.T.);
#316=ORIENTED_EDGE('',*,*,#315,.F.);
#317=ORIENTED_EDGE('',*,*,#253,.F.);
#318=EDGE_LOOP('',(#302,#310,#316,#317));
#319=FACE_OUTER_BOUND('',#318,.T.);
#320=ADVANCED_FACE('',(#319),#301,.T.);
#321=CARTESIAN_POINT('',(50.981067450754480,65.0,-27.0));
#322=DIRECTION('',(0.0,0.0,1.0));
#323=DIRECTION('',(1.0,0.0,0.0));
#324=AXIS2_PLACEMENT_3D('',#321,#322,#323);
#325=PLANE('',#324);
#326=CARTESIAN_POINT('',(45.882336989352261,0.200285898146371,-27.0));
#327=VERTEX_POINT('',#326);
#328=CARTESIAN_POINT('',(-13.957675638349492,62.178715539447929,-27.0));
#329=VERTEX_POINT('',#328);
#330=CARTESIAN_POINT('',(50.981067450754480,65.0,-27.0));
#331=DIRECTION('',(0.0,0.0,-1.0));
#332=DIRECTION('',(1.0,0.0,0.0));
#333=AXIS2_PLACEMENT_3D('',#330,#331,#332);
#334=CIRCLE('',#333,65.0);
#335=EDGE_CURVE('',#327,#329,#334,.T.);
#336=ORIENTED_EDGE('',*,*,#335,.T.);
#337=CARTESIAN_POINT('',(-13.957675638349492,62.178715539447929,-27.0));
#338=DIRECTION('',(0.286730491045180,0.958011286731524,0.0));
#339=VECTOR('',#338,5.257095509489595);
#340=LINE('',#337,#339);
#341=EDGE_CURVE('',#329,#91,#340,.T.);
#342=ORIENTED_EDGE('',*,*,#341,.T.);
#343=ORIENTED_EDGE('',*,*,#96,.F.);
#344=CARTESIAN_POINT('',(50.981067450754480,65.0,-27.0));
#345=DIRECTION('',(0.0,0.0,-1.0));
#346=DIRECTION('',(1.0,0.0,0.0));
#347=AXIS2_PLACEMENT_3D('',#344,#345,#346);
#348=CIRCLE('',#347,62.000000000000028);
#349=EDGE_CURVE('',#248,#89,#348,.T.);
#350=ORIENTED_EDGE('',*,*,#349,.F.);
#351=ORIENTED_EDGE('',*,*,#315,.T.);
#352=CARTESIAN_POINT('',(50.981067450754480,1.690131836511902,-27.0));
#353=DIRECTION('',(-0.959862435448311,-0.280471219584538,0.0));
#354=VECTOR('',#353,5.311938745702473);
#355=LINE('',#352,#354);
#356=EDGE_CURVE('',#304,#327,#355,.T.);
#357=ORIENTED_EDGE('',*,*,#356,.T.);
#358=EDGE_LOOP('',(#336,#342,#343,#350,#351,#357));
#359=FACE_OUTER_BOUND('',#358,.T.);
#360=ADVANCED_FACE('',(#359),#325,.F.);
#361=CARTESIAN_POINT('',(50.981067450754480,65.0,27.0));
#362=DIRECTION('',(0.0,0.0,1.0));
#363=DIRECTION('',(1.0,0.0,0.0));
#364=AXIS2_PLACEMENT_3D('',#361,#362,#363);
#365=PLANE('',#364);
#366=ORIENTED_EDGE('',*,*,#196,.T.);
#367=CARTESIAN_POINT('',(-13.957675638349492,62.178715539447929,27.0));
#368=VERTEX_POINT('',#367);
#369=CARTESIAN_POINT('',(-12.450306061442129,67.215072372964570,27.0));
#370=DIRECTION('',(-0.286730491045180,-0.958011286731524,0.0));
#371=VECTOR('',#370,5.257095509489595);
#372=LINE('',#369,#371);
#373=EDGE_CURVE('',#185,#368,#372,.T.);
#374=ORIENTED_EDGE('',*,*,#373,.T.);
#375=CARTESIAN_POINT('',(45.882336989352261,0.200285898146361,27.0));
#376=VERTEX_POINT('',#375);
#377=CARTESIAN_POINT('',(50.981067450754480,65.0,27.0));
#378=DIRECTION('',(0.0,0.0,-1.0));
#379=DIRECTION('',(1.0,0.0,0.0));
#380=AXIS2_PLACEMENT_3D('',#377,#378,#379);
#381=CIRCLE('',#380,65.0);
#382=EDGE_CURVE('',#376,#368,#381,.T.);
#383=ORIENTED_EDGE('',*,*,#382,.F.);
#384=CARTESIAN_POINT('',(45.882336989352261,0.200285898146361,27.0));
#385=DIRECTION('',(0.959862435448310,0.280471219584540,0.0));
#386=VECTOR('',#385,5.311938745702476);
#387=LINE('',#384,#386);
#388=EDGE_CURVE('',#376,#279,#387,.T.);
#389=ORIENTED_EDGE('',*,*,#388,.T.);
#390=ORIENTED_EDGE('',*,*,#284,.F.);
#391=CARTESIAN_POINT('',(50.981067450754480,65.0,27.0));
#392=DIRECTION('',(0.0,0.0,-1.0));
#393=DIRECTION('',(1.0,0.0,0.0));
#394=AXIS2_PLACEMENT_3D('',#391,#392,#393);
#395=CIRCLE('',#394,62.000000000000028);
#396=EDGE_CURVE('',#256,#160,#395,.T.);
#397=ORIENTED_EDGE('',*,*,#396,.T.);
#398=EDGE_LOOP('',(#366,#374,#383,#389,#390,#397));
#399=FACE_OUTER_BOUND('',#398,.T.);
#400=ADVANCED_FACE('',(#399),#365,.T.);
#401=CARTESIAN_POINT('',(50.981067450754480,65.0,-152.605158637088290));
#402=DIRECTION('',(0.0,0.0,1.0));
#403=DIRECTION('',(1.0,0.0,0.0));
#404=AXIS2_PLACEMENT_3D('',#401,#402,#403);
#405=CYLINDRICAL_SURFACE('',#404,65.0);
#406=ORIENTED_EDGE('',*,*,#382,.T.);
#407=CARTESIAN_POINT('',(-13.957675638349492,62.178715539447929,27.0));
#408=DIRECTION('',(0.0,0.0,-1.0));
#409=VECTOR('',#408,54.0);
#410=LINE('',#407,#409);
#411=EDGE_CURVE('',#368,#329,#410,.T.);
#412=ORIENTED_EDGE('',*,*,#411,.T.);
#413=ORIENTED_EDGE('',*,*,#335,.F.);
#414=CARTESIAN_POINT('',(45.882336989352261,0.200285898146371,-27.0));
#415=DIRECTION('',(0.0,0.0,1.0));
#416=VECTOR('',#415,54.0);
#417=LINE('',#414,#416);
#418=EDGE_CURVE('',#327,#376,#417,.T.);
#419=ORIENTED_EDGE('',*,*,#418,.T.);
#420=EDGE_LOOP('',(#406,#412,#413,#419));
#421=FACE_OUTER_BOUND('',#420,.T.);
#422=ADVANCED_FACE('',(#421),#405,.T.);
#423=CARTESIAN_POINT('',(50.981067450754480,65.0,-152.605158637088290));
#424=DIRECTION('',(0.0,0.0,1.0));
#425=DIRECTION('',(1.0,0.0,0.0));
#426=AXIS2_PLACEMENT_3D('',#423,#424,#425);
#427=CYLINDRICAL_SURFACE('',#426,62.000000000000028);
#428=ORIENTED_EDGE('',*,*,#261,.F.);
#429=ORIENTED_EDGE('',*,*,#349,.T.);
#430=ORIENTED_EDGE('',*,*,#165,.T.);
#431=ORIENTED_EDGE('',*,*,#396,.F.);
#432=EDGE_LOOP('',(#428,#429,#430,#431));
#433=FACE_OUTER_BOUND('',#432,.T.);
#434=ADVANCED_FACE('',(#433),#427,.F.);
#435=CARTESIAN_POINT('',(51.000000000000014,1.695663915881441,-152.605158637088290));
#436=DIRECTION('',(0.280471219584540,-0.959862435448310,0.0));
#437=DIRECTION('',(0.0,0.0,-1.0));
#438=AXIS2_PLACEMENT_3D('',#435,#436,#437);
#439=PLANE('',#438);
#440=ORIENTED_EDGE('',*,*,#388,.F.);
#441=ORIENTED_EDGE('',*,*,#418,.F.);
#442=ORIENTED_EDGE('',*,*,#356,.F.);
#443=ORIENTED_EDGE('',*,*,#309,.F.);
#444=ORIENTED_EDGE('',*,*,#223,.F.);
#445=ORIENTED_EDGE('',*,*,#290,.F.);
#446=EDGE_LOOP('',(#440,#441,#442,#443,#444,#445));
#447=FACE_OUTER_BOUND('',#446,.T.);
#448=ADVANCED_FACE('',(#447),#439,.T.);
#449=CARTESIAN_POINT('',(-13.957675638349496,62.178715539447929,-152.605158637088290));
#450=DIRECTION('',(-0.958011286731524,0.286730491045178,0.0));
#451=DIRECTION('',(0.0,0.0,1.0));
#452=AXIS2_PLACEMENT_3D('',#449,#450,#451);
#453=PLANE('',#452);
#454=ORIENTED_EDGE('',*,*,#190,.F.);
#455=ORIENTED_EDGE('',*,*,#135,.F.);
#456=ORIENTED_EDGE('',*,*,#104,.F.);
#457=ORIENTED_EDGE('',*,*,#341,.F.);
#458=ORIENTED_EDGE('',*,*,#411,.F.);
#459=ORIENTED_EDGE('',*,*,#373,.F.);
#460=EDGE_LOOP('',(#454,#455,#456,#457,#458,#459));
#461=FACE_OUTER_BOUND('',#460,.T.);
#462=ADVANCED_FACE('',(#461),#453,.T.);
#463=CLOSED_SHELL('',(#122,#153,#177,#201,#241,#272,#296,#320,#360,#400,#422,#434,#448,#462));
#464=MANIFOLD_SOLID_BREP('',#463);
#465=COLOUR_RGB('bersetzter Farbstil',0.800000011920929,0.800000011920929,0.800000011920929);
#466=FILL_AREA_STYLE_COLOUR('bersetzter Farbstil',#465);
#467=FILL_AREA_STYLE('bersetzter Farbstil',(#466));
#468=SURFACE_STYLE_FILL_AREA(#467);
#469=SURFACE_SIDE_STYLE('bersetzter Farbstil',(#468));
#470=SURFACE_STYLE_USAGE(.BOTH.,#469);
#471=PRESENTATION_STYLE_ASSIGNMENT((#470));
#472=STYLED_ITEM('',(#471),#464);
#473=MECHANICAL_DESIGN_GEOMETRIC_PRESENTATION_REPRESENTATION('',(#472,#4687),#36);
#474=ADVANCED_BREP_SHAPE_REPRESENTATION('ABSR',(#464),#75);
#475=SHAPE_REPRESENTATION_RELATIONSHIP('SRR','None',#474,#80);
#476=AXIS2_PLACEMENT_3D('',#477,#478,#479);
#477=CARTESIAN_POINT('',(11.342661782411733,-81.825504960911800,0.0));
#478=DIRECTION('',(0.0,0.0,1.0));
#479=DIRECTION('',(0.694658370458991,0.719339800338658,0.0));
#480=NEXT_ASSEMBLY_USAGE_OCCURRENCE('Pos5_2_Belag:1','Pos5_2_Belag:1','Pos5_2_Belag:1',#12,#51,'Pos5_2_Belag:1');
#481=PRODUCT_DEFINITION_SHAPE('Pos5_2_Belag:1','Pos5_2_Belag:1',#480);
#482=ITEM_DEFINED_TRANSFORMATION('Pos5_2_Belag:1','Pos5_2_Belag:1',#76,#476);
#486=(REPRESENTATION_RELATIONSHIP('Pos5_2_Belag:1','Pos5_2_Belag:1',#80,#41)REPRESENTATION_RELATIONSHIP_WITH_TRANSFORMATION(#482)SHAPE_REPRESENTATION_RELATIONSHIP());
#487=CONTEXT_DEPENDENT_SHAPE_REPRESENTATION(#486,#481);
#488=APPLICATION_CONTEXT('automotive design');
#489=APPLICATION_PROTOCOL_DEFINITION('International Standard','automotive_design',2001,#488);
#490=PRODUCT_CONTEXT('',#488,'mechanical');
#491=PRODUCT('Pos5_1_Gewicht','Pos5_1_Gewicht',$,(#490));
#492=PRODUCT_RELATED_PRODUCT_CATEGORY('part',$,(#491));
#493=PRODUCT_DEFINITION_FORMATION('',$,#491);
#494=PRODUCT_DEFINITION_CONTEXT('part definition',#488,'design');
#495=PRODUCT_DEFINITION('',$,#493,#494);
#501=(NAMED_UNIT(*)PLANE_ANGLE_UNIT()SI_UNIT($,.RADIAN.));
#502=DIMENSIONAL_EXPONENTS(0.0,0.0,0.0,0.0,0.0,0.0,0.0);
#503=PLANE_ANGLE_MEASURE_WITH_UNIT(PLANE_ANGLE_MEASURE(0.017453292500000),#501);
#507=(CONVERSION_BASED_UNIT('DEGREE',#503)NAMED_UNIT(#502)PLANE_ANGLE_UNIT());
#511=(NAMED_UNIT(*)SI_UNIT($,.STERADIAN.)SOLID_ANGLE_UNIT());
#515=(LENGTH_UNIT()NAMED_UNIT(*)SI_UNIT(.MILLI.,.METRE.));
#517=UNCERTAINTY_MEASURE_WITH_UNIT(LENGTH_MEASURE(0.010000000000000),#515,'DISTANCE_ACCURACY_VALUE','');
#519=(GEOMETRIC_REPRESENTATION_CONTEXT(3)GLOBAL_UNCERTAINTY_ASSIGNED_CONTEXT((#517))GLOBAL_UNIT_ASSIGNED_CONTEXT((#507,#511,#515))REPRESENTATION_CONTEXT('None','None'));
#520=AXIS2_PLACEMENT_3D('',#521,#522,#523);
#521=CARTESIAN_POINT('',(0.0,0.0,0.0));
#522=DIRECTION('',(0.0,0.0,1.0));
#523=DIRECTION('',(1.0,0.0,0.0));
#524=SHAPE_REPRESENTATION('',(#520),#519);
#525=PRODUCT_DEFINITION_SHAPE('','',#495);
#526=SHAPE_DEFINITION_REPRESENTATION(#525,#524);
#527=CARTESIAN_POINT('',(47.885592144020208,-19.244699835932572,-17.0));
#528=DIRECTION('',(0.0,0.0,-1.0));
#529=DIRECTION('',(-1.0,0.0,0.0));
#530=AXIS2_PLACEMENT_3D('',#527,#528,#529);
#531=CYLINDRICAL_SURFACE('',#530,3.999999999999997);
#532=CARTESIAN_POINT('',(43.885592144020229,-19.244699835932572,-9.999999999999996));
#533=VERTEX_POINT('',#532);
#534=CARTESIAN_POINT('',(47.885592144020208,-19.244699835932572,-9.999999999999996));
#535=DIRECTION('',(0.0,0.0,1.0));
#536=DIRECTION('',(1.0,0.0,0.0));
#537=AXIS2_PLACEMENT_3D('',#534,#535,#536);
#538=CIRCLE('',#537,3.999999999999997);
#539=EDGE_CURVE('',#533,#533,#538,.T.);
#540=ORIENTED_EDGE('',*,*,#539,.T.);
#541=EDGE_LOOP('',(#540));
#542=FACE_OUTER_BOUND('',#541,.T.);
#543=CARTESIAN_POINT('',(43.885592144020237,-19.244699835932572,-17.0));
#544=VERTEX_POINT('',#543);
#545=CARTESIAN_POINT('',(47.885592144020208,-19.244699835932572,-17.0));
#546=DIRECTION('',(0.0,0.0,-1.0));
#547=DIRECTION('',(-1.0,0.0,0.0));
#548=AXIS2_PLACEMENT_3D('',#545,#546,#547);
#549=CIRCLE('',#548,3.999999999999990);
#550=EDGE_CURVE('',#544,#544,#549,.T.);
#551=ORIENTED_EDGE('',*,*,#550,.T.);
#552=EDGE_LOOP('',(#551));
#553=FACE_BOUND('',#552,.T.);
#554=ADVANCED_FACE('',(#542,#553),#531,.F.);
#555=CARTESIAN_POINT('',(44.008119793849332,-34.224960076093694,-8.0));
#556=DIRECTION('',(0.0,0.0,1.0));
#557=DIRECTION('',(1.0,0.0,0.0));
#558=AXIS2_PLACEMENT_3D('',#555,#556,#557);
#559=TOROIDAL_SURFACE('',#558,5.249999999999998,1.0);
#560=CARTESIAN_POINT('',(47.362998881272844,-36.834037750055984,-8.0));
#561=VERTEX_POINT('',#560);
#562=CARTESIAN_POINT('',(40.653240706425848,-31.615882402131383,-8.0));
#563=VERTEX_POINT('',#562);
#564=CARTESIAN_POINT('',(44.008119793849332,-34.224960076093694,-8.0));
#565=DIRECTION('',(0.0,0.0,1.0));
#566=DIRECTION('',(1.0,0.0,0.0));
#567=AXIS2_PLACEMENT_3D('',#564,#565,#566);
#568=CIRCLE('',#567,4.249999999999997);
#569=EDGE_CURVE('',#561,#563,#568,.T.);
#570=ORIENTED_EDGE('',*,*,#569,.F.);
#571=CARTESIAN_POINT('',(48.658479926285494,-34.224960076093694,-8.800269972714244));
#572=VERTEX_POINT('',#571);
#573=CARTESIAN_POINT('',(47.362998881272837,-36.834037750055977,-8.0));
#574=CARTESIAN_POINT('',(47.662342945648732,-36.449126579514278,-8.142169580958033));
#575=CARTESIAN_POINT('',(47.917613367082723,-36.031582740025456,-8.284460916728316));
#576=CARTESIAN_POINT('',(48.343205880790443,-35.153193097841346,-8.558535524456854));
#577=CARTESIAN_POINT('',(48.512271923075538,-34.696355985974996,-8.690716758585452));
#578=CARTESIAN_POINT('',(48.658479926285509,-34.224960076093694,-8.800269972714233));
#579=B_SPLINE_CURVE_WITH_KNOTS('',3,(#573,#574,#575,#576,#577,#578),.UNSPECIFIED.,.F.,.U.,(4,2,4),(-0.000013493375766,0.001510245113282,0.003033983602330),.UNSPECIFIED.);
#580=EDGE_CURVE('',#561,#572,#579,.T.);
#581=ORIENTED_EDGE('',*,*,#580,.T.);
#582=CARTESIAN_POINT('',(49.055489212718925,-32.780466410666250,-9.000000000000004));
#583=VERTEX_POINT('',#582);
#584=CARTESIAN_POINT('',(48.658479926285509,-34.224960076093694,-8.800269972714233));
#585=CARTESIAN_POINT('',(48.731360600963242,-33.989982159712916,-8.854879241588211));
#586=CARTESIAN_POINT('',(48.798901316024953,-33.750769207044002,-8.903603279906989));
#587=CARTESIAN_POINT('',(48.929014643204340,-33.268731942638382,-8.975961559078762));
#588=CARTESIAN_POINT('',(48.991720150695542,-33.025765350501473,-9.0));
#589=CARTESIAN_POINT('',(49.055489212718925,-32.780466410666250,-9.0));
#590=B_SPLINE_CURVE_WITH_KNOTS('',3,(#584,#585,#586,#587,#588,#589),.UNSPECIFIED.,.F.,.U.,(4,2,4),(0.003033983602330,0.003793525396734,0.004553067191137),.UNSPECIFIED.);
#591=EDGE_CURVE('',#572,#583,#590,.T.);
#592=ORIENTED_EDGE('',*,*,#591,.T.);
#593=CARTESIAN_POINT('',(39.863857391737945,-31.001981772963781,-9.000000000000004));
#594=VERTEX_POINT('',#593);
#595=CARTESIAN_POINT('',(44.008119793849332,-34.224960076093694,-9.000000000000004));
#596=DIRECTION('',(0.0,0.0,-1.0));
#597=DIRECTION('',(1.0,0.0,0.0));
#598=AXIS2_PLACEMENT_3D('',#595,#596,#597);
#599=CIRCLE('',#598,5.249999999999998);
#600=EDGE_CURVE('',#594,#583,#599,.T.);
#601=ORIENTED_EDGE('',*,*,#600,.F.);
#602=CARTESIAN_POINT('',(39.863857391737945,-31.001981772963781,-8.0));
#603=DIRECTION('',(-0.613900629167602,-0.789383314687879,0.0));
#604=DIRECTION('',(-0.789383314687879,0.613900629167602,0.0));
#605=AXIS2_PLACEMENT_3D('',#602,#603,#604);
#606=CIRCLE('',#605,0.999999999999998);
#607=EDGE_CURVE('',#594,#563,#606,.T.);
#608=ORIENTED_EDGE('',*,*,#607,.T.);
#609=EDGE_LOOP('',(#570,#581,#592,#601,#608));
#610=FACE_OUTER_BOUND('',#609,.T.);
#611=ADVANCED_FACE('',(#610),#559,.F.);
#612=CARTESIAN_POINT('',(44.008119793849332,-34.224960076093694,-19.000000000000007));
#613=DIRECTION('',(0.0,0.0,1.0));
#614=DIRECTION('',(1.0,0.0,0.0));
#615=AXIS2_PLACEMENT_3D('',#612,#613,#614);
#616=TOROIDAL_SURFACE('',#615,5.249999999999998,1.0);
#617=CARTESIAN_POINT('',(49.055489212718925,-32.780466410666243,-18.000000000000007));
#618=VERTEX_POINT('',#617);
#619=CARTESIAN_POINT('',(48.658479926285494,-34.224960076093694,-18.199730027285760));
#620=VERTEX_POINT('',#619);
#621=CARTESIAN_POINT('',(49.055489212718925,-32.780466410666243,-18.000000000000007));
#622=CARTESIAN_POINT('',(48.991720150695528,-33.025765350501473,-18.000000000000007));
#623=CARTESIAN_POINT('',(48.929014643204340,-33.268731942638361,-18.024038440921238));
#624=CARTESIAN_POINT('',(48.798901316024953,-33.750769207044002,-18.096396720093018));
#625=CARTESIAN_POINT('',(48.731360600963249,-33.989982159712909,-18.145120758411796));
#626=CARTESIAN_POINT('',(48.658479926285509,-34.224960076093694,-18.199730027285774));
#627=B_SPLINE_CURVE_WITH_KNOTS('',3,(#621,#622,#623,#624,#625,#626),.UNSPECIFIED.,.F.,.U.,(4,2,4),(0.0,0.000756173556973,0.001512347113947),.UNSPECIFIED.);
#628=EDGE_CURVE('',#618,#620,#627,.T.);
#629=ORIENTED_EDGE('',*,*,#628,.T.);
#630=CARTESIAN_POINT('',(47.362998881272844,-36.834037750055984,-19.000000000000007));
#631=VERTEX_POINT('',#630);
#632=CARTESIAN_POINT('',(48.658479926285509,-34.224960076093694,-18.199730027285774));
#633=CARTESIAN_POINT('',(48.512269039491997,-34.696365283068580,-18.309285402074973));
#634=CARTESIAN_POINT('',(48.343199177839892,-35.153211126905212,-18.441469606924304));
#635=CARTESIAN_POINT('',(48.023995961000985,-35.812015293954303,-18.647030027877129));
#636=CARTESIAN_POINT('',(47.907073570554772,-36.026498040427441,-18.717040527351450));
#637=CARTESIAN_POINT('',(47.651635278963568,-36.440909935598853,-18.857840900075086));
#638=CARTESIAN_POINT('',(47.512010121923119,-36.642431842712682,-18.929229043891567));
#639=CARTESIAN_POINT('',(47.362998881272837,-36.834037750055977,-19.000000000000007));
#640=B_SPLINE_CURVE_WITH_KNOTS('',3,(#632,#633,#634,#635,#636,#637,#638,#639),.UNSPECIFIED.,.F.,.U.,(4,2,2,4),(0.001512347113947,0.003029358404303,0.003787864049481,0.004546369694659),.UNSPECIFIED.);
#641=EDGE_CURVE('',#620,#631,#640,.T.);
#642=ORIENTED_EDGE('',*,*,#641,.T.);
#643=CARTESIAN_POINT('',(40.653240706425848,-31.615882402131383,-19.000000000000007));
#644=VERTEX_POINT('',#643);
#645=CARTESIAN_POINT('',(44.008119793849332,-34.224960076093694,-19.000000000000007));
#646=DIRECTION('',(0.0,0.0,-1.0));
#647=DIRECTION('',(1.0,0.0,0.0));
#648=AXIS2_PLACEMENT_3D('',#645,#646,#647);
#649=CIRCLE('',#648,4.249999999999997);
#650=EDGE_CURVE('',#644,#631,#649,.T.);
#651=ORIENTED_EDGE('',*,*,#650,.F.);
#652=CARTESIAN_POINT('',(39.863857391737945,-31.001981772963781,-18.000000000000007));
#653=VERTEX_POINT('',#652);
#654=CARTESIAN_POINT('',(39.863857391737945,-31.001981772963781,-19.000000000000007));
#655=DIRECTION('',(-0.613900629167602,-0.789383314687879,0.0));
#656=DIRECTION('',(-0.789383314687879,0.613900629167602,0.0));
#657=AXIS2_PLACEMENT_3D('',#654,#655,#656);
#658=CIRCLE('',#657,0.999999999999998);
#659=EDGE_CURVE('',#644,#653,#658,.T.);
#660=ORIENTED_EDGE('',*,*,#659,.T.);
#661=CARTESIAN_POINT('',(44.008119793849332,-34.224960076093694,-18.000000000000007));
#662=DIRECTION('',(0.0,0.0,1.0));
#663=DIRECTION('',(1.0,0.0,0.0));
#664=AXIS2_PLACEMENT_3D('',#661,#662,#663);
#665=CIRCLE('',#664,5.249999999999998);
#666=EDGE_CURVE('',#618,#653,#665,.T.);
#667=ORIENTED_EDGE('',*,*,#666,.F.);
#668=EDGE_LOOP('',(#629,#642,#651,#660,#667));
#669=FACE_OUTER_BOUND('',#668,.T.);
#670=ADVANCED_FACE('',(#669),#616,.F.);
#671=CARTESIAN_POINT('',(48.028853563023659,-37.606239182104218,-26.0));
#672=DIRECTION('',(0.0,0.0,-1.0));
#673=DIRECTION('',(-1.0,0.0,0.0));
#674=AXIS2_PLACEMENT_3D('',#671,#672,#673);
#675=TOROIDAL_SURFACE('',#674,1.999999999999997,1.0);
#676=CARTESIAN_POINT('',(46.454137052760586,-36.373247733510610,-27.0));
#677=VERTEX_POINT('',#676);
#678=CARTESIAN_POINT('',(46.770212780924005,-39.160531105018173,-27.0));
#679=VERTEX_POINT('',#678);
#680=CARTESIAN_POINT('',(48.028853563023659,-37.606239182104218,-27.0));
#681=DIRECTION('',(0.0,0.0,1.0));
#682=DIRECTION('',(-1.0,0.0,0.0));
#683=AXIS2_PLACEMENT_3D('',#680,#681,#682);
#684=CIRCLE('',#683,1.999999999999995);
#685=EDGE_CURVE('',#677,#679,#684,.T.);
#686=ORIENTED_EDGE('',*,*,#685,.F.);
#687=CARTESIAN_POINT('',(47.241495307892123,-36.989743457807400,-26.0));
#688=VERTEX_POINT('',#687);
#689=CARTESIAN_POINT('',(46.454137052760586,-36.373247733510610,-26.0));
#690=DIRECTION('',(-0.616495724296795,-0.787358255131532,0.0));
#691=DIRECTION('',(-0.787358255131532,0.616495724296795,0.0));
#692=AXIS2_PLACEMENT_3D('',#689,#690,#691);
#693=CIRCLE('',#692,1.000000000000000);
#694=EDGE_CURVE('',#677,#688,#693,.T.);
#695=ORIENTED_EDGE('',*,*,#694,.T.);
#696=CARTESIAN_POINT('',(47.399533171973829,-38.383385143561185,-26.0));
#697=VERTEX_POINT('',#696);
#698=CARTESIAN_POINT('',(48.028853563023659,-37.606239182104218,-26.0));
#699=DIRECTION('',(0.0,0.0,-1.0));
#700=DIRECTION('',(-1.0,0.0,0.0));
#701=AXIS2_PLACEMENT_3D('',#698,#699,#700);
#702=CIRCLE('',#701,0.999999999999994);
#703=EDGE_CURVE('',#697,#688,#702,.T.);
#704=ORIENTED_EDGE('',*,*,#703,.F.);
#705=CARTESIAN_POINT('',(46.770212780924005,-39.160531105018173,-26.0));
#706=DIRECTION('',(0.777145961456977,-0.629320391049830,0.0));
#707=DIRECTION('',(-0.629320391049830,-0.777145961456977,0.0));
#708=AXIS2_PLACEMENT_3D('',#705,#706,#707);
#709=CIRCLE('',#708,0.999999999999998);
#710=EDGE_CURVE('',#679,#697,#709,.T.);
#711=ORIENTED_EDGE('',*,*,#710,.F.);
#712=EDGE_LOOP('',(#686,#695,#704,#711));
#713=FACE_OUTER_BOUND('',#712,.T.);
#714=ADVANCED_FACE('',(#713),#675,.T.);
#715=CARTESIAN_POINT('',(44.008119793849332,-34.224960076093694,-27.0));
#716=DIRECTION('',(0.0,0.0,1.0));
#717=DIRECTION('',(1.0,0.0,0.0));
#718=AXIS2_PLACEMENT_3D('',#715,#716,#717);
#719=CYLINDRICAL_SURFACE('',#718,4.249999999999997);
#720=CARTESIAN_POINT('',(47.362998881272844,-36.834037750055984,-26.0));
#721=VERTEX_POINT('',#720);
#722=CARTESIAN_POINT('',(40.653240706425848,-31.615882402131383,-26.0));
#723=VERTEX_POINT('',#722);
#724=CARTESIAN_POINT('',(44.008119793849332,-34.224960076093694,-26.0));
#725=DIRECTION('',(0.0,0.0,1.0));
#726=DIRECTION('',(-1.0,0.0,0.0));
#727=AXIS2_PLACEMENT_3D('',#724,#725,#726);
#728=CIRCLE('',#727,4.249999999999997);
#729=EDGE_CURVE('',#721,#723,#728,.T.);
#730=ORIENTED_EDGE('',*,*,#729,.T.);
#731=CARTESIAN_POINT('',(40.653240706425848,-31.615882402131383,-26.0));
#732=DIRECTION('',(0.0,0.0,1.0));
#733=VECTOR('',#732,6.999999999999993);
#734=LINE('',#731,#733);
#735=EDGE_CURVE('',#723,#644,#734,.T.);
#736=ORIENTED_EDGE('',*,*,#735,.T.);
#737=ORIENTED_EDGE('',*,*,#650,.T.);
#738=CARTESIAN_POINT('',(47.362998881272844,-36.834037750055984,-26.0));
#739=DIRECTION('',(0.0,0.0,1.0));
#740=VECTOR('',#739,6.999999999999993);
#741=LINE('',#738,#740);
#742=EDGE_CURVE('',#721,#631,#741,.T.);
#743=ORIENTED_EDGE('',*,*,#742,.F.);
#744=EDGE_LOOP('',(#730,#736,#737,#743));
#745=FACE_OUTER_BOUND('',#744,.T.);
#746=ADVANCED_FACE('',(#745),#719,.T.);
#747=CARTESIAN_POINT('',(47.579795924331300,-19.708196766802001,-17.0));
#748=DIRECTION('',(0.0,0.0,-1.0));
#749=DIRECTION('',(-1.0,0.0,0.0));
#750=AXIS2_PLACEMENT_3D('',#747,#748,#749);
#751=CYLINDRICAL_SURFACE('',#750,9.000000000000004);
#752=CARTESIAN_POINT('',(54.132875781272020,-25.877244050504547,-17.0));
#753=VERTEX_POINT('',#752);
#754=CARTESIAN_POINT('',(38.614479838189695,-18.918825196772680,-17.0));
#755=VERTEX_POINT('',#754);
#756=CARTESIAN_POINT('',(47.579795924331300,-19.708196766802001,-17.0));
#757=DIRECTION('',(0.0,0.0,-1.0));
#758=DIRECTION('',(-1.0,0.0,0.0));
#759=AXIS2_PLACEMENT_3D('',#756,#757,#758);
#760=CIRCLE('',#759,9.000000000000004);
#761=EDGE_CURVE('',#753,#755,#760,.T.);
#762=ORIENTED_EDGE('',*,*,#761,.F.);
#763=CARTESIAN_POINT('',(52.251223950750749,-27.400905015135809,-18.000000000000007));
#764=VERTEX_POINT('',#763);
#765=CARTESIAN_POINT('',(54.132875781272013,-25.877244050504565,-17.0));
#766=CARTESIAN_POINT('',(54.132875781272013,-25.877244050504565,-17.104820798052110));
#767=CARTESIAN_POINT('',(54.094725435241230,-25.917909944734237,-17.199594584924494));
#768=CARTESIAN_POINT('',(54.046316300588146,-25.967918343953421,-17.276096862120358));
#769=CARTESIAN_POINT('',(53.978005331993685,-26.038486062484271,-17.384050550869027));
#770=CARTESIAN_POINT('',(53.890412166116008,-26.126302426140469,-17.464355990149436));
#771=CARTESIAN_POINT('',(53.799102801374282,-26.213596214120049,-17.533813747256367));
#772=CARTESIAN_POINT('',(53.630563531552227,-26.374723512811642,-17.662019213359343));
#773=CARTESIAN_POINT('',(53.442638789185736,-26.541400368005995,-17.753327522704936));
#774=CARTESIAN_POINT('',(53.243593488244230,-26.702580024460538,-17.825557226058194));
#775=CARTESIAN_POINT('',(52.959317137052253,-26.932776690277525,-17.928715634821518));
#776=CARTESIAN_POINT('',(52.656152762491629,-27.149673260045112,-17.989301280082810));
#777=CARTESIAN_POINT('',(52.332829505872496,-27.350753392221385,-17.998796969074252));
#778=CARTESIAN_POINT('',(52.305777596225759,-27.367577426546248,-17.999591457300419));
#779=CARTESIAN_POINT('',(52.278576622710737,-27.384294995066600,-18.0));
#780=CARTESIAN_POINT('',(52.251223950750749,-27.400905015135805,-18.0));
#781=B_SPLINE_CURVE_WITH_KNOTS('',3,(#765,#766,#767,#768,#769,#770,#771,#772,#773,#774,#775,#776,#777,#778,#779,#780),.UNSPECIFIED.,.F.,.U.,(4,3,3,3,3,4),(2.110382E-017,0.000308611272894,0.000744097986747,0.001547921482591,0.002695941603237,0.002791994503672),.UNSPECIFIED.);
#782=EDGE_CURVE('',#753,#764,#781,.T.);
#783=ORIENTED_EDGE('',*,*,#782,.T.);
#784=CARTESIAN_POINT('',(38.671357462827388,-20.988713919204841,-18.000000000000007));
#785=VERTEX_POINT('',#784);
#786=CARTESIAN_POINT('',(47.579795924331300,-19.708196766802001,-18.000000000000007));
#787=DIRECTION('',(0.0,0.0,1.0));
#788=DIRECTION('',(1.0,0.0,0.0));
#789=AXIS2_PLACEMENT_3D('',#786,#787,#788);
#790=CIRCLE('',#789,9.000000000000004);
#791=EDGE_CURVE('',#785,#764,#790,.T.);
#792=ORIENTED_EDGE('',*,*,#791,.F.);
#793=CARTESIAN_POINT('',(38.579795924331293,-19.708196766802260,-17.735253353733981));
#794=VERTEX_POINT('',#793);
#795=CARTESIAN_POINT('',(38.671357462827388,-20.988713919204841,-18.0));
#796=CARTESIAN_POINT('',(38.624761503752723,-20.664550175523221,-18.0));
#797=CARTESIAN_POINT('',(38.597029840705169,-20.346250341802310,-17.946576028670705));
#798=CARTESIAN_POINT('',(38.585719910709770,-20.034688208034140,-17.852311394799788));
#799=CARTESIAN_POINT('',(38.581699757054615,-19.923942372172530,-17.818804705318737));
#800=CARTESIAN_POINT('',(38.579795924331293,-19.814619014911003,-17.779883509732120));
#801=CARTESIAN_POINT('',(38.579795924331293,-19.708196766802260,-17.735253353733977));
#802=B_SPLINE_CURVE_WITH_KNOTS('',3,(#795,#796,#797,#798,#799,#800,#801),.UNSPECIFIED.,.F.,.U.,(4,3,4),(3.469447E-018,0.000969061532295,0.001313517798843),.UNSPECIFIED.);
#803=EDGE_CURVE('',#785,#794,#802,.T.);
#804=ORIENTED_EDGE('',*,*,#803,.T.);
#805=CARTESIAN_POINT('',(38.579795924331293,-19.708196766802260,-17.735253353733977));
#806=CARTESIAN_POINT('',(38.579795924331286,-19.535060206945879,-17.662645305955508));
#807=CARTESIAN_POINT('',(38.585055509409095,-19.365797576480748,-17.575421231202526));
#808=CARTESIAN_POINT('',(38.593280358969750,-19.215715301653756,-17.460748454948671));
#809=CARTESIAN_POINT('',(38.598565833928262,-19.119269026318829,-17.387057126877149));
#810=CARTESIAN_POINT('',(38.605226965947551,-19.029582028753016,-17.302345052603826));
#811=CARTESIAN_POINT('',(38.610004614306632,-18.971417386928970,-17.194756902472548));
#812=CARTESIAN_POINT('',(38.612661574817253,-18.939070687292322,-17.134924649275039));
#813=CARTESIAN_POINT('',(38.614479838189695,-18.918825196772680,-17.068514809610139));
#814=CARTESIAN_POINT('',(38.614479838189695,-18.918825196772680,-17.0));
#815=B_SPLINE_CURVE_WITH_KNOTS('',3,(#805,#806,#807,#808,#809,#810,#811,#812,#813,#814),.UNSPECIFIED.,.F.,.U.,(4,3,3,4),(0.001313517798843,0.001873907887108,0.002234027273692,0.002434297975373),.UNSPECIFIED.);
#816=EDGE_CURVE('',#794,#755,#815,.T.);
#817=ORIENTED_EDGE('',*,*,#816,.T.);
#818=EDGE_LOOP('',(#762,#783,#792,#804,#817));
#819=FACE_OUTER_BOUND('',#818,.T.);
#820=ADVANCED_FACE('',(#819),#751,.F.);
#821=CARTESIAN_POINT('',(47.579795924331300,-19.708196766802001,-18.000000000000007));
#822=DIRECTION('',(0.0,0.0,1.0));
#823=DIRECTION('',(1.0,0.0,0.0));
#824=AXIS2_PLACEMENT_3D('',#821,#822,#823);
#825=CYLINDRICAL_SURFACE('',#824,8.500000000000000);
#826=CARTESIAN_POINT('',(39.726819897985379,-16.455387591698745,-17.0));
#827=VERTEX_POINT('',#826);
#828=CARTESIAN_POINT('',(55.432771950677250,-22.961005941905196,-17.0));
#829=VERTEX_POINT('',#828);
#830=CARTESIAN_POINT('',(47.579795924331300,-19.708196766802001,-17.0));
#831=DIRECTION('',(0.0,0.0,-1.0));
#832=DIRECTION('',(-1.0,0.0,0.0));
#833=AXIS2_PLACEMENT_3D('',#830,#831,#832);
#834=CIRCLE('',#833,8.500000000000000);
#835=EDGE_CURVE('',#827,#829,#834,.T.);
#836=ORIENTED_EDGE('',*,*,#835,.F.);
#837=CARTESIAN_POINT('',(39.726819897985379,-16.455387591698745,-9.999999999999996));
#838=VERTEX_POINT('',#837);
#839=CARTESIAN_POINT('',(39.726819897985379,-16.455387591698745,-17.0));
#840=DIRECTION('',(0.0,0.0,1.0));
#841=VECTOR('',#840,7.000000000000004);
#842=LINE('',#839,#841);
#843=EDGE_CURVE('',#827,#838,#842,.T.);
#844=ORIENTED_EDGE('',*,*,#843,.T.);
#845=CARTESIAN_POINT('',(55.432771950677250,-22.961005941905196,-9.999999999999996));
#846=VERTEX_POINT('',#845);
#847=CARTESIAN_POINT('',(47.579795924331300,-19.708196766802001,-9.999999999999996));
#848=DIRECTION('',(0.0,0.0,1.0));
#849=DIRECTION('',(1.0,0.0,0.0));
#850=AXIS2_PLACEMENT_3D('',#847,#848,#849);
#851=CIRCLE('',#850,8.500000000000000);
#852=EDGE_CURVE('',#846,#838,#851,.T.);
#853=ORIENTED_EDGE('',*,*,#852,.F.);
#854=CARTESIAN_POINT('',(55.432771950677250,-22.961005941905196,-17.0));
#855=DIRECTION('',(0.0,0.0,1.0));
#856=VECTOR('',#855,7.000000000000004);
#857=LINE('',#854,#856);
#858=EDGE_CURVE('',#829,#846,#857,.T.);
#859=ORIENTED_EDGE('',*,*,#858,.F.);
#860=EDGE_LOOP('',(#836,#844,#853,#859));
#861=FACE_OUTER_BOUND('',#860,.T.);
#862=ADVANCED_FACE('',(#861),#825,.T.);
#863=CARTESIAN_POINT('',(-47.885592144020237,-19.244699835932547,-17.0));
#864=DIRECTION('',(0.0,0.0,-1.0));
#865=DIRECTION('',(1.0,0.0,0.0));
#866=AXIS2_PLACEMENT_3D('',#863,#864,#865);
#867=CYLINDRICAL_SURFACE('',#866,3.999999999999990);
#868=CARTESIAN_POINT('',(-43.885592144020237,-19.244699835932547,-9.999999999999996));
#869=VERTEX_POINT('',#868);
#870=CARTESIAN_POINT('',(-47.885592144020237,-19.244699835932547,-9.999999999999996));
#871=DIRECTION('',(0.0,0.0,-1.0));
#872=DIRECTION('',(-1.0,0.0,0.0));
#873=AXIS2_PLACEMENT_3D('',#870,#871,#872);
#874=CIRCLE('',#873,3.999999999999990);
#875=EDGE_CURVE('',#869,#869,#874,.T.);
#876=ORIENTED_EDGE('',*,*,#875,.F.);
#877=EDGE_LOOP('',(#876));
#878=FACE_OUTER_BOUND('',#877,.T.);
#879=CARTESIAN_POINT('',(-43.885592144020237,-19.244699835932547,-17.0));
#880=VERTEX_POINT('',#879);
#881=CARTESIAN_POINT('',(-47.885592144020237,-19.244699835932547,-17.0));
#882=DIRECTION('',(0.0,0.0,1.0));
#883=DIRECTION('',(1.0,0.0,0.0));
#884=AXIS2_PLACEMENT_3D('',#881,#882,#883);
#885=CIRCLE('',#884,3.999999999999990);
#886=EDGE_CURVE('',#880,#880,#885,.T.);
#887=ORIENTED_EDGE('',*,*,#886,.F.);
#888=EDGE_LOOP('',(#887));
#889=FACE_BOUND('',#888,.T.);
#890=ADVANCED_FACE('',(#878,#889),#867,.F.);
#891=CARTESIAN_POINT('',(-44.008119793849332,-34.224960076093666,-8.0));
#892=DIRECTION('',(0.0,0.0,1.0));
#893=DIRECTION('',(1.0,0.0,0.0));
#894=AXIS2_PLACEMENT_3D('',#891,#892,#893);
#895=TOROIDAL_SURFACE('',#894,5.249999999999998,1.0);
#896=CARTESIAN_POINT('',(-47.362998881272844,-36.834037750055963,-8.0));
#897=VERTEX_POINT('',#896);
#898=CARTESIAN_POINT('',(-40.653240706425848,-31.615882402131369,-8.0));
#899=VERTEX_POINT('',#898);
#900=CARTESIAN_POINT('',(-44.008119793849332,-34.224960076093666,-8.0));
#901=DIRECTION('',(0.0,0.0,-1.0));
#902=DIRECTION('',(-1.0,0.0,0.0));
#903=AXIS2_PLACEMENT_3D('',#900,#901,#902);
#904=CIRCLE('',#903,4.249999999999997);
#905=EDGE_CURVE('',#897,#899,#904,.T.);
#906=ORIENTED_EDGE('',*,*,#905,.T.);
#907=CARTESIAN_POINT('',(-39.863857391737966,-31.001981772963767,-9.000000000000004));
#908=VERTEX_POINT('',#907);
#909=CARTESIAN_POINT('',(-39.863857391737966,-31.001981772963767,-8.0));
#910=DIRECTION('',(-0.613900629167602,0.789383314687879,0.0));
#911=DIRECTION('',(0.789383314687879,0.613900629167602,0.0));
#912=AXIS2_PLACEMENT_3D('',#909,#910,#911);
#913=CIRCLE('',#912,0.999999999999998);
#914=EDGE_CURVE('',#908,#899,#913,.T.);
#915=ORIENTED_EDGE('',*,*,#914,.F.);
#916=CARTESIAN_POINT('',(-49.055489212718925,-32.780466410666222,-9.000000000000004));
#917=VERTEX_POINT('',#916);
#918=CARTESIAN_POINT('',(-44.008119793849332,-34.224960076093666,-9.000000000000004));
#919=DIRECTION('',(0.0,0.0,1.0));
#920=DIRECTION('',(-1.0,0.0,0.0));
#921=AXIS2_PLACEMENT_3D('',#918,#919,#920);
#922=CIRCLE('',#921,5.249999999999998);
#923=EDGE_CURVE('',#908,#917,#922,.T.);
#924=ORIENTED_EDGE('',*,*,#923,.T.);
#925=CARTESIAN_POINT('',(-48.658479926285523,-34.224960076093666,-8.800269972714244));
#926=VERTEX_POINT('',#925);
#927=CARTESIAN_POINT('',(-48.658479926285523,-34.224960076093666,-8.800269972714245));
#928=CARTESIAN_POINT('',(-48.731360600963249,-33.989982159712902,-8.854879241588213));
#929=CARTESIAN_POINT('',(-48.798901316024981,-33.750769207044002,-8.903603279906989));
#930=CARTESIAN_POINT('',(-48.929014643204368,-33.268731942638347,-8.975961559078762));
#931=CARTESIAN_POINT('',(-48.991720150695571,-33.025765350501466,-9.0));
#932=CARTESIAN_POINT('',(-49.055489212718925,-32.780466410666222,-9.0));
#933=B_SPLINE_CURVE_WITH_KNOTS('',3,(#927,#928,#929,#930,#931,#932),.UNSPECIFIED.,.F.,.U.,(4,2,4),(0.003033983602330,0.003793525396734,0.004553067191137),.UNSPECIFIED.);
#934=EDGE_CURVE('',#926,#917,#933,.T.);
#935=ORIENTED_EDGE('',*,*,#934,.F.);
#936=CARTESIAN_POINT('',(-47.362998881272830,-36.834037750055955,-8.0));
#937=CARTESIAN_POINT('',(-47.662342945648717,-36.449126579514257,-8.142169580958033));
#938=CARTESIAN_POINT('',(-47.917613367082723,-36.031582740025442,-8.284460916728321));
#939=CARTESIAN_POINT('',(-48.343205880790450,-35.153193097841331,-8.558535524456854));
#940=CARTESIAN_POINT('',(-48.512271923075538,-34.696355985974982,-8.690716758585458));
#941=CARTESIAN_POINT('',(-48.658479926285523,-34.224960076093666,-8.800269972714245));
#942=B_SPLINE_CURVE_WITH_KNOTS('',3,(#936,#937,#938,#939,#940,#941),.UNSPECIFIED.,.F.,.U.,(4,2,4),(-0.000013493375766,0.001510245113282,0.003033983602330),.UNSPECIFIED.);
#943=EDGE_CURVE('',#897,#926,#942,.T.);
#944=ORIENTED_EDGE('',*,*,#943,.F.);
#945=EDGE_LOOP('',(#906,#915,#924,#935,#944));
#946=FACE_OUTER_BOUND('',#945,.T.);
#947=ADVANCED_FACE('',(#946),#895,.F.);
#948=CARTESIAN_POINT('',(-44.008119793849332,-34.224960076093666,-19.000000000000007));
#949=DIRECTION('',(0.0,0.0,1.0));
#950=DIRECTION('',(1.0,0.0,0.0));
#951=AXIS2_PLACEMENT_3D('',#948,#949,#950);
#952=TOROIDAL_SURFACE('',#951,5.249999999999998,1.0);
#953=CARTESIAN_POINT('',(-48.658479926285523,-34.224960076093666,-18.199730027285760));
#954=VERTEX_POINT('',#953);
#955=CARTESIAN_POINT('',(-47.362998881272844,-36.834037750055963,-19.000000000000007));
#956=VERTEX_POINT('',#955);
#957=CARTESIAN_POINT('',(-48.658479926285523,-34.224960076093666,-18.199730027285760));
#958=CARTESIAN_POINT('',(-48.512269039491997,-34.696365283068566,-18.309285402074970));
#959=CARTESIAN_POINT('',(-48.343199177839871,-35.153211126905184,-18.441469606924294));
#960=CARTESIAN_POINT('',(-48.023995961000992,-35.812015293954239,-18.647030027877129));
#961=CARTESIAN_POINT('',(-47.907073570554786,-36.026498040427441,-18.717040527351450));
#962=CARTESIAN_POINT('',(-47.651635278963582,-36.440909935598818,-18.857840900075082));
#963=CARTESIAN_POINT('',(-47.512010121923126,-36.642431842712647,-18.929229043891556));
#964=CARTESIAN_POINT('',(-47.362998881272830,-36.834037750055955,-19.000000000000007));
#965=B_SPLINE_CURVE_WITH_KNOTS('',3,(#957,#958,#959,#960,#961,#962,#963,#964),.UNSPECIFIED.,.F.,.U.,(4,2,2,4),(0.001512347113947,0.003029358404303,0.003787864049481,0.004546369694659),.UNSPECIFIED.);
#966=EDGE_CURVE('',#954,#956,#965,.T.);
#967=ORIENTED_EDGE('',*,*,#966,.F.);
#968=CARTESIAN_POINT('',(-49.055489212718925,-32.780466410666222,-18.000000000000007));
#969=VERTEX_POINT('',#968);
#970=CARTESIAN_POINT('',(-49.055489212718925,-32.780466410666222,-18.000000000000007));
#971=CARTESIAN_POINT('',(-48.991720150695542,-33.025765350501452,-18.000000000000007));
#972=CARTESIAN_POINT('',(-48.929014643204368,-33.268731942638347,-18.024038440921238));
#973=CARTESIAN_POINT('',(-48.798901316024974,-33.750769207044002,-18.096396720093004));
#974=CARTESIAN_POINT('',(-48.731360600963257,-33.989982159712881,-18.145120758411792));
#975=CARTESIAN_POINT('',(-48.658479926285523,-34.224960076093666,-18.199730027285760));
#976=B_SPLINE_CURVE_WITH_KNOTS('',3,(#970,#971,#972,#973,#974,#975),.UNSPECIFIED.,.F.,.U.,(4,2,4),(0.0,0.000756173556973,0.001512347113947),.UNSPECIFIED.);
#977=EDGE_CURVE('',#969,#954,#976,.T.);
#978=ORIENTED_EDGE('',*,*,#977,.F.);
#979=CARTESIAN_POINT('',(-39.863857391737966,-31.001981772963767,-18.000000000000007));
#980=VERTEX_POINT('',#979);
#981=CARTESIAN_POINT('',(-44.008119793849332,-34.224960076093666,-18.000000000000007));
#982=DIRECTION('',(0.0,0.0,-1.0));
#983=DIRECTION('',(-1.0,0.0,0.0));
#984=AXIS2_PLACEMENT_3D('',#981,#982,#983);
#985=CIRCLE('',#984,5.249999999999998);
#986=EDGE_CURVE('',#969,#980,#985,.T.);
#987=ORIENTED_EDGE('',*,*,#986,.T.);
#988=CARTESIAN_POINT('',(-40.653240706425848,-31.615882402131369,-19.000000000000007));
#989=VERTEX_POINT('',#988);
#990=CARTESIAN_POINT('',(-39.863857391737966,-31.001981772963767,-19.000000000000007));
#991=DIRECTION('',(-0.613900629167602,0.789383314687879,0.0));
#992=DIRECTION('',(0.789383314687879,0.613900629167602,0.0));
#993=AXIS2_PLACEMENT_3D('',#990,#991,#992);
#994=CIRCLE('',#993,0.999999999999998);
#995=EDGE_CURVE('',#989,#980,#994,.T.);
#996=ORIENTED_EDGE('',*,*,#995,.F.);
#997=CARTESIAN_POINT('',(-44.008119793849332,-34.224960076093666,-19.000000000000007));
#998=DIRECTION('',(0.0,0.0,1.0));
#999=DIRECTION('',(-1.0,0.0,0.0));
#1000=AXIS2_PLACEMENT_3D('',#997,#998,#999);
#1001=CIRCLE('',#1000,4.249999999999997);
#1002=EDGE_CURVE('',#989,#956,#1001,.T.);
#1003=ORIENTED_EDGE('',*,*,#1002,.T.);
#1004=EDGE_LOOP('',(#967,#978,#987,#996,#1003));
#1005=FACE_OUTER_BOUND('',#1004,.T.);
#1006=ADVANCED_FACE('',(#1005),#952,.F.);
#1007=CARTESIAN_POINT('',(-48.028853563023681,-37.606239182104197,-26.0));
#1008=DIRECTION('',(0.0,0.0,-1.0));
#1009=DIRECTION('',(-1.0,0.0,0.0));
#1010=AXIS2_PLACEMENT_3D('',#1007,#1008,#1009);
#1011=TOROIDAL_SURFACE('',#1010,1.999999999999997,1.0);
#1012=CARTESIAN_POINT('',(-46.454137052760586,-36.373247733510603,-27.0));
#1013=VERTEX_POINT('',#1012);
#1014=CARTESIAN_POINT('',(-46.770212780924012,-39.160531105018151,-27.0));
#1015=VERTEX_POINT('',#1014);
#1016=CARTESIAN_POINT('',(-48.028853563023681,-37.606239182104197,-27.0));
#1017=DIRECTION('',(0.0,0.0,-1.0));
#1018=DIRECTION('',(1.0,0.0,0.0));
#1019=AXIS2_PLACEMENT_3D('',#1016,#1017,#1018);
#1020=CIRCLE('',#1019,1.999999999999995);
#1021=EDGE_CURVE('',#1013,#1015,#1020,.T.);
#1022=ORIENTED_EDGE('',*,*,#1021,.T.);
#1023=CARTESIAN_POINT('',(-47.399533171973843,-38.383385143561163,-26.0));
#1024=VERTEX_POINT('',#1023);
#1025=CARTESIAN_POINT('',(-46.770212780924012,-39.160531105018151,-26.0));
#1026=DIRECTION('',(0.777145961456978,0.629320391049830,0.0));
#1027=DIRECTION('',(0.629320391049829,-0.777145961456977,0.0));
#1028=AXIS2_PLACEMENT_3D('',#1025,#1026,#1027);
#1029=CIRCLE('',#1028,0.999999999999998);
#1030=EDGE_CURVE('',#1015,#1024,#1029,.T.);
#1031=ORIENTED_EDGE('',*,*,#1030,.T.);
#1032=CARTESIAN_POINT('',(-47.241495307892123,-36.989743457807393,-26.0));
#1033=VERTEX_POINT('',#1032);
#1034=CARTESIAN_POINT('',(-48.028853563023681,-37.606239182104197,-26.0));
#1035=DIRECTION('',(0.0,0.0,1.0));
#1036=DIRECTION('',(1.0,0.0,0.0));
#1037=AXIS2_PLACEMENT_3D('',#1034,#1035,#1036);
#1038=CIRCLE('',#1037,0.999999999999994);
#1039=EDGE_CURVE('',#1024,#1033,#1038,.T.);
#1040=ORIENTED_EDGE('',*,*,#1039,.T.);
#1041=CARTESIAN_POINT('',(-46.454137052760586,-36.373247733510603,-26.0));
#1042=DIRECTION('',(-0.616495724296795,0.787358255131532,0.0));
#1043=DIRECTION('',(0.787358255131532,0.616495724296795,0.0));
#1044=AXIS2_PLACEMENT_3D('',#1041,#1042,#1043);
#1045=CIRCLE('',#1044,1.000000000000000);
#1046=EDGE_CURVE('',#1013,#1033,#1045,.T.);
#1047=ORIENTED_EDGE('',*,*,#1046,.F.);
#1048=EDGE_LOOP('',(#1022,#1031,#1040,#1047));
#1049=FACE_OUTER_BOUND('',#1048,.T.);
#1050=ADVANCED_FACE('',(#1049),#1011,.T.);
#1051=CARTESIAN_POINT('',(-44.008119793849332,-34.224960076093666,-27.0));
#1052=DIRECTION('',(0.0,0.0,1.0));
#1053=DIRECTION('',(-1.0,0.0,0.0));
#1054=AXIS2_PLACEMENT_3D('',#1051,#1052,#1053);
#1055=CYLINDRICAL_SURFACE('',#1054,4.249999999999997);
#1056=CARTESIAN_POINT('',(-47.362998881272844,-36.834037750055963,-26.0));
#1057=VERTEX_POINT('',#1056);
#1058=CARTESIAN_POINT('',(-40.653240706425848,-31.615882402131369,-26.0));
#1059=VERTEX_POINT('',#1058);
#1060=CARTESIAN_POINT('',(-44.008119793849332,-34.224960076093666,-26.0));
#1061=DIRECTION('',(0.0,0.0,-1.0));
#1062=DIRECTION('',(1.0,0.0,0.0));
#1063=AXIS2_PLACEMENT_3D('',#1060,#1061,#1062);
#1064=CIRCLE('',#1063,4.249999999999997);
#1065=EDGE_CURVE('',#1057,#1059,#1064,.T.);
#1066=ORIENTED_EDGE('',*,*,#1065,.F.);
#1067=CARTESIAN_POINT('',(-47.362998881272844,-36.834037750055963,-26.0));
#1068=DIRECTION('',(0.0,0.0,1.0));
#1069=VECTOR('',#1068,6.999999999999993);
#1070=LINE('',#1067,#1069);
#1071=EDGE_CURVE('',#1057,#956,#1070,.T.);
#1072=ORIENTED_EDGE('',*,*,#1071,.T.);
#1073=ORIENTED_EDGE('',*,*,#1002,.F.);
#1074=CARTESIAN_POINT('',(-40.653240706425848,-31.615882402131369,-26.0));
#1075=DIRECTION('',(0.0,0.0,1.0));
#1076=VECTOR('',#1075,6.999999999999993);
#1077=LINE('',#1074,#1076);
#1078=EDGE_CURVE('',#1059,#989,#1077,.T.);
#1079=ORIENTED_EDGE('',*,*,#1078,.F.);
#1080=EDGE_LOOP('',(#1066,#1072,#1073,#1079));
#1081=FACE_OUTER_BOUND('',#1080,.T.);
#1082=ADVANCED_FACE('',(#1081),#1055,.T.);
#1083=CARTESIAN_POINT('',(-47.579795924331314,-19.708196766801976,-17.0));
#1084=DIRECTION('',(0.0,0.0,-1.0));
#1085=DIRECTION('',(1.0,0.0,0.0));
#1086=AXIS2_PLACEMENT_3D('',#1083,#1084,#1085);
#1087=CYLINDRICAL_SURFACE('',#1086,9.000000000000004);
#1088=CARTESIAN_POINT('',(-54.132875781272020,-25.877244050504533,-17.0));
#1089=VERTEX_POINT('',#1088);
#1090=CARTESIAN_POINT('',(-38.614479838189695,-18.918825196772673,-17.0));
#1091=VERTEX_POINT('',#1090);
#1092=CARTESIAN_POINT('',(-47.579795924331314,-19.708196766801976,-17.0));
#1093=DIRECTION('',(0.0,0.0,1.0));
#1094=DIRECTION('',(1.0,0.0,0.0));
#1095=AXIS2_PLACEMENT_3D('',#1092,#1093,#1094);
#1096=CIRCLE('',#1095,9.000000000000004);
#1097=EDGE_CURVE('',#1089,#1091,#1096,.T.);
#1098=ORIENTED_EDGE('',*,*,#1097,.T.);
#1099=CARTESIAN_POINT('',(-38.579795924331314,-19.708196766802249,-17.735253353733981));
#1100=VERTEX_POINT('',#1099);
#1101=CARTESIAN_POINT('',(-38.579795924331307,-19.708196766802246,-17.735253353733988));
#1102=CARTESIAN_POINT('',(-38.579795924331300,-19.535060206945865,-17.662645305955518));
#1103=CARTESIAN_POINT('',(-38.585055509409102,-19.365797576480738,-17.575421231202533));
#1104=CARTESIAN_POINT('',(-38.593280358969757,-19.215715301653752,-17.460748454948686));
#1105=CARTESIAN_POINT('',(-38.598565833928276,-19.119269026318818,-17.387057126877153));
#1106=CARTESIAN_POINT('',(-38.605226965947573,-19.029582028752976,-17.302345052603833));
#1107=CARTESIAN_POINT('',(-38.610004614306654,-18.971417386928923,-17.194756902472541));
#1108=CARTESIAN_POINT('',(-38.612661574817274,-18.939070687292283,-17.134924649275039));
#1109=CARTESIAN_POINT('',(-38.614479838189709,-18.918825196772637,-17.068514809610139));
#1110=CARTESIAN_POINT('',(-38.614479838189709,-18.918825196772637,-17.0));
#1111=B_SPLINE_CURVE_WITH_KNOTS('',3,(#1101,#1102,#1103,#1104,#1105,#1106,#1107,#1108,#1109,#1110),.UNSPECIFIED.,.F.,.U.,(4,3,3,4),(0.001313517798843,0.001873907887108,0.002234027273692,0.002434297975373),.UNSPECIFIED.);
#1112=EDGE_CURVE('',#1100,#1091,#1111,.T.);
#1113=ORIENTED_EDGE('',*,*,#1112,.F.);
#1114=CARTESIAN_POINT('',(-38.671357462827402,-20.988713919204820,-18.000000000000007));
#1115=VERTEX_POINT('',#1114);
#1116=CARTESIAN_POINT('',(-38.671357462827402,-20.988713919204820,-18.0));
#1117=CARTESIAN_POINT('',(-38.624761503752708,-20.664550175523022,-18.0));
#1118=CARTESIAN_POINT('',(-38.597029840705147,-20.346250341801895,-17.946576028670641));
#1119=CARTESIAN_POINT('',(-38.585719910709763,-20.034688208033561,-17.852311394799621));
#1120=CARTESIAN_POINT('',(-38.581699757054622,-19.923942372172146,-17.818804705318612));
#1121=CARTESIAN_POINT('',(-38.579795924331307,-19.814619014910807,-17.779883509732052));
#1122=CARTESIAN_POINT('',(-38.579795924331307,-19.708196766802246,-17.735253353733988));
#1123=B_SPLINE_CURVE_WITH_KNOTS('',3,(#1116,#1117,#1118,#1119,#1120,#1121,#1122),.UNSPECIFIED.,.F.,.U.,(4,3,4),(3.469447E-018,0.000969061532296,0.001313517798843),.UNSPECIFIED.);
#1124=EDGE_CURVE('',#1115,#1100,#1123,.T.);
#1125=ORIENTED_EDGE('',*,*,#1124,.F.);
#1126=CARTESIAN_POINT('',(-52.251223950750763,-27.400905015135777,-18.000000000000007));
#1127=VERTEX_POINT('',#1126);
#1128=CARTESIAN_POINT('',(-47.579795924331314,-19.708196766801976,-18.000000000000007));
#1129=DIRECTION('',(0.0,0.0,-1.0));
#1130=DIRECTION('',(-1.0,0.0,0.0));
#1131=AXIS2_PLACEMENT_3D('',#1128,#1129,#1130);
#1132=CIRCLE('',#1131,9.000000000000004);
#1133=EDGE_CURVE('',#1115,#1127,#1132,.T.);
#1134=ORIENTED_EDGE('',*,*,#1133,.T.);
#1135=CARTESIAN_POINT('',(-54.132875781272027,-25.877244050504537,-17.0));
#1136=CARTESIAN_POINT('',(-54.132875781272027,-25.877244050504537,-17.104820798052121));
#1137=CARTESIAN_POINT('',(-54.094725435241237,-25.917909944734227,-17.199594584924466));
#1138=CARTESIAN_POINT('',(-54.046316300588160,-25.967918343953404,-17.276096862120330));
#1139=CARTESIAN_POINT('',(-53.978005331993714,-26.038486062484239,-17.384050550868988));
#1140=CARTESIAN_POINT('',(-53.890412166116050,-26.126302426140413,-17.464355990149389));
#1141=CARTESIAN_POINT('',(-53.799102801374339,-26.213596214119981,-17.533813747256318));
#1142=CARTESIAN_POINT('',(-53.630563531552298,-26.374723512811560,-17.662019213359297));
#1143=CARTESIAN_POINT('',(-53.442638789185828,-26.541400368005895,-17.753327522704897));
#1144=CARTESIAN_POINT('',(-53.243593488244336,-26.702580024460435,-17.825557226058159));
#1145=CARTESIAN_POINT('',(-52.959317137051642,-26.932776690278011,-17.928715634821756));
#1146=CARTESIAN_POINT('',(-52.656152762490201,-27.149673260046118,-17.989301280083122));
#1147=CARTESIAN_POINT('',(-52.332829505870158,-27.350753392222824,-17.998796969074323));
#1148=CARTESIAN_POINT('',(-52.305777596224196,-27.367577426547193,-17.999591457300447));
#1149=CARTESIAN_POINT('',(-52.278576622709963,-27.384294995067059,-18.0));
#1150=CARTESIAN_POINT('',(-52.251223950750763,-27.400905015135780,-18.0));
#1151=B_SPLINE_CURVE_WITH_KNOTS('',3,(#1135,#1136,#1137,#1138,#1139,#1140,#1141,#1142,#1143,#1144,#1145,#1146,#1147,#1148,#1149,#1150),.UNSPECIFIED.,.F.,.U.,(4,3,3,3,3,4),(2.110382E-017,0.000308611272894,0.000744097986747,0.001547921482590,0.002695941603239,0.002791994503672),.UNSPECIFIED.);
#1152=EDGE_CURVE('',#1089,#1127,#1151,.T.);
#1153=ORIENTED_EDGE('',*,*,#1152,.F.);
#1154=EDGE_LOOP('',(#1098,#1113,#1125,#1134,#1153));
#1155=FACE_OUTER_BOUND('',#1154,.T.);
#1156=ADVANCED_FACE('',(#1155),#1087,.F.);
#1157=CARTESIAN_POINT('',(-47.579795924331314,-19.708196766801976,-18.000000000000007));
#1158=DIRECTION('',(0.0,0.0,1.0));
#1159=DIRECTION('',(-1.0,0.0,0.0));
#1160=AXIS2_PLACEMENT_3D('',#1157,#1158,#1159);
#1161=CYLINDRICAL_SURFACE('',#1160,8.500000000000000);
#1162=CARTESIAN_POINT('',(-39.726819897985379,-16.455387591698734,-17.0));
#1163=VERTEX_POINT('',#1162);
#1164=CARTESIAN_POINT('',(-55.432771950677292,-22.961005941905164,-17.0));
#1165=VERTEX_POINT('',#1164);
#1166=CARTESIAN_POINT('',(-47.579795924331314,-19.708196766801976,-17.0));
#1167=DIRECTION('',(0.0,0.0,1.0));
#1168=DIRECTION('',(1.0,0.0,0.0));
#1169=AXIS2_PLACEMENT_3D('',#1166,#1167,#1168);
#1170=CIRCLE('',#1169,8.500000000000000);
#1171=EDGE_CURVE('',#1163,#1165,#1170,.T.);
#1172=ORIENTED_EDGE('',*,*,#1171,.T.);
#1173=CARTESIAN_POINT('',(-55.432771950677292,-22.961005941905164,-9.999999999999996));
#1174=VERTEX_POINT('',#1173);
#1175=CARTESIAN_POINT('',(-55.432771950677292,-22.961005941905164,-17.0));
#1176=DIRECTION('',(0.0,0.0,1.0));
#1177=VECTOR('',#1176,7.000000000000004);
#1178=LINE('',#1175,#1177);
#1179=EDGE_CURVE('',#1165,#1174,#1178,.T.);
#1180=ORIENTED_EDGE('',*,*,#1179,.T.);
#1181=CARTESIAN_POINT('',(-39.726819897985379,-16.455387591698734,-9.999999999999996));
#1182=VERTEX_POINT('',#1181);
#1183=CARTESIAN_POINT('',(-47.579795924331314,-19.708196766801976,-9.999999999999996));
#1184=DIRECTION('',(0.0,0.0,-1.0));
#1185=DIRECTION('',(-1.0,0.0,0.0));
#1186=AXIS2_PLACEMENT_3D('',#1183,#1184,#1185);
#1187=CIRCLE('',#1186,8.500000000000000);
#1188=EDGE_CURVE('',#1174,#1182,#1187,.T.);
#1189=ORIENTED_EDGE('',*,*,#1188,.T.);
#1190=CARTESIAN_POINT('',(-39.726819897985379,-16.455387591698734,-17.0));
#1191=DIRECTION('',(0.0,0.0,1.0));
#1192=VECTOR('',#1191,7.000000000000004);
#1193=LINE('',#1190,#1192);
#1194=EDGE_CURVE('',#1163,#1182,#1193,.T.);
#1195=ORIENTED_EDGE('',*,*,#1194,.F.);
#1196=EDGE_LOOP('',(#1172,#1180,#1189,#1195));
#1197=FACE_OUTER_BOUND('',#1196,.T.);
#1198=ADVANCED_FACE('',(#1197),#1161,.T.);
#1199=CARTESIAN_POINT('',(47.885592144020208,-19.244699835932572,17.0));
#1200=DIRECTION('',(0.0,0.0,1.0));
#1201=DIRECTION('',(-1.0,0.0,0.0));
#1202=AXIS2_PLACEMENT_3D('',#1199,#1200,#1201);
#1203=CYLINDRICAL_SURFACE('',#1202,3.999999999999997);
#1204=CARTESIAN_POINT('',(43.885592144020229,-19.244699835932572,9.999999999999996));
#1205=VERTEX_POINT('',#1204);
#1206=CARTESIAN_POINT('',(47.885592144020208,-19.244699835932572,9.999999999999996));
#1207=DIRECTION('',(0.0,0.0,1.0));
#1208=DIRECTION('',(1.0,0.0,0.0));
#1209=AXIS2_PLACEMENT_3D('',#1206,#1207,#1208);
#1210=CIRCLE('',#1209,3.999999999999997);
#1211=EDGE_CURVE('',#1205,#1205,#1210,.T.);
#1212=ORIENTED_EDGE('',*,*,#1211,.F.);
#1213=EDGE_LOOP('',(#1212));
#1214=FACE_OUTER_BOUND('',#1213,.T.);
#1215=CARTESIAN_POINT('',(43.885592144020237,-19.244699835932572,17.0));
#1216=VERTEX_POINT('',#1215);
#1217=CARTESIAN_POINT('',(47.885592144020208,-19.244699835932572,17.0));
#1218=DIRECTION('',(0.0,0.0,-1.0));
#1219=DIRECTION('',(-1.0,0.0,0.0));
#1220=AXIS2_PLACEMENT_3D('',#1217,#1218,#1219);
#1221=CIRCLE('',#1220,3.999999999999990);
#1222=EDGE_CURVE('',#1216,#1216,#1221,.T.);
#1223=ORIENTED_EDGE('',*,*,#1222,.F.);
#1224=EDGE_LOOP('',(#1223));
#1225=FACE_BOUND('',#1224,.T.);
#1226=ADVANCED_FACE('',(#1214,#1225),#1203,.F.);
#1227=CARTESIAN_POINT('',(44.008119793849332,-34.224960076093694,8.0));
#1228=DIRECTION('',(0.0,0.0,-1.0));
#1229=DIRECTION('',(-1.0,0.0,0.0));
#1230=AXIS2_PLACEMENT_3D('',#1227,#1228,#1229);
#1231=TOROIDAL_SURFACE('',#1230,5.249999999999998,1.0);
#1232=CARTESIAN_POINT('',(47.362998881272844,-36.834037750055984,8.0));
#1233=VERTEX_POINT('',#1232);
#1234=CARTESIAN_POINT('',(40.653240706425848,-31.615882402131383,8.0));
#1235=VERTEX_POINT('',#1234);
#1236=CARTESIAN_POINT('',(44.008119793849332,-34.224960076093694,8.0));
#1237=DIRECTION('',(0.0,0.0,1.0));
#1238=DIRECTION('',(1.0,0.0,0.0));
#1239=AXIS2_PLACEMENT_3D('',#1236,#1237,#1238);
#1240=CIRCLE('',#1239,4.249999999999997);
#1241=EDGE_CURVE('',#1233,#1235,#1240,.T.);
#1242=ORIENTED_EDGE('',*,*,#1241,.T.);
#1243=CARTESIAN_POINT('',(39.863857391737945,-31.001981772963781,9.000000000000004));
#1244=VERTEX_POINT('',#1243);
#1245=CARTESIAN_POINT('',(39.863857391737945,-31.001981772963781,8.0));
#1246=DIRECTION('',(0.613900629167602,0.789383314687879,0.0));
#1247=DIRECTION('',(-0.789383314687879,0.613900629167602,0.0));
#1248=AXIS2_PLACEMENT_3D('',#1245,#1246,#1247);
#1249=CIRCLE('',#1248,0.999999999999998);
#1250=EDGE_CURVE('',#1244,#1235,#1249,.T.);
#1251=ORIENTED_EDGE('',*,*,#1250,.F.);
#1252=CARTESIAN_POINT('',(49.055489212718925,-32.780466410666250,9.000000000000004));
#1253=VERTEX_POINT('',#1252);
#1254=CARTESIAN_POINT('',(44.008119793849332,-34.224960076093694,9.000000000000004));
#1255=DIRECTION('',(0.0,0.0,-1.0));
#1256=DIRECTION('',(1.0,0.0,0.0));
#1257=AXIS2_PLACEMENT_3D('',#1254,#1255,#1256);
#1258=CIRCLE('',#1257,5.249999999999998);
#1259=EDGE_CURVE('',#1244,#1253,#1258,.T.);
#1260=ORIENTED_EDGE('',*,*,#1259,.T.);
#1261=CARTESIAN_POINT('',(48.658479926285494,-34.224960076093694,8.800269972714244));
#1262=VERTEX_POINT('',#1261);
#1263=CARTESIAN_POINT('',(48.658479926285509,-34.224960076093694,8.800269972714233));
#1264=CARTESIAN_POINT('',(48.731360600963242,-33.989982159712916,8.854879241588211));
#1265=CARTESIAN_POINT('',(48.798901316024953,-33.750769207044002,8.903603279906989));
#1266=CARTESIAN_POINT('',(48.929014643204340,-33.268731942638382,8.975961559078762));
#1267=CARTESIAN_POINT('',(48.991720150695542,-33.025765350501473,9.0));
#1268=CARTESIAN_POINT('',(49.055489212718925,-32.780466410666250,9.0));
#1269=B_SPLINE_CURVE_WITH_KNOTS('',3,(#1263,#1264,#1265,#1266,#1267,#1268),.UNSPECIFIED.,.F.,.U.,(4,2,4),(0.003033983602330,0.003793525396734,0.004553067191137),.UNSPECIFIED.);
#1270=EDGE_CURVE('',#1262,#1253,#1269,.T.);
#1271=ORIENTED_EDGE('',*,*,#1270,.F.);
#1272=CARTESIAN_POINT('',(47.362998881272837,-36.834037750055977,8.0));
#1273=CARTESIAN_POINT('',(47.662342945648732,-36.449126579514278,8.142169580958033));
#1274=CARTESIAN_POINT('',(47.917613367082723,-36.031582740025456,8.284460916728316));
#1275=CARTESIAN_POINT('',(48.343205880790443,-35.153193097841346,8.558535524456854));
#1276=CARTESIAN_POINT('',(48.512271923075538,-34.696355985974996,8.690716758585452));
#1277=CARTESIAN_POINT('',(48.658479926285509,-34.224960076093694,8.800269972714233));
#1278=B_SPLINE_CURVE_WITH_KNOTS('',3,(#1272,#1273,#1274,#1275,#1276,#1277),.UNSPECIFIED.,.F.,.U.,(4,2,4),(-0.000013493375766,0.001510245113282,0.003033983602330),.UNSPECIFIED.);
#1279=EDGE_CURVE('',#1233,#1262,#1278,.T.);
#1280=ORIENTED_EDGE('',*,*,#1279,.F.);
#1281=EDGE_LOOP('',(#1242,#1251,#1260,#1271,#1280));
#1282=FACE_OUTER_BOUND('',#1281,.T.);
#1283=ADVANCED_FACE('',(#1282),#1231,.F.);
#1284=CARTESIAN_POINT('',(44.008119793849332,-34.224960076093694,19.000000000000007));
#1285=DIRECTION('',(0.0,0.0,-1.0));
#1286=DIRECTION('',(-1.0,0.0,0.0));
#1287=AXIS2_PLACEMENT_3D('',#1284,#1285,#1286);
#1288=TOROIDAL_SURFACE('',#1287,5.249999999999998,1.0);
#1289=CARTESIAN_POINT('',(48.658479926285494,-34.224960076093694,18.199730027285760));
#1290=VERTEX_POINT('',#1289);
#1291=CARTESIAN_POINT('',(47.362998881272844,-36.834037750055984,19.000000000000007));
#1292=VERTEX_POINT('',#1291);
#1293=CARTESIAN_POINT('',(48.658479926285509,-34.224960076093694,18.199730027285774));
#1294=CARTESIAN_POINT('',(48.512269039491997,-34.696365283068580,18.309285402074973));
#1295=CARTESIAN_POINT('',(48.343199177839892,-35.153211126905212,18.441469606924304));
#1296=CARTESIAN_POINT('',(48.023995961000985,-35.812015293954303,18.647030027877129));
#1297=CARTESIAN_POINT('',(47.907073570554772,-36.026498040427441,18.717040527351450));
#1298=CARTESIAN_POINT('',(47.651635278963568,-36.440909935598853,18.857840900075086));
#1299=CARTESIAN_POINT('',(47.512010121923119,-36.642431842712682,18.929229043891567));
#1300=CARTESIAN_POINT('',(47.362998881272837,-36.834037750055977,19.000000000000007));
#1301=B_SPLINE_CURVE_WITH_KNOTS('',3,(#1293,#1294,#1295,#1296,#1297,#1298,#1299,#1300),.UNSPECIFIED.,.F.,.U.,(4,2,2,4),(0.001512347113947,0.003029358404303,0.003787864049481,0.004546369694659),.UNSPECIFIED.);
#1302=EDGE_CURVE('',#1290,#1292,#1301,.T.);
#1303=ORIENTED_EDGE('',*,*,#1302,.F.);
#1304=CARTESIAN_POINT('',(49.055489212718925,-32.780466410666243,18.000000000000007));
#1305=VERTEX_POINT('',#1304);
#1306=CARTESIAN_POINT('',(49.055489212718925,-32.780466410666243,18.000000000000007));
#1307=CARTESIAN_POINT('',(48.991720150695528,-33.025765350501473,18.000000000000007));
#1308=CARTESIAN_POINT('',(48.929014643204340,-33.268731942638361,18.024038440921238));
#1309=CARTESIAN_POINT('',(48.798901316024953,-33.750769207044002,18.096396720093018));
#1310=CARTESIAN_POINT('',(48.731360600963249,-33.989982159712909,18.145120758411796));
#1311=CARTESIAN_POINT('',(48.658479926285509,-34.224960076093694,18.199730027285774));
#1312=B_SPLINE_CURVE_WITH_KNOTS('',3,(#1306,#1307,#1308,#1309,#1310,#1311),.UNSPECIFIED.,.F.,.U.,(4,2,4),(0.0,0.000756173556973,0.001512347113947),.UNSPECIFIED.);
#1313=EDGE_CURVE('',#1305,#1290,#1312,.T.);
#1314=ORIENTED_EDGE('',*,*,#1313,.F.);
#1315=CARTESIAN_POINT('',(39.863857391737945,-31.001981772963781,18.000000000000007));
#1316=VERTEX_POINT('',#1315);
#1317=CARTESIAN_POINT('',(44.008119793849332,-34.224960076093694,18.000000000000007));
#1318=DIRECTION('',(0.0,0.0,1.0));
#1319=DIRECTION('',(1.0,0.0,0.0));
#1320=AXIS2_PLACEMENT_3D('',#1317,#1318,#1319);
#1321=CIRCLE('',#1320,5.249999999999998);
#1322=EDGE_CURVE('',#1305,#1316,#1321,.T.);
#1323=ORIENTED_EDGE('',*,*,#1322,.T.);
#1324=CARTESIAN_POINT('',(40.653240706425848,-31.615882402131383,19.000000000000007));
#1325=VERTEX_POINT('',#1324);
#1326=CARTESIAN_POINT('',(39.863857391737945,-31.001981772963781,19.000000000000007));
#1327=DIRECTION('',(0.613900629167602,0.789383314687879,0.0));
#1328=DIRECTION('',(-0.789383314687879,0.613900629167602,0.0));
#1329=AXIS2_PLACEMENT_3D('',#1326,#1327,#1328);
#1330=CIRCLE('',#1329,0.999999999999998);
#1331=EDGE_CURVE('',#1325,#1316,#1330,.T.);
#1332=ORIENTED_EDGE('',*,*,#1331,.F.);
#1333=CARTESIAN_POINT('',(44.008119793849332,-34.224960076093694,19.000000000000007));
#1334=DIRECTION('',(0.0,0.0,-1.0));
#1335=DIRECTION('',(1.0,0.0,0.0));
#1336=AXIS2_PLACEMENT_3D('',#1333,#1334,#1335);
#1337=CIRCLE('',#1336,4.249999999999997);
#1338=EDGE_CURVE('',#1325,#1292,#1337,.T.);
#1339=ORIENTED_EDGE('',*,*,#1338,.T.);
#1340=EDGE_LOOP('',(#1303,#1314,#1323,#1332,#1339));
#1341=FACE_OUTER_BOUND('',#1340,.T.);
#1342=ADVANCED_FACE('',(#1341),#1288,.F.);
#1343=CARTESIAN_POINT('',(48.028853563023659,-37.606239182104218,26.0));
#1344=DIRECTION('',(0.0,0.0,1.0));
#1345=DIRECTION('',(1.0,0.0,0.0));
#1346=AXIS2_PLACEMENT_3D('',#1343,#1344,#1345);
#1347=TOROIDAL_SURFACE('',#1346,1.999999999999997,1.0);
#1348=CARTESIAN_POINT('',(46.454137052760586,-36.373247733510610,27.0));
#1349=VERTEX_POINT('',#1348);
#1350=CARTESIAN_POINT('',(46.770212780924005,-39.160531105018173,27.0));
#1351=VERTEX_POINT('',#1350);
#1352=CARTESIAN_POINT('',(48.028853563023659,-37.606239182104218,27.0));
#1353=DIRECTION('',(0.0,0.0,1.0));
#1354=DIRECTION('',(-1.0,0.0,0.0));
#1355=AXIS2_PLACEMENT_3D('',#1352,#1353,#1354);
#1356=CIRCLE('',#1355,1.999999999999995);
#1357=EDGE_CURVE('',#1349,#1351,#1356,.T.);
#1358=ORIENTED_EDGE('',*,*,#1357,.T.);
#1359=CARTESIAN_POINT('',(47.399533171973829,-38.383385143561185,26.0));
#1360=VERTEX_POINT('',#1359);
#1361=CARTESIAN_POINT('',(46.770212780924005,-39.160531105018173,26.0));
#1362=DIRECTION('',(-0.777145961456977,0.629320391049830,0.0));
#1363=DIRECTION('',(-0.629320391049830,-0.777145961456977,0.0));
#1364=AXIS2_PLACEMENT_3D('',#1361,#1362,#1363);
#1365=CIRCLE('',#1364,0.999999999999998);
#1366=EDGE_CURVE('',#1351,#1360,#1365,.T.);
#1367=ORIENTED_EDGE('',*,*,#1366,.T.);
#1368=CARTESIAN_POINT('',(47.241495307892123,-36.989743457807400,26.0));
#1369=VERTEX_POINT('',#1368);
#1370=CARTESIAN_POINT('',(48.028853563023659,-37.606239182104218,26.0));
#1371=DIRECTION('',(0.0,0.0,-1.0));
#1372=DIRECTION('',(-1.0,0.0,0.0));
#1373=AXIS2_PLACEMENT_3D('',#1370,#1371,#1372);
#1374=CIRCLE('',#1373,0.999999999999994);
#1375=EDGE_CURVE('',#1360,#1369,#1374,.T.);
#1376=ORIENTED_EDGE('',*,*,#1375,.T.);
#1377=CARTESIAN_POINT('',(46.454137052760586,-36.373247733510610,26.0));
#1378=DIRECTION('',(0.616495724296795,0.787358255131532,0.0));
#1379=DIRECTION('',(-0.787358255131532,0.616495724296795,0.0));
#1380=AXIS2_PLACEMENT_3D('',#1377,#1378,#1379);
#1381=CIRCLE('',#1380,1.000000000000000);
#1382=EDGE_CURVE('',#1349,#1369,#1381,.T.);
#1383=ORIENTED_EDGE('',*,*,#1382,.F.);
#1384=EDGE_LOOP('',(#1358,#1367,#1376,#1383));
#1385=FACE_OUTER_BOUND('',#1384,.T.);
#1386=ADVANCED_FACE('',(#1385),#1347,.T.);
#1387=CARTESIAN_POINT('',(44.008119793849332,-34.224960076093694,27.0));
#1388=DIRECTION('',(0.0,0.0,-1.0));
#1389=DIRECTION('',(1.0,0.0,0.0));
#1390=AXIS2_PLACEMENT_3D('',#1387,#1388,#1389);
#1391=CYLINDRICAL_SURFACE('',#1390,4.249999999999997);
#1392=ORIENTED_EDGE('',*,*,#1241,.F.);
#1393=CARTESIAN_POINT('',(47.362998881272844,-36.834037750055984,8.0));
#1394=DIRECTION('',(0.0,0.0,-1.0));
#1395=VECTOR('',#1394,16.0);
#1396=LINE('',#1393,#1395);
#1397=EDGE_CURVE('',#1233,#561,#1396,.T.);
#1398=ORIENTED_EDGE('',*,*,#1397,.T.);
#1399=ORIENTED_EDGE('',*,*,#569,.T.);
#1400=CARTESIAN_POINT('',(40.653240706425848,-31.615882402131383,8.0));
#1401=DIRECTION('',(0.0,0.0,-1.0));
#1402=VECTOR('',#1401,16.0);
#1403=LINE('',#1400,#1402);
#1404=EDGE_CURVE('',#1235,#563,#1403,.T.);
#1405=ORIENTED_EDGE('',*,*,#1404,.F.);
#1406=EDGE_LOOP('',(#1392,#1398,#1399,#1405));
#1407=FACE_OUTER_BOUND('',#1406,.T.);
#1408=ADVANCED_FACE('',(#1407),#1391,.T.);
#1409=CARTESIAN_POINT('',(44.008119793849332,-34.224960076093694,27.0));
#1410=DIRECTION('',(0.0,0.0,-1.0));
#1411=DIRECTION('',(1.0,0.0,0.0));
#1412=AXIS2_PLACEMENT_3D('',#1409,#1410,#1411);
#1413=CYLINDRICAL_SURFACE('',#1412,4.249999999999997);
#1414=CARTESIAN_POINT('',(47.362998881272844,-36.834037750055984,26.0));
#1415=VERTEX_POINT('',#1414);
#1416=CARTESIAN_POINT('',(40.653240706425848,-31.615882402131383,26.0));
#1417=VERTEX_POINT('',#1416);
#1418=CARTESIAN_POINT('',(44.008119793849332,-34.224960076093694,26.0));
#1419=DIRECTION('',(0.0,0.0,1.0));
#1420=DIRECTION('',(-1.0,0.0,0.0));
#1421=AXIS2_PLACEMENT_3D('',#1418,#1419,#1420);
#1422=CIRCLE('',#1421,4.249999999999997);
#1423=EDGE_CURVE('',#1415,#1417,#1422,.T.);
#1424=ORIENTED_EDGE('',*,*,#1423,.F.);
#1425=CARTESIAN_POINT('',(47.362998881272844,-36.834037750055984,26.0));
#1426=DIRECTION('',(0.0,0.0,-1.0));
#1427=VECTOR('',#1426,6.999999999999993);
#1428=LINE('',#1425,#1427);
#1429=EDGE_CURVE('',#1415,#1292,#1428,.T.);
#1430=ORIENTED_EDGE('',*,*,#1429,.T.);
#1431=ORIENTED_EDGE('',*,*,#1338,.F.);
#1432=CARTESIAN_POINT('',(40.653240706425848,-31.615882402131383,26.0));
#1433=DIRECTION('',(0.0,0.0,-1.0));
#1434=VECTOR('',#1433,6.999999999999993);
#1435=LINE('',#1432,#1434);
#1436=EDGE_CURVE('',#1417,#1325,#1435,.T.);
#1437=ORIENTED_EDGE('',*,*,#1436,.F.);
#1438=EDGE_LOOP('',(#1424,#1430,#1431,#1437));
#1439=FACE_OUTER_BOUND('',#1438,.T.);
#1440=ADVANCED_FACE('',(#1439),#1413,.T.);
#1441=CARTESIAN_POINT('',(47.579795924331300,-19.708196766802001,17.0));
#1442=DIRECTION('',(0.0,0.0,1.0));
#1443=DIRECTION('',(-1.0,0.0,0.0));
#1444=AXIS2_PLACEMENT_3D('',#1441,#1442,#1443);
#1445=CYLINDRICAL_SURFACE('',#1444,9.000000000000004);
#1446=CARTESIAN_POINT('',(54.132875781272020,-25.877244050504547,17.0));
#1447=VERTEX_POINT('',#1446);
#1448=CARTESIAN_POINT('',(38.614479838189695,-18.918825196772680,17.0));
#1449=VERTEX_POINT('',#1448);
#1450=CARTESIAN_POINT('',(47.579795924331300,-19.708196766802001,17.0));
#1451=DIRECTION('',(0.0,0.0,-1.0));
#1452=DIRECTION('',(-1.0,0.0,0.0));
#1453=AXIS2_PLACEMENT_3D('',#1450,#1451,#1452);
#1454=CIRCLE('',#1453,9.000000000000004);
#1455=EDGE_CURVE('',#1447,#1449,#1454,.T.);
#1456=ORIENTED_EDGE('',*,*,#1455,.T.);
#1457=CARTESIAN_POINT('',(38.579795924331293,-19.708196766802260,17.735253353733981));
#1458=VERTEX_POINT('',#1457);
#1459=CARTESIAN_POINT('',(38.579795924331293,-19.708196766802260,17.735253353733977));
#1460=CARTESIAN_POINT('',(38.579795924331286,-19.535060206945879,17.662645305955508));
#1461=CARTESIAN_POINT('',(38.585055509409095,-19.365797576480748,17.575421231202526));
#1462=CARTESIAN_POINT('',(38.593280358969750,-19.215715301653756,17.460748454948671));
#1463=CARTESIAN_POINT('',(38.598565833928262,-19.119269026318829,17.387057126877149));
#1464=CARTESIAN_POINT('',(38.605226965947551,-19.029582028753008,17.302345052603830));
#1465=CARTESIAN_POINT('',(38.610004614306632,-18.971417386928962,17.194756902472545));
#1466=CARTESIAN_POINT('',(38.612661574817253,-18.939070687292318,17.134924649275032));
#1467=CARTESIAN_POINT('',(38.614479838189695,-18.918825196772680,17.068514809610139));
#1468=CARTESIAN_POINT('',(38.614479838189695,-18.918825196772680,17.0));
#1469=B_SPLINE_CURVE_WITH_KNOTS('',3,(#1459,#1460,#1461,#1462,#1463,#1464,#1465,#1466,#1467,#1468),.UNSPECIFIED.,.F.,.U.,(4,3,3,4),(0.001313517798843,0.001873907887108,0.002234027273692,0.002434297975373),.UNSPECIFIED.);
#1470=EDGE_CURVE('',#1458,#1449,#1469,.T.);
#1471=ORIENTED_EDGE('',*,*,#1470,.F.);
#1472=CARTESIAN_POINT('',(38.671357462827388,-20.988713919204841,18.000000000000007));
#1473=VERTEX_POINT('',#1472);
#1474=CARTESIAN_POINT('',(38.671357462827388,-20.988713919204841,18.0));
#1475=CARTESIAN_POINT('',(38.624761503752723,-20.664550175523221,18.0));
#1476=CARTESIAN_POINT('',(38.597029840705169,-20.346250341802332,17.946576028670709));
#1477=CARTESIAN_POINT('',(38.585719910709770,-20.034688208034151,17.852311394799791));
#1478=CARTESIAN_POINT('',(38.581699757054615,-19.923942372172537,17.818804705318740));
#1479=CARTESIAN_POINT('',(38.579795924331293,-19.814619014911003,17.779883509732120));
#1480=CARTESIAN_POINT('',(38.579795924331293,-19.708196766802260,17.735253353733977));
#1481=B_SPLINE_CURVE_WITH_KNOTS('',3,(#1474,#1475,#1476,#1477,#1478,#1479,#1480),.UNSPECIFIED.,.F.,.U.,(4,3,4),(3.469447E-018,0.000969061532295,0.001313517798843),.UNSPECIFIED.);
#1482=EDGE_CURVE('',#1473,#1458,#1481,.T.);
#1483=ORIENTED_EDGE('',*,*,#1482,.F.);
#1484=CARTESIAN_POINT('',(52.251223950750749,-27.400905015135809,18.000000000000007));
#1485=VERTEX_POINT('',#1484);
#1486=CARTESIAN_POINT('',(47.579795924331300,-19.708196766802001,18.000000000000007));
#1487=DIRECTION('',(0.0,0.0,1.0));
#1488=DIRECTION('',(1.0,0.0,0.0));
#1489=AXIS2_PLACEMENT_3D('',#1486,#1487,#1488);
#1490=CIRCLE('',#1489,9.000000000000004);
#1491=EDGE_CURVE('',#1473,#1485,#1490,.T.);
#1492=ORIENTED_EDGE('',*,*,#1491,.T.);
#1493=CARTESIAN_POINT('',(54.132875781272013,-25.877244050504565,17.0));
#1494=CARTESIAN_POINT('',(54.132875781272013,-25.877244050504565,17.104820798051808));
#1495=CARTESIAN_POINT('',(54.094725435241436,-25.917909944734017,17.199594584923943));
#1496=CARTESIAN_POINT('',(54.046316300588551,-25.967918343953006,17.276096862119690));
#1497=CARTESIAN_POINT('',(53.978005331994389,-26.038486062483557,17.384050550868157));
#1498=CARTESIAN_POINT('',(53.890412166117102,-26.126302426139382,17.464355990148434));
#1499=CARTESIAN_POINT('',(53.799102801375724,-26.213596214118667,17.533813747255277));
#1500=CARTESIAN_POINT('',(53.630563531554202,-26.374723512809819,17.662019213358175));
#1501=CARTESIAN_POINT('',(53.442638789188344,-26.541400368003732,17.753327522703710));
#1502=CARTESIAN_POINT('',(53.243593488247441,-26.702580024457937,17.825557226057033));
#1503=CARTESIAN_POINT('',(52.959317137055656,-26.932776690274988,17.928715634820694));
#1504=CARTESIAN_POINT('',(52.656152762495211,-27.149673260042658,17.989301280082266));
#1505=CARTESIAN_POINT('',(52.332829505876305,-27.350753392219016,17.998796969074142));
#1506=CARTESIAN_POINT('',(52.305777596228317,-27.367577426544674,17.999591457300383));
#1507=CARTESIAN_POINT('',(52.278576622712023,-27.384294995065822,18.0));
#1508=CARTESIAN_POINT('',(52.251223950750749,-27.400905015135805,18.0));
#1509=B_SPLINE_CURVE_WITH_KNOTS('',3,(#1493,#1494,#1495,#1496,#1497,#1498,#1499,#1500,#1501,#1502,#1503,#1504,#1505,#1506,#1507,#1508),.UNSPECIFIED.,.F.,.U.,(4,3,3,3,3,4),(2.110382E-017,0.000308611272893,0.000744097986744,0.001547921482586,0.002695941603232,0.002791994503672),.UNSPECIFIED.);
#1510=EDGE_CURVE('',#1447,#1485,#1509,.T.);
#1511=ORIENTED_EDGE('',*,*,#1510,.F.);
#1512=EDGE_LOOP('',(#1456,#1471,#1483,#1492,#1511));
#1513=FACE_OUTER_BOUND('',#1512,.T.);
#1514=ADVANCED_FACE('',(#1513),#1445,.F.);
#1515=CARTESIAN_POINT('',(47.579795924331300,-19.708196766802001,18.000000000000007));
#1516=DIRECTION('',(0.0,0.0,-1.0));
#1517=DIRECTION('',(1.0,0.0,0.0));
#1518=AXIS2_PLACEMENT_3D('',#1515,#1516,#1517);
#1519=CYLINDRICAL_SURFACE('',#1518,8.500000000000000);
#1520=CARTESIAN_POINT('',(39.726819897985379,-16.455387591698745,17.0));
#1521=VERTEX_POINT('',#1520);
#1522=CARTESIAN_POINT('',(55.432771950677250,-22.961005941905196,17.0));
#1523=VERTEX_POINT('',#1522);
#1524=CARTESIAN_POINT('',(47.579795924331300,-19.708196766802001,17.0));
#1525=DIRECTION('',(0.0,0.0,-1.0));
#1526=DIRECTION('',(-1.0,0.0,0.0));
#1527=AXIS2_PLACEMENT_3D('',#1524,#1525,#1526);
#1528=CIRCLE('',#1527,8.500000000000000);
#1529=EDGE_CURVE('',#1521,#1523,#1528,.T.);
#1530=ORIENTED_EDGE('',*,*,#1529,.T.);
#1531=CARTESIAN_POINT('',(55.432771950677250,-22.961005941905196,9.999999999999996));
#1532=VERTEX_POINT('',#1531);
#1533=CARTESIAN_POINT('',(55.432771950677250,-22.961005941905196,17.0));
#1534=DIRECTION('',(0.0,0.0,-1.0));
#1535=VECTOR('',#1534,7.000000000000004);
#1536=LINE('',#1533,#1535);
#1537=EDGE_CURVE('',#1523,#1532,#1536,.T.);
#1538=ORIENTED_EDGE('',*,*,#1537,.T.);
#1539=CARTESIAN_POINT('',(39.726819897985379,-16.455387591698745,9.999999999999996));
#1540=VERTEX_POINT('',#1539);
#1541=CARTESIAN_POINT('',(47.579795924331300,-19.708196766802001,9.999999999999996));
#1542=DIRECTION('',(0.0,0.0,1.0));
#1543=DIRECTION('',(1.0,0.0,0.0));
#1544=AXIS2_PLACEMENT_3D('',#1541,#1542,#1543);
#1545=CIRCLE('',#1544,8.500000000000000);
#1546=EDGE_CURVE('',#1532,#1540,#1545,.T.);
#1547=ORIENTED_EDGE('',*,*,#1546,.T.);
#1548=CARTESIAN_POINT('',(39.726819897985379,-16.455387591698745,17.0));
#1549=DIRECTION('',(0.0,0.0,-1.0));
#1550=VECTOR('',#1549,7.000000000000004);
#1551=LINE('',#1548,#1550);
#1552=EDGE_CURVE('',#1521,#1540,#1551,.T.);
#1553=ORIENTED_EDGE('',*,*,#1552,.F.);
#1554=EDGE_LOOP('',(#1530,#1538,#1547,#1553));
#1555=FACE_OUTER_BOUND('',#1554,.T.);
#1556=ADVANCED_FACE('',(#1555),#1519,.T.);
#1557=CARTESIAN_POINT('',(-47.885592144020237,-19.244699835932547,17.0));
#1558=DIRECTION('',(0.0,0.0,1.0));
#1559=DIRECTION('',(1.0,0.0,0.0));
#1560=AXIS2_PLACEMENT_3D('',#1557,#1558,#1559);
#1561=CYLINDRICAL_SURFACE('',#1560,3.999999999999990);
#1562=CARTESIAN_POINT('',(-43.885592144020237,-19.244699835932547,9.999999999999996));
#1563=VERTEX_POINT('',#1562);
#1564=CARTESIAN_POINT('',(-47.885592144020237,-19.244699835932547,9.999999999999996));
#1565=DIRECTION('',(0.0,0.0,-1.0));
#1566=DIRECTION('',(-1.0,0.0,0.0));
#1567=AXIS2_PLACEMENT_3D('',#1564,#1565,#1566);
#1568=CIRCLE('',#1567,3.999999999999990);
#1569=EDGE_CURVE('',#1563,#1563,#1568,.T.);
#1570=ORIENTED_EDGE('',*,*,#1569,.T.);
#1571=EDGE_LOOP('',(#1570));
#1572=FACE_OUTER_BOUND('',#1571,.T.);
#1573=CARTESIAN_POINT('',(-43.885592144020237,-19.244699835932547,17.0));
#1574=VERTEX_POINT('',#1573);
#1575=CARTESIAN_POINT('',(-47.885592144020237,-19.244699835932547,17.0));
#1576=DIRECTION('',(0.0,0.0,1.0));
#1577=DIRECTION('',(1.0,0.0,0.0));
#1578=AXIS2_PLACEMENT_3D('',#1575,#1576,#1577);
#1579=CIRCLE('',#1578,3.999999999999990);
#1580=EDGE_CURVE('',#1574,#1574,#1579,.T.);
#1581=ORIENTED_EDGE('',*,*,#1580,.T.);
#1582=EDGE_LOOP('',(#1581));
#1583=FACE_BOUND('',#1582,.T.);
#1584=ADVANCED_FACE('',(#1572,#1583),#1561,.F.);
#1585=CARTESIAN_POINT('',(-44.008119793849332,-34.224960076093666,8.0));
#1586=DIRECTION('',(0.0,0.0,-1.0));
#1587=DIRECTION('',(-1.0,0.0,0.0));
#1588=AXIS2_PLACEMENT_3D('',#1585,#1586,#1587);
#1589=TOROIDAL_SURFACE('',#1588,5.249999999999998,1.0);
#1590=CARTESIAN_POINT('',(-47.362998881272844,-36.834037750055963,8.0));
#1591=VERTEX_POINT('',#1590);
#1592=CARTESIAN_POINT('',(-40.653240706425848,-31.615882402131369,8.0));
#1593=VERTEX_POINT('',#1592);
#1594=CARTESIAN_POINT('',(-44.008119793849332,-34.224960076093666,8.0));
#1595=DIRECTION('',(0.0,0.0,-1.0));
#1596=DIRECTION('',(-1.0,0.0,0.0));
#1597=AXIS2_PLACEMENT_3D('',#1594,#1595,#1596);
#1598=CIRCLE('',#1597,4.249999999999997);
#1599=EDGE_CURVE('',#1591,#1593,#1598,.T.);
#1600=ORIENTED_EDGE('',*,*,#1599,.F.);
#1601=CARTESIAN_POINT('',(-48.658479926285523,-34.224960076093666,8.800269972714244));
#1602=VERTEX_POINT('',#1601);
#1603=CARTESIAN_POINT('',(-47.362998881272830,-36.834037750055955,8.0));
#1604=CARTESIAN_POINT('',(-47.662342945648717,-36.449126579514257,8.142169580958033));
#1605=CARTESIAN_POINT('',(-47.917613367082723,-36.031582740025442,8.284460916728321));
#1606=CARTESIAN_POINT('',(-48.343205880790450,-35.153193097841331,8.558535524456854));
#1607=CARTESIAN_POINT('',(-48.512271923075538,-34.696355985974982,8.690716758585458));
#1608=CARTESIAN_POINT('',(-48.658479926285523,-34.224960076093666,8.800269972714245));
#1609=B_SPLINE_CURVE_WITH_KNOTS('',3,(#1603,#1604,#1605,#1606,#1607,#1608),.UNSPECIFIED.,.F.,.U.,(4,2,4),(-0.000013493375766,0.001510245113282,0.003033983602330),.UNSPECIFIED.);
#1610=EDGE_CURVE('',#1591,#1602,#1609,.T.);
#1611=ORIENTED_EDGE('',*,*,#1610,.T.);
#1612=CARTESIAN_POINT('',(-49.055489212718925,-32.780466410666222,9.000000000000004));
#1613=VERTEX_POINT('',#1612);
#1614=CARTESIAN_POINT('',(-48.658479926285523,-34.224960076093666,8.800269972714245));
#1615=CARTESIAN_POINT('',(-48.731360600963249,-33.989982159712902,8.854879241588213));
#1616=CARTESIAN_POINT('',(-48.798901316024981,-33.750769207044002,8.903603279906989));
#1617=CARTESIAN_POINT('',(-48.929014643204368,-33.268731942638347,8.975961559078762));
#1618=CARTESIAN_POINT('',(-48.991720150695571,-33.025765350501466,9.0));
#1619=CARTESIAN_POINT('',(-49.055489212718925,-32.780466410666222,9.0));
#1620=B_SPLINE_CURVE_WITH_KNOTS('',3,(#1614,#1615,#1616,#1617,#1618,#1619),.UNSPECIFIED.,.F.,.U.,(4,2,4),(0.003033983602330,0.003793525396734,0.004553067191137),.UNSPECIFIED.);
#1621=EDGE_CURVE('',#1602,#1613,#1620,.T.);
#1622=ORIENTED_EDGE('',*,*,#1621,.T.);
#1623=CARTESIAN_POINT('',(-39.863857391737966,-31.001981772963767,9.000000000000004));
#1624=VERTEX_POINT('',#1623);
#1625=CARTESIAN_POINT('',(-44.008119793849332,-34.224960076093666,9.000000000000004));
#1626=DIRECTION('',(0.0,0.0,1.0));
#1627=DIRECTION('',(-1.0,0.0,0.0));
#1628=AXIS2_PLACEMENT_3D('',#1625,#1626,#1627);
#1629=CIRCLE('',#1628,5.249999999999998);
#1630=EDGE_CURVE('',#1624,#1613,#1629,.T.);
#1631=ORIENTED_EDGE('',*,*,#1630,.F.);
#1632=CARTESIAN_POINT('',(-39.863857391737966,-31.001981772963767,8.0));
#1633=DIRECTION('',(0.613900629167602,-0.789383314687879,0.0));
#1634=DIRECTION('',(0.789383314687879,0.613900629167602,0.0));
#1635=AXIS2_PLACEMENT_3D('',#1632,#1633,#1634);
#1636=CIRCLE('',#1635,0.999999999999998);
#1637=EDGE_CURVE('',#1624,#1593,#1636,.T.);
#1638=ORIENTED_EDGE('',*,*,#1637,.T.);
#1639=EDGE_LOOP('',(#1600,#1611,#1622,#1631,#1638));
#1640=FACE_OUTER_BOUND('',#1639,.T.);
#1641=ADVANCED_FACE('',(#1640),#1589,.F.);
#1642=CARTESIAN_POINT('',(-44.008119793849332,-34.224960076093666,19.000000000000007));
#1643=DIRECTION('',(0.0,0.0,-1.0));
#1644=DIRECTION('',(-1.0,0.0,0.0));
#1645=AXIS2_PLACEMENT_3D('',#1642,#1643,#1644);
#1646=TOROIDAL_SURFACE('',#1645,5.249999999999998,1.0);
#1647=CARTESIAN_POINT('',(-49.055489212718925,-32.780466410666222,18.000000000000007));
#1648=VERTEX_POINT('',#1647);
#1649=CARTESIAN_POINT('',(-48.658479926285523,-34.224960076093666,18.199730027285760));
#1650=VERTEX_POINT('',#1649);
#1651=CARTESIAN_POINT('',(-49.055489212718925,-32.780466410666222,18.000000000000007));
#1652=CARTESIAN_POINT('',(-48.991720150695542,-33.025765350501452,18.000000000000007));
#1653=CARTESIAN_POINT('',(-48.929014643204368,-33.268731942638347,18.024038440921238));
#1654=CARTESIAN_POINT('',(-48.798901316024974,-33.750769207044002,18.096396720093004));
#1655=CARTESIAN_POINT('',(-48.731360600963257,-33.989982159712881,18.145120758411792));
#1656=CARTESIAN_POINT('',(-48.658479926285523,-34.224960076093666,18.199730027285760));
#1657=B_SPLINE_CURVE_WITH_KNOTS('',3,(#1651,#1652,#1653,#1654,#1655,#1656),.UNSPECIFIED.,.F.,.U.,(4,2,4),(0.0,0.000756173556973,0.001512347113947),.UNSPECIFIED.);
#1658=EDGE_CURVE('',#1648,#1650,#1657,.T.);
#1659=ORIENTED_EDGE('',*,*,#1658,.T.);
#1660=CARTESIAN_POINT('',(-47.362998881272844,-36.834037750055963,19.000000000000007));
#1661=VERTEX_POINT('',#1660);
#1662=CARTESIAN_POINT('',(-48.658479926285523,-34.224960076093666,18.199730027285760));
#1663=CARTESIAN_POINT('',(-48.512269039491997,-34.696365283068566,18.309285402074970));
#1664=CARTESIAN_POINT('',(-48.343199177839871,-35.153211126905184,18.441469606924294));
#1665=CARTESIAN_POINT('',(-48.023995961000992,-35.812015293954239,18.647030027877129));
#1666=CARTESIAN_POINT('',(-47.907073570554786,-36.026498040427441,18.717040527351450));
#1667=CARTESIAN_POINT('',(-47.651635278963582,-36.440909935598818,18.857840900075082));
#1668=CARTESIAN_POINT('',(-47.512010121923126,-36.642431842712647,18.929229043891556));
#1669=CARTESIAN_POINT('',(-47.362998881272830,-36.834037750055955,19.000000000000007));
#1670=B_SPLINE_CURVE_WITH_KNOTS('',3,(#1662,#1663,#1664,#1665,#1666,#1667,#1668,#1669),.UNSPECIFIED.,.F.,.U.,(4,2,2,4),(0.001512347113947,0.003029358404303,0.003787864049481,0.004546369694659),.UNSPECIFIED.);
#1671=EDGE_CURVE('',#1650,#1661,#1670,.T.);
#1672=ORIENTED_EDGE('',*,*,#1671,.T.);
#1673=CARTESIAN_POINT('',(-40.653240706425848,-31.615882402131369,19.000000000000007));
#1674=VERTEX_POINT('',#1673);
#1675=CARTESIAN_POINT('',(-44.008119793849332,-34.224960076093666,19.000000000000007));
#1676=DIRECTION('',(0.0,0.0,1.0));
#1677=DIRECTION('',(-1.0,0.0,0.0));
#1678=AXIS2_PLACEMENT_3D('',#1675,#1676,#1677);
#1679=CIRCLE('',#1678,4.249999999999997);
#1680=EDGE_CURVE('',#1674,#1661,#1679,.T.);
#1681=ORIENTED_EDGE('',*,*,#1680,.F.);
#1682=CARTESIAN_POINT('',(-39.863857391737966,-31.001981772963767,18.000000000000007));
#1683=VERTEX_POINT('',#1682);
#1684=CARTESIAN_POINT('',(-39.863857391737966,-31.001981772963767,19.000000000000007));
#1685=DIRECTION('',(0.613900629167602,-0.789383314687879,0.0));
#1686=DIRECTION('',(0.789383314687879,0.613900629167602,0.0));
#1687=AXIS2_PLACEMENT_3D('',#1684,#1685,#1686);
#1688=CIRCLE('',#1687,0.999999999999998);
#1689=EDGE_CURVE('',#1674,#1683,#1688,.T.);
#1690=ORIENTED_EDGE('',*,*,#1689,.T.);
#1691=CARTESIAN_POINT('',(-44.008119793849332,-34.224960076093666,18.000000000000007));
#1692=DIRECTION('',(0.0,0.0,-1.0));
#1693=DIRECTION('',(-1.0,0.0,0.0));
#1694=AXIS2_PLACEMENT_3D('',#1691,#1692,#1693);
#1695=CIRCLE('',#1694,5.249999999999998);
#1696=EDGE_CURVE('',#1648,#1683,#1695,.T.);
#1697=ORIENTED_EDGE('',*,*,#1696,.F.);
#1698=EDGE_LOOP('',(#1659,#1672,#1681,#1690,#1697));
#1699=FACE_OUTER_BOUND('',#1698,.T.);
#1700=ADVANCED_FACE('',(#1699),#1646,.F.);
#1701=CARTESIAN_POINT('',(-48.028853563023681,-37.606239182104197,26.0));
#1702=DIRECTION('',(0.0,0.0,1.0));
#1703=DIRECTION('',(1.0,0.0,0.0));
#1704=AXIS2_PLACEMENT_3D('',#1701,#1702,#1703);
#1705=TOROIDAL_SURFACE('',#1704,1.999999999999997,1.0);
#1706=CARTESIAN_POINT('',(-46.454137052760586,-36.373247733510603,27.0));
#1707=VERTEX_POINT('',#1706);
#1708=CARTESIAN_POINT('',(-46.770212780924012,-39.160531105018151,27.0));
#1709=VERTEX_POINT('',#1708);
#1710=CARTESIAN_POINT('',(-48.028853563023681,-37.606239182104197,27.0));
#1711=DIRECTION('',(0.0,0.0,-1.0));
#1712=DIRECTION('',(1.0,0.0,0.0));
#1713=AXIS2_PLACEMENT_3D('',#1710,#1711,#1712);
#1714=CIRCLE('',#1713,1.999999999999995);
#1715=EDGE_CURVE('',#1707,#1709,#1714,.T.);
#1716=ORIENTED_EDGE('',*,*,#1715,.F.);
#1717=CARTESIAN_POINT('',(-47.241495307892123,-36.989743457807393,26.0));
#1718=VERTEX_POINT('',#1717);
#1719=CARTESIAN_POINT('',(-46.454137052760586,-36.373247733510603,26.0));
#1720=DIRECTION('',(0.616495724296795,-0.787358255131532,0.0));
#1721=DIRECTION('',(0.787358255131532,0.616495724296795,0.0));
#1722=AXIS2_PLACEMENT_3D('',#1719,#1720,#1721);
#1723=CIRCLE('',#1722,1.000000000000000);
#1724=EDGE_CURVE('',#1707,#1718,#1723,.T.);
#1725=ORIENTED_EDGE('',*,*,#1724,.T.);
#1726=CARTESIAN_POINT('',(-47.399533171973843,-38.383385143561163,26.0));
#1727=VERTEX_POINT('',#1726);
#1728=CARTESIAN_POINT('',(-48.028853563023681,-37.606239182104197,26.0));
#1729=DIRECTION('',(0.0,0.0,1.0));
#1730=DIRECTION('',(1.0,0.0,0.0));
#1731=AXIS2_PLACEMENT_3D('',#1728,#1729,#1730);
#1732=CIRCLE('',#1731,0.999999999999994);
#1733=EDGE_CURVE('',#1727,#1718,#1732,.T.);
#1734=ORIENTED_EDGE('',*,*,#1733,.F.);
#1735=CARTESIAN_POINT('',(-46.770212780924012,-39.160531105018151,26.0));
#1736=DIRECTION('',(-0.777145961456978,-0.629320391049830,0.0));
#1737=DIRECTION('',(0.629320391049829,-0.777145961456977,0.0));
#1738=AXIS2_PLACEMENT_3D('',#1735,#1736,#1737);
#1739=CIRCLE('',#1738,0.999999999999998);
#1740=EDGE_CURVE('',#1709,#1727,#1739,.T.);
#1741=ORIENTED_EDGE('',*,*,#1740,.F.);
#1742=EDGE_LOOP('',(#1716,#1725,#1734,#1741));
#1743=FACE_OUTER_BOUND('',#1742,.T.);
#1744=ADVANCED_FACE('',(#1743),#1705,.T.);
#1745=CARTESIAN_POINT('',(-44.008119793849332,-34.224960076093666,27.0));
#1746=DIRECTION('',(0.0,0.0,-1.0));
#1747=DIRECTION('',(-1.0,0.0,0.0));
#1748=AXIS2_PLACEMENT_3D('',#1745,#1746,#1747);
#1749=CYLINDRICAL_SURFACE('',#1748,4.249999999999997);
#1750=ORIENTED_EDGE('',*,*,#1599,.T.);
#1751=CARTESIAN_POINT('',(-40.653240706425848,-31.615882402131369,8.0));
#1752=DIRECTION('',(0.0,0.0,-1.0));
#1753=VECTOR('',#1752,16.0);
#1754=LINE('',#1751,#1753);
#1755=EDGE_CURVE('',#1593,#899,#1754,.T.);
#1756=ORIENTED_EDGE('',*,*,#1755,.T.);
#1757=ORIENTED_EDGE('',*,*,#905,.F.);
#1758=CARTESIAN_POINT('',(-47.362998881272844,-36.834037750055963,8.0));
#1759=DIRECTION('',(0.0,0.0,-1.0));
#1760=VECTOR('',#1759,16.0);
#1761=LINE('',#1758,#1760);
#1762=EDGE_CURVE('',#1591,#897,#1761,.T.);
#1763=ORIENTED_EDGE('',*,*,#1762,.F.);
#1764=EDGE_LOOP('',(#1750,#1756,#1757,#1763));
#1765=FACE_OUTER_BOUND('',#1764,.T.);
#1766=ADVANCED_FACE('',(#1765),#1749,.T.);
#1767=CARTESIAN_POINT('',(-44.008119793849332,-34.224960076093666,27.0));
#1768=DIRECTION('',(0.0,0.0,-1.0));
#1769=DIRECTION('',(-1.0,0.0,0.0));
#1770=AXIS2_PLACEMENT_3D('',#1767,#1768,#1769);
#1771=CYLINDRICAL_SURFACE('',#1770,4.249999999999997);
#1772=CARTESIAN_POINT('',(-47.362998881272844,-36.834037750055963,26.0));
#1773=VERTEX_POINT('',#1772);
#1774=CARTESIAN_POINT('',(-40.653240706425848,-31.615882402131369,26.0));
#1775=VERTEX_POINT('',#1774);
#1776=CARTESIAN_POINT('',(-44.008119793849332,-34.224960076093666,26.0));
#1777=DIRECTION('',(0.0,0.0,-1.0));
#1778=DIRECTION('',(1.0,0.0,0.0));
#1779=AXIS2_PLACEMENT_3D('',#1776,#1777,#1778);
#1780=CIRCLE('',#1779,4.249999999999997);
#1781=EDGE_CURVE('',#1773,#1775,#1780,.T.);
#1782=ORIENTED_EDGE('',*,*,#1781,.T.);
#1783=CARTESIAN_POINT('',(-40.653240706425848,-31.615882402131369,26.0));
#1784=DIRECTION('',(0.0,0.0,-1.0));
#1785=VECTOR('',#1784,6.999999999999993);
#1786=LINE('',#1783,#1785);
#1787=EDGE_CURVE('',#1775,#1674,#1786,.T.);
#1788=ORIENTED_EDGE('',*,*,#1787,.T.);
#1789=ORIENTED_EDGE('',*,*,#1680,.T.);
#1790=CARTESIAN_POINT('',(-47.362998881272844,-36.834037750055963,26.0));
#1791=DIRECTION('',(0.0,0.0,-1.0));
#1792=VECTOR('',#1791,6.999999999999993);
#1793=LINE('',#1790,#1792);
#1794=EDGE_CURVE('',#1773,#1661,#1793,.T.);
#1795=ORIENTED_EDGE('',*,*,#1794,.F.);
#1796=EDGE_LOOP('',(#1782,#1788,#1789,#1795));
#1797=FACE_OUTER_BOUND('',#1796,.T.);
#1798=ADVANCED_FACE('',(#1797),#1771,.T.);
#1799=CARTESIAN_POINT('',(-47.579795924331314,-19.708196766801976,17.0));
#1800=DIRECTION('',(0.0,0.0,1.0));
#1801=DIRECTION('',(1.0,0.0,0.0));
#1802=AXIS2_PLACEMENT_3D('',#1799,#1800,#1801);
#1803=CYLINDRICAL_SURFACE('',#1802,9.000000000000004);
#1804=CARTESIAN_POINT('',(-54.132875781272020,-25.877244050504533,17.0));
#1805=VERTEX_POINT('',#1804);
#1806=CARTESIAN_POINT('',(-38.614479838189695,-18.918825196772673,17.0));
#1807=VERTEX_POINT('',#1806);
#1808=CARTESIAN_POINT('',(-47.579795924331314,-19.708196766801976,17.0));
#1809=DIRECTION('',(0.0,0.0,1.0));
#1810=DIRECTION('',(1.0,0.0,0.0));
#1811=AXIS2_PLACEMENT_3D('',#1808,#1809,#1810);
#1812=CIRCLE('',#1811,9.000000000000004);
#1813=EDGE_CURVE('',#1805,#1807,#1812,.T.);
#1814=ORIENTED_EDGE('',*,*,#1813,.F.);
#1815=CARTESIAN_POINT('',(-52.251223950750763,-27.400905015135777,18.000000000000007));
#1816=VERTEX_POINT('',#1815);
#1817=CARTESIAN_POINT('',(-54.132875781272027,-25.877244050504537,17.0));
#1818=CARTESIAN_POINT('',(-54.132875781272027,-25.877244050504537,17.104820798052017));
#1819=CARTESIAN_POINT('',(-54.094725435241315,-25.917909944734134,17.199594584924288));
#1820=CARTESIAN_POINT('',(-54.046316300588302,-25.967918343953247,17.276096862120113));
#1821=CARTESIAN_POINT('',(-53.978005331993977,-26.038486062483965,17.384050550868675));
#1822=CARTESIAN_POINT('',(-53.890412166116469,-26.126302426139997,17.464355990149009));
#1823=CARTESIAN_POINT('',(-53.799102801374907,-26.213596214119434,17.533813747255891));
#1824=CARTESIAN_POINT('',(-53.630563531553030,-26.374723512810881,17.662019213358871));
#1825=CARTESIAN_POINT('',(-53.442638789186738,-26.541400368005114,17.753327522704470));
#1826=CARTESIAN_POINT('',(-53.243593488245430,-26.702580024459550,17.825557226057761));
#1827=CARTESIAN_POINT('',(-52.959317137052793,-26.932776690277155,17.928715634821476));
#1828=CARTESIAN_POINT('',(-52.656152762491367,-27.149673260045326,17.989301280082948));
#1829=CARTESIAN_POINT('',(-52.332829505871373,-27.350753392222067,17.998796969074288));
#1830=CARTESIAN_POINT('',(-52.305777596225013,-27.367577426546692,17.999591457300433));
#1831=CARTESIAN_POINT('',(-52.278576622710368,-27.384294995066810,18.0));
#1832=CARTESIAN_POINT('',(-52.251223950750763,-27.400905015135780,18.0));
#1833=B_SPLINE_CURVE_WITH_KNOTS('',3,(#1817,#1818,#1819,#1820,#1821,#1822,#1823,#1824,#1825,#1826,#1827,#1828,#1829,#1830,#1831,#1832),.UNSPECIFIED.,.F.,.U.,(4,3,3,3,3,4),(2.110382E-017,0.000308611272893,0.000744097986746,0.001547921482589,0.002695941603238,0.002791994503672),.UNSPECIFIED.);
#1834=EDGE_CURVE('',#1805,#1816,#1833,.T.);
#1835=ORIENTED_EDGE('',*,*,#1834,.T.);
#1836=CARTESIAN_POINT('',(-38.671357462827402,-20.988713919204820,18.000000000000007));
#1837=VERTEX_POINT('',#1836);
#1838=CARTESIAN_POINT('',(-47.579795924331314,-19.708196766801976,18.000000000000007));
#1839=DIRECTION('',(0.0,0.0,-1.0));
#1840=DIRECTION('',(-1.0,0.0,0.0));
#1841=AXIS2_PLACEMENT_3D('',#1838,#1839,#1840);
#1842=CIRCLE('',#1841,9.000000000000004);
#1843=EDGE_CURVE('',#1837,#1816,#1842,.T.);
#1844=ORIENTED_EDGE('',*,*,#1843,.F.);
#1845=CARTESIAN_POINT('',(-38.579795924331314,-19.708196766802249,17.735253353733981));
#1846=VERTEX_POINT('',#1845);
#1847=CARTESIAN_POINT('',(-38.671357462827402,-20.988713919204820,18.0));
#1848=CARTESIAN_POINT('',(-38.624761503752708,-20.664550175523022,18.0));
#1849=CARTESIAN_POINT('',(-38.597029840705147,-20.346250341801909,17.946576028670645));
#1850=CARTESIAN_POINT('',(-38.585719910709763,-20.034688208033568,17.852311394799621));
#1851=CARTESIAN_POINT('',(-38.581699757054622,-19.923942372172149,17.818804705318609));
#1852=CARTESIAN_POINT('',(-38.579795924331307,-19.814619014910807,17.779883509732052));
#1853=CARTESIAN_POINT('',(-38.579795924331307,-19.708196766802246,17.735253353733988));
#1854=B_SPLINE_CURVE_WITH_KNOTS('',3,(#1847,#1848,#1849,#1850,#1851,#1852,#1853),.UNSPECIFIED.,.F.,.U.,(4,3,4),(3.469447E-018,0.000969061532296,0.001313517798843),.UNSPECIFIED.);
#1855=EDGE_CURVE('',#1837,#1846,#1854,.T.);
#1856=ORIENTED_EDGE('',*,*,#1855,.T.);
#1857=CARTESIAN_POINT('',(-38.579795924331307,-19.708196766802246,17.735253353733988));
#1858=CARTESIAN_POINT('',(-38.579795924331300,-19.535060206945865,17.662645305955518));
#1859=CARTESIAN_POINT('',(-38.585055509409102,-19.365797576480738,17.575421231202533));
#1860=CARTESIAN_POINT('',(-38.593280358969757,-19.215715301653752,17.460748454948686));
#1861=CARTESIAN_POINT('',(-38.598565833928276,-19.119269026318818,17.387057126877153));
#1862=CARTESIAN_POINT('',(-38.605226965947573,-19.029582028752976,17.302345052603833));
#1863=CARTESIAN_POINT('',(-38.610004614306654,-18.971417386928923,17.194756902472541));
#1864=CARTESIAN_POINT('',(-38.612661574817274,-18.939070687292283,17.134924649275039));
#1865=CARTESIAN_POINT('',(-38.614479838189709,-18.918825196772637,17.068514809610139));
#1866=CARTESIAN_POINT('',(-38.614479838189709,-18.918825196772637,17.0));
#1867=B_SPLINE_CURVE_WITH_KNOTS('',3,(#1857,#1858,#1859,#1860,#1861,#1862,#1863,#1864,#1865,#1866),.UNSPECIFIED.,.F.,.U.,(4,3,3,4),(0.001313517798843,0.001873907887108,0.002234027273692,0.002434297975373),.UNSPECIFIED.);
#1868=EDGE_CURVE('',#1846,#1807,#1867,.T.);
#1869=ORIENTED_EDGE('',*,*,#1868,.T.);
#1870=EDGE_LOOP('',(#1814,#1835,#1844,#1856,#1869));
#1871=FACE_OUTER_BOUND('',#1870,.T.);
#1872=ADVANCED_FACE('',(#1871),#1803,.F.);
#1873=CARTESIAN_POINT('',(-47.579795924331314,-19.708196766801976,18.000000000000007));
#1874=DIRECTION('',(0.0,0.0,-1.0));
#1875=DIRECTION('',(-1.0,0.0,0.0));
#1876=AXIS2_PLACEMENT_3D('',#1873,#1874,#1875);
#1877=CYLINDRICAL_SURFACE('',#1876,8.500000000000000);
#1878=CARTESIAN_POINT('',(-39.726819897985379,-16.455387591698734,17.0));
#1879=VERTEX_POINT('',#1878);
#1880=CARTESIAN_POINT('',(-55.432771950677292,-22.961005941905164,17.0));
#1881=VERTEX_POINT('',#1880);
#1882=CARTESIAN_POINT('',(-47.579795924331314,-19.708196766801976,17.0));
#1883=DIRECTION('',(0.0,0.0,1.0));
#1884=DIRECTION('',(1.0,0.0,0.0));
#1885=AXIS2_PLACEMENT_3D('',#1882,#1883,#1884);
#1886=CIRCLE('',#1885,8.500000000000000);
#1887=EDGE_CURVE('',#1879,#1881,#1886,.T.);
#1888=ORIENTED_EDGE('',*,*,#1887,.F.);
#1889=CARTESIAN_POINT('',(-39.726819897985379,-16.455387591698734,9.999999999999996));
#1890=VERTEX_POINT('',#1889);
#1891=CARTESIAN_POINT('',(-39.726819897985379,-16.455387591698734,17.0));
#1892=DIRECTION('',(0.0,0.0,-1.0));
#1893=VECTOR('',#1892,7.000000000000004);
#1894=LINE('',#1891,#1893);
#1895=EDGE_CURVE('',#1879,#1890,#1894,.T.);
#1896=ORIENTED_EDGE('',*,*,#1895,.T.);
#1897=CARTESIAN_POINT('',(-55.432771950677292,-22.961005941905164,9.999999999999996));
#1898=VERTEX_POINT('',#1897);
#1899=CARTESIAN_POINT('',(-47.579795924331314,-19.708196766801976,9.999999999999996));
#1900=DIRECTION('',(0.0,0.0,-1.0));
#1901=DIRECTION('',(-1.0,0.0,0.0));
#1902=AXIS2_PLACEMENT_3D('',#1899,#1900,#1901);
#1903=CIRCLE('',#1902,8.500000000000000);
#1904=EDGE_CURVE('',#1898,#1890,#1903,.T.);
#1905=ORIENTED_EDGE('',*,*,#1904,.F.);
#1906=CARTESIAN_POINT('',(-55.432771950677292,-22.961005941905164,17.0));
#1907=DIRECTION('',(0.0,0.0,-1.0));
#1908=VECTOR('',#1907,7.000000000000004);
#1909=LINE('',#1906,#1908);
#1910=EDGE_CURVE('',#1881,#1898,#1909,.T.);
#1911=ORIENTED_EDGE('',*,*,#1910,.F.);
#1912=EDGE_LOOP('',(#1888,#1896,#1905,#1911));
#1913=FACE_OUTER_BOUND('',#1912,.T.);
#1914=ADVANCED_FACE('',(#1913),#1877,.T.);
#1915=CARTESIAN_POINT('',(-47.579795924331314,-19.708196766801976,9.000000000000004));
#1916=DIRECTION('',(0.0,0.0,-1.0));
#1917=DIRECTION('',(-1.0,0.0,0.0));
#1918=AXIS2_PLACEMENT_3D('',#1915,#1916,#1917);
#1919=PLANE('',#1918);
#1920=ORIENTED_EDGE('',*,*,#1630,.T.);
#1921=CARTESIAN_POINT('',(-52.251223950750763,-27.400905015135777,9.000000000000004));
#1922=VERTEX_POINT('',#1921);
#1923=CARTESIAN_POINT('',(0.0,0.0,9.000000000000004));
#1924=DIRECTION('',(0.0,0.0,-1.0));
#1925=DIRECTION('',(-1.0,0.0,0.0));
#1926=AXIS2_PLACEMENT_3D('',#1923,#1924,#1925);
#1927=CIRCLE('',#1926,59.0);
#1928=EDGE_CURVE('',#1613,#1922,#1927,.T.);
#1929=ORIENTED_EDGE('',*,*,#1928,.T.);
#1930=CARTESIAN_POINT('',(-38.671357462827402,-20.988713919204820,9.000000000000004));
#1931=VERTEX_POINT('',#1930);
#1932=CARTESIAN_POINT('',(-47.579795924331314,-19.708196766801976,9.000000000000004));
#1933=DIRECTION('',(0.0,0.0,1.0));
#1934=DIRECTION('',(-1.0,0.0,0.0));
#1935=AXIS2_PLACEMENT_3D('',#1932,#1933,#1934);
#1936=CIRCLE('',#1935,9.000000000000004);
#1937=EDGE_CURVE('',#1922,#1931,#1936,.T.);
#1938=ORIENTED_EDGE('',*,*,#1937,.T.);
#1939=CARTESIAN_POINT('',(38.671357462827388,-20.988713919204841,9.000000000000004));
#1940=VERTEX_POINT('',#1939);
#1941=CARTESIAN_POINT('',(0.0,0.0,9.000000000000004));
#1942=DIRECTION('',(0.0,0.0,1.0));
#1943=DIRECTION('',(-1.0,0.0,0.0));
#1944=AXIS2_PLACEMENT_3D('',#1941,#1942,#1943);
#1945=CIRCLE('',#1944,43.999999999999986);
#1946=EDGE_CURVE('',#1931,#1940,#1945,.T.);
#1947=ORIENTED_EDGE('',*,*,#1946,.T.);
#1948=CARTESIAN_POINT('',(52.251223950750749,-27.400905015135809,9.000000000000004));
#1949=VERTEX_POINT('',#1948);
#1950=CARTESIAN_POINT('',(47.579795924331300,-19.708196766802001,9.000000000000004));
#1951=DIRECTION('',(0.0,0.0,-1.0));
#1952=DIRECTION('',(1.0,0.0,0.0));
#1953=AXIS2_PLACEMENT_3D('',#1950,#1951,#1952);
#1954=CIRCLE('',#1953,9.000000000000004);
#1955=EDGE_CURVE('',#1949,#1940,#1954,.T.);
#1956=ORIENTED_EDGE('',*,*,#1955,.F.);
#1957=CARTESIAN_POINT('',(0.0,0.0,9.000000000000004));
#1958=DIRECTION('',(0.0,0.0,1.0));
#1959=DIRECTION('',(1.0,0.0,0.0));
#1960=AXIS2_PLACEMENT_3D('',#1957,#1958,#1959);
#1961=CIRCLE('',#1960,59.0);
#1962=EDGE_CURVE('',#1253,#1949,#1961,.T.);
#1963=ORIENTED_EDGE('',*,*,#1962,.F.);
#1964=ORIENTED_EDGE('',*,*,#1259,.F.);
#1965=CARTESIAN_POINT('',(0.0,0.0,9.000000000000004));
#1966=DIRECTION('',(0.0,0.0,-1.0));
#1967=DIRECTION('',(-1.0,0.0,0.0));
#1968=AXIS2_PLACEMENT_3D('',#1965,#1966,#1967);
#1969=CIRCLE('',#1968,50.499999999999986);
#1970=EDGE_CURVE('',#1244,#1624,#1969,.T.);
#1971=ORIENTED_EDGE('',*,*,#1970,.T.);
#1972=EDGE_LOOP('',(#1920,#1929,#1938,#1947,#1956,#1963,#1964,#1971));
#1973=FACE_OUTER_BOUND('',#1972,.T.);
#1974=ADVANCED_FACE('',(#1973),#1919,.T.);
#1975=CARTESIAN_POINT('',(-47.579795924331314,-19.708196766801976,18.000000000000007));
#1976=DIRECTION('',(0.0,0.0,-1.0));
#1977=DIRECTION('',(-1.0,0.0,0.0));
#1978=AXIS2_PLACEMENT_3D('',#1975,#1976,#1977);
#1979=PLANE('',#1978);
#1980=ORIENTED_EDGE('',*,*,#1843,.T.);
#1981=CARTESIAN_POINT('',(0.0,0.0,18.000000000000007));
#1982=DIRECTION('',(0.0,0.0,1.0));
#1983=DIRECTION('',(-1.0,0.0,0.0));
#1984=AXIS2_PLACEMENT_3D('',#1981,#1982,#1983);
#1985=CIRCLE('',#1984,59.0);
#1986=EDGE_CURVE('',#1816,#1648,#1985,.T.);
#1987=ORIENTED_EDGE('',*,*,#1986,.T.);
#1988=ORIENTED_EDGE('',*,*,#1696,.T.);
#1989=CARTESIAN_POINT('',(0.0,0.0,18.000000000000007));
#1990=DIRECTION('',(0.0,0.0,1.0));
#1991=DIRECTION('',(-1.0,0.0,0.0));
#1992=AXIS2_PLACEMENT_3D('',#1989,#1990,#1991);
#1993=CIRCLE('',#1992,50.499999999999986);
#1994=EDGE_CURVE('',#1683,#1316,#1993,.T.);
#1995=ORIENTED_EDGE('',*,*,#1994,.T.);
#1996=ORIENTED_EDGE('',*,*,#1322,.F.);
#1997=CARTESIAN_POINT('',(0.0,0.0,18.000000000000007));
#1998=DIRECTION('',(0.0,0.0,-1.0));
#1999=DIRECTION('',(1.0,0.0,0.0));
#2000=AXIS2_PLACEMENT_3D('',#1997,#1998,#1999);
#2001=CIRCLE('',#2000,59.0);
#2002=EDGE_CURVE('',#1485,#1305,#2001,.T.);
#2003=ORIENTED_EDGE('',*,*,#2002,.F.);
#2004=ORIENTED_EDGE('',*,*,#1491,.F.);
#2005=CARTESIAN_POINT('',(0.0,0.0,18.000000000000007));
#2006=DIRECTION('',(0.0,0.0,-1.0));
#2007=DIRECTION('',(-1.0,0.0,0.0));
#2008=AXIS2_PLACEMENT_3D('',#2005,#2006,#2007);
#2009=CIRCLE('',#2008,43.999999999999986);
#2010=EDGE_CURVE('',#1473,#1837,#2009,.T.);
#2011=ORIENTED_EDGE('',*,*,#2010,.T.);
#2012=EDGE_LOOP('',(#1980,#1987,#1988,#1995,#1996,#2003,#2004,#2011));
#2013=FACE_OUTER_BOUND('',#2012,.T.);
#2014=ADVANCED_FACE('',(#2013),#1979,.F.);
#2015=CARTESIAN_POINT('',(0.0,0.0,18.000000000000007));
#2016=DIRECTION('',(0.0,0.0,-1.0));
#2017=DIRECTION('',(-1.0,0.0,0.0));
#2018=AXIS2_PLACEMENT_3D('',#2015,#2016,#2017);
#2019=CYLINDRICAL_SURFACE('',#2018,60.0);
#2020=CARTESIAN_POINT('',(-54.132875781272020,-25.877244050504533,9.999999999999996));
#2021=VERTEX_POINT('',#2020);
#2022=CARTESIAN_POINT('',(-49.886938182426022,-33.336067536270740,10.000000000000004));
#2023=VERTEX_POINT('',#2022);
#2024=CARTESIAN_POINT('',(0.0,0.0,10.000000000000004));
#2025=DIRECTION('',(0.0,0.0,1.0));
#2026=DIRECTION('',(-1.0,0.0,0.0));
#2027=AXIS2_PLACEMENT_3D('',#2024,#2025,#2026);
#2028=CIRCLE('',#2027,60.0);
#2029=EDGE_CURVE('',#2021,#2023,#2028,.T.);
#2030=ORIENTED_EDGE('',*,*,#2029,.T.);
#2031=CARTESIAN_POINT('',(-49.886938182426022,-33.336067536270740,10.000000000000004));
#2032=CARTESIAN_POINT('',(-49.660119152832735,-33.675498901281223,10.0));
#2033=CARTESIAN_POINT('',(-49.436345139760505,-34.002922169797941,9.931648746173423));
#2034=CARTESIAN_POINT('',(-49.214109458928242,-34.321588398042266,9.815716201529897));
#2035=CARTESIAN_POINT('',(-49.102991618512107,-34.480921512164436,9.757749929208135));
#2036=CARTESIAN_POINT('',(-48.992862881188714,-34.637173411830489,9.687761603273376));
#2037=CARTESIAN_POINT('',(-48.885332557976113,-34.788277633364956,9.609292269155398));
#2038=CARTESIAN_POINT('',(-48.777802234763513,-34.939381854899423,9.530822935037421));
#2039=CARTESIAN_POINT('',(-48.672244276090467,-35.086237419151658,9.443532187943704));
#2040=CARTESIAN_POINT('',(-48.568167259360948,-35.229719400908358,9.349332870234035));
#2041=CARTESIAN_POINT('',(-48.151859192442842,-35.803647327935174,8.972535599395346));
#2042=CARTESIAN_POINT('',(-47.758314666540976,-36.325721468727956,8.482853591869686));
#2043=CARTESIAN_POINT('',(-47.362998881272844,-36.834037750055963,8.0));
#2044=B_SPLINE_CURVE_WITH_KNOTS('',3,(#2031,#2032,#2033,#2034,#2035,#2036,#2037,#2038,#2039,#2040,#2041,#2042,#2043),.UNSPECIFIED.,.F.,.U.,(4,3,3,3,4),(0.0,0.001207297436893,0.001810946155340,0.002414594873786,0.004829189747572),.UNSPECIFIED.);
#2045=EDGE_CURVE('',#2023,#1591,#2044,.T.);
#2046=ORIENTED_EDGE('',*,*,#2045,.T.);
#2047=ORIENTED_EDGE('',*,*,#1762,.T.);
#2048=CARTESIAN_POINT('',(-49.886938182426022,-33.336067536270740,-10.000000000000004));
#2049=VERTEX_POINT('',#2048);
#2050=CARTESIAN_POINT('',(-49.886938182426022,-33.336067536270740,-10.000000000000004));
#2051=CARTESIAN_POINT('',(-49.660119152832735,-33.675498901281223,-10.0));
#2052=CARTESIAN_POINT('',(-49.436345139760505,-34.002922169797941,-9.931648746173421));
#2053=CARTESIAN_POINT('',(-49.214109458928242,-34.321588398042266,-9.815716201529895));
#2054=CARTESIAN_POINT('',(-49.102991618512107,-34.480921512164436,-9.757749929208135));
#2055=CARTESIAN_POINT('',(-48.992862881188714,-34.637173411830489,-9.687761603273374));
#2056=CARTESIAN_POINT('',(-48.885332557976113,-34.788277633364956,-9.609292269155397));
#2057=CARTESIAN_POINT('',(-48.777802234763513,-34.939381854899423,-9.530822935037419));
#2058=CARTESIAN_POINT('',(-48.672244276090467,-35.086237419151658,-9.443532187943706));
#2059=CARTESIAN_POINT('',(-48.568167259360948,-35.229719400908358,-9.349332870234036));
#2060=CARTESIAN_POINT('',(-48.151859192442842,-35.803647327935174,-8.972535599395348));
#2061=CARTESIAN_POINT('',(-47.758314666540976,-36.325721468727956,-8.482853591869686));
#2062=CARTESIAN_POINT('',(-47.362998881272844,-36.834037750055963,-8.0));
#2063=B_SPLINE_CURVE_WITH_KNOTS('',3,(#2050,#2051,#2052,#2053,#2054,#2055,#2056,#2057,#2058,#2059,#2060,#2061,#2062),.UNSPECIFIED.,.F.,.U.,(4,3,3,3,4),(0.0,0.001207297436893,0.001810946155340,0.002414594873786,0.004829189747572),.UNSPECIFIED.);
#2064=EDGE_CURVE('',#2049,#897,#2063,.T.);
#2065=ORIENTED_EDGE('',*,*,#2064,.F.);
#2066=CARTESIAN_POINT('',(-54.132875781272020,-25.877244050504533,-9.999999999999996));
#2067=VERTEX_POINT('',#2066);
#2068=CARTESIAN_POINT('',(0.0,0.0,-10.000000000000004));
#2069=DIRECTION('',(0.0,0.0,1.0));
#2070=DIRECTION('',(-1.0,0.0,0.0));
#2071=AXIS2_PLACEMENT_3D('',#2068,#2069,#2070);
#2072=CIRCLE('',#2071,60.0);
#2073=EDGE_CURVE('',#2067,#2049,#2072,.T.);
#2074=ORIENTED_EDGE('',*,*,#2073,.F.);
#2075=CARTESIAN_POINT('',(0.0,0.0,-9.999999999999996));
#2076=DIRECTION('',(0.0,0.0,-1.0));
#2077=DIRECTION('',(-1.0,0.0,0.0));
#2078=AXIS2_PLACEMENT_3D('',#2075,#2076,#2077);
#2079=CIRCLE('',#2078,60.0);
#2080=EDGE_CURVE('',#2067,#1174,#2079,.T.);
#2081=ORIENTED_EDGE('',*,*,#2080,.T.);
#2082=ORIENTED_EDGE('',*,*,#1179,.F.);
#2083=CARTESIAN_POINT('',(0.0,0.0,-17.0));
#2084=DIRECTION('',(0.0,0.0,1.0));
#2085=DIRECTION('',(1.0,0.0,0.0));
#2086=AXIS2_PLACEMENT_3D('',#2083,#2084,#2085);
#2087=CIRCLE('',#2086,60.0);
#2088=EDGE_CURVE('',#1165,#1089,#2087,.T.);
#2089=ORIENTED_EDGE('',*,*,#2088,.T.);
#2090=CARTESIAN_POINT('',(-49.886938182426036,-33.336067536270740,-17.0));
#2091=VERTEX_POINT('',#2090);
#2092=CARTESIAN_POINT('',(0.0,0.0,-17.0));
#2093=DIRECTION('',(0.0,0.0,-1.0));
#2094=DIRECTION('',(-1.0,0.0,0.0));
#2095=AXIS2_PLACEMENT_3D('',#2092,#2093,#2094);
#2096=CIRCLE('',#2095,60.0);
#2097=EDGE_CURVE('',#2091,#1089,#2096,.T.);
#2098=ORIENTED_EDGE('',*,*,#2097,.F.);
#2099=CARTESIAN_POINT('',(-47.362998881272844,-36.834037750055963,-19.000000000000007));
#2100=CARTESIAN_POINT('',(-47.759989925522675,-36.323567339174893,-18.515100183754111));
#2101=CARTESIAN_POINT('',(-48.151876103986503,-35.803624460961551,-18.027446325210708));
#2102=CARTESIAN_POINT('',(-48.568180315732654,-35.229701401210868,-17.650655312586494));
#2103=CARTESIAN_POINT('',(-48.672256368669196,-35.086220636273197,-17.556457559430442));
#2104=CARTESIAN_POINT('',(-48.777813351987042,-34.939366325725665,-17.469168306568758));
#2105=CARTESIAN_POINT('',(-48.885342675165425,-34.788263416440465,-17.390700347942570));
#2106=CARTESIAN_POINT('',(-48.992871998343809,-34.637160507155272,-17.312232389316378));
#2107=CARTESIAN_POINT('',(-49.102999732708014,-34.480909946086626,-17.242245317149802));
#2108=CARTESIAN_POINT('',(-49.214116428743097,-34.321578403944635,-17.184280162578979));
#2109=CARTESIAN_POINT('',(-49.436349820813263,-34.002915319660644,-17.068349853437329));
#2110=CARTESIAN_POINT('',(-49.660121524018898,-33.675495352835767,-17.0));
#2111=CARTESIAN_POINT('',(-49.886938182426029,-33.336067536270733,-17.0));
#2112=B_SPLINE_CURVE_WITH_KNOTS('',3,(#2099,#2100,#2101,#2102,#2103,#2104,#2105,#2106,#2107,#2108,#2109,#2110,#2111),.UNSPECIFIED.,.F.,.U.,(4,3,3,3,4),(-0.000011934085905,0.002412893295318,0.003019100140624,0.003625306985929,0.004837720676541),.UNSPECIFIED.);
#2113=EDGE_CURVE('',#956,#2091,#2112,.T.);
#2114=ORIENTED_EDGE('',*,*,#2113,.F.);
#2115=ORIENTED_EDGE('',*,*,#1071,.F.);
#2116=CARTESIAN_POINT('',(0.0,0.0,-26.0));
#2117=DIRECTION('',(0.0,0.0,-1.0));
#2118=DIRECTION('',(1.0,-3.339551E-013,0.0));
#2119=AXIS2_PLACEMENT_3D('',#2116,#2117,#2118);
#2120=CIRCLE('',#2119,60.0);
#2121=EDGE_CURVE('',#1033,#1057,#2120,.T.);
#2122=ORIENTED_EDGE('',*,*,#2121,.F.);
#2123=CARTESIAN_POINT('',(-47.241495307892123,-36.989743457807393,26.0));
#2124=DIRECTION('',(0.0,0.0,-1.0));
#2125=VECTOR('',#2124,52.0);
#2126=LINE('',#2123,#2125);
#2127=EDGE_CURVE('',#1718,#1033,#2126,.T.);
#2128=ORIENTED_EDGE('',*,*,#2127,.F.);
#2129=CARTESIAN_POINT('',(0.0,0.0,26.0));
#2130=DIRECTION('',(0.0,0.0,-1.0));
#2131=DIRECTION('',(1.0,-3.339551E-013,0.0));
#2132=AXIS2_PLACEMENT_3D('',#2129,#2130,#2131);
#2133=CIRCLE('',#2132,60.0);
#2134=EDGE_CURVE('',#1718,#1773,#2133,.T.);
#2135=ORIENTED_EDGE('',*,*,#2134,.T.);
#2136=ORIENTED_EDGE('',*,*,#1794,.T.);
#2137=CARTESIAN_POINT('',(-49.886938182426036,-33.336067536270740,17.0));
#2138=VERTEX_POINT('',#2137);
#2139=CARTESIAN_POINT('',(-47.362998881272844,-36.834037750055963,19.000000000000007));
#2140=CARTESIAN_POINT('',(-47.759989925522675,-36.323567339174893,18.515100183754111));
#2141=CARTESIAN_POINT('',(-48.151876103986503,-35.803624460961551,18.027446325210708));
#2142=CARTESIAN_POINT('',(-48.568180315732654,-35.229701401210868,17.650655312586494));
#2143=CARTESIAN_POINT('',(-48.672256368669196,-35.086220636273197,17.556457559430442));
#2144=CARTESIAN_POINT('',(-48.777813351987042,-34.939366325725665,17.469168306568758));
#2145=CARTESIAN_POINT('',(-48.885342675165425,-34.788263416440465,17.390700347942570));
#2146=CARTESIAN_POINT('',(-48.992871998343809,-34.637160507155272,17.312232389316378));
#2147=CARTESIAN_POINT('',(-49.102999732708014,-34.480909946086626,17.242245317149802));
#2148=CARTESIAN_POINT('',(-49.214116428743097,-34.321578403944635,17.184280162578979));
#2149=CARTESIAN_POINT('',(-49.436349820813263,-34.002915319660644,17.068349853437329));
#2150=CARTESIAN_POINT('',(-49.660121524018898,-33.675495352835767,17.0));
#2151=CARTESIAN_POINT('',(-49.886938182426029,-33.336067536270733,17.0));
#2152=B_SPLINE_CURVE_WITH_KNOTS('',3,(#2139,#2140,#2141,#2142,#2143,#2144,#2145,#2146,#2147,#2148,#2149,#2150,#2151),.UNSPECIFIED.,.F.,.U.,(4,3,3,3,4),(-0.000011934085905,0.002412893295318,0.003019100140624,0.003625306985929,0.004837720676541),.UNSPECIFIED.);
#2153=EDGE_CURVE('',#1661,#2138,#2152,.T.);
#2154=ORIENTED_EDGE('',*,*,#2153,.T.);
#2155=CARTESIAN_POINT('',(0.0,0.0,17.0));
#2156=DIRECTION('',(0.0,0.0,-1.0));
#2157=DIRECTION('',(-1.0,0.0,0.0));
#2158=AXIS2_PLACEMENT_3D('',#2155,#2156,#2157);
#2159=CIRCLE('',#2158,60.0);
#2160=EDGE_CURVE('',#2138,#1805,#2159,.T.);
#2161=ORIENTED_EDGE('',*,*,#2160,.T.);
#2162=CARTESIAN_POINT('',(0.0,0.0,17.0));
#2163=DIRECTION('',(0.0,0.0,1.0));
#2164=DIRECTION('',(1.0,0.0,0.0));
#2165=AXIS2_PLACEMENT_3D('',#2162,#2163,#2164);
#2166=CIRCLE('',#2165,60.0);
#2167=EDGE_CURVE('',#1881,#1805,#2166,.T.);
#2168=ORIENTED_EDGE('',*,*,#2167,.F.);
#2169=ORIENTED_EDGE('',*,*,#1910,.T.);
#2170=CARTESIAN_POINT('',(0.0,0.0,9.999999999999996));
#2171=DIRECTION('',(0.0,0.0,-1.0));
#2172=DIRECTION('',(-1.0,0.0,0.0));
#2173=AXIS2_PLACEMENT_3D('',#2170,#2171,#2172);
#2174=CIRCLE('',#2173,60.0);
#2175=EDGE_CURVE('',#2021,#1898,#2174,.T.);
#2176=ORIENTED_EDGE('',*,*,#2175,.F.);
#2177=EDGE_LOOP('',(#2030,#2046,#2047,#2065,#2074,#2081,#2082,#2089,#2098,#2114,#2115,#2122,#2128,#2135,#2136,#2154,#2161,#2168,#2169,#2176));
#2178=FACE_OUTER_BOUND('',#2177,.T.);
#2179=ADVANCED_FACE('',(#2178),#2019,.T.);
#2180=CARTESIAN_POINT('',(0.0,0.0,18.000000000000007));
#2181=DIRECTION('',(0.0,0.0,-1.0));
#2182=DIRECTION('',(-1.0,0.0,0.0));
#2183=AXIS2_PLACEMENT_3D('',#2180,#2181,#2182);
#2184=CYLINDRICAL_SURFACE('',#2183,42.999999999999986);
#2185=CARTESIAN_POINT('',(0.0,0.0,17.0));
#2186=DIRECTION('',(0.0,0.0,1.0));
#2187=DIRECTION('',(-1.0,0.0,0.0));
#2188=AXIS2_PLACEMENT_3D('',#2185,#2186,#2187);
#2189=CIRCLE('',#2188,42.999999999999986);
#2190=EDGE_CURVE('',#1807,#1449,#2189,.T.);
#2191=ORIENTED_EDGE('',*,*,#2190,.T.);
#2192=CARTESIAN_POINT('',(0.0,0.0,17.0));
#2193=DIRECTION('',(0.0,0.0,1.0));
#2194=DIRECTION('',(-1.0,0.0,0.0));
#2195=AXIS2_PLACEMENT_3D('',#2192,#2193,#2194);
#2196=CIRCLE('',#2195,42.999999999999986);
#2197=EDGE_CURVE('',#1449,#1521,#2196,.T.);
#2198=ORIENTED_EDGE('',*,*,#2197,.T.);
#2199=ORIENTED_EDGE('',*,*,#1552,.T.);
#2200=CARTESIAN_POINT('',(38.614479838189695,-18.918825196772680,9.999999999999996));
#2201=VERTEX_POINT('',#2200);
#2202=CARTESIAN_POINT('',(0.0,0.0,9.999999999999996));
#2203=DIRECTION('',(0.0,0.0,-1.0));
#2204=DIRECTION('',(1.0,0.0,0.0));
#2205=AXIS2_PLACEMENT_3D('',#2202,#2203,#2204);
#2206=CIRCLE('',#2205,42.999999999999986);
#2207=EDGE_CURVE('',#1540,#2201,#2206,.T.);
#2208=ORIENTED_EDGE('',*,*,#2207,.T.);
#2209=CARTESIAN_POINT('',(-38.614479838189695,-18.918825196772673,9.999999999999996));
#2210=VERTEX_POINT('',#2209);
#2211=CARTESIAN_POINT('',(0.0,0.0,10.000000000000004));
#2212=DIRECTION('',(0.0,0.0,-1.0));
#2213=DIRECTION('',(-1.0,0.0,0.0));
#2214=AXIS2_PLACEMENT_3D('',#2211,#2212,#2213);
#2215=CIRCLE('',#2214,42.999999999999986);
#2216=EDGE_CURVE('',#2201,#2210,#2215,.T.);
#2217=ORIENTED_EDGE('',*,*,#2216,.T.);
#2218=CARTESIAN_POINT('',(0.0,0.0,9.999999999999996));
#2219=DIRECTION('',(0.0,0.0,1.0));
#2220=DIRECTION('',(-1.0,0.0,0.0));
#2221=AXIS2_PLACEMENT_3D('',#2218,#2219,#2220);
#2222=CIRCLE('',#2221,42.999999999999986);
#2223=EDGE_CURVE('',#1890,#2210,#2222,.T.);
#2224=ORIENTED_EDGE('',*,*,#2223,.F.);
#2225=ORIENTED_EDGE('',*,*,#1895,.F.);
#2226=CARTESIAN_POINT('',(0.0,0.0,17.0));
#2227=DIRECTION('',(0.0,0.0,-1.0));
#2228=DIRECTION('',(1.0,0.0,0.0));
#2229=AXIS2_PLACEMENT_3D('',#2226,#2227,#2228);
#2230=CIRCLE('',#2229,42.999999999999986);
#2231=EDGE_CURVE('',#1807,#1879,#2230,.T.);
#2232=ORIENTED_EDGE('',*,*,#2231,.F.);
#2233=EDGE_LOOP('',(#2191,#2198,#2199,#2208,#2217,#2224,#2225,#2232));
#2234=FACE_OUTER_BOUND('',#2233,.T.);
#2235=ADVANCED_FACE('',(#2234),#2184,.F.);
#2236=CARTESIAN_POINT('',(-48.028853563023681,-37.606239182104197,18.000000000000007));
#2237=DIRECTION('',(0.0,0.0,-1.0));
#2238=DIRECTION('',(-1.0,0.0,0.0));
#2239=AXIS2_PLACEMENT_3D('',#2236,#2237,#2238);
#2240=CYLINDRICAL_SURFACE('',#2239,0.999999999999994);
#2241=CARTESIAN_POINT('',(-47.399533171973843,-38.383385143561163,26.0));
#2242=DIRECTION('',(0.0,0.0,-1.0));
#2243=VECTOR('',#2242,52.0);
#2244=LINE('',#2241,#2243);
#2245=EDGE_CURVE('',#1727,#1024,#2244,.T.);
#2246=ORIENTED_EDGE('',*,*,#2245,.F.);
#2247=ORIENTED_EDGE('',*,*,#1733,.T.);
#2248=ORIENTED_EDGE('',*,*,#2127,.T.);
#2249=ORIENTED_EDGE('',*,*,#1039,.F.);
#2250=EDGE_LOOP('',(#2246,#2247,#2248,#2249));
#2251=FACE_OUTER_BOUND('',#2250,.T.);
#2252=ADVANCED_FACE('',(#2251),#2240,.F.);
#2253=CARTESIAN_POINT('',(-47.399533171973843,-38.383385143561163,18.000000000000007));
#2254=DIRECTION('',(0.629320391049830,-0.777145961456977,0.0));
#2255=DIRECTION('',(0.0,0.0,-1.0));
#2256=AXIS2_PLACEMENT_3D('',#2253,#2254,#2255);
#2257=PLANE('',#2256);
#2258=CARTESIAN_POINT('',(-48.183049610332361,-39.017864245089719,26.0));
#2259=VERTEX_POINT('',#2258);
#2260=CARTESIAN_POINT('',(-48.183049610332361,-39.017864245089719,-26.0));
#2261=VERTEX_POINT('',#2260);
#2262=CARTESIAN_POINT('',(-48.183049610332361,-39.017864245089719,26.0));
#2263=DIRECTION('',(0.0,0.0,-1.0));
#2264=VECTOR('',#2263,52.0);
#2265=LINE('',#2262,#2264);
#2266=EDGE_CURVE('',#2259,#2261,#2265,.T.);
#2267=ORIENTED_EDGE('',*,*,#2266,.F.);
#2268=CARTESIAN_POINT('',(-48.183049610332361,-39.017864245089719,26.0));
#2269=DIRECTION('',(0.777145961456967,0.629320391049842,0.0));
#2270=VECTOR('',#2269,1.008197272092372);
#2271=LINE('',#2268,#2270);
#2272=EDGE_CURVE('',#2259,#1727,#2271,.T.);
#2273=ORIENTED_EDGE('',*,*,#2272,.T.);
#2274=ORIENTED_EDGE('',*,*,#2245,.T.);
#2275=CARTESIAN_POINT('',(-48.183049610332361,-39.017864245089719,-26.0));
#2276=DIRECTION('',(0.777145961456967,0.629320391049842,0.0));
#2277=VECTOR('',#2276,1.008197272092372);
#2278=LINE('',#2275,#2277);
#2279=EDGE_CURVE('',#2261,#1024,#2278,.T.);
#2280=ORIENTED_EDGE('',*,*,#2279,.F.);
#2281=EDGE_LOOP('',(#2267,#2273,#2274,#2280));
#2282=FACE_OUTER_BOUND('',#2281,.T.);
#2283=ADVANCED_FACE('',(#2282),#2257,.F.);
#2284=CARTESIAN_POINT('',(0.0,0.0,18.000000000000007));
#2285=DIRECTION('',(0.0,0.0,-1.0));
#2286=DIRECTION('',(-1.0,0.0,0.0));
#2287=AXIS2_PLACEMENT_3D('',#2284,#2285,#2286);
#2288=CYLINDRICAL_SURFACE('',#2287,62.000000000000028);
#2289=CARTESIAN_POINT('',(-47.547461505485572,-39.789934711989275,27.0));
#2290=VERTEX_POINT('',#2289);
#2291=CARTESIAN_POINT('',(47.547461505485565,-39.789934711989289,27.0));
#2292=VERTEX_POINT('',#2291);
#2293=CARTESIAN_POINT('',(0.0,0.0,27.0));
#2294=DIRECTION('',(0.0,0.0,1.0));
#2295=DIRECTION('',(1.0,0.0,0.0));
#2296=AXIS2_PLACEMENT_3D('',#2293,#2294,#2295);
#2297=CIRCLE('',#2296,62.000000000000028);
#2298=EDGE_CURVE('',#2290,#2292,#2297,.T.);
#2299=ORIENTED_EDGE('',*,*,#2298,.F.);
#2300=CARTESIAN_POINT('',(-47.547461505485579,-39.789934711989282,27.0));
#2301=CARTESIAN_POINT('',(-47.695370071796887,-39.613189590040150,27.0));
#2302=CARTESIAN_POINT('',(-47.839251114299451,-39.439031663543091,26.918557165917193));
#2303=CARTESIAN_POINT('',(-47.951160659063191,-39.302495995149130,26.774260410849845));
#2304=CARTESIAN_POINT('',(-48.083893842591934,-39.140554366582812,26.603113546537315));
#2305=CARTESIAN_POINT('',(-48.168839760742856,-39.035410493615927,26.344856612917805));
#2306=CARTESIAN_POINT('',(-48.181368506990758,-39.019940143387743,26.073043286617505));
#2307=CARTESIAN_POINT('',(-48.182487224054078,-39.018558764562329,26.048772525588927));
#2308=CARTESIAN_POINT('',(-48.183049610332382,-39.017864245089733,26.024408290089706));
#2309=CARTESIAN_POINT('',(-48.183049610332382,-39.017864245089733,26.0));
#2310=B_SPLINE_CURVE_WITH_KNOTS('',3,(#2300,#2301,#2302,#2303,#2304,#2305,#2306,#2307,#2308,#2309),.UNSPECIFIED.,.F.,.U.,(4,3,3,4),(0.0,0.000681593611931,0.001490015182902,0.001562200778165),.UNSPECIFIED.);
#2311=EDGE_CURVE('',#2290,#2259,#2310,.T.);
#2312=ORIENTED_EDGE('',*,*,#2311,.T.);
#2313=ORIENTED_EDGE('',*,*,#2266,.T.);
#2314=CARTESIAN_POINT('',(-47.547461505485572,-39.789934711989275,-27.0));
#2315=VERTEX_POINT('',#2314);
#2316=CARTESIAN_POINT('',(-47.547461505485579,-39.789934711989282,-27.0));
#2317=CARTESIAN_POINT('',(-47.695370071797008,-39.613189590040008,-27.0));
#2318=CARTESIAN_POINT('',(-47.839251114299685,-39.439031663542821,-26.918557165917058));
#2319=CARTESIAN_POINT('',(-47.951160659063461,-39.302495995148817,-26.774260410849507));
#2320=CARTESIAN_POINT('',(-48.083893842592154,-39.140554366582556,-26.603113546536857));
#2321=CARTESIAN_POINT('',(-48.168839760742991,-39.035410493615757,-26.344856612917226));
#2322=CARTESIAN_POINT('',(-48.181368506990793,-39.019940143387707,-26.073043286616876));
#2323=CARTESIAN_POINT('',(-48.182487224054100,-39.018558764562314,-26.048772525588504));
#2324=CARTESIAN_POINT('',(-48.183049610332382,-39.017864245089733,-26.024408290089493));
#2325=CARTESIAN_POINT('',(-48.183049610332382,-39.017864245089733,-26.0));
#2326=B_SPLINE_CURVE_WITH_KNOTS('',3,(#2316,#2317,#2318,#2319,#2320,#2321,#2322,#2323,#2324,#2325),.UNSPECIFIED.,.F.,.U.,(4,3,3,4),(0.0,0.000681593611932,0.001490015182903,0.001562200778165),.UNSPECIFIED.);
#2327=EDGE_CURVE('',#2315,#2261,#2326,.T.);
#2328=ORIENTED_EDGE('',*,*,#2327,.F.);
#2329=CARTESIAN_POINT('',(47.547461505485565,-39.789934711989289,-27.0));
#2330=VERTEX_POINT('',#2329);
#2331=CARTESIAN_POINT('',(0.0,0.0,-27.0));
#2332=DIRECTION('',(0.0,0.0,1.0));
#2333=DIRECTION('',(1.0,0.0,0.0));
#2334=AXIS2_PLACEMENT_3D('',#2331,#2332,#2333);
#2335=CIRCLE('',#2334,62.000000000000028);
#2336=EDGE_CURVE('',#2315,#2330,#2335,.T.);
#2337=ORIENTED_EDGE('',*,*,#2336,.T.);
#2338=CARTESIAN_POINT('',(48.183049610332354,-39.017864245089740,-26.0));
#2339=VERTEX_POINT('',#2338);
#2340=CARTESIAN_POINT('',(47.547461505485572,-39.789934711989297,-27.0));
#2341=CARTESIAN_POINT('',(47.695370071796987,-39.613189590040044,-27.0));
#2342=CARTESIAN_POINT('',(47.839251114299692,-39.439031663542799,-26.918557165917047));
#2343=CARTESIAN_POINT('',(47.951160659063468,-39.302495995148796,-26.774260410849479));
#2344=CARTESIAN_POINT('',(48.083893842591998,-39.140554366582741,-26.603113546537024));
#2345=CARTESIAN_POINT('',(48.168839760742799,-39.035410493616006,-26.344856612917802));
#2346=CARTESIAN_POINT('',(48.181368506990744,-39.019940143387778,-26.073043286617807));
#2347=CARTESIAN_POINT('',(48.182487224054078,-39.018558764562350,-26.048772525589129));
#2348=CARTESIAN_POINT('',(48.183049610332368,-39.017864245089747,-26.024408290089806));
#2349=CARTESIAN_POINT('',(48.183049610332368,-39.017864245089747,-26.0));
#2350=B_SPLINE_CURVE_WITH_KNOTS('',3,(#2340,#2341,#2342,#2343,#2344,#2345,#2346,#2347,#2348,#2349),.UNSPECIFIED.,.F.,.U.,(4,3,3,4),(0.0,0.000681593611932,0.001490015182902,0.001562200778165),.UNSPECIFIED.);
#2351=EDGE_CURVE('',#2330,#2339,#2350,.T.);
#2352=ORIENTED_EDGE('',*,*,#2351,.T.);
#2353=CARTESIAN_POINT('',(48.183049610332354,-39.017864245089740,26.0));
#2354=VERTEX_POINT('',#2353);
#2355=CARTESIAN_POINT('',(48.183049610332354,-39.017864245089740,26.0));
#2356=DIRECTION('',(0.0,0.0,-1.0));
#2357=VECTOR('',#2356,52.0);
#2358=LINE('',#2355,#2357);
#2359=EDGE_CURVE('',#2354,#2339,#2358,.T.);
#2360=ORIENTED_EDGE('',*,*,#2359,.F.);
#2361=CARTESIAN_POINT('',(47.547461505485572,-39.789934711989297,27.0));
#2362=CARTESIAN_POINT('',(47.695370071797143,-39.613189590039845,27.0));
#2363=CARTESIAN_POINT('',(47.839251114300005,-39.439031663542423,26.918557165916855));
#2364=CARTESIAN_POINT('',(47.951160659063831,-39.302495995148355,26.774260410849006));
#2365=CARTESIAN_POINT('',(48.083893842592303,-39.140554366582357,26.603113546536360));
#2366=CARTESIAN_POINT('',(48.168839760743005,-39.035410493615750,26.344856612916946));
#2367=CARTESIAN_POINT('',(48.181368506990786,-39.019940143387721,26.073043286616851));
#2368=CARTESIAN_POINT('',(48.182487224054086,-39.018558764562329,26.048772525588490));
#2369=CARTESIAN_POINT('',(48.183049610332368,-39.017864245089747,26.024408290089482));
#2370=CARTESIAN_POINT('',(48.183049610332368,-39.017864245089747,26.0));
#2371=B_SPLINE_CURVE_WITH_KNOTS('',3,(#2361,#2362,#2363,#2364,#2365,#2366,#2367,#2368,#2369,#2370),.UNSPECIFIED.,.F.,.U.,(4,3,3,4),(0.0,0.000681593611933,0.001490015182903,0.001562200778165),.UNSPECIFIED.);
#2372=EDGE_CURVE('',#2292,#2354,#2371,.T.);
#2373=ORIENTED_EDGE('',*,*,#2372,.F.);
#2374=EDGE_LOOP('',(#2299,#2312,#2313,#2328,#2337,#2352,#2360,#2373));
#2375=FACE_OUTER_BOUND('',#2374,.T.);
#2376=ADVANCED_FACE('',(#2375),#2288,.T.);
#2377=CARTESIAN_POINT('',(-47.579795924331314,-19.708196766801976,17.0));
#2378=DIRECTION('',(0.0,0.0,1.0));
#2379=DIRECTION('',(1.0,0.0,0.0));
#2380=AXIS2_PLACEMENT_3D('',#2377,#2378,#2379);
#2381=PLANE('',#2380);
#2382=ORIENTED_EDGE('',*,*,#2167,.T.);
#2383=ORIENTED_EDGE('',*,*,#1813,.T.);
#2384=ORIENTED_EDGE('',*,*,#2231,.T.);
#2385=ORIENTED_EDGE('',*,*,#1887,.T.);
#2386=EDGE_LOOP('',(#2382,#2383,#2384,#2385));
#2387=FACE_OUTER_BOUND('',#2386,.T.);
#2388=ORIENTED_EDGE('',*,*,#1580,.F.);
#2389=EDGE_LOOP('',(#2388));
#2390=FACE_BOUND('',#2389,.T.);
#2391=ADVANCED_FACE('',(#2387,#2390),#2381,.T.);
#2392=CARTESIAN_POINT('',(-47.579795924331314,-19.708196766801976,9.999999999999996));
#2393=DIRECTION('',(0.0,0.0,-1.0));
#2394=DIRECTION('',(-1.0,0.0,0.0));
#2395=AXIS2_PLACEMENT_3D('',#2392,#2393,#2394);
#2396=PLANE('',#2395);
#2397=ORIENTED_EDGE('',*,*,#2175,.T.);
#2398=ORIENTED_EDGE('',*,*,#1904,.T.);
#2399=ORIENTED_EDGE('',*,*,#2223,.T.);
#2400=CARTESIAN_POINT('',(-47.579795924331314,-19.708196766801976,9.999999999999996));
#2401=DIRECTION('',(0.0,0.0,1.0));
#2402=DIRECTION('',(1.0,0.0,0.0));
#2403=AXIS2_PLACEMENT_3D('',#2400,#2401,#2402);
#2404=CIRCLE('',#2403,9.000000000000004);
#2405=EDGE_CURVE('',#2021,#2210,#2404,.T.);
#2406=ORIENTED_EDGE('',*,*,#2405,.F.);
#2407=EDGE_LOOP('',(#2397,#2398,#2399,#2406));
#2408=FACE_OUTER_BOUND('',#2407,.T.);
#2409=ORIENTED_EDGE('',*,*,#1569,.F.);
#2410=EDGE_LOOP('',(#2409));
#2411=FACE_BOUND('',#2410,.T.);
#2412=ADVANCED_FACE('',(#2408,#2411),#2396,.T.);
#2413=CARTESIAN_POINT('',(-47.579795924331314,-19.708196766801976,9.999999999999996));
#2414=DIRECTION('',(0.0,0.0,-1.0));
#2415=DIRECTION('',(-1.0,0.0,0.0));
#2416=AXIS2_PLACEMENT_3D('',#2413,#2414,#2415);
#2417=CYLINDRICAL_SURFACE('',#2416,9.000000000000004);
#2418=ORIENTED_EDGE('',*,*,#1937,.F.);
#2419=CARTESIAN_POINT('',(-52.251223950750763,-27.400905015135780,9.000000000000004));
#2420=CARTESIAN_POINT('',(-52.575167393092748,-27.204189056765866,9.000000000000009));
#2421=CARTESIAN_POINT('',(-52.878293407371352,-26.992307951338649,9.053063674781850));
#2422=CARTESIAN_POINT('',(-53.163610585577040,-26.766596998359930,9.146806449781106));
#2423=CARTESIAN_POINT('',(-53.371171852813305,-26.602397801788616,9.215002025299741));
#2424=CARTESIAN_POINT('',(-53.570130395842668,-26.429479015633447,9.304851360146882));
#2425=CARTESIAN_POINT('',(-53.748117541323658,-26.261959688158303,9.429055281007324));
#2426=CARTESIAN_POINT('',(-53.837111114064150,-26.178200024420732,9.491157241437545));
#2427=CARTESIAN_POINT('',(-53.922060505786227,-26.094625187144793,9.562078812258354));
#2428=CARTESIAN_POINT('',(-53.994909215172761,-26.020591040425060,9.652407668657718));
#2429=CARTESIAN_POINT('',(-54.050265750074139,-25.964333711210905,9.721047079485734));
#2430=CARTESIAN_POINT('',(-54.099977904887396,-25.912087376184960,9.802245310510516));
#2431=CARTESIAN_POINT('',(-54.122036194335102,-25.888738187223069,9.901930103740147));
#2432=CARTESIAN_POINT('',(-54.129006418330349,-25.881360050420685,9.933429615040767));
#2433=CARTESIAN_POINT('',(-54.132875781272027,-25.877244050504537,9.966411739801583));
#2434=CARTESIAN_POINT('',(-54.132875781272027,-25.877244050504537,9.999999999999996));
#2435=B_SPLINE_CURVE_WITH_KNOTS('',3,(#2419,#2420,#2421,#2422,#2423,#2424,#2425,#2426,#2427,#2428,#2429,#2430,#2431,#2432,#2433,#2434),.UNSPECIFIED.,.F.,.U.,(4,3,3,3,3,4),(7.757919E-018,0.001120307962498,0.001935304598359,0.002342802916289,0.002652454179142,0.002750301234220),.UNSPECIFIED.);
#2436=EDGE_CURVE('',#1922,#2021,#2435,.T.);
#2437=ORIENTED_EDGE('',*,*,#2436,.T.);
#2438=ORIENTED_EDGE('',*,*,#2405,.T.);
#2439=CARTESIAN_POINT('',(-38.614479838189709,-18.918825196772637,9.999999999999996));
#2440=CARTESIAN_POINT('',(-38.614479838189709,-18.918825196772637,9.858352515499366));
#2441=CARTESIAN_POINT('',(-38.606838839349116,-19.003992433947015,9.733312537846592));
#2442=CARTESIAN_POINT('',(-38.600161654104866,-19.103078288341106,9.636128260167922));
#2443=CARTESIAN_POINT('',(-38.592118105672682,-19.222440240961706,9.519057006973574));
#2444=CARTESIAN_POINT('',(-38.585037302660609,-19.367149400933855,9.429686852029475));
#2445=CARTESIAN_POINT('',(-38.581860642478553,-19.515425753448564,9.353961454160576));
#2446=CARTESIAN_POINT('',(-38.575769426972045,-19.799744240766518,9.208758728247153));
#2447=CARTESIAN_POINT('',(-38.583357754862007,-20.110095435449654,9.111138045857880));
#2448=CARTESIAN_POINT('',(-38.608086513758245,-20.421239719389455,9.053870806494841));
#2449=CARTESIAN_POINT('',(-38.622941572191891,-20.608150293373988,9.019469234194299));
#2450=CARTESIAN_POINT('',(-38.643810337717277,-20.797071137712638,9.000000000000004));
#2451=CARTESIAN_POINT('',(-38.671357462827402,-20.988713919204820,9.000000000000004));
#2452=B_SPLINE_CURVE_WITH_KNOTS('',3,(#2439,#2440,#2441,#2442,#2443,#2444,#2445,#2446,#2447,#2448,#2449,#2450,#2451),.UNSPECIFIED.,.F.,.U.,(4,3,3,3,4),(1.430490E-017,0.000417503795318,0.000920442065775,0.001884821387531,0.002464143270890),.UNSPECIFIED.);
#2453=EDGE_CURVE('',#2210,#1931,#2452,.T.);
#2454=ORIENTED_EDGE('',*,*,#2453,.T.);
#2455=EDGE_LOOP('',(#2418,#2437,#2438,#2454));
#2456=FACE_OUTER_BOUND('',#2455,.T.);
#2457=ADVANCED_FACE('',(#2456),#2417,.F.);
#2458=CARTESIAN_POINT('',(0.0,0.0,27.0));
#2459=DIRECTION('',(0.0,0.0,1.0));
#2460=DIRECTION('',(1.0,0.0,0.0));
#2461=AXIS2_PLACEMENT_3D('',#2458,#2459,#2460);
#2462=PLANE('',#2461);
#2463=ORIENTED_EDGE('',*,*,#1715,.T.);
#2464=CARTESIAN_POINT('',(-46.770212780924012,-39.160531105018151,27.0));
#2465=DIRECTION('',(-0.777145961456976,-0.629320391049831,0.0));
#2466=VECTOR('',#2465,1.000132231407843);
#2467=LINE('',#2464,#2466);
#2468=EDGE_CURVE('',#1709,#2290,#2467,.T.);
#2469=ORIENTED_EDGE('',*,*,#2468,.T.);
#2470=ORIENTED_EDGE('',*,*,#2298,.T.);
#2471=CARTESIAN_POINT('',(46.770212780924005,-39.160531105018173,27.0));
#2472=DIRECTION('',(0.777145961456980,-0.629320391049827,0.0));
#2473=VECTOR('',#2472,1.000132231407839);
#2474=LINE('',#2471,#2473);
#2475=EDGE_CURVE('',#1351,#2292,#2474,.T.);
#2476=ORIENTED_EDGE('',*,*,#2475,.F.);
#2477=ORIENTED_EDGE('',*,*,#1357,.F.);
#2478=CARTESIAN_POINT('',(46.573615566584941,-36.220137120888367,27.0));
#2479=VERTEX_POINT('',#2478);
#2480=CARTESIAN_POINT('',(0.0,0.0,27.0));
#2481=DIRECTION('',(0.0,0.0,-1.0));
#2482=DIRECTION('',(-1.0,0.0,0.0));
#2483=AXIS2_PLACEMENT_3D('',#2480,#2481,#2482);
#2484=CIRCLE('',#2483,59.0);
#2485=EDGE_CURVE('',#2479,#1349,#2484,.T.);
#2486=ORIENTED_EDGE('',*,*,#2485,.F.);
#2487=CARTESIAN_POINT('',(41.442624021113723,-32.229783031298979,27.0));
#2488=VERTEX_POINT('',#2487);
#2489=CARTESIAN_POINT('',(44.008119793849332,-34.224960076093694,27.0));
#2490=DIRECTION('',(0.0,0.0,-1.0));
#2491=DIRECTION('',(-1.0,0.0,0.0));
#2492=AXIS2_PLACEMENT_3D('',#2489,#2490,#2491);
#2493=CIRCLE('',#2492,3.249999999999996);
#2494=EDGE_CURVE('',#2488,#2479,#2493,.T.);
#2495=ORIENTED_EDGE('',*,*,#2494,.F.);
#2496=CARTESIAN_POINT('',(-41.442624021113723,-32.229783031298979,27.0));
#2497=VERTEX_POINT('',#2496);
#2498=CARTESIAN_POINT('',(0.0,0.0,27.0));
#2499=DIRECTION('',(0.0,0.0,-1.0));
#2500=DIRECTION('',(1.0,0.0,0.0));
#2501=AXIS2_PLACEMENT_3D('',#2498,#2499,#2500);
#2502=CIRCLE('',#2501,52.500000000000000);
#2503=EDGE_CURVE('',#2488,#2497,#2502,.T.);
#2504=ORIENTED_EDGE('',*,*,#2503,.T.);
#2505=CARTESIAN_POINT('',(-46.573615566584962,-36.220137120888353,27.0));
#2506=VERTEX_POINT('',#2505);
#2507=CARTESIAN_POINT('',(-44.008119793849332,-34.224960076093666,27.0));
#2508=DIRECTION('',(0.0,0.0,1.0));
#2509=DIRECTION('',(1.0,0.0,0.0));
#2510=AXIS2_PLACEMENT_3D('',#2507,#2508,#2509);
#2511=CIRCLE('',#2510,3.249999999999996);
#2512=EDGE_CURVE('',#2497,#2506,#2511,.T.);
#2513=ORIENTED_EDGE('',*,*,#2512,.T.);
#2514=CARTESIAN_POINT('',(0.0,0.0,27.0));
#2515=DIRECTION('',(0.0,0.0,1.0));
#2516=DIRECTION('',(1.0,0.0,0.0));
#2517=AXIS2_PLACEMENT_3D('',#2514,#2515,#2516);
#2518=CIRCLE('',#2517,59.0);
#2519=EDGE_CURVE('',#2506,#1707,#2518,.T.);
#2520=ORIENTED_EDGE('',*,*,#2519,.T.);
#2521=EDGE_LOOP('',(#2463,#2469,#2470,#2476,#2477,#2486,#2495,#2504,#2513,#2520));
#2522=FACE_OUTER_BOUND('',#2521,.T.);
#2523=ADVANCED_FACE('',(#2522),#2462,.T.);
#2524=CARTESIAN_POINT('',(0.0,0.0,27.0));
#2525=DIRECTION('',(0.0,0.0,-1.0));
#2526=DIRECTION('',(-1.0,0.0,0.0));
#2527=AXIS2_PLACEMENT_3D('',#2524,#2525,#2526);
#2528=CYLINDRICAL_SURFACE('',#2527,51.500000000000000);
#2529=ORIENTED_EDGE('',*,*,#1787,.F.);
#2530=CARTESIAN_POINT('',(0.0,0.0,26.0));
#2531=DIRECTION('',(0.0,0.0,1.0));
#2532=DIRECTION('',(1.0,0.0,0.0));
#2533=AXIS2_PLACEMENT_3D('',#2530,#2531,#2532);
#2534=CIRCLE('',#2533,51.500000000000000);
#2535=EDGE_CURVE('',#1775,#1417,#2534,.T.);
#2536=ORIENTED_EDGE('',*,*,#2535,.T.);
#2537=ORIENTED_EDGE('',*,*,#1436,.T.);
#2538=CARTESIAN_POINT('',(0.0,0.0,19.000000000000007));
#2539=DIRECTION('',(0.0,0.0,-1.0));
#2540=DIRECTION('',(-1.0,0.0,0.0));
#2541=AXIS2_PLACEMENT_3D('',#2538,#2539,#2540);
#2542=CIRCLE('',#2541,51.500000000000000);
#2543=EDGE_CURVE('',#1325,#1674,#2542,.T.);
#2544=ORIENTED_EDGE('',*,*,#2543,.T.);
#2545=EDGE_LOOP('',(#2529,#2536,#2537,#2544));
#2546=FACE_OUTER_BOUND('',#2545,.T.);
#2547=ADVANCED_FACE('',(#2546),#2528,.F.);
#2548=CARTESIAN_POINT('',(0.0,0.0,27.0));
#2549=DIRECTION('',(0.0,0.0,-1.0));
#2550=DIRECTION('',(-1.0,0.0,0.0));
#2551=AXIS2_PLACEMENT_3D('',#2548,#2549,#2550);
#2552=CYLINDRICAL_SURFACE('',#2551,51.500000000000000);
#2553=ORIENTED_EDGE('',*,*,#1755,.F.);
#2554=CARTESIAN_POINT('',(0.0,0.0,8.0));
#2555=DIRECTION('',(0.0,0.0,1.0));
#2556=DIRECTION('',(-1.0,0.0,0.0));
#2557=AXIS2_PLACEMENT_3D('',#2554,#2555,#2556);
#2558=CIRCLE('',#2557,51.500000000000000);
#2559=EDGE_CURVE('',#1593,#1235,#2558,.T.);
#2560=ORIENTED_EDGE('',*,*,#2559,.T.);
#2561=ORIENTED_EDGE('',*,*,#1404,.T.);
#2562=CARTESIAN_POINT('',(0.0,0.0,-8.0));
#2563=DIRECTION('',(0.0,0.0,1.0));
#2564=DIRECTION('',(-1.0,0.0,0.0));
#2565=AXIS2_PLACEMENT_3D('',#2562,#2563,#2564);
#2566=CIRCLE('',#2565,51.500000000000000);
#2567=EDGE_CURVE('',#899,#563,#2566,.T.);
#2568=ORIENTED_EDGE('',*,*,#2567,.F.);
#2569=EDGE_LOOP('',(#2553,#2560,#2561,#2568));
#2570=FACE_OUTER_BOUND('',#2569,.T.);
#2571=ADVANCED_FACE('',(#2570),#2552,.F.);
#2572=CARTESIAN_POINT('',(0.0,0.0,26.0));
#2573=DIRECTION('',(0.0,0.0,1.0));
#2574=DIRECTION('',(1.0,0.0,0.0));
#2575=AXIS2_PLACEMENT_3D('',#2572,#2573,#2574);
#2576=TOROIDAL_SURFACE('',#2575,52.500000000000000,1.0);
#2577=ORIENTED_EDGE('',*,*,#2503,.F.);
#2578=CARTESIAN_POINT('',(41.442624021113723,-32.229783031298979,26.0));
#2579=DIRECTION('',(-0.613900629167602,-0.789383314687879,0.0));
#2580=DIRECTION('',(0.789383314687879,-0.613900629167602,0.0));
#2581=AXIS2_PLACEMENT_3D('',#2578,#2579,#2580);
#2582=CIRCLE('',#2581,0.999999999999998);
#2583=EDGE_CURVE('',#2488,#1417,#2582,.T.);
#2584=ORIENTED_EDGE('',*,*,#2583,.T.);
#2585=ORIENTED_EDGE('',*,*,#2535,.F.);
#2586=CARTESIAN_POINT('',(-41.442624021113723,-32.229783031298979,26.0));
#2587=DIRECTION('',(-0.613900629167602,0.789383314687879,0.0));
#2588=DIRECTION('',(-0.789383314687879,-0.613900629167602,0.0));
#2589=AXIS2_PLACEMENT_3D('',#2586,#2587,#2588);
#2590=CIRCLE('',#2589,0.999999999999998);
#2591=EDGE_CURVE('',#2497,#1775,#2590,.T.);
#2592=ORIENTED_EDGE('',*,*,#2591,.F.);
#2593=EDGE_LOOP('',(#2577,#2584,#2585,#2592));
#2594=FACE_OUTER_BOUND('',#2593,.T.);
#2595=ADVANCED_FACE('',(#2594),#2576,.T.);
#2596=CARTESIAN_POINT('',(-44.008119793849332,-34.224960076093666,26.0));
#2597=DIRECTION('',(0.0,0.0,1.0));
#2598=DIRECTION('',(1.0,0.0,0.0));
#2599=AXIS2_PLACEMENT_3D('',#2596,#2597,#2598);
#2600=TOROIDAL_SURFACE('',#2599,3.249999999999998,1.0);
#2601=ORIENTED_EDGE('',*,*,#2591,.T.);
#2602=ORIENTED_EDGE('',*,*,#1781,.F.);
#2603=CARTESIAN_POINT('',(-46.573615566584962,-36.220137120888353,26.0));
#2604=DIRECTION('',(0.613900629167602,-0.789383314687879,0.0));
#2605=DIRECTION('',(0.789383314687879,0.613900629167602,0.0));
#2606=AXIS2_PLACEMENT_3D('',#2603,#2604,#2605);
#2607=CIRCLE('',#2606,0.999999999999998);
#2608=EDGE_CURVE('',#2506,#1773,#2607,.T.);
#2609=ORIENTED_EDGE('',*,*,#2608,.F.);
#2610=ORIENTED_EDGE('',*,*,#2512,.F.);
#2611=EDGE_LOOP('',(#2601,#2602,#2609,#2610));
#2612=FACE_OUTER_BOUND('',#2611,.T.);
#2613=ADVANCED_FACE('',(#2612),#2600,.T.);
#2614=CARTESIAN_POINT('',(0.0,0.0,26.0));
#2615=DIRECTION('',(0.0,0.0,1.0));
#2616=DIRECTION('',(1.0,0.0,0.0));
#2617=AXIS2_PLACEMENT_3D('',#2614,#2615,#2616);
#2618=TOROIDAL_SURFACE('',#2617,59.0,1.0);
#2619=ORIENTED_EDGE('',*,*,#2608,.T.);
#2620=ORIENTED_EDGE('',*,*,#2134,.F.);
#2621=ORIENTED_EDGE('',*,*,#1724,.F.);
#2622=ORIENTED_EDGE('',*,*,#2519,.F.);
#2623=EDGE_LOOP('',(#2619,#2620,#2621,#2622));
#2624=FACE_OUTER_BOUND('',#2623,.T.);
#2625=ADVANCED_FACE('',(#2624),#2618,.T.);
#2626=CARTESIAN_POINT('',(0.629320391050064,-0.777145961457267,26.0));
#2627=DIRECTION('',(0.777145961456977,0.629320391049830,0.0));
#2628=DIRECTION('',(-0.629320391049830,0.777145961456977,0.0));
#2629=AXIS2_PLACEMENT_3D('',#2626,#2627,#2628);
#2630=CYLINDRICAL_SURFACE('',#2629,1.000000000000000);
#2631=ORIENTED_EDGE('',*,*,#1740,.T.);
#2632=ORIENTED_EDGE('',*,*,#2272,.F.);
#2633=ORIENTED_EDGE('',*,*,#2311,.F.);
#2634=ORIENTED_EDGE('',*,*,#2468,.F.);
#2635=EDGE_LOOP('',(#2631,#2632,#2633,#2634));
#2636=FACE_OUTER_BOUND('',#2635,.T.);
#2637=ADVANCED_FACE('',(#2636),#2630,.T.);
#2638=CARTESIAN_POINT('',(0.0,0.0,19.000000000000007));
#2639=DIRECTION('',(0.0,0.0,-1.0));
#2640=DIRECTION('',(-1.0,0.0,0.0));
#2641=AXIS2_PLACEMENT_3D('',#2638,#2639,#2640);
#2642=TOROIDAL_SURFACE('',#2641,50.499999999999986,1.0);
#2643=ORIENTED_EDGE('',*,*,#2543,.F.);
#2644=ORIENTED_EDGE('',*,*,#1331,.T.);
#2645=ORIENTED_EDGE('',*,*,#1994,.F.);
#2646=ORIENTED_EDGE('',*,*,#1689,.F.);
#2647=EDGE_LOOP('',(#2643,#2644,#2645,#2646));
#2648=FACE_OUTER_BOUND('',#2647,.T.);
#2649=ADVANCED_FACE('',(#2648),#2642,.F.);
#2650=CARTESIAN_POINT('',(0.0,0.0,8.0));
#2651=DIRECTION('',(0.0,0.0,-1.0));
#2652=DIRECTION('',(-1.0,0.0,0.0));
#2653=AXIS2_PLACEMENT_3D('',#2650,#2651,#2652);
#2654=TOROIDAL_SURFACE('',#2653,50.499999999999986,1.0);
#2655=ORIENTED_EDGE('',*,*,#1970,.F.);
#2656=ORIENTED_EDGE('',*,*,#1250,.T.);
#2657=ORIENTED_EDGE('',*,*,#2559,.F.);
#2658=ORIENTED_EDGE('',*,*,#1637,.F.);
#2659=EDGE_LOOP('',(#2655,#2656,#2657,#2658));
#2660=FACE_OUTER_BOUND('',#2659,.T.);
#2661=ADVANCED_FACE('',(#2660),#2654,.F.);
#2662=CARTESIAN_POINT('',(0.0,0.0,10.000000000000004));
#2663=DIRECTION('',(0.0,0.0,-1.0));
#2664=DIRECTION('',(-1.0,0.0,0.0));
#2665=AXIS2_PLACEMENT_3D('',#2662,#2663,#2664);
#2666=TOROIDAL_SURFACE('',#2665,43.999999999999986,1.0);
#2667=ORIENTED_EDGE('',*,*,#2216,.F.);
#2668=CARTESIAN_POINT('',(38.614479838189695,-18.918825196772680,9.999999999999996));
#2669=CARTESIAN_POINT('',(38.614479838189695,-18.918825196772680,9.858352515499364));
#2670=CARTESIAN_POINT('',(38.606838839349109,-19.003992433947051,9.733312537846574));
#2671=CARTESIAN_POINT('',(38.600161654104852,-19.103078288341152,9.636128260167897));
#2672=CARTESIAN_POINT('',(38.592118105672675,-19.222440240961582,9.519057006973725));
#2673=CARTESIAN_POINT('',(38.585037302660616,-19.367149400933481,9.429686852029724));
#2674=CARTESIAN_POINT('',(38.581860642478553,-19.515425753447946,9.353961454160897));
#2675=CARTESIAN_POINT('',(38.575769426972030,-19.799744240765648,9.208758728247503));
#2676=CARTESIAN_POINT('',(38.583357754861950,-20.110095435448557,9.111138045858217));
#2677=CARTESIAN_POINT('',(38.608086513758117,-20.421239719388115,9.053870806495093));
#2678=CARTESIAN_POINT('',(38.622941572191770,-20.608150293373093,9.019469234194391));
#2679=CARTESIAN_POINT('',(38.643810337717191,-20.797071137712177,9.000000000000004));
#2680=CARTESIAN_POINT('',(38.671357462827388,-20.988713919204841,9.000000000000004));
#2681=B_SPLINE_CURVE_WITH_KNOTS('',3,(#2668,#2669,#2670,#2671,#2672,#2673,#2674,#2675,#2676,#2677,#2678,#2679,#2680),.UNSPECIFIED.,.F.,.U.,(4,3,3,3,4),(1.430490E-017,0.000417503795318,0.000920442065775,0.001884821387530,0.002464143270890),.UNSPECIFIED.);
#2682=EDGE_CURVE('',#2201,#1940,#2681,.T.);
#2683=ORIENTED_EDGE('',*,*,#2682,.T.);
#2684=ORIENTED_EDGE('',*,*,#1946,.F.);
#2685=ORIENTED_EDGE('',*,*,#2453,.F.);
#2686=EDGE_LOOP('',(#2667,#2683,#2684,#2685));
#2687=FACE_OUTER_BOUND('',#2686,.T.);
#2688=ADVANCED_FACE('',(#2687),#2666,.T.);
#2689=CARTESIAN_POINT('',(0.0,0.0,17.0));
#2690=DIRECTION('',(0.0,0.0,-1.0));
#2691=DIRECTION('',(-1.0,0.0,0.0));
#2692=AXIS2_PLACEMENT_3D('',#2689,#2690,#2691);
#2693=TOROIDAL_SURFACE('',#2692,43.999999999999986,1.0);
#2694=ORIENTED_EDGE('',*,*,#2010,.F.);
#2695=ORIENTED_EDGE('',*,*,#1482,.T.);
#2696=ORIENTED_EDGE('',*,*,#1470,.T.);
#2697=ORIENTED_EDGE('',*,*,#2190,.F.);
#2698=ORIENTED_EDGE('',*,*,#1868,.F.);
#2699=ORIENTED_EDGE('',*,*,#1855,.F.);
#2700=EDGE_LOOP('',(#2694,#2695,#2696,#2697,#2698,#2699));
#2701=FACE_OUTER_BOUND('',#2700,.T.);
#2702=ADVANCED_FACE('',(#2701),#2693,.T.);
#2703=CARTESIAN_POINT('',(0.0,0.0,10.000000000000004));
#2704=DIRECTION('',(0.0,0.0,-1.0));
#2705=DIRECTION('',(-1.0,0.0,0.0));
#2706=AXIS2_PLACEMENT_3D('',#2703,#2704,#2705);
#2707=TOROIDAL_SURFACE('',#2706,59.0,1.0);
#2708=ORIENTED_EDGE('',*,*,#2436,.F.);
#2709=ORIENTED_EDGE('',*,*,#1928,.F.);
#2710=CARTESIAN_POINT('',(-49.055489212718925,-32.780466410666222,10.000000000000004));
#2711=DIRECTION('',(0.555601125604516,-0.831448969707098,5.769336E-015));
#2712=DIRECTION('',(0.831448969707098,0.555601125604516,0.0));
#2713=AXIS2_PLACEMENT_3D('',#2710,#2711,#2712);
#2714=CIRCLE('',#2713,1.000000000000000);
#2715=EDGE_CURVE('',#2023,#1613,#2714,.T.);
#2716=ORIENTED_EDGE('',*,*,#2715,.F.);
#2717=ORIENTED_EDGE('',*,*,#2029,.F.);
#2718=EDGE_LOOP('',(#2708,#2709,#2716,#2717));
#2719=FACE_OUTER_BOUND('',#2718,.T.);
#2720=ADVANCED_FACE('',(#2719),#2707,.T.);
#2721=CARTESIAN_POINT('',(-49.055489212718925,-32.780466410666222,9.000000000000004));
#2722=CARTESIAN_POINT('',(-48.979384006868365,-33.073218502648452,9.000000000000004));
#2723=CARTESIAN_POINT('',(-48.900984293518391,-33.379384282703334,8.965582583324979));
#2724=CARTESIAN_POINT('',(-48.809911768799523,-33.707253565155867,8.907347993932417));
#2725=CARTESIAN_POINT('',(-48.764375506440089,-33.871188206382143,8.878230699236136));
#2726=CARTESIAN_POINT('',(-48.715747666684607,-34.039634384986961,8.843106776992457));
#2727=CARTESIAN_POINT('',(-48.663161777502424,-34.209835856648766,8.803774964450916));
#2728=CARTESIAN_POINT('',(-48.610575888320291,-34.380037328310564,8.764443151909379));
#2729=CARTESIAN_POINT('',(-48.553763048909779,-34.552938177303396,8.720729320697453));
#2730=CARTESIAN_POINT('',(-48.490860493762185,-34.728215367808779,8.673597086642976));
#2731=CARTESIAN_POINT('',(-48.365055383467059,-35.078769748819532,8.579332618534025));
#2732=CARTESIAN_POINT('',(-48.214066825646718,-35.439991031229127,8.471290913004070));
#2733=CARTESIAN_POINT('',(-48.027107876976530,-35.797612588967517,8.356558982285950));
#2734=CARTESIAN_POINT('',(-47.840148928306341,-36.155234146705908,8.241827051567832));
#2735=CARTESIAN_POINT('',(-47.616457939560547,-36.508127754100897,8.120376805691539));
#2736=CARTESIAN_POINT('',(-47.362998881272844,-36.834037750055970,7.999999999999999));
#2737=CARTESIAN_POINT('',(-49.273162043974494,-32.925922445210006,9.000000000000004));
#2738=CARTESIAN_POINT('',(-49.182292398891619,-33.210959011034674,9.026016522773352));
#2739=CARTESIAN_POINT('',(-49.079970483696101,-33.513734713817080,9.014072654045313));
#2740=CARTESIAN_POINT('',(-48.960756776073708,-33.835870395647746,8.970445210290595));
#2741=CARTESIAN_POINT('',(-48.901149922262483,-33.996938236563103,8.948631488413238));
#2742=CARTESIAN_POINT('',(-48.837510666155090,-34.161957322041488,8.918833218889308));
#2743=CARTESIAN_POINT('',(-48.770141038996542,-34.327730802366077,8.882674314855253));
#2744=CARTESIAN_POINT('',(-48.702771411837993,-34.493504282690658,8.846515410821192));
#2745=CARTESIAN_POINT('',(-48.631325935047769,-34.660956600880404,8.803867029724675));
#2746=CARTESIAN_POINT('',(-48.554879720124262,-34.829635002043517,8.755818199318451));
#2747=CARTESIAN_POINT('',(-48.401987290277262,-35.166991804369744,8.659720538506008));
#2748=CARTESIAN_POINT('',(-48.228539580460684,-35.509958899041038,8.541738000409312));
#2749=CARTESIAN_POINT('',(-48.029909688867072,-35.848411988019521,8.411899882174378));
#2750=CARTESIAN_POINT('',(-47.831279797273410,-36.186865076998011,8.282061763939442));
#2751=CARTESIAN_POINT('',(-47.607065887384053,-36.520204512010167,8.140439606640125));
#2752=CARTESIAN_POINT('',(-47.362998881272844,-36.834037750055970,7.999999999999999));
#2753=CARTESIAN_POINT('',(-49.489494482348526,-33.070482785825646,9.107773096390183));
#2754=CARTESIAN_POINT('',(-49.368358454419209,-33.352632781775846,9.145421066437262));
#2755=CARTESIAN_POINT('',(-49.233554132359458,-33.652162093029609,9.138752501330739));
#2756=CARTESIAN_POINT('',(-49.083248181114165,-33.967184587144558,9.094126059820180));
#2757=CARTESIAN_POINT('',(-49.008095205491500,-34.124695834202036,9.071812839064901));
#2758=CARTESIAN_POINT('',(-48.929378674552950,-34.285230587246396,9.039948758013345));
#2759=CARTESIAN_POINT('',(-48.848158147977891,-34.445562901850948,9.000406143611519));
#2760=CARTESIAN_POINT('',(-48.766937621402811,-34.605895216455487,8.960863529209693));
#2761=CARTESIAN_POINT('',(-48.682780265788409,-34.766929750966312,8.913512375851166));
#2762=CARTESIAN_POINT('',(-48.595202504141774,-34.928337989211954,8.859687059080979));
#2763=CARTESIAN_POINT('',(-48.420046980848440,-35.251154465703237,8.752036425540599));
#2764=CARTESIAN_POINT('',(-48.230833869189766,-35.575949535638138,8.618178122707805));
#2765=CARTESIAN_POINT('',(-48.025305377272119,-35.896311191954617,8.470273542638648));
#2766=CARTESIAN_POINT('',(-47.819776885354486,-36.216672848271102,8.322368962569495));
#2767=CARTESIAN_POINT('',(-47.597673835207559,-36.532281269919430,8.160502407588711));
#2768=CARTESIAN_POINT('',(-47.362998881272844,-36.834037750055970,7.999999999999999));
#2769=CARTESIAN_POINT('',(-49.643412417409387,-33.173335734216053,9.292893218813454));
#2770=CARTESIAN_POINT('',(-49.492126560411052,-33.462969992374198,9.328027868727233));
#2771=CARTESIAN_POINT('',(-49.329479136533337,-33.764911272873590,9.312645600288025));
#2772=CARTESIAN_POINT('',(-49.154847209041002,-34.077033946391154,9.255632906394949));
#2773=CARTESIAN_POINT('',(-49.067531245294830,-34.233095283149936,9.227126559448411));
#2774=CARTESIAN_POINT('',(-48.977637175494344,-34.390849638114290,9.188144390145183));
#2775=CARTESIAN_POINT('',(-48.886582928562923,-34.547277010807377,9.140928968753663));
#2776=CARTESIAN_POINT('',(-48.795528681631524,-34.703704383500465,9.093713547362135));
#2777=CARTESIAN_POINT('',(-48.702813082396510,-34.859700622475344,9.038097805590828));
#2778=CARTESIAN_POINT('',(-48.608098550365710,-35.015193231032995,8.975594668330311));
#2779=CARTESIAN_POINT('',(-48.418669486304069,-35.326178448148333,8.850588393809273));
#2780=CARTESIAN_POINT('',(-48.220966987188845,-35.635515243299849,8.697728799894090));
#2781=CARTESIAN_POINT('',(-48.013411142009033,-35.940101360182183,8.530206777396046));
#2782=CARTESIAN_POINT('',(-47.805855296829222,-36.244687477064502,8.362684754898002));
#2783=CARTESIAN_POINT('',(-47.588281783031050,-36.544358027828700,8.180565208537303));
#2784=CARTESIAN_POINT('',(-47.362998881272844,-36.834037750055970,7.999999999999999));
#2785=CARTESIAN_POINT('',(-49.797330352470262,-33.276188682606460,9.478013341236720));
#2786=CARTESIAN_POINT('',(-49.615894666402909,-33.573307202972543,9.510634671017204));
#2787=CARTESIAN_POINT('',(-49.425404140707236,-33.877660452717549,9.486538699245314));
#2788=CARTESIAN_POINT('',(-49.226446236967845,-34.186883305637735,9.417139752969712));
#2789=CARTESIAN_POINT('',(-49.126967285098132,-34.341494732097829,9.382440279831917));
#2790=CARTESIAN_POINT('',(-49.025895676435738,-34.496468688982198,9.336340022277019));
#2791=CARTESIAN_POINT('',(-48.925007709147977,-34.648991119763814,9.281451793895794));
#2792=CARTESIAN_POINT('',(-48.824119741860216,-34.801513550545437,9.226563565514576));
#2793=CARTESIAN_POINT('',(-48.722845899004611,-34.952471493984376,9.162683235330489));
#2794=CARTESIAN_POINT('',(-48.620994596589640,-35.102048472854065,9.091502277579645));
#2795=CARTESIAN_POINT('',(-48.417291991759669,-35.401202430593443,8.949140362077950));
#2796=CARTESIAN_POINT('',(-48.211100105187953,-35.695080950961554,8.777279477080382));
#2797=CARTESIAN_POINT('',(-48.001516906745948,-35.983891528409728,8.590140012153443));
#2798=CARTESIAN_POINT('',(-47.791933708303930,-36.272702105857910,8.403000547226508));
#2799=CARTESIAN_POINT('',(-47.578889730854563,-36.556434785737956,8.200628009485893));
#2800=CARTESIAN_POINT('',(-47.362998881272844,-36.834037750055970,7.999999999999999));
#2801=CARTESIAN_POINT('',(-49.886938182426022,-33.336067536270740,9.738200612200851));
#2802=CARTESIAN_POINT('',(-49.676313162928452,-33.651264801692513,9.754763245006618));
#2803=CARTESIAN_POINT('',(-49.463062178240008,-33.963968996014025,9.708483749716958));
#2804=CARTESIAN_POINT('',(-49.246797472549808,-34.274722544010061,9.615670881889241));
#2805=CARTESIAN_POINT('',(-49.138665119704697,-34.430099318008082,9.569264447975376));
#2806=CARTESIAN_POINT('',(-49.030392772146840,-34.584090173080639,9.511135342813244));
#2807=CARTESIAN_POINT('',(-48.923738158333592,-34.734317226381215,9.444392581408803));
#2808=CARTESIAN_POINT('',(-48.817083544520301,-34.884544279681805,9.377649820004365));
#2809=CARTESIAN_POINT('',(-48.711428554657928,-35.031897573439068,9.302017628382341));
#2810=CARTESIAN_POINT('',(-48.606448477852453,-35.176952066910928,9.219309979391055));
#2811=CARTESIAN_POINT('',(-48.396488324241517,-35.467061053854607,9.053894681408474));
#2812=CARTESIAN_POINT('',(-48.189074233757587,-35.748211700024683,8.859927151861504));
#2813=CARTESIAN_POINT('',(-47.982333770885639,-36.023568894361574,8.651627666105807));
#2814=CARTESIAN_POINT('',(-47.775593308013768,-36.298926088698472,8.443328180350111));
#2815=CARTESIAN_POINT('',(-47.569497678678061,-36.568511543647233,8.220690810434480));
#2816=CARTESIAN_POINT('',(-47.362998881272844,-36.834037750055970,7.999999999999999));
#2817=CARTESIAN_POINT('',(-49.886938182426022,-33.336067536270740,10.000000000000004));
#2818=CARTESIAN_POINT('',(-49.659255010515757,-33.676792077637486,10.000000000000004));
#2819=CARTESIAN_POINT('',(-49.434860104479924,-34.005090136943096,9.931165166649972));
#2820=CARTESIAN_POINT('',(-49.212156229233912,-34.324388986105404,9.814695987864841));
#2821=CARTESIAN_POINT('',(-49.100804291610885,-34.484038410686559,9.756461398472279));
#2822=CARTESIAN_POINT('',(-48.990535193445965,-34.640466032494707,9.686213553984914));
#2823=CARTESIAN_POINT('',(-48.882947258028778,-34.791629271547137,9.607549928901838));
#2824=CARTESIAN_POINT('',(-48.775359322611592,-34.942792510599567,9.528886303818760));
#2825=CARTESIAN_POINT('',(-48.669816722653593,-35.089604066673992,9.441458641394899));
#2826=CARTESIAN_POINT('',(-48.565805868116101,-35.232974617259593,9.347194173285953));
#2827=CARTESIAN_POINT('',(-48.357784159041124,-35.519715718430767,9.158665237068052));
#2828=CARTESIAN_POINT('',(-48.155758538911044,-35.792918617458568,8.942581826008142));
#2829=CARTESIAN_POINT('',(-47.956345862584328,-36.058132113410878,8.713117964571904));
#2830=CARTESIAN_POINT('',(-47.756933186257598,-36.323345609363159,8.483654103135660));
#2831=CARTESIAN_POINT('',(-47.560105626501567,-36.580588301556489,8.240753611383067));
#2832=CARTESIAN_POINT('',(-47.362998881272844,-36.834037750055970,7.999999999999999));
#2833=B_SPLINE_SURFACE_WITH_KNOTS('',3,3,((#2721,#2737,#2753,#2769,#2785,#2801,#2817),(#2722,#2738,#2754,#2770,#2786,#2802,#2818),(#2723,#2739,#2755,#2771,#2787,#2803,#2819),(#2724,#2740,#2756,#2772,#2788,#2804,#2820),(#2725,#2741,#2757,#2773,#2789,#2805,#2821),(#2726,#2742,#2758,#2774,#2790,#2806,#2822),(#2727,#2743,#2759,#2775,#2791,#2807,#2823),(#2728,#2744,#2760,#2776,#2792,#2808,#2824),(#2729,#2745,#2761,#2777,#2793,#2809,#2825),(#2730,#2746,#2762,#2778,#2794,#2810,#2826),(#2731,#2747,#2763,#2779,#2795,#2811,#2827),(#2732,#2748,#2764,#2780,#2796,#2812,#2828),(#2733,#2749,#2765,#2781,#2797,#2813,#2829),(#2734,#2750,#2766,#2782,#2798,#2814,#2830),(#2735,#2751,#2767,#2783,#2799,#2815,#2831),(#2736,#2752,#2768,#2784,#2800,#2816,#2832)),.UNSPECIFIED.,.F.,.F.,.U.,(4,3,3,3,3,4),(4,3,4),(-6.071532E-018,0.001191126083258,0.001786689124887,0.002382252166516,0.003573378249773,0.004764504333031),(0.0,0.500000000000000,1.0),.UNSPECIFIED.);
#2834=ORIENTED_EDGE('',*,*,#2715,.T.);
#2835=ORIENTED_EDGE('',*,*,#1621,.F.);
#2836=ORIENTED_EDGE('',*,*,#1610,.F.);
#2837=ORIENTED_EDGE('',*,*,#2045,.F.);
#2838=EDGE_LOOP('',(#2834,#2835,#2836,#2837));
#2839=FACE_OUTER_BOUND('',#2838,.T.);
#2840=ADVANCED_FACE('',(#2839),#2833,.T.);
#2841=CARTESIAN_POINT('',(0.0,0.0,17.0));
#2842=DIRECTION('',(0.0,0.0,-1.0));
#2843=DIRECTION('',(-1.0,0.0,0.0));
#2844=AXIS2_PLACEMENT_3D('',#2841,#2842,#2843);
#2845=TOROIDAL_SURFACE('',#2844,59.0,1.0);
#2846=ORIENTED_EDGE('',*,*,#1834,.F.);
#2847=ORIENTED_EDGE('',*,*,#2160,.F.);
#2848=CARTESIAN_POINT('',(-49.055489212718925,-32.780466410666222,17.0));
#2849=DIRECTION('',(0.555601125604513,-0.831448969707100,0.0));
#2850=DIRECTION('',(0.831448969707100,0.555601125604513,0.0));
#2851=AXIS2_PLACEMENT_3D('',#2848,#2849,#2850);
#2852=CIRCLE('',#2851,1.000000000000000);
#2853=EDGE_CURVE('',#1648,#2138,#2852,.T.);
#2854=ORIENTED_EDGE('',*,*,#2853,.F.);
#2855=ORIENTED_EDGE('',*,*,#1986,.F.);
#2856=EDGE_LOOP('',(#2846,#2847,#2854,#2855));
#2857=FACE_OUTER_BOUND('',#2856,.T.);
#2858=ADVANCED_FACE('',(#2857),#2845,.T.);
#2859=CARTESIAN_POINT('',(-49.886938182426036,-33.336067536270740,17.0));
#2860=CARTESIAN_POINT('',(-49.659255010515764,-33.676792077637486,17.0));
#2861=CARTESIAN_POINT('',(-49.434860104479924,-34.005090136943096,17.068834833350031));
#2862=CARTESIAN_POINT('',(-49.212156229233912,-34.324388986105404,17.185304012135166));
#2863=CARTESIAN_POINT('',(-49.100804291610885,-34.484038410686559,17.243538601527728));
#2864=CARTESIAN_POINT('',(-48.990535193445965,-34.640466032494707,17.313786446015087));
#2865=CARTESIAN_POINT('',(-48.882947258028778,-34.791629271547137,17.392450071098175));
#2866=CARTESIAN_POINT('',(-48.775359322611592,-34.942792510599567,17.471113696181241));
#2867=CARTESIAN_POINT('',(-48.669816722653593,-35.089604066673992,17.558541358605105));
#2868=CARTESIAN_POINT('',(-48.565805868116101,-35.232974617259593,17.652805826714047));
#2869=CARTESIAN_POINT('',(-48.357784159041124,-35.519715718430767,17.841334762931950));
#2870=CARTESIAN_POINT('',(-48.155758538911044,-35.792918617458575,18.057418173991863));
#2871=CARTESIAN_POINT('',(-47.956345862584328,-36.058132113410878,18.286882035428100));
#2872=CARTESIAN_POINT('',(-47.756933186257598,-36.323345609363166,18.516345896864337));
#2873=CARTESIAN_POINT('',(-47.560105626501667,-36.580588301556396,18.759246388617122));
#2874=CARTESIAN_POINT('',(-47.362998881272844,-36.834037750055970,19.000000000000007));
#2875=CARTESIAN_POINT('',(-49.886938182426036,-33.336067536270740,17.261799387799151));
#2876=CARTESIAN_POINT('',(-49.676313162928466,-33.651264801692513,17.245236754993389));
#2877=CARTESIAN_POINT('',(-49.463062178240008,-33.963968996014025,17.291516250283046));
#2878=CARTESIAN_POINT('',(-49.246797472549808,-34.274722544010061,17.384329118110770));
#2879=CARTESIAN_POINT('',(-49.138665119704697,-34.430099318008082,17.430735552024629));
#2880=CARTESIAN_POINT('',(-49.030392772146840,-34.584090173080639,17.488864657186770));
#2881=CARTESIAN_POINT('',(-48.923738158333592,-34.734317226381215,17.555607418591201));
#2882=CARTESIAN_POINT('',(-48.817083544520301,-34.884544279681805,17.622350179995635));
#2883=CARTESIAN_POINT('',(-48.711428554657928,-35.031897573439068,17.697982371617663));
#2884=CARTESIAN_POINT('',(-48.606448477852453,-35.176952066910928,17.780690020608944));
#2885=CARTESIAN_POINT('',(-48.396488324241517,-35.467061053854607,17.946105318591528));
#2886=CARTESIAN_POINT('',(-48.189074233757566,-35.748211700024683,18.140072848138502));
#2887=CARTESIAN_POINT('',(-47.982333770885639,-36.023568894361574,18.348372333894194));
#2888=CARTESIAN_POINT('',(-47.775593308013768,-36.298926088698487,18.556671819649885));
#2889=CARTESIAN_POINT('',(-47.569497678678168,-36.568511543647112,18.779309189565691));
#2890=CARTESIAN_POINT('',(-47.362998881272844,-36.834037750055970,19.000000000000007));
#2891=CARTESIAN_POINT('',(-49.797330352470297,-33.276188682606453,17.521986658763282));
#2892=CARTESIAN_POINT('',(-49.615894666402923,-33.573307202972543,17.489365328982799));
#2893=CARTESIAN_POINT('',(-49.425404140707236,-33.877660452717549,17.513461300754692));
#2894=CARTESIAN_POINT('',(-49.226446236967845,-34.186883305637735,17.582860247030293));
#2895=CARTESIAN_POINT('',(-49.126967285098132,-34.341494732097829,17.617559720168089));
#2896=CARTESIAN_POINT('',(-49.025895676435738,-34.496468688982198,17.663659977722979));
#2897=CARTESIAN_POINT('',(-48.925007709147977,-34.648991119763814,17.718548206104202));
#2898=CARTESIAN_POINT('',(-48.824119741860216,-34.801513550545437,17.773436434485422));
#2899=CARTESIAN_POINT('',(-48.722845899004611,-34.952471493984376,17.837316764669509));
#2900=CARTESIAN_POINT('',(-48.620994596589640,-35.102048472854065,17.908497722420357));
#2901=CARTESIAN_POINT('',(-48.417291991759669,-35.401202430593443,18.050859637922049));
#2902=CARTESIAN_POINT('',(-48.211100105187953,-35.695080950961554,18.222720522919627));
#2903=CARTESIAN_POINT('',(-48.001516906745948,-35.983891528409728,18.409859987846563));
#2904=CARTESIAN_POINT('',(-47.791933708303930,-36.272702105857924,18.596999452773488));
#2905=CARTESIAN_POINT('',(-47.578889730854641,-36.556434785737849,18.799371990514270));
#2906=CARTESIAN_POINT('',(-47.362998881272844,-36.834037750055970,19.000000000000007));
#2907=CARTESIAN_POINT('',(-49.643412417409401,-33.173335734216053,17.707106781186550));
#2908=CARTESIAN_POINT('',(-49.492126560411059,-33.462969992374191,17.671972131272771));
#2909=CARTESIAN_POINT('',(-49.329479136533337,-33.764911272873590,17.687354399711978));
#2910=CARTESIAN_POINT('',(-49.154847209041002,-34.077033946391154,17.744367093605057));
#2911=CARTESIAN_POINT('',(-49.067531245294830,-34.233095283149936,17.772873440551599));
#2912=CARTESIAN_POINT('',(-48.977637175494344,-34.390849638114290,17.811855609854824));
#2913=CARTESIAN_POINT('',(-48.886582928562923,-34.547277010807377,17.859071031246341));
#2914=CARTESIAN_POINT('',(-48.795528681631524,-34.703704383500465,17.906286452637865));
#2915=CARTESIAN_POINT('',(-48.702813082396510,-34.859700622475344,17.961902194409170));
#2916=CARTESIAN_POINT('',(-48.608098550365710,-35.015193231032995,18.024405331669691));
#2917=CARTESIAN_POINT('',(-48.418669486304069,-35.326178448148333,18.149411606190728));
#2918=CARTESIAN_POINT('',(-48.220966987188845,-35.635515243299842,18.302271200105913));
#2919=CARTESIAN_POINT('',(-48.013411142009033,-35.940101360182183,18.469793222603954));
#2920=CARTESIAN_POINT('',(-47.805855296829222,-36.244687477064510,18.637315245101998));
#2921=CARTESIAN_POINT('',(-47.588281783031178,-36.544358027828579,18.819434791462839));
#2922=CARTESIAN_POINT('',(-47.362998881272844,-36.834037750055970,19.000000000000007));
#2923=CARTESIAN_POINT('',(-49.489494482348526,-33.070482785825639,17.892226903609824));
#2924=CARTESIAN_POINT('',(-49.368358454419209,-33.352632781775846,17.854578933562749));
#2925=CARTESIAN_POINT('',(-49.233554132359458,-33.652162093029609,17.861247498669265));
#2926=CARTESIAN_POINT('',(-49.083248181114165,-33.967184587144558,17.905873940179831));
#2927=CARTESIAN_POINT('',(-49.008095205491500,-34.124695834202036,17.928187160935103));
#2928=CARTESIAN_POINT('',(-48.929378674552950,-34.285230587246396,17.960051241986655));
#2929=CARTESIAN_POINT('',(-48.848158147977891,-34.445562901850948,17.999593856388486));
#2930=CARTESIAN_POINT('',(-48.766937621402811,-34.605895216455487,18.039136470790304));
#2931=CARTESIAN_POINT('',(-48.682780265788409,-34.766929750966312,18.086487624148837));
#2932=CARTESIAN_POINT('',(-48.595202504141774,-34.928337989211954,18.140312940919024));
#2933=CARTESIAN_POINT('',(-48.420046980848440,-35.251154465703237,18.247963574459398));
#2934=CARTESIAN_POINT('',(-48.230833869189766,-35.575949535638131,18.381821877292197));
#2935=CARTESIAN_POINT('',(-48.025305377272119,-35.896311191954617,18.529726457361345));
#2936=CARTESIAN_POINT('',(-47.819776885354486,-36.216672848271102,18.677631037430508));
#2937=CARTESIAN_POINT('',(-47.597673835207672,-36.532281269919288,18.839497592411401));
#2938=CARTESIAN_POINT('',(-47.362998881272844,-36.834037750055970,19.000000000000007));
#2939=CARTESIAN_POINT('',(-49.273162043974494,-32.925922445210006,18.000000000000007));
#2940=CARTESIAN_POINT('',(-49.182292398891619,-33.210959011034674,17.973983477226653));
#2941=CARTESIAN_POINT('',(-49.079970483696101,-33.513734713817080,17.985927345954693));
#2942=CARTESIAN_POINT('',(-48.960756776073708,-33.835870395647746,18.029554789709412));
#2943=CARTESIAN_POINT('',(-48.901149922262483,-33.996938236563103,18.051368511586766));
#2944=CARTESIAN_POINT('',(-48.837510666155090,-34.161957322041488,18.081166781110696));
#2945=CARTESIAN_POINT('',(-48.770141038996542,-34.327730802366077,18.117325685144756));
#2946=CARTESIAN_POINT('',(-48.702771411837993,-34.493504282690658,18.153484589178809));
#2947=CARTESIAN_POINT('',(-48.631325935047769,-34.660956600880404,18.196132970275329));
#2948=CARTESIAN_POINT('',(-48.554879720124262,-34.829635002043517,18.244181800681552));
#2949=CARTESIAN_POINT('',(-48.401987290277262,-35.166991804369744,18.340279461493999));
#2950=CARTESIAN_POINT('',(-48.228539580460684,-35.509958899041052,18.458261999590690));
#2951=CARTESIAN_POINT('',(-48.029909688867072,-35.848411988019535,18.588100117825629));
#2952=CARTESIAN_POINT('',(-47.831279797273410,-36.186865076998018,18.717938236060569));
#2953=CARTESIAN_POINT('',(-47.607065887384159,-36.520204512010025,18.859560393359985));
#2954=CARTESIAN_POINT('',(-47.362998881272844,-36.834037750055970,19.000000000000007));
#2955=CARTESIAN_POINT('',(-49.055489212718925,-32.780466410666222,18.000000000000007));
#2956=CARTESIAN_POINT('',(-48.979384006868365,-33.073218502648452,18.000000000000007));
#2957=CARTESIAN_POINT('',(-48.900984293518391,-33.379384282703334,18.034417416675023));
#2958=CARTESIAN_POINT('',(-48.809911768799523,-33.707253565155867,18.092652006067588));
#2959=CARTESIAN_POINT('',(-48.764375506440089,-33.871188206382143,18.121769300763866));
#2960=CARTESIAN_POINT('',(-48.715747666684607,-34.039634384986961,18.156893223007550));
#2961=CARTESIAN_POINT('',(-48.663161777502424,-34.209835856648766,18.196225035549080));
#2962=CARTESIAN_POINT('',(-48.610575888320291,-34.380037328310564,18.235556848090624));
#2963=CARTESIAN_POINT('',(-48.553763048909779,-34.552938177303396,18.279270679302549));
#2964=CARTESIAN_POINT('',(-48.490860493762185,-34.728215367808779,18.326402913357029));
#2965=CARTESIAN_POINT('',(-48.365055383467059,-35.078769748819532,18.420667381465968));
#2966=CARTESIAN_POINT('',(-48.214066825646718,-35.439991031229134,18.528709086995928));
#2967=CARTESIAN_POINT('',(-48.027107876976530,-35.797612588967517,18.643441017714046));
#2968=CARTESIAN_POINT('',(-47.840148928306341,-36.155234146705908,18.758172948432168));
#2969=CARTESIAN_POINT('',(-47.616457939560661,-36.508127754100734,18.879623194308557));
#2970=CARTESIAN_POINT('',(-47.362998881272844,-36.834037750055970,19.000000000000007));
#2971=B_SPLINE_SURFACE_WITH_KNOTS('',3,3,((#2859,#2875,#2891,#2907,#2923,#2939,#2955),(#2860,#2876,#2892,#2908,#2924,#2940,#2956),(#2861,#2877,#2893,#2909,#2925,#2941,#2957),(#2862,#2878,#2894,#2910,#2926,#2942,#2958),(#2863,#2879,#2895,#2911,#2927,#2943,#2959),(#2864,#2880,#2896,#2912,#2928,#2944,#2960),(#2865,#2881,#2897,#2913,#2929,#2945,#2961),(#2866,#2882,#2898,#2914,#2930,#2946,#2962),(#2867,#2883,#2899,#2915,#2931,#2947,#2963),(#2868,#2884,#2900,#2916,#2932,#2948,#2964),(#2869,#2885,#2901,#2917,#2933,#2949,#2965),(#2870,#2886,#2902,#2918,#2934,#2950,#2966),(#2871,#2887,#2903,#2919,#2935,#2951,#2967),(#2872,#2888,#2904,#2920,#2936,#2952,#2968),(#2873,#2889,#2905,#2921,#2937,#2953,#2969),(#2874,#2890,#2906,#2922,#2938,#2954,#2970)),.UNSPECIFIED.,.F.,.F.,.U.,(4,3,3,3,3,4),(4,3,4),(0.0,0.001191126083258,0.001786689124887,0.002382252166516,0.003573378249773,0.004764504333031),(0.0,0.500000000000000,1.0),.UNSPECIFIED.);
#2972=ORIENTED_EDGE('',*,*,#2153,.F.);
#2973=ORIENTED_EDGE('',*,*,#1671,.F.);
#2974=ORIENTED_EDGE('',*,*,#1658,.F.);
#2975=ORIENTED_EDGE('',*,*,#2853,.T.);
#2976=EDGE_LOOP('',(#2972,#2973,#2974,#2975));
#2977=FACE_OUTER_BOUND('',#2976,.T.);
#2978=ADVANCED_FACE('',(#2977),#2971,.T.);
#2979=CARTESIAN_POINT('',(0.0,0.0,18.000000000000007));
#2980=DIRECTION('',(0.0,0.0,-1.0));
#2981=DIRECTION('',(1.0,0.0,0.0));
#2982=AXIS2_PLACEMENT_3D('',#2979,#2980,#2981);
#2983=CYLINDRICAL_SURFACE('',#2982,60.0);
#2984=CARTESIAN_POINT('',(54.132875781272020,-25.877244050504547,9.999999999999996));
#2985=VERTEX_POINT('',#2984);
#2986=CARTESIAN_POINT('',(49.886938182426022,-33.336067536270761,10.000000000000004));
#2987=VERTEX_POINT('',#2986);
#2988=CARTESIAN_POINT('',(0.0,0.0,10.000000000000004));
#2989=DIRECTION('',(0.0,0.0,-1.0));
#2990=DIRECTION('',(1.0,0.0,0.0));
#2991=AXIS2_PLACEMENT_3D('',#2988,#2989,#2990);
#2992=CIRCLE('',#2991,60.0);
#2993=EDGE_CURVE('',#2985,#2987,#2992,.T.);
#2994=ORIENTED_EDGE('',*,*,#2993,.F.);
#2995=CARTESIAN_POINT('',(0.0,0.0,9.999999999999996));
#2996=DIRECTION('',(0.0,0.0,1.0));
#2997=DIRECTION('',(1.0,0.0,0.0));
#2998=AXIS2_PLACEMENT_3D('',#2995,#2996,#2997);
#2999=CIRCLE('',#2998,60.0);
#3000=EDGE_CURVE('',#2985,#1532,#2999,.T.);
#3001=ORIENTED_EDGE('',*,*,#3000,.T.);
#3002=ORIENTED_EDGE('',*,*,#1537,.F.);
#3003=CARTESIAN_POINT('',(0.0,0.0,17.0));
#3004=DIRECTION('',(0.0,0.0,-1.0));
#3005=DIRECTION('',(-1.0,0.0,0.0));
#3006=AXIS2_PLACEMENT_3D('',#3003,#3004,#3005);
#3007=CIRCLE('',#3006,60.0);
#3008=EDGE_CURVE('',#1523,#1447,#3007,.T.);
#3009=ORIENTED_EDGE('',*,*,#3008,.T.);
#3010=CARTESIAN_POINT('',(49.886938182426022,-33.336067536270761,17.0));
#3011=VERTEX_POINT('',#3010);
#3012=CARTESIAN_POINT('',(0.0,0.0,17.0));
#3013=DIRECTION('',(0.0,0.0,1.0));
#3014=DIRECTION('',(1.0,0.0,0.0));
#3015=AXIS2_PLACEMENT_3D('',#3012,#3013,#3014);
#3016=CIRCLE('',#3015,60.0);
#3017=EDGE_CURVE('',#3011,#1447,#3016,.T.);
#3018=ORIENTED_EDGE('',*,*,#3017,.F.);
#3019=CARTESIAN_POINT('',(47.362998881272830,-36.834037750055970,19.000000000000007));
#3020=CARTESIAN_POINT('',(47.759989925522660,-36.323567339174900,18.515100183754111));
#3021=CARTESIAN_POINT('',(48.151876103986488,-35.803624460961565,18.027446325210708));
#3022=CARTESIAN_POINT('',(48.568180315732640,-35.229701401210882,17.650655312586490));
#3023=CARTESIAN_POINT('',(48.672256368669188,-35.086220636273211,17.556457559430434));
#3024=CARTESIAN_POINT('',(48.777813351987028,-34.939366325725672,17.469168306568758));
#3025=CARTESIAN_POINT('',(48.885342675165404,-34.788263416440486,17.390700347942570));
#3026=CARTESIAN_POINT('',(48.992871998343780,-34.637160507155308,17.312232389316378));
#3027=CARTESIAN_POINT('',(49.102999732708000,-34.480909946086641,17.242245317149802));
#3028=CARTESIAN_POINT('',(49.214116428743075,-34.321578403944656,17.184280162578979));
#3029=CARTESIAN_POINT('',(49.436349820813234,-34.002915319660680,17.068349853437329));
#3030=CARTESIAN_POINT('',(49.660121524018891,-33.675495352835782,17.000000000000007));
#3031=CARTESIAN_POINT('',(49.886938182426015,-33.336067536270754,17.0));
#3032=B_SPLINE_CURVE_WITH_KNOTS('',3,(#3019,#3020,#3021,#3022,#3023,#3024,#3025,#3026,#3027,#3028,#3029,#3030,#3031),.UNSPECIFIED.,.F.,.U.,(4,3,3,3,4),(-0.000011934085905,0.002412893295318,0.003019100140624,0.003625306985929,0.004837720676541),.UNSPECIFIED.);
#3033=EDGE_CURVE('',#1292,#3011,#3032,.T.);
#3034=ORIENTED_EDGE('',*,*,#3033,.F.);
#3035=ORIENTED_EDGE('',*,*,#1429,.F.);
#3036=CARTESIAN_POINT('',(0.0,0.0,26.0));
#3037=DIRECTION('',(0.0,0.0,1.0));
#3038=DIRECTION('',(-1.0,-3.335877E-013,0.0));
#3039=AXIS2_PLACEMENT_3D('',#3036,#3037,#3038);
#3040=CIRCLE('',#3039,60.0);
#3041=EDGE_CURVE('',#1369,#1415,#3040,.T.);
#3042=ORIENTED_EDGE('',*,*,#3041,.F.);
#3043=CARTESIAN_POINT('',(47.241495307892123,-36.989743457807400,26.0));
#3044=DIRECTION('',(0.0,0.0,-1.0));
#3045=VECTOR('',#3044,52.0);
#3046=LINE('',#3043,#3045);
#3047=EDGE_CURVE('',#1369,#688,#3046,.T.);
#3048=ORIENTED_EDGE('',*,*,#3047,.T.);
#3049=CARTESIAN_POINT('',(0.0,0.0,-26.0));
#3050=DIRECTION('',(0.0,0.0,1.0));
#3051=DIRECTION('',(-1.0,-3.335877E-013,0.0));
#3052=AXIS2_PLACEMENT_3D('',#3049,#3050,#3051);
#3053=CIRCLE('',#3052,60.0);
#3054=EDGE_CURVE('',#688,#721,#3053,.T.);
#3055=ORIENTED_EDGE('',*,*,#3054,.T.);
#3056=ORIENTED_EDGE('',*,*,#742,.T.);
#3057=CARTESIAN_POINT('',(49.886938182426022,-33.336067536270761,-17.0));
#3058=VERTEX_POINT('',#3057);
#3059=CARTESIAN_POINT('',(47.362998881272830,-36.834037750055970,-19.000000000000007));
#3060=CARTESIAN_POINT('',(47.759989925522660,-36.323567339174900,-18.515100183754111));
#3061=CARTESIAN_POINT('',(48.151876103986488,-35.803624460961565,-18.027446325210704));
#3062=CARTESIAN_POINT('',(48.568180315732640,-35.229701401210882,-17.650655312586487));
#3063=CARTESIAN_POINT('',(48.672256368669188,-35.086220636273211,-17.556457559430431));
#3064=CARTESIAN_POINT('',(48.777813351987028,-34.939366325725672,-17.469168306568758));
#3065=CARTESIAN_POINT('',(48.885342675165404,-34.788263416440486,-17.390700347942570));
#3066=CARTESIAN_POINT('',(48.992871998343780,-34.637160507155308,-17.312232389316378));
#3067=CARTESIAN_POINT('',(49.102999732708000,-34.480909946086641,-17.242245317149802));
#3068=CARTESIAN_POINT('',(49.214116428743075,-34.321578403944656,-17.184280162578979));
#3069=CARTESIAN_POINT('',(49.436349820813234,-34.002915319660680,-17.068349853437329));
#3070=CARTESIAN_POINT('',(49.660121524018891,-33.675495352835782,-17.000000000000007));
#3071=CARTESIAN_POINT('',(49.886938182426015,-33.336067536270754,-17.0));
#3072=B_SPLINE_CURVE_WITH_KNOTS('',3,(#3059,#3060,#3061,#3062,#3063,#3064,#3065,#3066,#3067,#3068,#3069,#3070,#3071),.UNSPECIFIED.,.F.,.U.,(4,3,3,3,4),(-0.000011934085905,0.002412893295318,0.003019100140624,0.003625306985929,0.004837720676541),.UNSPECIFIED.);
#3073=EDGE_CURVE('',#631,#3058,#3072,.T.);
#3074=ORIENTED_EDGE('',*,*,#3073,.T.);
#3075=CARTESIAN_POINT('',(0.0,0.0,-17.0));
#3076=DIRECTION('',(0.0,0.0,1.0));
#3077=DIRECTION('',(1.0,0.0,0.0));
#3078=AXIS2_PLACEMENT_3D('',#3075,#3076,#3077);
#3079=CIRCLE('',#3078,60.0);
#3080=EDGE_CURVE('',#3058,#753,#3079,.T.);
#3081=ORIENTED_EDGE('',*,*,#3080,.T.);
#3082=CARTESIAN_POINT('',(0.0,0.0,-17.0));
#3083=DIRECTION('',(0.0,0.0,-1.0));
#3084=DIRECTION('',(-1.0,0.0,0.0));
#3085=AXIS2_PLACEMENT_3D('',#3082,#3083,#3084);
#3086=CIRCLE('',#3085,60.0);
#3087=EDGE_CURVE('',#829,#753,#3086,.T.);
#3088=ORIENTED_EDGE('',*,*,#3087,.F.);
#3089=ORIENTED_EDGE('',*,*,#858,.T.);
#3090=CARTESIAN_POINT('',(54.132875781272020,-25.877244050504547,-9.999999999999996));
#3091=VERTEX_POINT('',#3090);
#3092=CARTESIAN_POINT('',(0.0,0.0,-9.999999999999996));
#3093=DIRECTION('',(0.0,0.0,1.0));
#3094=DIRECTION('',(1.0,0.0,0.0));
#3095=AXIS2_PLACEMENT_3D('',#3092,#3093,#3094);
#3096=CIRCLE('',#3095,60.0);
#3097=EDGE_CURVE('',#3091,#846,#3096,.T.);
#3098=ORIENTED_EDGE('',*,*,#3097,.F.);
#3099=CARTESIAN_POINT('',(49.886938182426022,-33.336067536270761,-10.000000000000004));
#3100=VERTEX_POINT('',#3099);
#3101=CARTESIAN_POINT('',(0.0,0.0,-10.000000000000004));
#3102=DIRECTION('',(0.0,0.0,-1.0));
#3103=DIRECTION('',(1.0,0.0,0.0));
#3104=AXIS2_PLACEMENT_3D('',#3101,#3102,#3103);
#3105=CIRCLE('',#3104,60.0);
#3106=EDGE_CURVE('',#3091,#3100,#3105,.T.);
#3107=ORIENTED_EDGE('',*,*,#3106,.T.);
#3108=CARTESIAN_POINT('',(49.886938182426015,-33.336067536270754,-10.000000000000004));
#3109=CARTESIAN_POINT('',(49.660119152832728,-33.675498901281237,-10.0));
#3110=CARTESIAN_POINT('',(49.436345139760498,-34.002922169797948,-9.931648746173426));
#3111=CARTESIAN_POINT('',(49.214109458928235,-34.321588398042280,-9.815716201529899));
#3112=CARTESIAN_POINT('',(49.102991618512100,-34.480921512164443,-9.757749929208135));
#3113=CARTESIAN_POINT('',(48.992862881188699,-34.637173411830503,-9.687761603273376));
#3114=CARTESIAN_POINT('',(48.885332557976106,-34.788277633364963,-9.609292269155397));
#3115=CARTESIAN_POINT('',(48.777802234763506,-34.939381854899430,-9.530822935037417));
#3116=CARTESIAN_POINT('',(48.672244276090460,-35.086237419151679,-9.443532187943692));
#3117=CARTESIAN_POINT('',(48.568167259360933,-35.229719400908380,-9.349332870234022));
#3118=CARTESIAN_POINT('',(48.151859192442828,-35.803647327935188,-8.972535599395346));
#3119=CARTESIAN_POINT('',(47.758314666540954,-36.325721468727963,-8.482853591869681));
#3120=CARTESIAN_POINT('',(47.362998881272830,-36.834037750055970,-8.0));
#3121=B_SPLINE_CURVE_WITH_KNOTS('',3,(#3108,#3109,#3110,#3111,#3112,#3113,#3114,#3115,#3116,#3117,#3118,#3119,#3120),.UNSPECIFIED.,.F.,.U.,(4,3,3,3,4),(0.0,0.001207297436893,0.001810946155340,0.002414594873786,0.004829189747572),.UNSPECIFIED.);
#3122=EDGE_CURVE('',#3100,#561,#3121,.T.);
#3123=ORIENTED_EDGE('',*,*,#3122,.T.);
#3124=ORIENTED_EDGE('',*,*,#1397,.F.);
#3125=CARTESIAN_POINT('',(49.886938182426015,-33.336067536270754,10.000000000000004));
#3126=CARTESIAN_POINT('',(49.660119152832728,-33.675498901281237,10.0));
#3127=CARTESIAN_POINT('',(49.436345139760498,-34.002922169797948,9.931648746173426));
#3128=CARTESIAN_POINT('',(49.214109458928235,-34.321588398042280,9.815716201529899));
#3129=CARTESIAN_POINT('',(49.102991618512100,-34.480921512164443,9.757749929208135));
#3130=CARTESIAN_POINT('',(48.992862881188699,-34.637173411830503,9.687761603273376));
#3131=CARTESIAN_POINT('',(48.885332557976106,-34.788277633364963,9.609292269155397));
#3132=CARTESIAN_POINT('',(48.777802234763506,-34.939381854899430,9.530822935037417));
#3133=CARTESIAN_POINT('',(48.672244276090460,-35.086237419151679,9.443532187943692));
#3134=CARTESIAN_POINT('',(48.568167259360933,-35.229719400908380,9.349332870234022));
#3135=CARTESIAN_POINT('',(48.151859192442828,-35.803647327935188,8.972535599395346));
#3136=CARTESIAN_POINT('',(47.758314666540954,-36.325721468727963,8.482853591869681));
#3137=CARTESIAN_POINT('',(47.362998881272830,-36.834037750055970,8.0));
#3138=B_SPLINE_CURVE_WITH_KNOTS('',3,(#3125,#3126,#3127,#3128,#3129,#3130,#3131,#3132,#3133,#3134,#3135,#3136,#3137),.UNSPECIFIED.,.F.,.U.,(4,3,3,3,4),(0.0,0.001207297436893,0.001810946155340,0.002414594873786,0.004829189747572),.UNSPECIFIED.);
#3139=EDGE_CURVE('',#2987,#1233,#3138,.T.);
#3140=ORIENTED_EDGE('',*,*,#3139,.F.);
#3141=EDGE_LOOP('',(#2994,#3001,#3002,#3009,#3018,#3034,#3035,#3042,#3048,#3055,#3056,#3074,#3081,#3088,#3089,#3098,#3107,#3123,#3124,#3140));
#3142=FACE_OUTER_BOUND('',#3141,.T.);
#3143=ADVANCED_FACE('',(#3142),#2983,.T.);
#3144=CARTESIAN_POINT('',(48.028853563023659,-37.606239182104218,18.000000000000007));
#3145=DIRECTION('',(0.0,0.0,-1.0));
#3146=DIRECTION('',(1.0,0.0,0.0));
#3147=AXIS2_PLACEMENT_3D('',#3144,#3145,#3146);
#3148=CYLINDRICAL_SURFACE('',#3147,0.999999999999994);
#3149=CARTESIAN_POINT('',(47.399533171973829,-38.383385143561185,26.0));
#3150=DIRECTION('',(0.0,0.0,-1.0));
#3151=VECTOR('',#3150,52.0);
#3152=LINE('',#3149,#3151);
#3153=EDGE_CURVE('',#1360,#697,#3152,.T.);
#3154=ORIENTED_EDGE('',*,*,#3153,.T.);
#3155=ORIENTED_EDGE('',*,*,#703,.T.);
#3156=ORIENTED_EDGE('',*,*,#3047,.F.);
#3157=ORIENTED_EDGE('',*,*,#1375,.F.);
#3158=EDGE_LOOP('',(#3154,#3155,#3156,#3157));
#3159=FACE_OUTER_BOUND('',#3158,.T.);
#3160=ADVANCED_FACE('',(#3159),#3148,.F.);
#3161=CARTESIAN_POINT('',(47.399533171973829,-38.383385143561206,18.000000000000007));
#3162=DIRECTION('',(-0.629320391049830,-0.777145961456977,0.0));
#3163=DIRECTION('',(0.0,0.0,1.0));
#3164=AXIS2_PLACEMENT_3D('',#3161,#3162,#3163);
#3165=PLANE('',#3164);
#3166=ORIENTED_EDGE('',*,*,#2359,.T.);
#3167=CARTESIAN_POINT('',(48.183049610332354,-39.017864245089740,-26.0));
#3168=DIRECTION('',(-0.777145961456970,0.629320391049838,0.0));
#3169=VECTOR('',#3168,1.008197272092377);
#3170=LINE('',#3167,#3169);
#3171=EDGE_CURVE('',#2339,#697,#3170,.T.);
#3172=ORIENTED_EDGE('',*,*,#3171,.T.);
#3173=ORIENTED_EDGE('',*,*,#3153,.F.);
#3174=CARTESIAN_POINT('',(48.183049610332354,-39.017864245089740,26.0));
#3175=DIRECTION('',(-0.777145961456970,0.629320391049838,0.0));
#3176=VECTOR('',#3175,1.008197272092377);
#3177=LINE('',#3174,#3176);
#3178=EDGE_CURVE('',#2354,#1360,#3177,.T.);
#3179=ORIENTED_EDGE('',*,*,#3178,.F.);
#3180=EDGE_LOOP('',(#3166,#3172,#3173,#3179));
#3181=FACE_OUTER_BOUND('',#3180,.T.);
#3182=ADVANCED_FACE('',(#3181),#3165,.F.);
#3183=CARTESIAN_POINT('',(47.579795924331300,-19.708196766802001,17.0));
#3184=DIRECTION('',(0.0,0.0,1.0));
#3185=DIRECTION('',(1.0,0.0,0.0));
#3186=AXIS2_PLACEMENT_3D('',#3183,#3184,#3185);
#3187=PLANE('',#3186);
#3188=ORIENTED_EDGE('',*,*,#3008,.F.);
#3189=ORIENTED_EDGE('',*,*,#1529,.F.);
#3190=ORIENTED_EDGE('',*,*,#2197,.F.);
#3191=ORIENTED_EDGE('',*,*,#1455,.F.);
#3192=EDGE_LOOP('',(#3188,#3189,#3190,#3191));
#3193=FACE_OUTER_BOUND('',#3192,.T.);
#3194=ORIENTED_EDGE('',*,*,#1222,.T.);
#3195=EDGE_LOOP('',(#3194));
#3196=FACE_BOUND('',#3195,.T.);
#3197=ADVANCED_FACE('',(#3193,#3196),#3187,.T.);
#3198=CARTESIAN_POINT('',(47.579795924331300,-19.708196766802001,9.999999999999996));
#3199=DIRECTION('',(0.0,0.0,-1.0));
#3200=DIRECTION('',(-1.0,0.0,0.0));
#3201=AXIS2_PLACEMENT_3D('',#3198,#3199,#3200);
#3202=PLANE('',#3201);
#3203=ORIENTED_EDGE('',*,*,#3000,.F.);
#3204=CARTESIAN_POINT('',(47.579795924331300,-19.708196766802001,9.999999999999996));
#3205=DIRECTION('',(0.0,0.0,-1.0));
#3206=DIRECTION('',(-1.0,0.0,0.0));
#3207=AXIS2_PLACEMENT_3D('',#3204,#3205,#3206);
#3208=CIRCLE('',#3207,9.000000000000004);
#3209=EDGE_CURVE('',#2985,#2201,#3208,.T.);
#3210=ORIENTED_EDGE('',*,*,#3209,.T.);
#3211=ORIENTED_EDGE('',*,*,#2207,.F.);
#3212=ORIENTED_EDGE('',*,*,#1546,.F.);
#3213=EDGE_LOOP('',(#3203,#3210,#3211,#3212));
#3214=FACE_OUTER_BOUND('',#3213,.T.);
#3215=ORIENTED_EDGE('',*,*,#1211,.T.);
#3216=EDGE_LOOP('',(#3215));
#3217=FACE_BOUND('',#3216,.T.);
#3218=ADVANCED_FACE('',(#3214,#3217),#3202,.T.);
#3219=CARTESIAN_POINT('',(47.579795924331300,-19.708196766802001,9.999999999999996));
#3220=DIRECTION('',(0.0,0.0,-1.0));
#3221=DIRECTION('',(1.0,0.0,0.0));
#3222=AXIS2_PLACEMENT_3D('',#3219,#3220,#3221);
#3223=CYLINDRICAL_SURFACE('',#3222,9.000000000000004);
#3224=ORIENTED_EDGE('',*,*,#1955,.T.);
#3225=ORIENTED_EDGE('',*,*,#2682,.F.);
#3226=ORIENTED_EDGE('',*,*,#3209,.F.);
#3227=CARTESIAN_POINT('',(52.251223950750749,-27.400905015135805,9.000000000000004));
#3228=CARTESIAN_POINT('',(52.575167393092933,-27.204189056765770,9.000000000000009));
#3229=CARTESIAN_POINT('',(52.878293407371750,-26.992307951338386,9.053063674781917));
#3230=CARTESIAN_POINT('',(53.163610585577601,-26.766596998359496,9.146806449781296));
#3231=CARTESIAN_POINT('',(53.371171852813752,-26.602397801788243,9.215002025299944));
#3232=CARTESIAN_POINT('',(53.570130395842995,-26.429479015633163,9.304851360147076));
#3233=CARTESIAN_POINT('',(53.748117541323879,-26.261959688158107,9.429055281007491));
#3234=CARTESIAN_POINT('',(53.837111114064321,-26.178200024420580,9.491157241437700));
#3235=CARTESIAN_POINT('',(53.922060505786362,-26.094625187144668,9.562078812258495));
#3236=CARTESIAN_POINT('',(53.994909215172854,-26.020591040424975,9.652407668657842));
#3237=CARTESIAN_POINT('',(54.050265750074267,-25.964333711210781,9.721047079485928));
#3238=CARTESIAN_POINT('',(54.099977904887538,-25.912087376184815,9.802245310510829));
#3239=CARTESIAN_POINT('',(54.122036194335180,-25.888738187222998,9.901930103740563));
#3240=CARTESIAN_POINT('',(54.129006418330370,-25.881360050420675,9.933429615041060));
#3241=CARTESIAN_POINT('',(54.132875781272013,-25.877244050504565,9.966411739801730));
#3242=CARTESIAN_POINT('',(54.132875781272013,-25.877244050504565,9.999999999999996));
#3243=B_SPLINE_CURVE_WITH_KNOTS('',3,(#3227,#3228,#3229,#3230,#3231,#3232,#3233,#3234,#3235,#3236,#3237,#3238,#3239,#3240,#3241,#3242),.UNSPECIFIED.,.F.,.U.,(4,3,3,3,3,4),(7.757919E-018,0.001120307962499,0.001935304598359,0.002342802916289,0.002652454179143,0.002750301234220),.UNSPECIFIED.);
#3244=EDGE_CURVE('',#1949,#2985,#3243,.T.);
#3245=ORIENTED_EDGE('',*,*,#3244,.F.);
#3246=EDGE_LOOP('',(#3224,#3225,#3226,#3245));
#3247=FACE_OUTER_BOUND('',#3246,.T.);
#3248=ADVANCED_FACE('',(#3247),#3223,.F.);
#3249=CARTESIAN_POINT('',(44.008119793849332,-34.224960076093694,26.0));
#3250=DIRECTION('',(0.0,0.0,1.0));
#3251=DIRECTION('',(1.0,0.0,0.0));
#3252=AXIS2_PLACEMENT_3D('',#3249,#3250,#3251);
#3253=TOROIDAL_SURFACE('',#3252,3.249999999999998,1.0);
#3254=ORIENTED_EDGE('',*,*,#2583,.F.);
#3255=ORIENTED_EDGE('',*,*,#2494,.T.);
#3256=CARTESIAN_POINT('',(46.573615566584941,-36.220137120888367,26.0));
#3257=DIRECTION('',(0.613900629167602,0.789383314687879,0.0));
#3258=DIRECTION('',(-0.789383314687879,0.613900629167602,0.0));
#3259=AXIS2_PLACEMENT_3D('',#3256,#3257,#3258);
#3260=CIRCLE('',#3259,0.999999999999998);
#3261=EDGE_CURVE('',#2479,#1415,#3260,.T.);
#3262=ORIENTED_EDGE('',*,*,#3261,.T.);
#3263=ORIENTED_EDGE('',*,*,#1423,.T.);
#3264=EDGE_LOOP('',(#3254,#3255,#3262,#3263));
#3265=FACE_OUTER_BOUND('',#3264,.T.);
#3266=ADVANCED_FACE('',(#3265),#3253,.T.);
#3267=CARTESIAN_POINT('',(0.0,0.0,26.0));
#3268=DIRECTION('',(0.0,0.0,1.0));
#3269=DIRECTION('',(1.0,0.0,0.0));
#3270=AXIS2_PLACEMENT_3D('',#3267,#3268,#3269);
#3271=TOROIDAL_SURFACE('',#3270,59.0,1.0);
#3272=ORIENTED_EDGE('',*,*,#3261,.F.);
#3273=ORIENTED_EDGE('',*,*,#2485,.T.);
#3274=ORIENTED_EDGE('',*,*,#1382,.T.);
#3275=ORIENTED_EDGE('',*,*,#3041,.T.);
#3276=EDGE_LOOP('',(#3272,#3273,#3274,#3275));
#3277=FACE_OUTER_BOUND('',#3276,.T.);
#3278=ADVANCED_FACE('',(#3277),#3271,.T.);
#3279=CARTESIAN_POINT('',(-0.629320391050064,-0.777145961457266,26.0));
#3280=DIRECTION('',(-0.777145961456977,0.629320391049830,0.0));
#3281=DIRECTION('',(0.629320391049830,0.777145961456977,0.0));
#3282=AXIS2_PLACEMENT_3D('',#3279,#3280,#3281);
#3283=CYLINDRICAL_SURFACE('',#3282,1.0);
#3284=ORIENTED_EDGE('',*,*,#1366,.F.);
#3285=ORIENTED_EDGE('',*,*,#2475,.T.);
#3286=ORIENTED_EDGE('',*,*,#2372,.T.);
#3287=ORIENTED_EDGE('',*,*,#3178,.T.);
#3288=EDGE_LOOP('',(#3284,#3285,#3286,#3287));
#3289=FACE_OUTER_BOUND('',#3288,.T.);
#3290=ADVANCED_FACE('',(#3289),#3283,.T.);
#3291=CARTESIAN_POINT('',(0.0,0.0,10.000000000000004));
#3292=DIRECTION('',(0.0,0.0,-1.0));
#3293=DIRECTION('',(-1.0,0.0,0.0));
#3294=AXIS2_PLACEMENT_3D('',#3291,#3292,#3293);
#3295=TOROIDAL_SURFACE('',#3294,59.0,1.0);
#3296=ORIENTED_EDGE('',*,*,#3244,.T.);
#3297=ORIENTED_EDGE('',*,*,#2993,.T.);
#3298=CARTESIAN_POINT('',(49.055489212718925,-32.780466410666243,10.000000000000004));
#3299=DIRECTION('',(0.555601125604516,0.831448969707098,-5.769336E-015));
#3300=DIRECTION('',(-0.831448969707098,0.555601125604516,-2.241837E-030));
#3301=AXIS2_PLACEMENT_3D('',#3298,#3299,#3300);
#3302=CIRCLE('',#3301,1.000000000000000);
#3303=EDGE_CURVE('',#2987,#1253,#3302,.T.);
#3304=ORIENTED_EDGE('',*,*,#3303,.T.);
#3305=ORIENTED_EDGE('',*,*,#1962,.T.);
#3306=EDGE_LOOP('',(#3296,#3297,#3304,#3305));
#3307=FACE_OUTER_BOUND('',#3306,.T.);
#3308=ADVANCED_FACE('',(#3307),#3295,.T.);
#3309=CARTESIAN_POINT('',(49.886938182426022,-33.336067536270761,10.000000000000004));
#3310=CARTESIAN_POINT('',(49.659255010515750,-33.676792077637522,10.000000000000004));
#3311=CARTESIAN_POINT('',(49.434860104479924,-34.005090136943117,9.931165166649972));
#3312=CARTESIAN_POINT('',(49.212156229233905,-34.324388986105419,9.814695987864841));
#3313=CARTESIAN_POINT('',(49.100804291610885,-34.484038410686580,9.756461398472279));
#3314=CARTESIAN_POINT('',(48.990535193445965,-34.640466032494729,9.686213553984914));
#3315=CARTESIAN_POINT('',(48.882947258028778,-34.791629271547173,9.607549928901838));
#3316=CARTESIAN_POINT('',(48.775359322611578,-34.942792510599602,9.528886303818760));
#3317=CARTESIAN_POINT('',(48.669816722653579,-35.089604066674006,9.441458641394904));
#3318=CARTESIAN_POINT('',(48.565805868116101,-35.232974617259607,9.347194173285956));
#3319=CARTESIAN_POINT('',(48.357784159041124,-35.519715718430803,9.158665237068057));
#3320=CARTESIAN_POINT('',(48.155758538911016,-35.792918617458589,8.942581826008148));
#3321=CARTESIAN_POINT('',(47.956345862584314,-36.058132113410892,8.713117964571909));
#3322=CARTESIAN_POINT('',(47.756933186257598,-36.323345609363187,8.483654103135674));
#3323=CARTESIAN_POINT('',(47.560105626501567,-36.580588301556539,8.240753611383067));
#3324=CARTESIAN_POINT('',(47.362998881272844,-36.834037750055984,7.999999999999999));
#3325=CARTESIAN_POINT('',(49.886938182426022,-33.336067536270761,9.738200612200851));
#3326=CARTESIAN_POINT('',(49.676313162928452,-33.651264801692534,9.754763245006618));
#3327=CARTESIAN_POINT('',(49.463062178239987,-33.963968996014060,9.708483749716965));
#3328=CARTESIAN_POINT('',(49.246797472549780,-34.274722544010089,9.615670881889241));
#3329=CARTESIAN_POINT('',(49.138665119704683,-34.430099318008118,9.569264447975378));
#3330=CARTESIAN_POINT('',(49.030392772146811,-34.584090173080668,9.511135342813244));
#3331=CARTESIAN_POINT('',(48.923738158333563,-34.734317226381236,9.444392581408803));
#3332=CARTESIAN_POINT('',(48.817083544520301,-34.884544279681826,9.377649820004365));
#3333=CARTESIAN_POINT('',(48.711428554657914,-35.031897573439096,9.302017628382343));
#3334=CARTESIAN_POINT('',(48.606448477852453,-35.176952066910935,9.219309979391058));
#3335=CARTESIAN_POINT('',(48.396488324241467,-35.467061053854607,9.053894681408476));
#3336=CARTESIAN_POINT('',(48.189074233757545,-35.748211700024711,8.859927151861509));
#3337=CARTESIAN_POINT('',(47.982333770885639,-36.023568894361595,8.651627666105819));
#3338=CARTESIAN_POINT('',(47.775593308013732,-36.298926088698487,8.443328180350125));
#3339=CARTESIAN_POINT('',(47.569497678678061,-36.568511543647247,8.220690810434480));
#3340=CARTESIAN_POINT('',(47.362998881272844,-36.834037750055984,7.999999999999999));
#3341=CARTESIAN_POINT('',(49.797330352470240,-33.276188682606488,9.478013341236720));
#3342=CARTESIAN_POINT('',(49.615894666402909,-33.573307202972572,9.510634671017204));
#3343=CARTESIAN_POINT('',(49.425404140707208,-33.877660452717564,9.486538699245314));
#3344=CARTESIAN_POINT('',(49.226446236967824,-34.186883305637757,9.417139752969712));
#3345=CARTESIAN_POINT('',(49.126967285098118,-34.341494732097850,9.382440279831917));
#3346=CARTESIAN_POINT('',(49.025895676435738,-34.496468688982212,9.336340022277019));
#3347=CARTESIAN_POINT('',(48.925007709147970,-34.648991119763835,9.281451793895794));
#3348=CARTESIAN_POINT('',(48.824119741860194,-34.801513550545465,9.226563565514576));
#3349=CARTESIAN_POINT('',(48.722845899004611,-34.952471493984397,9.162683235330494));
#3350=CARTESIAN_POINT('',(48.620994596589625,-35.102048472854094,9.091502277579647));
#3351=CARTESIAN_POINT('',(48.417291991759647,-35.401202430593472,8.949140362077952));
#3352=CARTESIAN_POINT('',(48.211100105187938,-35.695080950961582,8.777279477080386));
#3353=CARTESIAN_POINT('',(48.001516906745927,-35.983891528409764,8.590140012153450));
#3354=CARTESIAN_POINT('',(47.791933708303922,-36.272702105857931,8.403000547226515));
#3355=CARTESIAN_POINT('',(47.578889730854563,-36.556434785737991,8.200628009485893));
#3356=CARTESIAN_POINT('',(47.362998881272844,-36.834037750055984,7.999999999999999));
#3357=CARTESIAN_POINT('',(49.643412417409380,-33.173335734216082,9.292893218813454));
#3358=CARTESIAN_POINT('',(49.492126560411052,-33.462969992374227,9.328027868727233));
#3359=CARTESIAN_POINT('',(49.329479136533330,-33.764911272873590,9.312645600288025));
#3360=CARTESIAN_POINT('',(49.154847209040980,-34.077033946391168,9.255632906394949));
#3361=CARTESIAN_POINT('',(49.067531245294802,-34.233095283149950,9.227126559448411));
#3362=CARTESIAN_POINT('',(48.977637175494337,-34.390849638114318,9.188144390145183));
#3363=CARTESIAN_POINT('',(48.886582928562909,-34.547277010807406,9.140928968753663));
#3364=CARTESIAN_POINT('',(48.795528681631495,-34.703704383500494,9.093713547362135));
#3365=CARTESIAN_POINT('',(48.702813082396489,-34.859700622475373,9.038097805590828));
#3366=CARTESIAN_POINT('',(48.608098550365703,-35.015193231033031,8.975594668330317));
#3367=CARTESIAN_POINT('',(48.418669486304040,-35.326178448148369,8.850588393809279));
#3368=CARTESIAN_POINT('',(48.220966987188845,-35.635515243299864,8.697728799894101));
#3369=CARTESIAN_POINT('',(48.013411142009019,-35.940101360182204,8.530206777396055));
#3370=CARTESIAN_POINT('',(47.805855296829193,-36.244687477064531,8.362684754898012));
#3371=CARTESIAN_POINT('',(47.588281783031050,-36.544358027828721,8.180565208537303));
#3372=CARTESIAN_POINT('',(47.362998881272844,-36.834037750055984,7.999999999999999));
#3373=CARTESIAN_POINT('',(49.489494482348519,-33.070482785825668,9.107773096390183));
#3374=CARTESIAN_POINT('',(49.368358454419194,-33.352632781775867,9.145421066437262));
#3375=CARTESIAN_POINT('',(49.233554132359430,-33.652162093029631,9.138752501330739));
#3376=CARTESIAN_POINT('',(49.083248181114143,-33.967184587144587,9.094126059820180));
#3377=CARTESIAN_POINT('',(49.008095205491493,-34.124695834202058,9.071812839064901));
#3378=CARTESIAN_POINT('',(48.929378674552943,-34.285230587246431,9.039948758013345));
#3379=CARTESIAN_POINT('',(48.848158147977863,-34.445562901850977,9.000406143611519));
#3380=CARTESIAN_POINT('',(48.766937621402789,-34.605895216455522,8.960863529209693));
#3381=CARTESIAN_POINT('',(48.682780265788409,-34.766929750966348,8.913512375851166));
#3382=CARTESIAN_POINT('',(48.595202504141746,-34.928337989211983,8.859687059080979));
#3383=CARTESIAN_POINT('',(48.420046980848419,-35.251154465703266,8.752036425540599));
#3384=CARTESIAN_POINT('',(48.230833869189723,-35.575949535638145,8.618178122707807));
#3385=CARTESIAN_POINT('',(48.025305377272090,-35.896311191954638,8.470273542638655));
#3386=CARTESIAN_POINT('',(47.819776885354479,-36.216672848271116,8.322368962569509));
#3387=CARTESIAN_POINT('',(47.597673835207559,-36.532281269919437,8.160502407588711));
#3388=CARTESIAN_POINT('',(47.362998881272844,-36.834037750055984,7.999999999999999));
#3389=CARTESIAN_POINT('',(49.273162043974466,-32.925922445210027,9.000000000000004));
#3390=CARTESIAN_POINT('',(49.182292398891612,-33.210959011034696,9.026016522773352));
#3391=CARTESIAN_POINT('',(49.079970483696101,-33.513734713817094,9.014072654045313));
#3392=CARTESIAN_POINT('',(48.960756776073694,-33.835870395647774,8.970445210290595));
#3393=CARTESIAN_POINT('',(48.901149922262483,-33.996938236563125,8.948631488413238));
#3394=CARTESIAN_POINT('',(48.837510666155069,-34.161957322041523,8.918833218889308));
#3395=CARTESIAN_POINT('',(48.770141038996542,-34.327730802366084,8.882674314855253));
#3396=CARTESIAN_POINT('',(48.702771411837986,-34.493504282690694,8.846515410821192));
#3397=CARTESIAN_POINT('',(48.631325935047762,-34.660956600880411,8.803867029724675));
#3398=CARTESIAN_POINT('',(48.554879720124255,-34.829635002043531,8.755818199318451));
#3399=CARTESIAN_POINT('',(48.401987290277262,-35.166991804369765,8.659720538506011));
#3400=CARTESIAN_POINT('',(48.228539580460684,-35.509958899041074,8.541738000409314));
#3401=CARTESIAN_POINT('',(48.029909688867036,-35.848411988019556,8.411899882174382));
#3402=CARTESIAN_POINT('',(47.831279797273410,-36.186865076998046,8.282061763939451));
#3403=CARTESIAN_POINT('',(47.607065887384053,-36.520204512010181,8.140439606640125));
#3404=CARTESIAN_POINT('',(47.362998881272844,-36.834037750055984,7.999999999999999));
#3405=CARTESIAN_POINT('',(49.055489212718925,-32.780466410666250,9.000000000000004));
#3406=CARTESIAN_POINT('',(48.979384006868329,-33.073218502648480,9.000000000000004));
#3407=CARTESIAN_POINT('',(48.900984293518370,-33.379384282703349,8.965582583324979));
#3408=CARTESIAN_POINT('',(48.809911768799495,-33.707253565155888,8.907347993932417));
#3409=CARTESIAN_POINT('',(48.764375506440061,-33.871188206382151,8.878230699236136));
#3410=CARTESIAN_POINT('',(48.715747666684607,-34.039634384986982,8.843106776992457));
#3411=CARTESIAN_POINT('',(48.663161777502417,-34.209835856648773,8.803774964450916));
#3412=CARTESIAN_POINT('',(48.610575888320255,-34.380037328310564,8.764443151909379));
#3413=CARTESIAN_POINT('',(48.553763048909737,-34.552938177303432,8.720729320697453));
#3414=CARTESIAN_POINT('',(48.490860493762185,-34.728215367808801,8.673597086642976));
#3415=CARTESIAN_POINT('',(48.365055383467038,-35.078769748819568,8.579332618534030));
#3416=CARTESIAN_POINT('',(48.214066825646718,-35.439991031229155,8.471290913004072));
#3417=CARTESIAN_POINT('',(48.027107876976530,-35.797612588967539,8.356558982285957));
#3418=CARTESIAN_POINT('',(47.840148928306327,-36.155234146705929,8.241827051567841));
#3419=CARTESIAN_POINT('',(47.616457939560547,-36.508127754100911,8.120376805691539));
#3420=CARTESIAN_POINT('',(47.362998881272844,-36.834037750055984,7.999999999999999));
#3421=B_SPLINE_SURFACE_WITH_KNOTS('',3,3,((#3309,#3325,#3341,#3357,#3373,#3389,#3405),(#3310,#3326,#3342,#3358,#3374,#3390,#3406),(#3311,#3327,#3343,#3359,#3375,#3391,#3407),(#3312,#3328,#3344,#3360,#3376,#3392,#3408),(#3313,#3329,#3345,#3361,#3377,#3393,#3409),(#3314,#3330,#3346,#3362,#3378,#3394,#3410),(#3315,#3331,#3347,#3363,#3379,#3395,#3411),(#3316,#3332,#3348,#3364,#3380,#3396,#3412),(#3317,#3333,#3349,#3365,#3381,#3397,#3413),(#3318,#3334,#3350,#3366,#3382,#3398,#3414),(#3319,#3335,#3351,#3367,#3383,#3399,#3415),(#3320,#3336,#3352,#3368,#3384,#3400,#3416),(#3321,#3337,#3353,#3369,#3385,#3401,#3417),(#3322,#3338,#3354,#3370,#3386,#3402,#3418),(#3323,#3339,#3355,#3371,#3387,#3403,#3419),(#3324,#3340,#3356,#3372,#3388,#3404,#3420)),.UNSPECIFIED.,.F.,.F.,.U.,(4,3,3,3,3,4),(4,3,4),(-6.071532E-018,0.001191126083258,0.001786689124887,0.002382252166516,0.003573378249773,0.004764504333031),(0.0,0.500000000000000,1.0),.UNSPECIFIED.);
#3422=ORIENTED_EDGE('',*,*,#3303,.F.);
#3423=ORIENTED_EDGE('',*,*,#3139,.T.);
#3424=ORIENTED_EDGE('',*,*,#1279,.T.);
#3425=ORIENTED_EDGE('',*,*,#1270,.T.);
#3426=EDGE_LOOP('',(#3422,#3423,#3424,#3425));
#3427=FACE_OUTER_BOUND('',#3426,.T.);
#3428=ADVANCED_FACE('',(#3427),#3421,.T.);
#3429=CARTESIAN_POINT('',(0.0,0.0,17.0));
#3430=DIRECTION('',(0.0,0.0,-1.0));
#3431=DIRECTION('',(-1.0,0.0,0.0));
#3432=AXIS2_PLACEMENT_3D('',#3429,#3430,#3431);
#3433=TOROIDAL_SURFACE('',#3432,59.0,1.0);
#3434=ORIENTED_EDGE('',*,*,#1510,.T.);
#3435=ORIENTED_EDGE('',*,*,#2002,.T.);
#3436=CARTESIAN_POINT('',(49.055489212718925,-32.780466410666243,17.0));
#3437=DIRECTION('',(0.555601125604513,0.831448969707100,0.0));
#3438=DIRECTION('',(-0.831448969707100,0.555601125604513,0.0));
#3439=AXIS2_PLACEMENT_3D('',#3436,#3437,#3438);
#3440=CIRCLE('',#3439,1.000000000000000);
#3441=EDGE_CURVE('',#1305,#3011,#3440,.T.);
#3442=ORIENTED_EDGE('',*,*,#3441,.T.);
#3443=ORIENTED_EDGE('',*,*,#3017,.T.);
#3444=EDGE_LOOP('',(#3434,#3435,#3442,#3443));
#3445=FACE_OUTER_BOUND('',#3444,.T.);
#3446=ADVANCED_FACE('',(#3445),#3433,.T.);
#3447=CARTESIAN_POINT('',(49.055489212718925,-32.780466410666243,18.000000000000007));
#3448=CARTESIAN_POINT('',(48.979384006868329,-33.073218502648473,18.000000000000007));
#3449=CARTESIAN_POINT('',(48.900984293518370,-33.379384282703349,18.034417416675023));
#3450=CARTESIAN_POINT('',(48.809911768799495,-33.707253565155888,18.092652006067588));
#3451=CARTESIAN_POINT('',(48.764375506440061,-33.871188206382151,18.121769300763866));
#3452=CARTESIAN_POINT('',(48.715747666684607,-34.039634384986982,18.156893223007550));
#3453=CARTESIAN_POINT('',(48.663161777502417,-34.209835856648773,18.196225035549080));
#3454=CARTESIAN_POINT('',(48.610575888320255,-34.380037328310564,18.235556848090624));
#3455=CARTESIAN_POINT('',(48.553763048909737,-34.552938177303432,18.279270679302549));
#3456=CARTESIAN_POINT('',(48.490860493762185,-34.728215367808801,18.326402913357029));
#3457=CARTESIAN_POINT('',(48.365055383467038,-35.078769748819568,18.420667381465968));
#3458=CARTESIAN_POINT('',(48.214066825646718,-35.439991031229155,18.528709086995928));
#3459=CARTESIAN_POINT('',(48.027107876976530,-35.797612588967539,18.643441017714046));
#3460=CARTESIAN_POINT('',(47.840148928306327,-36.155234146705929,18.758172948432161));
#3461=CARTESIAN_POINT('',(47.616457939560632,-36.508127754100755,18.879623194308557));
#3462=CARTESIAN_POINT('',(47.362998881272816,-36.834037750055977,19.000000000000007));
#3463=CARTESIAN_POINT('',(49.273162043974466,-32.925922445210027,18.000000000000007));
#3464=CARTESIAN_POINT('',(49.182292398891612,-33.210959011034696,17.973983477226653));
#3465=CARTESIAN_POINT('',(49.079970483696101,-33.513734713817094,17.985927345954693));
#3466=CARTESIAN_POINT('',(48.960756776073694,-33.835870395647774,18.029554789709412));
#3467=CARTESIAN_POINT('',(48.901149922262483,-33.996938236563125,18.051368511586766));
#3468=CARTESIAN_POINT('',(48.837510666155069,-34.161957322041523,18.081166781110696));
#3469=CARTESIAN_POINT('',(48.770141038996542,-34.327730802366084,18.117325685144756));
#3470=CARTESIAN_POINT('',(48.702771411837986,-34.493504282690694,18.153484589178809));
#3471=CARTESIAN_POINT('',(48.631325935047762,-34.660956600880411,18.196132970275329));
#3472=CARTESIAN_POINT('',(48.554879720124255,-34.829635002043531,18.244181800681552));
#3473=CARTESIAN_POINT('',(48.401987290277262,-35.166991804369765,18.340279461493985));
#3474=CARTESIAN_POINT('',(48.228539580460684,-35.509958899041074,18.458261999590690));
#3475=CARTESIAN_POINT('',(48.029909688867036,-35.848411988019556,18.588100117825622));
#3476=CARTESIAN_POINT('',(47.831279797273410,-36.186865076998046,18.717938236060558));
#3477=CARTESIAN_POINT('',(47.607065887384159,-36.520204512010039,18.859560393359985));
#3478=CARTESIAN_POINT('',(47.362998881272816,-36.834037750055977,19.000000000000007));
#3479=CARTESIAN_POINT('',(49.489494482348519,-33.070482785825661,17.892226903609824));
#3480=CARTESIAN_POINT('',(49.368358454419194,-33.352632781775867,17.854578933562749));
#3481=CARTESIAN_POINT('',(49.233554132359430,-33.652162093029631,17.861247498669265));
#3482=CARTESIAN_POINT('',(49.083248181114143,-33.967184587144587,17.905873940179831));
#3483=CARTESIAN_POINT('',(49.008095205491493,-34.124695834202058,17.928187160935103));
#3484=CARTESIAN_POINT('',(48.929378674552943,-34.285230587246431,17.960051241986655));
#3485=CARTESIAN_POINT('',(48.848158147977863,-34.445562901850977,17.999593856388486));
#3486=CARTESIAN_POINT('',(48.766937621402789,-34.605895216455522,18.039136470790304));
#3487=CARTESIAN_POINT('',(48.682780265788409,-34.766929750966348,18.086487624148830));
#3488=CARTESIAN_POINT('',(48.595202504141746,-34.928337989211983,18.140312940919024));
#3489=CARTESIAN_POINT('',(48.420046980848419,-35.251154465703266,18.247963574459398));
#3490=CARTESIAN_POINT('',(48.230833869189723,-35.575949535638145,18.381821877292197));
#3491=CARTESIAN_POINT('',(48.025305377272090,-35.896311191954638,18.529726457361342));
#3492=CARTESIAN_POINT('',(47.819776885354479,-36.216672848271116,18.677631037430508));
#3493=CARTESIAN_POINT('',(47.597673835207658,-36.532281269919302,18.839497592411401));
#3494=CARTESIAN_POINT('',(47.362998881272816,-36.834037750055977,19.000000000000007));
#3495=CARTESIAN_POINT('',(49.643412417409380,-33.173335734216074,17.707106781186550));
#3496=CARTESIAN_POINT('',(49.492126560411052,-33.462969992374212,17.671972131272771));
#3497=CARTESIAN_POINT('',(49.329479136533330,-33.764911272873590,17.687354399711978));
#3498=CARTESIAN_POINT('',(49.154847209040980,-34.077033946391168,17.744367093605057));
#3499=CARTESIAN_POINT('',(49.067531245294802,-34.233095283149950,17.772873440551599));
#3500=CARTESIAN_POINT('',(48.977637175494337,-34.390849638114318,17.811855609854824));
#3501=CARTESIAN_POINT('',(48.886582928562909,-34.547277010807406,17.859071031246341));
#3502=CARTESIAN_POINT('',(48.795528681631495,-34.703704383500494,17.906286452637865));
#3503=CARTESIAN_POINT('',(48.702813082396489,-34.859700622475373,17.961902194409170));
#3504=CARTESIAN_POINT('',(48.608098550365703,-35.015193231033031,18.024405331669691));
#3505=CARTESIAN_POINT('',(48.418669486304040,-35.326178448148369,18.149411606190718));
#3506=CARTESIAN_POINT('',(48.220966987188845,-35.635515243299864,18.302271200105903));
#3507=CARTESIAN_POINT('',(48.013411142009019,-35.940101360182204,18.469793222603954));
#3508=CARTESIAN_POINT('',(47.805855296829193,-36.244687477064531,18.637315245101995));
#3509=CARTESIAN_POINT('',(47.588281783031135,-36.544358027828579,18.819434791462839));
#3510=CARTESIAN_POINT('',(47.362998881272816,-36.834037750055977,19.000000000000007));
#3511=CARTESIAN_POINT('',(49.797330352470262,-33.276188682606488,17.521986658763282));
#3512=CARTESIAN_POINT('',(49.615894666402909,-33.573307202972572,17.489365328982799));
#3513=CARTESIAN_POINT('',(49.425404140707208,-33.877660452717564,17.513461300754692));
#3514=CARTESIAN_POINT('',(49.226446236967824,-34.186883305637757,17.582860247030293));
#3515=CARTESIAN_POINT('',(49.126967285098118,-34.341494732097850,17.617559720168089));
#3516=CARTESIAN_POINT('',(49.025895676435738,-34.496468688982212,17.663659977722979));
#3517=CARTESIAN_POINT('',(48.925007709147970,-34.648991119763835,17.718548206104202));
#3518=CARTESIAN_POINT('',(48.824119741860194,-34.801513550545465,17.773436434485422));
#3519=CARTESIAN_POINT('',(48.722845899004611,-34.952471493984397,17.837316764669509));
#3520=CARTESIAN_POINT('',(48.620994596589625,-35.102048472854094,17.908497722420357));
#3521=CARTESIAN_POINT('',(48.417291991759647,-35.401202430593472,18.050859637922049));
#3522=CARTESIAN_POINT('',(48.211100105187938,-35.695080950961582,18.222720522919605));
#3523=CARTESIAN_POINT('',(48.001516906745927,-35.983891528409764,18.409859987846545));
#3524=CARTESIAN_POINT('',(47.791933708303922,-36.272702105857931,18.596999452773488));
#3525=CARTESIAN_POINT('',(47.578889730854641,-36.556434785737849,18.799371990514270));
#3526=CARTESIAN_POINT('',(47.362998881272816,-36.834037750055977,19.000000000000007));
#3527=CARTESIAN_POINT('',(49.886938182426022,-33.336067536270761,17.261799387799151));
#3528=CARTESIAN_POINT('',(49.676313162928452,-33.651264801692534,17.245236754993389));
#3529=CARTESIAN_POINT('',(49.463062178239987,-33.963968996014060,17.291516250283046));
#3530=CARTESIAN_POINT('',(49.246797472549780,-34.274722544010089,17.384329118110770));
#3531=CARTESIAN_POINT('',(49.138665119704683,-34.430099318008118,17.430735552024629));
#3532=CARTESIAN_POINT('',(49.030392772146811,-34.584090173080668,17.488864657186770));
#3533=CARTESIAN_POINT('',(48.923738158333563,-34.734317226381236,17.555607418591201));
#3534=CARTESIAN_POINT('',(48.817083544520301,-34.884544279681826,17.622350179995635));
#3535=CARTESIAN_POINT('',(48.711428554657914,-35.031897573439096,17.697982371617663));
#3536=CARTESIAN_POINT('',(48.606448477852453,-35.176952066910935,17.780690020608940));
#3537=CARTESIAN_POINT('',(48.396488324241467,-35.467061053854607,17.946105318591520));
#3538=CARTESIAN_POINT('',(48.189074233757545,-35.748211700024711,18.140072848138495));
#3539=CARTESIAN_POINT('',(47.982333770885639,-36.023568894361595,18.348372333894183));
#3540=CARTESIAN_POINT('',(47.775593308013732,-36.298926088698487,18.556671819649878));
#3541=CARTESIAN_POINT('',(47.569497678678154,-36.568511543647119,18.779309189565691));
#3542=CARTESIAN_POINT('',(47.362998881272816,-36.834037750055977,19.000000000000007));
#3543=CARTESIAN_POINT('',(49.886938182426022,-33.336067536270761,17.0));
#3544=CARTESIAN_POINT('',(49.659255010515750,-33.676792077637522,17.0));
#3545=CARTESIAN_POINT('',(49.434860104479924,-34.005090136943117,17.068834833350031));
#3546=CARTESIAN_POINT('',(49.212156229233905,-34.324388986105419,17.185304012135166));
#3547=CARTESIAN_POINT('',(49.100804291610885,-34.484038410686580,17.243538601527728));
#3548=CARTESIAN_POINT('',(48.990535193445965,-34.640466032494729,17.313786446015087));
#3549=CARTESIAN_POINT('',(48.882947258028778,-34.791629271547173,17.392450071098175));
#3550=CARTESIAN_POINT('',(48.775359322611578,-34.942792510599602,17.471113696181241));
#3551=CARTESIAN_POINT('',(48.669816722653579,-35.089604066674006,17.558541358605094));
#3552=CARTESIAN_POINT('',(48.565805868116101,-35.232974617259607,17.652805826714047));
#3553=CARTESIAN_POINT('',(48.357784159041124,-35.519715718430803,17.841334762931943));
#3554=CARTESIAN_POINT('',(48.155758538911016,-35.792918617458589,18.057418173991856));
#3555=CARTESIAN_POINT('',(47.956345862584314,-36.058132113410892,18.286882035428093));
#3556=CARTESIAN_POINT('',(47.756933186257598,-36.323345609363187,18.516345896864330));
#3557=CARTESIAN_POINT('',(47.560105626501645,-36.580588301556404,18.759246388617122));
#3558=CARTESIAN_POINT('',(47.362998881272816,-36.834037750055977,19.000000000000007));
#3559=B_SPLINE_SURFACE_WITH_KNOTS('',3,3,((#3447,#3463,#3479,#3495,#3511,#3527,#3543),(#3448,#3464,#3480,#3496,#3512,#3528,#3544),(#3449,#3465,#3481,#3497,#3513,#3529,#3545),(#3450,#3466,#3482,#3498,#3514,#3530,#3546),(#3451,#3467,#3483,#3499,#3515,#3531,#3547),(#3452,#3468,#3484,#3500,#3516,#3532,#3548),(#3453,#3469,#3485,#3501,#3517,#3533,#3549),(#3454,#3470,#3486,#3502,#3518,#3534,#3550),(#3455,#3471,#3487,#3503,#3519,#3535,#3551),(#3456,#3472,#3488,#3504,#3520,#3536,#3552),(#3457,#3473,#3489,#3505,#3521,#3537,#3553),(#3458,#3474,#3490,#3506,#3522,#3538,#3554),(#3459,#3475,#3491,#3507,#3523,#3539,#3555),(#3460,#3476,#3492,#3508,#3524,#3540,#3556),(#3461,#3477,#3493,#3509,#3525,#3541,#3557),(#3462,#3478,#3494,#3510,#3526,#3542,#3558)),.UNSPECIFIED.,.F.,.F.,.U.,(4,3,3,3,3,4),(4,3,4),(0.0,0.001191126083258,0.001786689124887,0.002382252166516,0.003573378249773,0.004764504333031),(0.0,0.500000000000000,1.0),.UNSPECIFIED.);
#3560=ORIENTED_EDGE('',*,*,#3033,.T.);
#3561=ORIENTED_EDGE('',*,*,#3441,.F.);
#3562=ORIENTED_EDGE('',*,*,#1313,.T.);
#3563=ORIENTED_EDGE('',*,*,#1302,.T.);
#3564=EDGE_LOOP('',(#3560,#3561,#3562,#3563));
#3565=FACE_OUTER_BOUND('',#3564,.T.);
#3566=ADVANCED_FACE('',(#3565),#3559,.T.);
#3567=CARTESIAN_POINT('',(-47.579795924331314,-19.708196766801976,-9.000000000000004));
#3568=DIRECTION('',(0.0,0.0,1.0));
#3569=DIRECTION('',(1.0,0.0,0.0));
#3570=AXIS2_PLACEMENT_3D('',#3567,#3568,#3569);
#3571=PLANE('',#3570);
#3572=ORIENTED_EDGE('',*,*,#923,.F.);
#3573=CARTESIAN_POINT('',(0.0,0.0,-9.000000000000004));
#3574=DIRECTION('',(0.0,0.0,-1.0));
#3575=DIRECTION('',(-1.0,0.0,0.0));
#3576=AXIS2_PLACEMENT_3D('',#3573,#3574,#3575);
#3577=CIRCLE('',#3576,50.499999999999986);
#3578=EDGE_CURVE('',#594,#908,#3577,.T.);
#3579=ORIENTED_EDGE('',*,*,#3578,.F.);
#3580=ORIENTED_EDGE('',*,*,#600,.T.);
#3581=CARTESIAN_POINT('',(52.251223950750749,-27.400905015135809,-9.000000000000004));
#3582=VERTEX_POINT('',#3581);
#3583=CARTESIAN_POINT('',(0.0,0.0,-9.000000000000004));
#3584=DIRECTION('',(0.0,0.0,1.0));
#3585=DIRECTION('',(1.0,0.0,0.0));
#3586=AXIS2_PLACEMENT_3D('',#3583,#3584,#3585);
#3587=CIRCLE('',#3586,59.0);
#3588=EDGE_CURVE('',#583,#3582,#3587,.T.);
#3589=ORIENTED_EDGE('',*,*,#3588,.T.);
#3590=CARTESIAN_POINT('',(38.671357462827388,-20.988713919204841,-9.000000000000004));
#3591=VERTEX_POINT('',#3590);
#3592=CARTESIAN_POINT('',(47.579795924331300,-19.708196766802001,-9.000000000000004));
#3593=DIRECTION('',(0.0,0.0,-1.0));
#3594=DIRECTION('',(1.0,0.0,0.0));
#3595=AXIS2_PLACEMENT_3D('',#3592,#3593,#3594);
#3596=CIRCLE('',#3595,9.000000000000004);
#3597=EDGE_CURVE('',#3582,#3591,#3596,.T.);
#3598=ORIENTED_EDGE('',*,*,#3597,.T.);
#3599=CARTESIAN_POINT('',(-38.671357462827402,-20.988713919204820,-9.000000000000004));
#3600=VERTEX_POINT('',#3599);
#3601=CARTESIAN_POINT('',(0.0,0.0,-9.000000000000004));
#3602=DIRECTION('',(0.0,0.0,1.0));
#3603=DIRECTION('',(-1.0,0.0,0.0));
#3604=AXIS2_PLACEMENT_3D('',#3601,#3602,#3603);
#3605=CIRCLE('',#3604,43.999999999999986);
#3606=EDGE_CURVE('',#3600,#3591,#3605,.T.);
#3607=ORIENTED_EDGE('',*,*,#3606,.F.);
#3608=CARTESIAN_POINT('',(-52.251223950750763,-27.400905015135777,-9.000000000000004));
#3609=VERTEX_POINT('',#3608);
#3610=CARTESIAN_POINT('',(-47.579795924331314,-19.708196766801976,-9.000000000000004));
#3611=DIRECTION('',(0.0,0.0,1.0));
#3612=DIRECTION('',(-1.0,0.0,0.0));
#3613=AXIS2_PLACEMENT_3D('',#3610,#3611,#3612);
#3614=CIRCLE('',#3613,9.000000000000004);
#3615=EDGE_CURVE('',#3609,#3600,#3614,.T.);
#3616=ORIENTED_EDGE('',*,*,#3615,.F.);
#3617=CARTESIAN_POINT('',(0.0,0.0,-9.000000000000004));
#3618=DIRECTION('',(0.0,0.0,-1.0));
#3619=DIRECTION('',(-1.0,0.0,0.0));
#3620=AXIS2_PLACEMENT_3D('',#3617,#3618,#3619);
#3621=CIRCLE('',#3620,59.0);
#3622=EDGE_CURVE('',#917,#3609,#3621,.T.);
#3623=ORIENTED_EDGE('',*,*,#3622,.F.);
#3624=EDGE_LOOP('',(#3572,#3579,#3580,#3589,#3598,#3607,#3616,#3623));
#3625=FACE_OUTER_BOUND('',#3624,.T.);
#3626=ADVANCED_FACE('',(#3625),#3571,.T.);
#3627=CARTESIAN_POINT('',(-47.579795924331314,-19.708196766801976,-18.000000000000007));
#3628=DIRECTION('',(0.0,0.0,1.0));
#3629=DIRECTION('',(1.0,0.0,0.0));
#3630=AXIS2_PLACEMENT_3D('',#3627,#3628,#3629);
#3631=PLANE('',#3630);
#3632=ORIENTED_EDGE('',*,*,#1133,.F.);
#3633=CARTESIAN_POINT('',(0.0,0.0,-18.000000000000007));
#3634=DIRECTION('',(0.0,0.0,-1.0));
#3635=DIRECTION('',(-1.0,0.0,0.0));
#3636=AXIS2_PLACEMENT_3D('',#3633,#3634,#3635);
#3637=CIRCLE('',#3636,43.999999999999986);
#3638=EDGE_CURVE('',#785,#1115,#3637,.T.);
#3639=ORIENTED_EDGE('',*,*,#3638,.F.);
#3640=ORIENTED_EDGE('',*,*,#791,.T.);
#3641=CARTESIAN_POINT('',(0.0,0.0,-18.000000000000007));
#3642=DIRECTION('',(0.0,0.0,-1.0));
#3643=DIRECTION('',(1.0,0.0,0.0));
#3644=AXIS2_PLACEMENT_3D('',#3641,#3642,#3643);
#3645=CIRCLE('',#3644,59.0);
#3646=EDGE_CURVE('',#764,#618,#3645,.T.);
#3647=ORIENTED_EDGE('',*,*,#3646,.T.);
#3648=ORIENTED_EDGE('',*,*,#666,.T.);
#3649=CARTESIAN_POINT('',(0.0,0.0,-18.000000000000007));
#3650=DIRECTION('',(0.0,0.0,1.0));
#3651=DIRECTION('',(-1.0,0.0,0.0));
#3652=AXIS2_PLACEMENT_3D('',#3649,#3650,#3651);
#3653=CIRCLE('',#3652,50.499999999999986);
#3654=EDGE_CURVE('',#980,#653,#3653,.T.);
#3655=ORIENTED_EDGE('',*,*,#3654,.F.);
#3656=ORIENTED_EDGE('',*,*,#986,.F.);
#3657=CARTESIAN_POINT('',(0.0,0.0,-18.000000000000007));
#3658=DIRECTION('',(0.0,0.0,1.0));
#3659=DIRECTION('',(-1.0,0.0,0.0));
#3660=AXIS2_PLACEMENT_3D('',#3657,#3658,#3659);
#3661=CIRCLE('',#3660,59.0);
#3662=EDGE_CURVE('',#1127,#969,#3661,.T.);
#3663=ORIENTED_EDGE('',*,*,#3662,.F.);
#3664=EDGE_LOOP('',(#3632,#3639,#3640,#3647,#3648,#3655,#3656,#3663));
#3665=FACE_OUTER_BOUND('',#3664,.T.);
#3666=ADVANCED_FACE('',(#3665),#3631,.F.);
#3667=CARTESIAN_POINT('',(0.0,0.0,-18.000000000000007));
#3668=DIRECTION('',(0.0,0.0,1.0));
#3669=DIRECTION('',(-1.0,0.0,0.0));
#3670=AXIS2_PLACEMENT_3D('',#3667,#3668,#3669);
#3671=CYLINDRICAL_SURFACE('',#3670,42.999999999999986);
#3672=CARTESIAN_POINT('',(0.0,0.0,-17.0));
#3673=DIRECTION('',(0.0,0.0,1.0));
#3674=DIRECTION('',(-1.0,0.0,0.0));
#3675=AXIS2_PLACEMENT_3D('',#3672,#3673,#3674);
#3676=CIRCLE('',#3675,42.999999999999986);
#3677=EDGE_CURVE('',#1091,#755,#3676,.T.);
#3678=ORIENTED_EDGE('',*,*,#3677,.F.);
#3679=CARTESIAN_POINT('',(0.0,0.0,-17.0));
#3680=DIRECTION('',(0.0,0.0,-1.0));
#3681=DIRECTION('',(1.0,0.0,0.0));
#3682=AXIS2_PLACEMENT_3D('',#3679,#3680,#3681);
#3683=CIRCLE('',#3682,42.999999999999986);
#3684=EDGE_CURVE('',#1091,#1163,#3683,.T.);
#3685=ORIENTED_EDGE('',*,*,#3684,.T.);
#3686=ORIENTED_EDGE('',*,*,#1194,.T.);
#3687=CARTESIAN_POINT('',(-38.614479838189695,-18.918825196772673,-9.999999999999996));
#3688=VERTEX_POINT('',#3687);
#3689=CARTESIAN_POINT('',(0.0,0.0,-9.999999999999996));
#3690=DIRECTION('',(0.0,0.0,1.0));
#3691=DIRECTION('',(-1.0,0.0,0.0));
#3692=AXIS2_PLACEMENT_3D('',#3689,#3690,#3691);
#3693=CIRCLE('',#3692,42.999999999999986);
#3694=EDGE_CURVE('',#1182,#3688,#3693,.T.);
#3695=ORIENTED_EDGE('',*,*,#3694,.T.);
#3696=CARTESIAN_POINT('',(38.614479838189695,-18.918825196772680,-9.999999999999996));
#3697=VERTEX_POINT('',#3696);
#3698=CARTESIAN_POINT('',(0.0,0.0,-10.000000000000004));
#3699=DIRECTION('',(0.0,0.0,-1.0));
#3700=DIRECTION('',(-1.0,0.0,0.0));
#3701=AXIS2_PLACEMENT_3D('',#3698,#3699,#3700);
#3702=CIRCLE('',#3701,42.999999999999986);
#3703=EDGE_CURVE('',#3697,#3688,#3702,.T.);
#3704=ORIENTED_EDGE('',*,*,#3703,.F.);
#3705=CARTESIAN_POINT('',(0.0,0.0,-9.999999999999996));
#3706=DIRECTION('',(0.0,0.0,-1.0));
#3707=DIRECTION('',(1.0,0.0,0.0));
#3708=AXIS2_PLACEMENT_3D('',#3705,#3706,#3707);
#3709=CIRCLE('',#3708,42.999999999999986);
#3710=EDGE_CURVE('',#838,#3697,#3709,.T.);
#3711=ORIENTED_EDGE('',*,*,#3710,.F.);
#3712=ORIENTED_EDGE('',*,*,#843,.F.);
#3713=CARTESIAN_POINT('',(0.0,0.0,-17.0));
#3714=DIRECTION('',(0.0,0.0,1.0));
#3715=DIRECTION('',(-1.0,0.0,0.0));
#3716=AXIS2_PLACEMENT_3D('',#3713,#3714,#3715);
#3717=CIRCLE('',#3716,42.999999999999986);
#3718=EDGE_CURVE('',#755,#827,#3717,.T.);
#3719=ORIENTED_EDGE('',*,*,#3718,.F.);
#3720=EDGE_LOOP('',(#3678,#3685,#3686,#3695,#3704,#3711,#3712,#3719));
#3721=FACE_OUTER_BOUND('',#3720,.T.);
#3722=ADVANCED_FACE('',(#3721),#3671,.F.);
#3723=CARTESIAN_POINT('',(-47.579795924331314,-19.708196766801976,-17.0));
#3724=DIRECTION('',(0.0,0.0,-1.0));
#3725=DIRECTION('',(-1.0,0.0,0.0));
#3726=AXIS2_PLACEMENT_3D('',#3723,#3724,#3725);
#3727=PLANE('',#3726);
#3728=ORIENTED_EDGE('',*,*,#2088,.F.);
#3729=ORIENTED_EDGE('',*,*,#1171,.F.);
#3730=ORIENTED_EDGE('',*,*,#3684,.F.);
#3731=ORIENTED_EDGE('',*,*,#1097,.F.);
#3732=EDGE_LOOP('',(#3728,#3729,#3730,#3731));
#3733=FACE_OUTER_BOUND('',#3732,.T.);
#3734=ORIENTED_EDGE('',*,*,#886,.T.);
#3735=EDGE_LOOP('',(#3734));
#3736=FACE_BOUND('',#3735,.T.);
#3737=ADVANCED_FACE('',(#3733,#3736),#3727,.T.);
#3738=CARTESIAN_POINT('',(-47.579795924331314,-19.708196766801976,-9.999999999999996));
#3739=DIRECTION('',(0.0,0.0,1.0));
#3740=DIRECTION('',(1.0,0.0,0.0));
#3741=AXIS2_PLACEMENT_3D('',#3738,#3739,#3740);
#3742=PLANE('',#3741);
#3743=ORIENTED_EDGE('',*,*,#2080,.F.);
#3744=CARTESIAN_POINT('',(-47.579795924331314,-19.708196766801976,-9.999999999999996));
#3745=DIRECTION('',(0.0,0.0,1.0));
#3746=DIRECTION('',(1.0,0.0,0.0));
#3747=AXIS2_PLACEMENT_3D('',#3744,#3745,#3746);
#3748=CIRCLE('',#3747,9.000000000000004);
#3749=EDGE_CURVE('',#2067,#3688,#3748,.T.);
#3750=ORIENTED_EDGE('',*,*,#3749,.T.);
#3751=ORIENTED_EDGE('',*,*,#3694,.F.);
#3752=ORIENTED_EDGE('',*,*,#1188,.F.);
#3753=EDGE_LOOP('',(#3743,#3750,#3751,#3752));
#3754=FACE_OUTER_BOUND('',#3753,.T.);
#3755=ORIENTED_EDGE('',*,*,#875,.T.);
#3756=EDGE_LOOP('',(#3755));
#3757=FACE_BOUND('',#3756,.T.);
#3758=ADVANCED_FACE('',(#3754,#3757),#3742,.T.);
#3759=CARTESIAN_POINT('',(-47.579795924331314,-19.708196766801976,-9.999999999999996));
#3760=DIRECTION('',(0.0,0.0,1.0));
#3761=DIRECTION('',(-1.0,0.0,0.0));
#3762=AXIS2_PLACEMENT_3D('',#3759,#3760,#3761);
#3763=CYLINDRICAL_SURFACE('',#3762,9.000000000000004);
#3764=ORIENTED_EDGE('',*,*,#3615,.T.);
#3765=CARTESIAN_POINT('',(-38.614479838189709,-18.918825196772637,-9.999999999999996));
#3766=CARTESIAN_POINT('',(-38.614479838189709,-18.918825196772637,-9.858352515499368));
#3767=CARTESIAN_POINT('',(-38.606838839349116,-19.003992433947023,-9.733312537846592));
#3768=CARTESIAN_POINT('',(-38.600161654104866,-19.103078288341109,-9.636128260167924));
#3769=CARTESIAN_POINT('',(-38.592118105672682,-19.222440240961674,-9.519057006973613));
#3770=CARTESIAN_POINT('',(-38.585037302660616,-19.367149400933773,-9.429686852029510));
#3771=CARTESIAN_POINT('',(-38.581860642478553,-19.515425753448429,-9.353961454160629));
#3772=CARTESIAN_POINT('',(-38.575769426972037,-19.799744240766344,-9.208758728247208));
#3773=CARTESIAN_POINT('',(-38.583357754862000,-20.110095435449466,-9.111138045857935));
#3774=CARTESIAN_POINT('',(-38.608086513758224,-20.421239719389241,-9.053870806494878));
#3775=CARTESIAN_POINT('',(-38.622941572191870,-20.608150293373843,-9.019469234194311));
#3776=CARTESIAN_POINT('',(-38.643810337717262,-20.797071137712564,-9.000000000000004));
#3777=CARTESIAN_POINT('',(-38.671357462827402,-20.988713919204820,-9.000000000000004));
#3778=B_SPLINE_CURVE_WITH_KNOTS('',3,(#3765,#3766,#3767,#3768,#3769,#3770,#3771,#3772,#3773,#3774,#3775,#3776,#3777),.UNSPECIFIED.,.F.,.U.,(4,3,3,3,4),(1.430490E-017,0.000417503795318,0.000920442065775,0.001884821387531,0.002464143270890),.UNSPECIFIED.);
#3779=EDGE_CURVE('',#3688,#3600,#3778,.T.);
#3780=ORIENTED_EDGE('',*,*,#3779,.F.);
#3781=ORIENTED_EDGE('',*,*,#3749,.F.);
#3782=CARTESIAN_POINT('',(-52.251223950750763,-27.400905015135780,-9.000000000000004));
#3783=CARTESIAN_POINT('',(-52.575167393092748,-27.204189056765866,-9.000000000000009));
#3784=CARTESIAN_POINT('',(-52.878293407371352,-26.992307951338649,-9.053063674781850));
#3785=CARTESIAN_POINT('',(-53.163610585577040,-26.766596998359930,-9.146806449781106));
#3786=CARTESIAN_POINT('',(-53.371171852813305,-26.602397801788616,-9.215002025299741));
#3787=CARTESIAN_POINT('',(-53.570130395842675,-26.429479015633440,-9.304851360146886));
#3788=CARTESIAN_POINT('',(-53.748117541323651,-26.261959688158306,-9.429055281007321));
#3789=CARTESIAN_POINT('',(-53.837111114064143,-26.178200024420740,-9.491157241437538));
#3790=CARTESIAN_POINT('',(-53.922060505786227,-26.094625187144793,-9.562078812258354));
#3791=CARTESIAN_POINT('',(-53.994909215172761,-26.020591040425060,-9.652407668657718));
#3792=CARTESIAN_POINT('',(-54.050265750074139,-25.964333711210905,-9.721047079485734));
#3793=CARTESIAN_POINT('',(-54.099977904887389,-25.912087376184960,-9.802245310510513));
#3794=CARTESIAN_POINT('',(-54.122036194335102,-25.888738187223069,-9.901930103740147));
#3795=CARTESIAN_POINT('',(-54.129006418330349,-25.881360050420685,-9.933429615040769));
#3796=CARTESIAN_POINT('',(-54.132875781272027,-25.877244050504537,-9.966411739801583));
#3797=CARTESIAN_POINT('',(-54.132875781272027,-25.877244050504537,-9.999999999999996));
#3798=B_SPLINE_CURVE_WITH_KNOTS('',3,(#3782,#3783,#3784,#3785,#3786,#3787,#3788,#3789,#3790,#3791,#3792,#3793,#3794,#3795,#3796,#3797),.UNSPECIFIED.,.F.,.U.,(4,3,3,3,3,4),(7.757919E-018,0.001120307962498,0.001935304598359,0.002342802916289,0.002652454179142,0.002750301234220),.UNSPECIFIED.);
#3799=EDGE_CURVE('',#3609,#2067,#3798,.T.);
#3800=ORIENTED_EDGE('',*,*,#3799,.F.);
#3801=EDGE_LOOP('',(#3764,#3780,#3781,#3800));
#3802=FACE_OUTER_BOUND('',#3801,.T.);
#3803=ADVANCED_FACE('',(#3802),#3763,.F.);
#3804=CARTESIAN_POINT('',(0.0,0.0,-27.0));
#3805=DIRECTION('',(0.0,0.0,-1.0));
#3806=DIRECTION('',(-1.0,0.0,0.0));
#3807=AXIS2_PLACEMENT_3D('',#3804,#3805,#3806);
#3808=PLANE('',#3807);
#3809=ORIENTED_EDGE('',*,*,#1021,.F.);
#3810=CARTESIAN_POINT('',(-46.573615566584962,-36.220137120888353,-27.0));
#3811=VERTEX_POINT('',#3810);
#3812=CARTESIAN_POINT('',(0.0,0.0,-27.0));
#3813=DIRECTION('',(0.0,0.0,1.0));
#3814=DIRECTION('',(1.0,0.0,0.0));
#3815=AXIS2_PLACEMENT_3D('',#3812,#3813,#3814);
#3816=CIRCLE('',#3815,59.0);
#3817=EDGE_CURVE('',#3811,#1013,#3816,.T.);
#3818=ORIENTED_EDGE('',*,*,#3817,.F.);
#3819=CARTESIAN_POINT('',(-41.442624021113723,-32.229783031298979,-27.0));
#3820=VERTEX_POINT('',#3819);
#3821=CARTESIAN_POINT('',(-44.008119793849332,-34.224960076093666,-27.0));
#3822=DIRECTION('',(0.0,0.0,1.0));
#3823=DIRECTION('',(1.0,0.0,0.0));
#3824=AXIS2_PLACEMENT_3D('',#3821,#3822,#3823);
#3825=CIRCLE('',#3824,3.249999999999996);
#3826=EDGE_CURVE('',#3820,#3811,#3825,.T.);
#3827=ORIENTED_EDGE('',*,*,#3826,.F.);
#3828=CARTESIAN_POINT('',(41.442624021113723,-32.229783031298979,-27.0));
#3829=VERTEX_POINT('',#3828);
#3830=CARTESIAN_POINT('',(0.0,0.0,-27.0));
#3831=DIRECTION('',(0.0,0.0,-1.0));
#3832=DIRECTION('',(1.0,0.0,0.0));
#3833=AXIS2_PLACEMENT_3D('',#3830,#3831,#3832);
#3834=CIRCLE('',#3833,52.500000000000000);
#3835=EDGE_CURVE('',#3829,#3820,#3834,.T.);
#3836=ORIENTED_EDGE('',*,*,#3835,.F.);
#3837=CARTESIAN_POINT('',(46.573615566584941,-36.220137120888367,-27.0));
#3838=VERTEX_POINT('',#3837);
#3839=CARTESIAN_POINT('',(44.008119793849332,-34.224960076093694,-27.0));
#3840=DIRECTION('',(0.0,0.0,-1.0));
#3841=DIRECTION('',(-1.0,0.0,0.0));
#3842=AXIS2_PLACEMENT_3D('',#3839,#3840,#3841);
#3843=CIRCLE('',#3842,3.249999999999996);
#3844=EDGE_CURVE('',#3829,#3838,#3843,.T.);
#3845=ORIENTED_EDGE('',*,*,#3844,.T.);
#3846=CARTESIAN_POINT('',(0.0,0.0,-27.0));
#3847=DIRECTION('',(0.0,0.0,-1.0));
#3848=DIRECTION('',(-1.0,0.0,0.0));
#3849=AXIS2_PLACEMENT_3D('',#3846,#3847,#3848);
#3850=CIRCLE('',#3849,59.0);
#3851=EDGE_CURVE('',#3838,#677,#3850,.T.);
#3852=ORIENTED_EDGE('',*,*,#3851,.T.);
#3853=ORIENTED_EDGE('',*,*,#685,.T.);
#3854=CARTESIAN_POINT('',(46.770212780924005,-39.160531105018173,-27.0));
#3855=DIRECTION('',(0.777145961456980,-0.629320391049827,0.0));
#3856=VECTOR('',#3855,1.000132231407839);
#3857=LINE('',#3854,#3856);
#3858=EDGE_CURVE('',#679,#2330,#3857,.T.);
#3859=ORIENTED_EDGE('',*,*,#3858,.T.);
#3860=ORIENTED_EDGE('',*,*,#2336,.F.);
#3861=CARTESIAN_POINT('',(-46.770212780924012,-39.160531105018151,-27.0));
#3862=DIRECTION('',(-0.777145961456976,-0.629320391049831,0.0));
#3863=VECTOR('',#3862,1.000132231407843);
#3864=LINE('',#3861,#3863);
#3865=EDGE_CURVE('',#1015,#2315,#3864,.T.);
#3866=ORIENTED_EDGE('',*,*,#3865,.F.);
#3867=EDGE_LOOP('',(#3809,#3818,#3827,#3836,#3845,#3852,#3853,#3859,#3860,#3866));
#3868=FACE_OUTER_BOUND('',#3867,.T.);
#3869=ADVANCED_FACE('',(#3868),#3808,.T.);
#3870=CARTESIAN_POINT('',(0.0,0.0,-27.0));
#3871=DIRECTION('',(0.0,0.0,1.0));
#3872=DIRECTION('',(-1.0,0.0,0.0));
#3873=AXIS2_PLACEMENT_3D('',#3870,#3871,#3872);
#3874=CYLINDRICAL_SURFACE('',#3873,51.500000000000000);
#3875=ORIENTED_EDGE('',*,*,#1078,.T.);
#3876=CARTESIAN_POINT('',(0.0,0.0,-19.000000000000007));
#3877=DIRECTION('',(0.0,0.0,-1.0));
#3878=DIRECTION('',(-1.0,0.0,0.0));
#3879=AXIS2_PLACEMENT_3D('',#3876,#3877,#3878);
#3880=CIRCLE('',#3879,51.500000000000000);
#3881=EDGE_CURVE('',#644,#989,#3880,.T.);
#3882=ORIENTED_EDGE('',*,*,#3881,.F.);
#3883=ORIENTED_EDGE('',*,*,#735,.F.);
#3884=CARTESIAN_POINT('',(0.0,0.0,-26.0));
#3885=DIRECTION('',(0.0,0.0,1.0));
#3886=DIRECTION('',(1.0,0.0,0.0));
#3887=AXIS2_PLACEMENT_3D('',#3884,#3885,#3886);
#3888=CIRCLE('',#3887,51.500000000000000);
#3889=EDGE_CURVE('',#1059,#723,#3888,.T.);
#3890=ORIENTED_EDGE('',*,*,#3889,.F.);
#3891=EDGE_LOOP('',(#3875,#3882,#3883,#3890));
#3892=FACE_OUTER_BOUND('',#3891,.T.);
#3893=ADVANCED_FACE('',(#3892),#3874,.F.);
#3894=CARTESIAN_POINT('',(0.0,0.0,-26.0));
#3895=DIRECTION('',(0.0,0.0,-1.0));
#3896=DIRECTION('',(-1.0,0.0,0.0));
#3897=AXIS2_PLACEMENT_3D('',#3894,#3895,#3896);
#3898=TOROIDAL_SURFACE('',#3897,52.500000000000000,1.0);
#3899=ORIENTED_EDGE('',*,*,#3835,.T.);
#3900=CARTESIAN_POINT('',(-41.442624021113723,-32.229783031298979,-26.0));
#3901=DIRECTION('',(0.613900629167602,-0.789383314687879,0.0));
#3902=DIRECTION('',(-0.789383314687879,-0.613900629167602,0.0));
#3903=AXIS2_PLACEMENT_3D('',#3900,#3901,#3902);
#3904=CIRCLE('',#3903,0.999999999999998);
#3905=EDGE_CURVE('',#3820,#1059,#3904,.T.);
#3906=ORIENTED_EDGE('',*,*,#3905,.T.);
#3907=ORIENTED_EDGE('',*,*,#3889,.T.);
#3908=CARTESIAN_POINT('',(41.442624021113723,-32.229783031298979,-26.0));
#3909=DIRECTION('',(0.613900629167602,0.789383314687879,0.0));
#3910=DIRECTION('',(0.789383314687879,-0.613900629167602,0.0));
#3911=AXIS2_PLACEMENT_3D('',#3908,#3909,#3910);
#3912=CIRCLE('',#3911,0.999999999999998);
#3913=EDGE_CURVE('',#3829,#723,#3912,.T.);
#3914=ORIENTED_EDGE('',*,*,#3913,.F.);
#3915=EDGE_LOOP('',(#3899,#3906,#3907,#3914));
#3916=FACE_OUTER_BOUND('',#3915,.T.);
#3917=ADVANCED_FACE('',(#3916),#3898,.T.);
#3918=CARTESIAN_POINT('',(-44.008119793849332,-34.224960076093666,-26.0));
#3919=DIRECTION('',(0.0,0.0,-1.0));
#3920=DIRECTION('',(-1.0,0.0,0.0));
#3921=AXIS2_PLACEMENT_3D('',#3918,#3919,#3920);
#3922=TOROIDAL_SURFACE('',#3921,3.249999999999998,1.0);
#3923=ORIENTED_EDGE('',*,*,#3905,.F.);
#3924=ORIENTED_EDGE('',*,*,#3826,.T.);
#3925=CARTESIAN_POINT('',(-46.573615566584962,-36.220137120888353,-26.0));
#3926=DIRECTION('',(-0.613900629167602,0.789383314687879,0.0));
#3927=DIRECTION('',(0.789383314687879,0.613900629167602,0.0));
#3928=AXIS2_PLACEMENT_3D('',#3925,#3926,#3927);
#3929=CIRCLE('',#3928,0.999999999999998);
#3930=EDGE_CURVE('',#3811,#1057,#3929,.T.);
#3931=ORIENTED_EDGE('',*,*,#3930,.T.);
#3932=ORIENTED_EDGE('',*,*,#1065,.T.);
#3933=EDGE_LOOP('',(#3923,#3924,#3931,#3932));
#3934=FACE_OUTER_BOUND('',#3933,.T.);
#3935=ADVANCED_FACE('',(#3934),#3922,.T.);
#3936=CARTESIAN_POINT('',(0.0,0.0,-26.0));
#3937=DIRECTION('',(0.0,0.0,-1.0));
#3938=DIRECTION('',(-1.0,0.0,0.0));
#3939=AXIS2_PLACEMENT_3D('',#3936,#3937,#3938);
#3940=TOROIDAL_SURFACE('',#3939,59.0,1.0);
#3941=ORIENTED_EDGE('',*,*,#3930,.F.);
#3942=ORIENTED_EDGE('',*,*,#3817,.T.);
#3943=ORIENTED_EDGE('',*,*,#1046,.T.);
#3944=ORIENTED_EDGE('',*,*,#2121,.T.);
#3945=EDGE_LOOP('',(#3941,#3942,#3943,#3944));
#3946=FACE_OUTER_BOUND('',#3945,.T.);
#3947=ADVANCED_FACE('',(#3946),#3940,.T.);
#3948=CARTESIAN_POINT('',(0.629320391050064,-0.777145961457267,-26.0));
#3949=DIRECTION('',(0.777145961456977,0.629320391049830,0.0));
#3950=DIRECTION('',(-0.629320391049830,0.777145961456977,0.0));
#3951=AXIS2_PLACEMENT_3D('',#3948,#3949,#3950);
#3952=CYLINDRICAL_SURFACE('',#3951,1.000000000000000);
#3953=ORIENTED_EDGE('',*,*,#1030,.F.);
#3954=ORIENTED_EDGE('',*,*,#3865,.T.);
#3955=ORIENTED_EDGE('',*,*,#2327,.T.);
#3956=ORIENTED_EDGE('',*,*,#2279,.T.);
#3957=EDGE_LOOP('',(#3953,#3954,#3955,#3956));
#3958=FACE_OUTER_BOUND('',#3957,.T.);
#3959=ADVANCED_FACE('',(#3958),#3952,.T.);
#3960=CARTESIAN_POINT('',(0.0,0.0,-19.000000000000007));
#3961=DIRECTION('',(0.0,0.0,1.0));
#3962=DIRECTION('',(1.0,0.0,0.0));
#3963=AXIS2_PLACEMENT_3D('',#3960,#3961,#3962);
#3964=TOROIDAL_SURFACE('',#3963,50.499999999999986,1.0);
#3965=ORIENTED_EDGE('',*,*,#3881,.T.);
#3966=ORIENTED_EDGE('',*,*,#995,.T.);
#3967=ORIENTED_EDGE('',*,*,#3654,.T.);
#3968=ORIENTED_EDGE('',*,*,#659,.F.);
#3969=EDGE_LOOP('',(#3965,#3966,#3967,#3968));
#3970=FACE_OUTER_BOUND('',#3969,.T.);
#3971=ADVANCED_FACE('',(#3970),#3964,.F.);
#3972=CARTESIAN_POINT('',(0.0,0.0,-8.0));
#3973=DIRECTION('',(0.0,0.0,1.0));
#3974=DIRECTION('',(1.0,0.0,0.0));
#3975=AXIS2_PLACEMENT_3D('',#3972,#3973,#3974);
#3976=TOROIDAL_SURFACE('',#3975,50.499999999999986,1.0);
#3977=ORIENTED_EDGE('',*,*,#3578,.T.);
#3978=ORIENTED_EDGE('',*,*,#914,.T.);
#3979=ORIENTED_EDGE('',*,*,#2567,.T.);
#3980=ORIENTED_EDGE('',*,*,#607,.F.);
#3981=EDGE_LOOP('',(#3977,#3978,#3979,#3980));
#3982=FACE_OUTER_BOUND('',#3981,.T.);
#3983=ADVANCED_FACE('',(#3982),#3976,.F.);
#3984=CARTESIAN_POINT('',(0.0,0.0,-10.000000000000004));
#3985=DIRECTION('',(0.0,0.0,1.0));
#3986=DIRECTION('',(1.0,0.0,0.0));
#3987=AXIS2_PLACEMENT_3D('',#3984,#3985,#3986);
#3988=TOROIDAL_SURFACE('',#3987,43.999999999999986,1.0);
#3989=ORIENTED_EDGE('',*,*,#3703,.T.);
#3990=ORIENTED_EDGE('',*,*,#3779,.T.);
#3991=ORIENTED_EDGE('',*,*,#3606,.T.);
#3992=CARTESIAN_POINT('',(38.614479838189695,-18.918825196772680,-9.999999999999996));
#3993=CARTESIAN_POINT('',(38.614479838189695,-18.918825196772680,-9.858352515499362));
#3994=CARTESIAN_POINT('',(38.606838839349102,-19.003992433947076,-9.733312537846585));
#3995=CARTESIAN_POINT('',(38.600161654104852,-19.103078288341170,-9.636128260167913));
#3996=CARTESIAN_POINT('',(38.592118105672668,-19.222440240961706,-9.519057006973631));
#3997=CARTESIAN_POINT('',(38.585037302660609,-19.367149400933759,-9.429686852029535));
#3998=CARTESIAN_POINT('',(38.581860642478546,-19.515425753448383,-9.353961454160665));
#3999=CARTESIAN_POINT('',(38.575769426972030,-19.799744240766138,-9.208758728247313));
#4000=CARTESIAN_POINT('',(38.583357754861972,-20.110095435449097,-9.111138045858059));
#4001=CARTESIAN_POINT('',(38.608086513758167,-20.421239719388694,-9.053870806494983));
#4002=CARTESIAN_POINT('',(38.622941572191813,-20.608150293373484,-9.019469234194348));
#4003=CARTESIAN_POINT('',(38.643810337717220,-20.797071137712372,-9.000000000000004));
#4004=CARTESIAN_POINT('',(38.671357462827388,-20.988713919204841,-9.000000000000004));
#4005=B_SPLINE_CURVE_WITH_KNOTS('',3,(#3992,#3993,#3994,#3995,#3996,#3997,#3998,#3999,#4000,#4001,#4002,#4003,#4004),.UNSPECIFIED.,.F.,.U.,(4,3,3,3,4),(1.430490E-017,0.000417503795318,0.000920442065775,0.001884821387531,0.002464143270890),.UNSPECIFIED.);
#4006=EDGE_CURVE('',#3697,#3591,#4005,.T.);
#4007=ORIENTED_EDGE('',*,*,#4006,.F.);
#4008=EDGE_LOOP('',(#3989,#3990,#3991,#4007));
#4009=FACE_OUTER_BOUND('',#4008,.T.);
#4010=ADVANCED_FACE('',(#4009),#3988,.T.);
#4011=CARTESIAN_POINT('',(0.0,0.0,-17.0));
#4012=DIRECTION('',(0.0,0.0,1.0));
#4013=DIRECTION('',(1.0,0.0,0.0));
#4014=AXIS2_PLACEMENT_3D('',#4011,#4012,#4013);
#4015=TOROIDAL_SURFACE('',#4014,43.999999999999986,1.0);
#4016=ORIENTED_EDGE('',*,*,#3638,.T.);
#4017=ORIENTED_EDGE('',*,*,#1124,.T.);
#4018=ORIENTED_EDGE('',*,*,#1112,.T.);
#4019=ORIENTED_EDGE('',*,*,#3677,.T.);
#4020=ORIENTED_EDGE('',*,*,#816,.F.);
#4021=ORIENTED_EDGE('',*,*,#803,.F.);
#4022=EDGE_LOOP('',(#4016,#4017,#4018,#4019,#4020,#4021));
#4023=FACE_OUTER_BOUND('',#4022,.T.);
#4024=ADVANCED_FACE('',(#4023),#4015,.T.);
#4025=CARTESIAN_POINT('',(0.0,0.0,-10.000000000000004));
#4026=DIRECTION('',(0.0,0.0,1.0));
#4027=DIRECTION('',(1.0,0.0,0.0));
#4028=AXIS2_PLACEMENT_3D('',#4025,#4026,#4027);
#4029=TOROIDAL_SURFACE('',#4028,59.0,1.0);
#4030=ORIENTED_EDGE('',*,*,#3799,.T.);
#4031=ORIENTED_EDGE('',*,*,#2073,.T.);
#4032=CARTESIAN_POINT('',(-49.055489212718925,-32.780466410666222,-10.000000000000004));
#4033=DIRECTION('',(-0.555601125604516,0.831448969707098,5.769336E-015));
#4034=DIRECTION('',(0.831448969707098,0.555601125604516,0.0));
#4035=AXIS2_PLACEMENT_3D('',#4032,#4033,#4034);
#4036=CIRCLE('',#4035,1.000000000000000);
#4037=EDGE_CURVE('',#2049,#917,#4036,.T.);
#4038=ORIENTED_EDGE('',*,*,#4037,.T.);
#4039=ORIENTED_EDGE('',*,*,#3622,.T.);
#4040=EDGE_LOOP('',(#4030,#4031,#4038,#4039));
#4041=FACE_OUTER_BOUND('',#4040,.T.);
#4042=ADVANCED_FACE('',(#4041),#4029,.T.);
#4043=CARTESIAN_POINT('',(-49.886938182426022,-33.336067536270740,-10.000000000000004));
#4044=CARTESIAN_POINT('',(-49.659255010515757,-33.676792077637486,-10.000000000000004));
#4045=CARTESIAN_POINT('',(-49.434860104479924,-34.005090136943096,-9.931165166649972));
#4046=CARTESIAN_POINT('',(-49.212156229233912,-34.324388986105404,-9.814695987864841));
#4047=CARTESIAN_POINT('',(-49.100804291610885,-34.484038410686559,-9.756461398472279));
#4048=CARTESIAN_POINT('',(-48.990535193445965,-34.640466032494707,-9.686213553984914));
#4049=CARTESIAN_POINT('',(-48.882947258028778,-34.791629271547137,-9.607549928901838));
#4050=CARTESIAN_POINT('',(-48.775359322611592,-34.942792510599567,-9.528886303818760));
#4051=CARTESIAN_POINT('',(-48.669816722653593,-35.089604066673992,-9.441458641394899));
#4052=CARTESIAN_POINT('',(-48.565805868116101,-35.232974617259593,-9.347194173285953));
#4053=CARTESIAN_POINT('',(-48.357784159041124,-35.519715718430767,-9.158665237068052));
#4054=CARTESIAN_POINT('',(-48.155758538911044,-35.792918617458568,-8.942581826008142));
#4055=CARTESIAN_POINT('',(-47.956345862584328,-36.058132113410878,-8.713117964571904));
#4056=CARTESIAN_POINT('',(-47.756933186257598,-36.323345609363159,-8.483654103135660));
#4057=CARTESIAN_POINT('',(-47.560105626501567,-36.580588301556489,-8.240753611383067));
#4058=CARTESIAN_POINT('',(-47.362998881272844,-36.834037750055970,-7.999999999999999));
#4059=CARTESIAN_POINT('',(-49.886938182426022,-33.336067536270740,-9.738200612200851));
#4060=CARTESIAN_POINT('',(-49.676313162928452,-33.651264801692513,-9.754763245006618));
#4061=CARTESIAN_POINT('',(-49.463062178240008,-33.963968996014025,-9.708483749716958));
#4062=CARTESIAN_POINT('',(-49.246797472549808,-34.274722544010061,-9.615670881889241));
#4063=CARTESIAN_POINT('',(-49.138665119704697,-34.430099318008082,-9.569264447975376));
#4064=CARTESIAN_POINT('',(-49.030392772146840,-34.584090173080639,-9.511135342813244));
#4065=CARTESIAN_POINT('',(-48.923738158333592,-34.734317226381215,-9.444392581408803));
#4066=CARTESIAN_POINT('',(-48.817083544520301,-34.884544279681805,-9.377649820004365));
#4067=CARTESIAN_POINT('',(-48.711428554657928,-35.031897573439068,-9.302017628382341));
#4068=CARTESIAN_POINT('',(-48.606448477852453,-35.176952066910928,-9.219309979391055));
#4069=CARTESIAN_POINT('',(-48.396488324241517,-35.467061053854607,-9.053894681408474));
#4070=CARTESIAN_POINT('',(-48.189074233757587,-35.748211700024683,-8.859927151861504));
#4071=CARTESIAN_POINT('',(-47.982333770885639,-36.023568894361574,-8.651627666105807));
#4072=CARTESIAN_POINT('',(-47.775593308013768,-36.298926088698472,-8.443328180350109));
#4073=CARTESIAN_POINT('',(-47.569497678678083,-36.568511543647233,-8.220690810434480));
#4074=CARTESIAN_POINT('',(-47.362998881272844,-36.834037750055970,-7.999999999999999));
#4075=CARTESIAN_POINT('',(-49.797330352470262,-33.276188682606460,-9.478013341236720));
#4076=CARTESIAN_POINT('',(-49.615894666402909,-33.573307202972543,-9.510634671017204));
#4077=CARTESIAN_POINT('',(-49.425404140707236,-33.877660452717549,-9.486538699245314));
#4078=CARTESIAN_POINT('',(-49.226446236967845,-34.186883305637735,-9.417139752969712));
#4079=CARTESIAN_POINT('',(-49.126967285098132,-34.341494732097829,-9.382440279831917));
#4080=CARTESIAN_POINT('',(-49.025895676435738,-34.496468688982198,-9.336340022277019));
#4081=CARTESIAN_POINT('',(-48.925007709147977,-34.648991119763814,-9.281451793895794));
#4082=CARTESIAN_POINT('',(-48.824119741860216,-34.801513550545437,-9.226563565514576));
#4083=CARTESIAN_POINT('',(-48.722845899004611,-34.952471493984376,-9.162683235330489));
#4084=CARTESIAN_POINT('',(-48.620994596589640,-35.102048472854065,-9.091502277579645));
#4085=CARTESIAN_POINT('',(-48.417291991759669,-35.401202430593443,-8.949140362077950));
#4086=CARTESIAN_POINT('',(-48.211100105187953,-35.695080950961554,-8.777279477080382));
#4087=CARTESIAN_POINT('',(-48.001516906745948,-35.983891528409728,-8.590140012153443));
#4088=CARTESIAN_POINT('',(-47.791933708303930,-36.272702105857903,-8.403000547226508));
#4089=CARTESIAN_POINT('',(-47.578889730854563,-36.556434785737956,-8.200628009485893));
#4090=CARTESIAN_POINT('',(-47.362998881272844,-36.834037750055970,-7.999999999999999));
#4091=CARTESIAN_POINT('',(-49.643412417409387,-33.173335734216053,-9.292893218813454));
#4092=CARTESIAN_POINT('',(-49.492126560411052,-33.462969992374198,-9.328027868727233));
#4093=CARTESIAN_POINT('',(-49.329479136533337,-33.764911272873590,-9.312645600288025));
#4094=CARTESIAN_POINT('',(-49.154847209041002,-34.077033946391154,-9.255632906394949));
#4095=CARTESIAN_POINT('',(-49.067531245294830,-34.233095283149936,-9.227126559448411));
#4096=CARTESIAN_POINT('',(-48.977637175494344,-34.390849638114290,-9.188144390145183));
#4097=CARTESIAN_POINT('',(-48.886582928562923,-34.547277010807377,-9.140928968753663));
#4098=CARTESIAN_POINT('',(-48.795528681631524,-34.703704383500465,-9.093713547362135));
#4099=CARTESIAN_POINT('',(-48.702813082396510,-34.859700622475344,-9.038097805590828));
#4100=CARTESIAN_POINT('',(-48.608098550365710,-35.015193231032995,-8.975594668330311));
#4101=CARTESIAN_POINT('',(-48.418669486304069,-35.326178448148333,-8.850588393809273));
#4102=CARTESIAN_POINT('',(-48.220966987188845,-35.635515243299842,-8.697728799894090));
#4103=CARTESIAN_POINT('',(-48.013411142009033,-35.940101360182183,-8.530206777396046));
#4104=CARTESIAN_POINT('',(-47.805855296829222,-36.244687477064502,-8.362684754898002));
#4105=CARTESIAN_POINT('',(-47.588281783031050,-36.544358027828700,-8.180565208537303));
#4106=CARTESIAN_POINT('',(-47.362998881272844,-36.834037750055970,-7.999999999999999));
#4107=CARTESIAN_POINT('',(-49.489494482348526,-33.070482785825646,-9.107773096390183));
#4108=CARTESIAN_POINT('',(-49.368358454419209,-33.352632781775846,-9.145421066437262));
#4109=CARTESIAN_POINT('',(-49.233554132359458,-33.652162093029609,-9.138752501330739));
#4110=CARTESIAN_POINT('',(-49.083248181114165,-33.967184587144558,-9.094126059820180));
#4111=CARTESIAN_POINT('',(-49.008095205491500,-34.124695834202036,-9.071812839064901));
#4112=CARTESIAN_POINT('',(-48.929378674552950,-34.285230587246396,-9.039948758013345));
#4113=CARTESIAN_POINT('',(-48.848158147977891,-34.445562901850948,-9.000406143611519));
#4114=CARTESIAN_POINT('',(-48.766937621402811,-34.605895216455487,-8.960863529209693));
#4115=CARTESIAN_POINT('',(-48.682780265788409,-34.766929750966312,-8.913512375851166));
#4116=CARTESIAN_POINT('',(-48.595202504141774,-34.928337989211954,-8.859687059080979));
#4117=CARTESIAN_POINT('',(-48.420046980848440,-35.251154465703237,-8.752036425540599));
#4118=CARTESIAN_POINT('',(-48.230833869189766,-35.575949535638131,-8.618178122707805));
#4119=CARTESIAN_POINT('',(-48.025305377272119,-35.896311191954609,-8.470273542638648));
#4120=CARTESIAN_POINT('',(-47.819776885354486,-36.216672848271102,-8.322368962569495));
#4121=CARTESIAN_POINT('',(-47.597673835207559,-36.532281269919430,-8.160502407588711));
#4122=CARTESIAN_POINT('',(-47.362998881272844,-36.834037750055970,-7.999999999999999));
#4123=CARTESIAN_POINT('',(-49.273162043974494,-32.925922445210006,-9.000000000000004));
#4124=CARTESIAN_POINT('',(-49.182292398891619,-33.210959011034674,-9.026016522773352));
#4125=CARTESIAN_POINT('',(-49.079970483696101,-33.513734713817080,-9.014072654045313));
#4126=CARTESIAN_POINT('',(-48.960756776073708,-33.835870395647746,-8.970445210290595));
#4127=CARTESIAN_POINT('',(-48.901149922262483,-33.996938236563103,-8.948631488413238));
#4128=CARTESIAN_POINT('',(-48.837510666155090,-34.161957322041488,-8.918833218889308));
#4129=CARTESIAN_POINT('',(-48.770141038996542,-34.327730802366077,-8.882674314855253));
#4130=CARTESIAN_POINT('',(-48.702771411837993,-34.493504282690658,-8.846515410821192));
#4131=CARTESIAN_POINT('',(-48.631325935047769,-34.660956600880404,-8.803867029724675));
#4132=CARTESIAN_POINT('',(-48.554879720124262,-34.829635002043517,-8.755818199318451));
#4133=CARTESIAN_POINT('',(-48.401987290277262,-35.166991804369744,-8.659720538506008));
#4134=CARTESIAN_POINT('',(-48.228539580460684,-35.509958899041038,-8.541738000409312));
#4135=CARTESIAN_POINT('',(-48.029909688867072,-35.848411988019521,-8.411899882174378));
#4136=CARTESIAN_POINT('',(-47.831279797273410,-36.186865076998011,-8.282061763939442));
#4137=CARTESIAN_POINT('',(-47.607065887384067,-36.520204512010167,-8.140439606640125));
#4138=CARTESIAN_POINT('',(-47.362998881272844,-36.834037750055970,-7.999999999999999));
#4139=CARTESIAN_POINT('',(-49.055489212718925,-32.780466410666222,-9.000000000000004));
#4140=CARTESIAN_POINT('',(-48.979384006868365,-33.073218502648452,-9.000000000000004));
#4141=CARTESIAN_POINT('',(-48.900984293518391,-33.379384282703334,-8.965582583324979));
#4142=CARTESIAN_POINT('',(-48.809911768799523,-33.707253565155867,-8.907347993932417));
#4143=CARTESIAN_POINT('',(-48.764375506440089,-33.871188206382143,-8.878230699236136));
#4144=CARTESIAN_POINT('',(-48.715747666684607,-34.039634384986961,-8.843106776992457));
#4145=CARTESIAN_POINT('',(-48.663161777502424,-34.209835856648766,-8.803774964450916));
#4146=CARTESIAN_POINT('',(-48.610575888320291,-34.380037328310564,-8.764443151909379));
#4147=CARTESIAN_POINT('',(-48.553763048909779,-34.552938177303396,-8.720729320697453));
#4148=CARTESIAN_POINT('',(-48.490860493762185,-34.728215367808779,-8.673597086642976));
#4149=CARTESIAN_POINT('',(-48.365055383467059,-35.078769748819532,-8.579332618534025));
#4150=CARTESIAN_POINT('',(-48.214066825646718,-35.439991031229127,-8.471290913004070));
#4151=CARTESIAN_POINT('',(-48.027107876976530,-35.797612588967517,-8.356558982285950));
#4152=CARTESIAN_POINT('',(-47.840148928306341,-36.155234146705908,-8.241827051567832));
#4153=CARTESIAN_POINT('',(-47.616457939560561,-36.508127754100897,-8.120376805691539));
#4154=CARTESIAN_POINT('',(-47.362998881272844,-36.834037750055970,-7.999999999999999));
#4155=B_SPLINE_SURFACE_WITH_KNOTS('',3,3,((#4043,#4059,#4075,#4091,#4107,#4123,#4139),(#4044,#4060,#4076,#4092,#4108,#4124,#4140),(#4045,#4061,#4077,#4093,#4109,#4125,#4141),(#4046,#4062,#4078,#4094,#4110,#4126,#4142),(#4047,#4063,#4079,#4095,#4111,#4127,#4143),(#4048,#4064,#4080,#4096,#4112,#4128,#4144),(#4049,#4065,#4081,#4097,#4113,#4129,#4145),(#4050,#4066,#4082,#4098,#4114,#4130,#4146),(#4051,#4067,#4083,#4099,#4115,#4131,#4147),(#4052,#4068,#4084,#4100,#4116,#4132,#4148),(#4053,#4069,#4085,#4101,#4117,#4133,#4149),(#4054,#4070,#4086,#4102,#4118,#4134,#4150),(#4055,#4071,#4087,#4103,#4119,#4135,#4151),(#4056,#4072,#4088,#4104,#4120,#4136,#4152),(#4057,#4073,#4089,#4105,#4121,#4137,#4153),(#4058,#4074,#4090,#4106,#4122,#4138,#4154)),.UNSPECIFIED.,.F.,.F.,.U.,(4,3,3,3,3,4),(4,3,4),(-6.071532E-018,0.001191126083258,0.001786689124887,0.002382252166516,0.003573378249773,0.004764504333031),(0.0,0.500000000000000,1.0),.UNSPECIFIED.);
#4156=ORIENTED_EDGE('',*,*,#4037,.F.);
#4157=ORIENTED_EDGE('',*,*,#2064,.T.);
#4158=ORIENTED_EDGE('',*,*,#943,.T.);
#4159=ORIENTED_EDGE('',*,*,#934,.T.);
#4160=EDGE_LOOP('',(#4156,#4157,#4158,#4159));
#4161=FACE_OUTER_BOUND('',#4160,.T.);
#4162=ADVANCED_FACE('',(#4161),#4155,.T.);
#4163=CARTESIAN_POINT('',(0.0,0.0,-17.0));
#4164=DIRECTION('',(0.0,0.0,1.0));
#4165=DIRECTION('',(1.0,0.0,0.0));
#4166=AXIS2_PLACEMENT_3D('',#4163,#4164,#4165);
#4167=TOROIDAL_SURFACE('',#4166,59.0,1.0);
#4168=ORIENTED_EDGE('',*,*,#1152,.T.);
#4169=ORIENTED_EDGE('',*,*,#3662,.T.);
#4170=CARTESIAN_POINT('',(-49.055489212718925,-32.780466410666222,-17.0));
#4171=DIRECTION('',(-0.555601125604513,0.831448969707100,0.0));
#4172=DIRECTION('',(0.831448969707100,0.555601125604513,0.0));
#4173=AXIS2_PLACEMENT_3D('',#4170,#4171,#4172);
#4174=CIRCLE('',#4173,1.000000000000000);
#4175=EDGE_CURVE('',#969,#2091,#4174,.T.);
#4176=ORIENTED_EDGE('',*,*,#4175,.T.);
#4177=ORIENTED_EDGE('',*,*,#2097,.T.);
#4178=EDGE_LOOP('',(#4168,#4169,#4176,#4177));
#4179=FACE_OUTER_BOUND('',#4178,.T.);
#4180=ADVANCED_FACE('',(#4179),#4167,.T.);
#4181=CARTESIAN_POINT('',(-49.055489212718925,-32.780466410666222,-18.000000000000007));
#4182=CARTESIAN_POINT('',(-48.979384006868365,-33.073218502648452,-18.000000000000007));
#4183=CARTESIAN_POINT('',(-48.900984293518391,-33.379384282703334,-18.034417416675023));
#4184=CARTESIAN_POINT('',(-48.809911768799523,-33.707253565155867,-18.092652006067588));
#4185=CARTESIAN_POINT('',(-48.764375506440089,-33.871188206382143,-18.121769300763866));
#4186=CARTESIAN_POINT('',(-48.715747666684607,-34.039634384986961,-18.156893223007550));
#4187=CARTESIAN_POINT('',(-48.663161777502424,-34.209835856648766,-18.196225035549080));
#4188=CARTESIAN_POINT('',(-48.610575888320291,-34.380037328310564,-18.235556848090624));
#4189=CARTESIAN_POINT('',(-48.553763048909779,-34.552938177303396,-18.279270679302549));
#4190=CARTESIAN_POINT('',(-48.490860493762185,-34.728215367808779,-18.326402913357029));
#4191=CARTESIAN_POINT('',(-48.365055383467059,-35.078769748819532,-18.420667381465982));
#4192=CARTESIAN_POINT('',(-48.214066825646718,-35.439991031229134,-18.528709086995928));
#4193=CARTESIAN_POINT('',(-48.027107876976530,-35.797612588967517,-18.643441017714046));
#4194=CARTESIAN_POINT('',(-47.840148928306341,-36.155234146705908,-18.758172948432168));
#4195=CARTESIAN_POINT('',(-47.616457939560661,-36.508127754100734,-18.879623194308557));
#4196=CARTESIAN_POINT('',(-47.362998881272844,-36.834037750055970,-19.000000000000007));
#4197=CARTESIAN_POINT('',(-49.273162043974494,-32.925922445210006,-18.000000000000007));
#4198=CARTESIAN_POINT('',(-49.182292398891619,-33.210959011034674,-17.973983477226653));
#4199=CARTESIAN_POINT('',(-49.079970483696101,-33.513734713817080,-17.985927345954693));
#4200=CARTESIAN_POINT('',(-48.960756776073708,-33.835870395647746,-18.029554789709412));
#4201=CARTESIAN_POINT('',(-48.901149922262483,-33.996938236563103,-18.051368511586766));
#4202=CARTESIAN_POINT('',(-48.837510666155090,-34.161957322041488,-18.081166781110696));
#4203=CARTESIAN_POINT('',(-48.770141038996542,-34.327730802366077,-18.117325685144756));
#4204=CARTESIAN_POINT('',(-48.702771411837993,-34.493504282690658,-18.153484589178809));
#4205=CARTESIAN_POINT('',(-48.631325935047769,-34.660956600880404,-18.196132970275329));
#4206=CARTESIAN_POINT('',(-48.554879720124262,-34.829635002043517,-18.244181800681552));
#4207=CARTESIAN_POINT('',(-48.401987290277262,-35.166991804369744,-18.340279461493999));
#4208=CARTESIAN_POINT('',(-48.228539580460684,-35.509958899041052,-18.458261999590690));
#4209=CARTESIAN_POINT('',(-48.029909688867072,-35.848411988019535,-18.588100117825629));
#4210=CARTESIAN_POINT('',(-47.831279797273410,-36.186865076998018,-18.717938236060569));
#4211=CARTESIAN_POINT('',(-47.607065887384159,-36.520204512010025,-18.859560393359985));
#4212=CARTESIAN_POINT('',(-47.362998881272844,-36.834037750055970,-19.000000000000007));
#4213=CARTESIAN_POINT('',(-49.489494482348526,-33.070482785825639,-17.892226903609824));
#4214=CARTESIAN_POINT('',(-49.368358454419209,-33.352632781775846,-17.854578933562749));
#4215=CARTESIAN_POINT('',(-49.233554132359458,-33.652162093029609,-17.861247498669265));
#4216=CARTESIAN_POINT('',(-49.083248181114165,-33.967184587144558,-17.905873940179831));
#4217=CARTESIAN_POINT('',(-49.008095205491500,-34.124695834202036,-17.928187160935103));
#4218=CARTESIAN_POINT('',(-48.929378674552950,-34.285230587246396,-17.960051241986655));
#4219=CARTESIAN_POINT('',(-48.848158147977891,-34.445562901850948,-17.999593856388486));
#4220=CARTESIAN_POINT('',(-48.766937621402811,-34.605895216455487,-18.039136470790304));
#4221=CARTESIAN_POINT('',(-48.682780265788409,-34.766929750966312,-18.086487624148837));
#4222=CARTESIAN_POINT('',(-48.595202504141774,-34.928337989211954,-18.140312940919024));
#4223=CARTESIAN_POINT('',(-48.420046980848440,-35.251154465703237,-18.247963574459398));
#4224=CARTESIAN_POINT('',(-48.230833869189766,-35.575949535638131,-18.381821877292197));
#4225=CARTESIAN_POINT('',(-48.025305377272119,-35.896311191954617,-18.529726457361345));
#4226=CARTESIAN_POINT('',(-47.819776885354486,-36.216672848271102,-18.677631037430508));
#4227=CARTESIAN_POINT('',(-47.597673835207658,-36.532281269919288,-18.839497592411401));
#4228=CARTESIAN_POINT('',(-47.362998881272844,-36.834037750055970,-19.000000000000007));
#4229=CARTESIAN_POINT('',(-49.643412417409401,-33.173335734216053,-17.707106781186550));
#4230=CARTESIAN_POINT('',(-49.492126560411059,-33.462969992374191,-17.671972131272771));
#4231=CARTESIAN_POINT('',(-49.329479136533337,-33.764911272873590,-17.687354399711978));
#4232=CARTESIAN_POINT('',(-49.154847209041002,-34.077033946391154,-17.744367093605057));
#4233=CARTESIAN_POINT('',(-49.067531245294830,-34.233095283149936,-17.772873440551599));
#4234=CARTESIAN_POINT('',(-48.977637175494344,-34.390849638114290,-17.811855609854824));
#4235=CARTESIAN_POINT('',(-48.886582928562923,-34.547277010807377,-17.859071031246341));
#4236=CARTESIAN_POINT('',(-48.795528681631524,-34.703704383500465,-17.906286452637865));
#4237=CARTESIAN_POINT('',(-48.702813082396510,-34.859700622475344,-17.961902194409170));
#4238=CARTESIAN_POINT('',(-48.608098550365710,-35.015193231032995,-18.024405331669691));
#4239=CARTESIAN_POINT('',(-48.418669486304069,-35.326178448148333,-18.149411606190728));
#4240=CARTESIAN_POINT('',(-48.220966987188845,-35.635515243299842,-18.302271200105913));
#4241=CARTESIAN_POINT('',(-48.013411142009033,-35.940101360182183,-18.469793222603954));
#4242=CARTESIAN_POINT('',(-47.805855296829222,-36.244687477064510,-18.637315245101998));
#4243=CARTESIAN_POINT('',(-47.588281783031178,-36.544358027828579,-18.819434791462839));
#4244=CARTESIAN_POINT('',(-47.362998881272844,-36.834037750055970,-19.000000000000007));
#4245=CARTESIAN_POINT('',(-49.797330352470297,-33.276188682606453,-17.521986658763282));
#4246=CARTESIAN_POINT('',(-49.615894666402923,-33.573307202972543,-17.489365328982799));
#4247=CARTESIAN_POINT('',(-49.425404140707236,-33.877660452717549,-17.513461300754692));
#4248=CARTESIAN_POINT('',(-49.226446236967845,-34.186883305637735,-17.582860247030293));
#4249=CARTESIAN_POINT('',(-49.126967285098132,-34.341494732097829,-17.617559720168089));
#4250=CARTESIAN_POINT('',(-49.025895676435738,-34.496468688982198,-17.663659977722979));
#4251=CARTESIAN_POINT('',(-48.925007709147977,-34.648991119763814,-17.718548206104202));
#4252=CARTESIAN_POINT('',(-48.824119741860216,-34.801513550545437,-17.773436434485422));
#4253=CARTESIAN_POINT('',(-48.722845899004611,-34.952471493984376,-17.837316764669509));
#4254=CARTESIAN_POINT('',(-48.620994596589640,-35.102048472854065,-17.908497722420357));
#4255=CARTESIAN_POINT('',(-48.417291991759669,-35.401202430593443,-18.050859637922049));
#4256=CARTESIAN_POINT('',(-48.211100105187953,-35.695080950961554,-18.222720522919627));
#4257=CARTESIAN_POINT('',(-48.001516906745948,-35.983891528409728,-18.409859987846563));
#4258=CARTESIAN_POINT('',(-47.791933708303930,-36.272702105857924,-18.596999452773488));
#4259=CARTESIAN_POINT('',(-47.578889730854641,-36.556434785737849,-18.799371990514270));
#4260=CARTESIAN_POINT('',(-47.362998881272844,-36.834037750055970,-19.000000000000007));
#4261=CARTESIAN_POINT('',(-49.886938182426036,-33.336067536270740,-17.261799387799151));
#4262=CARTESIAN_POINT('',(-49.676313162928466,-33.651264801692513,-17.245236754993389));
#4263=CARTESIAN_POINT('',(-49.463062178240008,-33.963968996014025,-17.291516250283046));
#4264=CARTESIAN_POINT('',(-49.246797472549808,-34.274722544010061,-17.384329118110770));
#4265=CARTESIAN_POINT('',(-49.138665119704697,-34.430099318008082,-17.430735552024629));
#4266=CARTESIAN_POINT('',(-49.030392772146840,-34.584090173080639,-17.488864657186770));
#4267=CARTESIAN_POINT('',(-48.923738158333592,-34.734317226381215,-17.555607418591201));
#4268=CARTESIAN_POINT('',(-48.817083544520301,-34.884544279681805,-17.622350179995635));
#4269=CARTESIAN_POINT('',(-48.711428554657928,-35.031897573439068,-17.697982371617663));
#4270=CARTESIAN_POINT('',(-48.606448477852453,-35.176952066910928,-17.780690020608944));
#4271=CARTESIAN_POINT('',(-48.396488324241517,-35.467061053854607,-17.946105318591528));
#4272=CARTESIAN_POINT('',(-48.189074233757566,-35.748211700024683,-18.140072848138502));
#4273=CARTESIAN_POINT('',(-47.982333770885639,-36.023568894361574,-18.348372333894194));
#4274=CARTESIAN_POINT('',(-47.775593308013768,-36.298926088698487,-18.556671819649885));
#4275=CARTESIAN_POINT('',(-47.569497678678168,-36.568511543647112,-18.779309189565691));
#4276=CARTESIAN_POINT('',(-47.362998881272844,-36.834037750055970,-19.000000000000007));
#4277=CARTESIAN_POINT('',(-49.886938182426036,-33.336067536270740,-17.0));
#4278=CARTESIAN_POINT('',(-49.659255010515764,-33.676792077637486,-17.0));
#4279=CARTESIAN_POINT('',(-49.434860104479924,-34.005090136943096,-17.068834833350031));
#4280=CARTESIAN_POINT('',(-49.212156229233912,-34.324388986105404,-17.185304012135166));
#4281=CARTESIAN_POINT('',(-49.100804291610885,-34.484038410686559,-17.243538601527728));
#4282=CARTESIAN_POINT('',(-48.990535193445965,-34.640466032494707,-17.313786446015087));
#4283=CARTESIAN_POINT('',(-48.882947258028778,-34.791629271547137,-17.392450071098175));
#4284=CARTESIAN_POINT('',(-48.775359322611592,-34.942792510599567,-17.471113696181241));
#4285=CARTESIAN_POINT('',(-48.669816722653593,-35.089604066673992,-17.558541358605105));
#4286=CARTESIAN_POINT('',(-48.565805868116101,-35.232974617259593,-17.652805826714047));
#4287=CARTESIAN_POINT('',(-48.357784159041124,-35.519715718430767,-17.841334762931950));
#4288=CARTESIAN_POINT('',(-48.155758538911044,-35.792918617458575,-18.057418173991863));
#4289=CARTESIAN_POINT('',(-47.956345862584328,-36.058132113410878,-18.286882035428100));
#4290=CARTESIAN_POINT('',(-47.756933186257598,-36.323345609363166,-18.516345896864337));
#4291=CARTESIAN_POINT('',(-47.560105626501645,-36.580588301556396,-18.759246388617122));
#4292=CARTESIAN_POINT('',(-47.362998881272844,-36.834037750055970,-19.000000000000007));
#4293=B_SPLINE_SURFACE_WITH_KNOTS('',3,3,((#4181,#4197,#4213,#4229,#4245,#4261,#4277),(#4182,#4198,#4214,#4230,#4246,#4262,#4278),(#4183,#4199,#4215,#4231,#4247,#4263,#4279),(#4184,#4200,#4216,#4232,#4248,#4264,#4280),(#4185,#4201,#4217,#4233,#4249,#4265,#4281),(#4186,#4202,#4218,#4234,#4250,#4266,#4282),(#4187,#4203,#4219,#4235,#4251,#4267,#4283),(#4188,#4204,#4220,#4236,#4252,#4268,#4284),(#4189,#4205,#4221,#4237,#4253,#4269,#4285),(#4190,#4206,#4222,#4238,#4254,#4270,#4286),(#4191,#4207,#4223,#4239,#4255,#4271,#4287),(#4192,#4208,#4224,#4240,#4256,#4272,#4288),(#4193,#4209,#4225,#4241,#4257,#4273,#4289),(#4194,#4210,#4226,#4242,#4258,#4274,#4290),(#4195,#4211,#4227,#4243,#4259,#4275,#4291),(#4196,#4212,#4228,#4244,#4260,#4276,#4292)),.UNSPECIFIED.,.F.,.F.,.U.,(4,3,3,3,3,4),(4,3,4),(0.0,0.001191126083258,0.001786689124887,0.002382252166516,0.003573378249773,0.004764504333031),(0.0,0.500000000000000,1.0),.UNSPECIFIED.);
#4294=ORIENTED_EDGE('',*,*,#2113,.T.);
#4295=ORIENTED_EDGE('',*,*,#4175,.F.);
#4296=ORIENTED_EDGE('',*,*,#977,.T.);
#4297=ORIENTED_EDGE('',*,*,#966,.T.);
#4298=EDGE_LOOP('',(#4294,#4295,#4296,#4297));
#4299=FACE_OUTER_BOUND('',#4298,.T.);
#4300=ADVANCED_FACE('',(#4299),#4293,.T.);
#4301=CARTESIAN_POINT('',(47.579795924331300,-19.708196766802001,-17.0));
#4302=DIRECTION('',(0.0,0.0,-1.0));
#4303=DIRECTION('',(-1.0,0.0,0.0));
#4304=AXIS2_PLACEMENT_3D('',#4301,#4302,#4303);
#4305=PLANE('',#4304);
#4306=ORIENTED_EDGE('',*,*,#3087,.T.);
#4307=ORIENTED_EDGE('',*,*,#761,.T.);
#4308=ORIENTED_EDGE('',*,*,#3718,.T.);
#4309=ORIENTED_EDGE('',*,*,#835,.T.);
#4310=EDGE_LOOP('',(#4306,#4307,#4308,#4309));
#4311=FACE_OUTER_BOUND('',#4310,.T.);
#4312=ORIENTED_EDGE('',*,*,#550,.F.);
#4313=EDGE_LOOP('',(#4312));
#4314=FACE_BOUND('',#4313,.T.);
#4315=ADVANCED_FACE('',(#4311,#4314),#4305,.T.);
#4316=CARTESIAN_POINT('',(47.579795924331300,-19.708196766802001,-9.999999999999996));
#4317=DIRECTION('',(0.0,0.0,1.0));
#4318=DIRECTION('',(1.0,0.0,0.0));
#4319=AXIS2_PLACEMENT_3D('',#4316,#4317,#4318);
#4320=PLANE('',#4319);
#4321=ORIENTED_EDGE('',*,*,#3097,.T.);
#4322=ORIENTED_EDGE('',*,*,#852,.T.);
#4323=ORIENTED_EDGE('',*,*,#3710,.T.);
#4324=CARTESIAN_POINT('',(47.579795924331300,-19.708196766802001,-9.999999999999996));
#4325=DIRECTION('',(0.0,0.0,-1.0));
#4326=DIRECTION('',(-1.0,0.0,0.0));
#4327=AXIS2_PLACEMENT_3D('',#4324,#4325,#4326);
#4328=CIRCLE('',#4327,9.000000000000004);
#4329=EDGE_CURVE('',#3091,#3697,#4328,.T.);
#4330=ORIENTED_EDGE('',*,*,#4329,.F.);
#4331=EDGE_LOOP('',(#4321,#4322,#4323,#4330));
#4332=FACE_OUTER_BOUND('',#4331,.T.);
#4333=ORIENTED_EDGE('',*,*,#539,.F.);
#4334=EDGE_LOOP('',(#4333));
#4335=FACE_BOUND('',#4334,.T.);
#4336=ADVANCED_FACE('',(#4332,#4335),#4320,.T.);
#4337=CARTESIAN_POINT('',(47.579795924331300,-19.708196766802001,-9.999999999999996));
#4338=DIRECTION('',(0.0,0.0,1.0));
#4339=DIRECTION('',(1.0,0.0,0.0));
#4340=AXIS2_PLACEMENT_3D('',#4337,#4338,#4339);
#4341=CYLINDRICAL_SURFACE('',#4340,9.000000000000004);
#4342=ORIENTED_EDGE('',*,*,#3597,.F.);
#4343=CARTESIAN_POINT('',(52.251223950750749,-27.400905015135805,-9.000000000000004));
#4344=CARTESIAN_POINT('',(52.575167393092933,-27.204189056765770,-9.000000000000009));
#4345=CARTESIAN_POINT('',(52.878293407371750,-26.992307951338386,-9.053063674781917));
#4346=CARTESIAN_POINT('',(53.163610585577601,-26.766596998359500,-9.146806449781296));
#4347=CARTESIAN_POINT('',(53.371171852813752,-26.602397801788246,-9.215002025299944));
#4348=CARTESIAN_POINT('',(53.570130395843002,-26.429479015633159,-9.304851360147078));
#4349=CARTESIAN_POINT('',(53.748117541323879,-26.261959688158107,-9.429055281007491));
#4350=CARTESIAN_POINT('',(53.837111114064321,-26.178200024420580,-9.491157241437698));
#4351=CARTESIAN_POINT('',(53.922060505786362,-26.094625187144665,-9.562078812258491));
#4352=CARTESIAN_POINT('',(53.994909215172854,-26.020591040424975,-9.652407668657837));
#4353=CARTESIAN_POINT('',(54.050265750074267,-25.964333711210781,-9.721047079485922));
#4354=CARTESIAN_POINT('',(54.099977904887545,-25.912087376184815,-9.802245310510832));
#4355=CARTESIAN_POINT('',(54.122036194335180,-25.888738187222998,-9.901930103740567));
#4356=CARTESIAN_POINT('',(54.129006418330370,-25.881360050420678,-9.933429615041062));
#4357=CARTESIAN_POINT('',(54.132875781272013,-25.877244050504565,-9.966411739801730));
#4358=CARTESIAN_POINT('',(54.132875781272013,-25.877244050504565,-9.999999999999996));
#4359=B_SPLINE_CURVE_WITH_KNOTS('',3,(#4343,#4344,#4345,#4346,#4347,#4348,#4349,#4350,#4351,#4352,#4353,#4354,#4355,#4356,#4357,#4358),.UNSPECIFIED.,.F.,.U.,(4,3,3,3,3,4),(7.757919E-018,0.001120307962499,0.001935304598359,0.002342802916289,0.002652454179143,0.002750301234220),.UNSPECIFIED.);
#4360=EDGE_CURVE('',#3582,#3091,#4359,.T.);
#4361=ORIENTED_EDGE('',*,*,#4360,.T.);
#4362=ORIENTED_EDGE('',*,*,#4329,.T.);
#4363=ORIENTED_EDGE('',*,*,#4006,.T.);
#4364=EDGE_LOOP('',(#4342,#4361,#4362,#4363));
#4365=FACE_OUTER_BOUND('',#4364,.T.);
#4366=ADVANCED_FACE('',(#4365),#4341,.F.);
#4367=CARTESIAN_POINT('',(44.008119793849332,-34.224960076093694,-26.0));
#4368=DIRECTION('',(0.0,0.0,-1.0));
#4369=DIRECTION('',(-1.0,0.0,0.0));
#4370=AXIS2_PLACEMENT_3D('',#4367,#4368,#4369);
#4371=TOROIDAL_SURFACE('',#4370,3.249999999999998,1.0);
#4372=ORIENTED_EDGE('',*,*,#3913,.T.);
#4373=ORIENTED_EDGE('',*,*,#729,.F.);
#4374=CARTESIAN_POINT('',(46.573615566584941,-36.220137120888367,-26.0));
#4375=DIRECTION('',(-0.613900629167602,-0.789383314687879,0.0));
#4376=DIRECTION('',(-0.789383314687879,0.613900629167602,0.0));
#4377=AXIS2_PLACEMENT_3D('',#4374,#4375,#4376);
#4378=CIRCLE('',#4377,0.999999999999998);
#4379=EDGE_CURVE('',#3838,#721,#4378,.T.);
#4380=ORIENTED_EDGE('',*,*,#4379,.F.);
#4381=ORIENTED_EDGE('',*,*,#3844,.F.);
#4382=EDGE_LOOP('',(#4372,#4373,#4380,#4381));
#4383=FACE_OUTER_BOUND('',#4382,.T.);
#4384=ADVANCED_FACE('',(#4383),#4371,.T.);
#4385=CARTESIAN_POINT('',(0.0,0.0,-26.0));
#4386=DIRECTION('',(0.0,0.0,-1.0));
#4387=DIRECTION('',(-1.0,0.0,0.0));
#4388=AXIS2_PLACEMENT_3D('',#4385,#4386,#4387);
#4389=TOROIDAL_SURFACE('',#4388,59.0,1.0);
#4390=ORIENTED_EDGE('',*,*,#4379,.T.);
#4391=ORIENTED_EDGE('',*,*,#3054,.F.);
#4392=ORIENTED_EDGE('',*,*,#694,.F.);
#4393=ORIENTED_EDGE('',*,*,#3851,.F.);
#4394=EDGE_LOOP('',(#4390,#4391,#4392,#4393));
#4395=FACE_OUTER_BOUND('',#4394,.T.);
#4396=ADVANCED_FACE('',(#4395),#4389,.T.);
#4397=CARTESIAN_POINT('',(-0.629320391050064,-0.777145961457266,-26.0));
#4398=DIRECTION('',(-0.777145961456977,0.629320391049830,0.0));
#4399=DIRECTION('',(0.629320391049830,0.777145961456977,0.0));
#4400=AXIS2_PLACEMENT_3D('',#4397,#4398,#4399);
#4401=CYLINDRICAL_SURFACE('',#4400,1.0);
#4402=ORIENTED_EDGE('',*,*,#710,.T.);
#4403=ORIENTED_EDGE('',*,*,#3171,.F.);
#4404=ORIENTED_EDGE('',*,*,#2351,.F.);
#4405=ORIENTED_EDGE('',*,*,#3858,.F.);
#4406=EDGE_LOOP('',(#4402,#4403,#4404,#4405));
#4407=FACE_OUTER_BOUND('',#4406,.T.);
#4408=ADVANCED_FACE('',(#4407),#4401,.T.);
#4409=CARTESIAN_POINT('',(0.0,0.0,-10.000000000000004));
#4410=DIRECTION('',(0.0,0.0,1.0));
#4411=DIRECTION('',(1.0,0.0,0.0));
#4412=AXIS2_PLACEMENT_3D('',#4409,#4410,#4411);
#4413=TOROIDAL_SURFACE('',#4412,59.0,1.0);
#4414=ORIENTED_EDGE('',*,*,#4360,.F.);
#4415=ORIENTED_EDGE('',*,*,#3588,.F.);
#4416=CARTESIAN_POINT('',(49.055489212718925,-32.780466410666243,-10.000000000000004));
#4417=DIRECTION('',(-0.555601125604516,-0.831448969707098,-5.769336E-015));
#4418=DIRECTION('',(-0.831448969707098,0.555601125604516,2.241837E-030));
#4419=AXIS2_PLACEMENT_3D('',#4416,#4417,#4418);
#4420=CIRCLE('',#4419,1.000000000000000);
#4421=EDGE_CURVE('',#3100,#583,#4420,.T.);
#4422=ORIENTED_EDGE('',*,*,#4421,.F.);
#4423=ORIENTED_EDGE('',*,*,#3106,.F.);
#4424=EDGE_LOOP('',(#4414,#4415,#4422,#4423));
#4425=FACE_OUTER_BOUND('',#4424,.T.);
#4426=ADVANCED_FACE('',(#4425),#4413,.T.);
#4427=CARTESIAN_POINT('',(49.055489212718925,-32.780466410666250,-9.000000000000004));
#4428=CARTESIAN_POINT('',(48.979384006868329,-33.073218502648480,-9.000000000000004));
#4429=CARTESIAN_POINT('',(48.900984293518370,-33.379384282703349,-8.965582583324979));
#4430=CARTESIAN_POINT('',(48.809911768799495,-33.707253565155888,-8.907347993932417));
#4431=CARTESIAN_POINT('',(48.764375506440061,-33.871188206382151,-8.878230699236136));
#4432=CARTESIAN_POINT('',(48.715747666684607,-34.039634384986982,-8.843106776992457));
#4433=CARTESIAN_POINT('',(48.663161777502417,-34.209835856648773,-8.803774964450916));
#4434=CARTESIAN_POINT('',(48.610575888320255,-34.380037328310564,-8.764443151909379));
#4435=CARTESIAN_POINT('',(48.553763048909737,-34.552938177303432,-8.720729320697453));
#4436=CARTESIAN_POINT('',(48.490860493762185,-34.728215367808801,-8.673597086642976));
#4437=CARTESIAN_POINT('',(48.365055383467038,-35.078769748819568,-8.579332618534030));
#4438=CARTESIAN_POINT('',(48.214066825646718,-35.439991031229155,-8.471290913004072));
#4439=CARTESIAN_POINT('',(48.027107876976530,-35.797612588967539,-8.356558982285957));
#4440=CARTESIAN_POINT('',(47.840148928306327,-36.155234146705929,-8.241827051567841));
#4441=CARTESIAN_POINT('',(47.616457939560547,-36.508127754100911,-8.120376805691539));
#4442=CARTESIAN_POINT('',(47.362998881272816,-36.834037750055977,-7.999999999999999));
#4443=CARTESIAN_POINT('',(49.273162043974466,-32.925922445210027,-9.000000000000004));
#4444=CARTESIAN_POINT('',(49.182292398891612,-33.210959011034696,-9.026016522773352));
#4445=CARTESIAN_POINT('',(49.079970483696101,-33.513734713817094,-9.014072654045313));
#4446=CARTESIAN_POINT('',(48.960756776073694,-33.835870395647774,-8.970445210290595));
#4447=CARTESIAN_POINT('',(48.901149922262483,-33.996938236563125,-8.948631488413238));
#4448=CARTESIAN_POINT('',(48.837510666155069,-34.161957322041523,-8.918833218889308));
#4449=CARTESIAN_POINT('',(48.770141038996542,-34.327730802366084,-8.882674314855253));
#4450=CARTESIAN_POINT('',(48.702771411837986,-34.493504282690694,-8.846515410821192));
#4451=CARTESIAN_POINT('',(48.631325935047762,-34.660956600880411,-8.803867029724675));
#4452=CARTESIAN_POINT('',(48.554879720124255,-34.829635002043531,-8.755818199318451));
#4453=CARTESIAN_POINT('',(48.401987290277262,-35.166991804369765,-8.659720538506011));
#4454=CARTESIAN_POINT('',(48.228539580460684,-35.509958899041074,-8.541738000409314));
#4455=CARTESIAN_POINT('',(48.029909688867036,-35.848411988019556,-8.411899882174382));
#4456=CARTESIAN_POINT('',(47.831279797273410,-36.186865076998046,-8.282061763939451));
#4457=CARTESIAN_POINT('',(47.607065887384046,-36.520204512010181,-8.140439606640125));
#4458=CARTESIAN_POINT('',(47.362998881272816,-36.834037750055977,-7.999999999999999));
#4459=CARTESIAN_POINT('',(49.489494482348519,-33.070482785825668,-9.107773096390183));
#4460=CARTESIAN_POINT('',(49.368358454419194,-33.352632781775867,-9.145421066437262));
#4461=CARTESIAN_POINT('',(49.233554132359430,-33.652162093029631,-9.138752501330739));
#4462=CARTESIAN_POINT('',(49.083248181114143,-33.967184587144587,-9.094126059820180));
#4463=CARTESIAN_POINT('',(49.008095205491493,-34.124695834202058,-9.071812839064901));
#4464=CARTESIAN_POINT('',(48.929378674552943,-34.285230587246431,-9.039948758013345));
#4465=CARTESIAN_POINT('',(48.848158147977863,-34.445562901850977,-9.000406143611519));
#4466=CARTESIAN_POINT('',(48.766937621402789,-34.605895216455522,-8.960863529209693));
#4467=CARTESIAN_POINT('',(48.682780265788409,-34.766929750966348,-8.913512375851166));
#4468=CARTESIAN_POINT('',(48.595202504141746,-34.928337989211983,-8.859687059080979));
#4469=CARTESIAN_POINT('',(48.420046980848419,-35.251154465703266,-8.752036425540599));
#4470=CARTESIAN_POINT('',(48.230833869189723,-35.575949535638145,-8.618178122707807));
#4471=CARTESIAN_POINT('',(48.025305377272090,-35.896311191954638,-8.470273542638655));
#4472=CARTESIAN_POINT('',(47.819776885354479,-36.216672848271116,-8.322368962569509));
#4473=CARTESIAN_POINT('',(47.597673835207544,-36.532281269919437,-8.160502407588711));
#4474=CARTESIAN_POINT('',(47.362998881272816,-36.834037750055977,-7.999999999999999));
#4475=CARTESIAN_POINT('',(49.643412417409380,-33.173335734216082,-9.292893218813454));
#4476=CARTESIAN_POINT('',(49.492126560411052,-33.462969992374227,-9.328027868727233));
#4477=CARTESIAN_POINT('',(49.329479136533330,-33.764911272873590,-9.312645600288025));
#4478=CARTESIAN_POINT('',(49.154847209040980,-34.077033946391168,-9.255632906394949));
#4479=CARTESIAN_POINT('',(49.067531245294802,-34.233095283149950,-9.227126559448411));
#4480=CARTESIAN_POINT('',(48.977637175494337,-34.390849638114318,-9.188144390145183));
#4481=CARTESIAN_POINT('',(48.886582928562909,-34.547277010807406,-9.140928968753663));
#4482=CARTESIAN_POINT('',(48.795528681631495,-34.703704383500494,-9.093713547362135));
#4483=CARTESIAN_POINT('',(48.702813082396489,-34.859700622475373,-9.038097805590828));
#4484=CARTESIAN_POINT('',(48.608098550365703,-35.015193231033031,-8.975594668330317));
#4485=CARTESIAN_POINT('',(48.418669486304040,-35.326178448148369,-8.850588393809279));
#4486=CARTESIAN_POINT('',(48.220966987188845,-35.635515243299864,-8.697728799894101));
#4487=CARTESIAN_POINT('',(48.013411142009019,-35.940101360182204,-8.530206777396055));
#4488=CARTESIAN_POINT('',(47.805855296829193,-36.244687477064531,-8.362684754898012));
#4489=CARTESIAN_POINT('',(47.588281783031043,-36.544358027828700,-8.180565208537303));
#4490=CARTESIAN_POINT('',(47.362998881272816,-36.834037750055977,-7.999999999999999));
#4491=CARTESIAN_POINT('',(49.797330352470240,-33.276188682606488,-9.478013341236720));
#4492=CARTESIAN_POINT('',(49.615894666402909,-33.573307202972572,-9.510634671017204));
#4493=CARTESIAN_POINT('',(49.425404140707208,-33.877660452717564,-9.486538699245314));
#4494=CARTESIAN_POINT('',(49.226446236967824,-34.186883305637757,-9.417139752969712));
#4495=CARTESIAN_POINT('',(49.126967285098118,-34.341494732097850,-9.382440279831917));
#4496=CARTESIAN_POINT('',(49.025895676435738,-34.496468688982212,-9.336340022277019));
#4497=CARTESIAN_POINT('',(48.925007709147970,-34.648991119763835,-9.281451793895794));
#4498=CARTESIAN_POINT('',(48.824119741860194,-34.801513550545465,-9.226563565514576));
#4499=CARTESIAN_POINT('',(48.722845899004611,-34.952471493984397,-9.162683235330494));
#4500=CARTESIAN_POINT('',(48.620994596589625,-35.102048472854094,-9.091502277579647));
#4501=CARTESIAN_POINT('',(48.417291991759647,-35.401202430593472,-8.949140362077952));
#4502=CARTESIAN_POINT('',(48.211100105187938,-35.695080950961582,-8.777279477080386));
#4503=CARTESIAN_POINT('',(48.001516906745927,-35.983891528409764,-8.590140012153450));
#4504=CARTESIAN_POINT('',(47.791933708303922,-36.272702105857931,-8.403000547226515));
#4505=CARTESIAN_POINT('',(47.578889730854534,-36.556434785737977,-8.200628009485893));
#4506=CARTESIAN_POINT('',(47.362998881272816,-36.834037750055977,-7.999999999999999));
#4507=CARTESIAN_POINT('',(49.886938182426022,-33.336067536270761,-9.738200612200851));
#4508=CARTESIAN_POINT('',(49.676313162928452,-33.651264801692534,-9.754763245006618));
#4509=CARTESIAN_POINT('',(49.463062178239987,-33.963968996014060,-9.708483749716965));
#4510=CARTESIAN_POINT('',(49.246797472549780,-34.274722544010089,-9.615670881889241));
#4511=CARTESIAN_POINT('',(49.138665119704683,-34.430099318008118,-9.569264447975376));
#4512=CARTESIAN_POINT('',(49.030392772146811,-34.584090173080668,-9.511135342813244));
#4513=CARTESIAN_POINT('',(48.923738158333563,-34.734317226381236,-9.444392581408803));
#4514=CARTESIAN_POINT('',(48.817083544520301,-34.884544279681826,-9.377649820004365));
#4515=CARTESIAN_POINT('',(48.711428554657914,-35.031897573439096,-9.302017628382343));
#4516=CARTESIAN_POINT('',(48.606448477852453,-35.176952066910935,-9.219309979391058));
#4517=CARTESIAN_POINT('',(48.396488324241467,-35.467061053854607,-9.053894681408476));
#4518=CARTESIAN_POINT('',(48.189074233757545,-35.748211700024711,-8.859927151861509));
#4519=CARTESIAN_POINT('',(47.982333770885639,-36.023568894361595,-8.651627666105819));
#4520=CARTESIAN_POINT('',(47.775593308013732,-36.298926088698487,-8.443328180350125));
#4521=CARTESIAN_POINT('',(47.569497678678054,-36.568511543647247,-8.220690810434480));
#4522=CARTESIAN_POINT('',(47.362998881272816,-36.834037750055977,-7.999999999999999));
#4523=CARTESIAN_POINT('',(49.886938182426022,-33.336067536270761,-10.000000000000004));
#4524=CARTESIAN_POINT('',(49.659255010515750,-33.676792077637522,-10.000000000000004));
#4525=CARTESIAN_POINT('',(49.434860104479924,-34.005090136943117,-9.931165166649972));
#4526=CARTESIAN_POINT('',(49.212156229233905,-34.324388986105419,-9.814695987864841));
#4527=CARTESIAN_POINT('',(49.100804291610885,-34.484038410686580,-9.756461398472279));
#4528=CARTESIAN_POINT('',(48.990535193445965,-34.640466032494729,-9.686213553984914));
#4529=CARTESIAN_POINT('',(48.882947258028778,-34.791629271547173,-9.607549928901838));
#4530=CARTESIAN_POINT('',(48.775359322611578,-34.942792510599602,-9.528886303818760));
#4531=CARTESIAN_POINT('',(48.669816722653579,-35.089604066674006,-9.441458641394904));
#4532=CARTESIAN_POINT('',(48.565805868116101,-35.232974617259607,-9.347194173285956));
#4533=CARTESIAN_POINT('',(48.357784159041124,-35.519715718430803,-9.158665237068057));
#4534=CARTESIAN_POINT('',(48.155758538911016,-35.792918617458589,-8.942581826008148));
#4535=CARTESIAN_POINT('',(47.956345862584314,-36.058132113410892,-8.713117964571909));
#4536=CARTESIAN_POINT('',(47.756933186257598,-36.323345609363187,-8.483654103135674));
#4537=CARTESIAN_POINT('',(47.560105626501546,-36.580588301556517,-8.240753611383067));
#4538=CARTESIAN_POINT('',(47.362998881272816,-36.834037750055977,-7.999999999999999));
#4539=B_SPLINE_SURFACE_WITH_KNOTS('',3,3,((#4427,#4443,#4459,#4475,#4491,#4507,#4523),(#4428,#4444,#4460,#4476,#4492,#4508,#4524),(#4429,#4445,#4461,#4477,#4493,#4509,#4525),(#4430,#4446,#4462,#4478,#4494,#4510,#4526),(#4431,#4447,#4463,#4479,#4495,#4511,#4527),(#4432,#4448,#4464,#4480,#4496,#4512,#4528),(#4433,#4449,#4465,#4481,#4497,#4513,#4529),(#4434,#4450,#4466,#4482,#4498,#4514,#4530),(#4435,#4451,#4467,#4483,#4499,#4515,#4531),(#4436,#4452,#4468,#4484,#4500,#4516,#4532),(#4437,#4453,#4469,#4485,#4501,#4517,#4533),(#4438,#4454,#4470,#4486,#4502,#4518,#4534),(#4439,#4455,#4471,#4487,#4503,#4519,#4535),(#4440,#4456,#4472,#4488,#4504,#4520,#4536),(#4441,#4457,#4473,#4489,#4505,#4521,#4537),(#4442,#4458,#4474,#4490,#4506,#4522,#4538)),.UNSPECIFIED.,.F.,.F.,.U.,(4,3,3,3,3,4),(4,3,4),(-6.071532E-018,0.001191126083258,0.001786689124887,0.002382252166516,0.003573378249773,0.004764504333031),(0.0,0.500000000000000,1.0),.UNSPECIFIED.);
#4540=ORIENTED_EDGE('',*,*,#4421,.T.);
#4541=ORIENTED_EDGE('',*,*,#591,.F.);
#4542=ORIENTED_EDGE('',*,*,#580,.F.);
#4543=ORIENTED_EDGE('',*,*,#3122,.F.);
#4544=EDGE_LOOP('',(#4540,#4541,#4542,#4543));
#4545=FACE_OUTER_BOUND('',#4544,.T.);
#4546=ADVANCED_FACE('',(#4545),#4539,.T.);
#4547=CARTESIAN_POINT('',(0.0,0.0,-17.0));
#4548=DIRECTION('',(0.0,0.0,1.0));
#4549=DIRECTION('',(1.0,0.0,0.0));
#4550=AXIS2_PLACEMENT_3D('',#4547,#4548,#4549);
#4551=TOROIDAL_SURFACE('',#4550,59.0,1.0);
#4552=ORIENTED_EDGE('',*,*,#782,.F.);
#4553=ORIENTED_EDGE('',*,*,#3080,.F.);
#4554=CARTESIAN_POINT('',(49.055489212718925,-32.780466410666243,-17.0));
#4555=DIRECTION('',(-0.555601125604513,-0.831448969707100,0.0));
#4556=DIRECTION('',(-0.831448969707100,0.555601125604513,0.0));
#4557=AXIS2_PLACEMENT_3D('',#4554,#4555,#4556);
#4558=CIRCLE('',#4557,1.000000000000000);
#4559=EDGE_CURVE('',#618,#3058,#4558,.T.);
#4560=ORIENTED_EDGE('',*,*,#4559,.F.);
#4561=ORIENTED_EDGE('',*,*,#3646,.F.);
#4562=EDGE_LOOP('',(#4552,#4553,#4560,#4561));
#4563=FACE_OUTER_BOUND('',#4562,.T.);
#4564=ADVANCED_FACE('',(#4563),#4551,.T.);
#4565=CARTESIAN_POINT('',(49.886938182426022,-33.336067536270761,-17.0));
#4566=CARTESIAN_POINT('',(49.659255010515750,-33.676792077637522,-17.0));
#4567=CARTESIAN_POINT('',(49.434860104479924,-34.005090136943117,-17.068834833350031));
#4568=CARTESIAN_POINT('',(49.212156229233905,-34.324388986105419,-17.185304012135166));
#4569=CARTESIAN_POINT('',(49.100804291610885,-34.484038410686580,-17.243538601527728));
#4570=CARTESIAN_POINT('',(48.990535193445965,-34.640466032494729,-17.313786446015087));
#4571=CARTESIAN_POINT('',(48.882947258028778,-34.791629271547173,-17.392450071098175));
#4572=CARTESIAN_POINT('',(48.775359322611578,-34.942792510599602,-17.471113696181241));
#4573=CARTESIAN_POINT('',(48.669816722653579,-35.089604066674006,-17.558541358605094));
#4574=CARTESIAN_POINT('',(48.565805868116101,-35.232974617259607,-17.652805826714047));
#4575=CARTESIAN_POINT('',(48.357784159041124,-35.519715718430803,-17.841334762931943));
#4576=CARTESIAN_POINT('',(48.155758538911016,-35.792918617458589,-18.057418173991856));
#4577=CARTESIAN_POINT('',(47.956345862584314,-36.058132113410892,-18.286882035428093));
#4578=CARTESIAN_POINT('',(47.756933186257598,-36.323345609363187,-18.516345896864330));
#4579=CARTESIAN_POINT('',(47.560105626501645,-36.580588301556404,-18.759246388617122));
#4580=CARTESIAN_POINT('',(47.362998881272844,-36.834037750055984,-19.000000000000007));
#4581=CARTESIAN_POINT('',(49.886938182426022,-33.336067536270761,-17.261799387799151));
#4582=CARTESIAN_POINT('',(49.676313162928452,-33.651264801692534,-17.245236754993389));
#4583=CARTESIAN_POINT('',(49.463062178239987,-33.963968996014060,-17.291516250283046));
#4584=CARTESIAN_POINT('',(49.246797472549780,-34.274722544010089,-17.384329118110770));
#4585=CARTESIAN_POINT('',(49.138665119704683,-34.430099318008118,-17.430735552024629));
#4586=CARTESIAN_POINT('',(49.030392772146811,-34.584090173080668,-17.488864657186770));
#4587=CARTESIAN_POINT('',(48.923738158333563,-34.734317226381236,-17.555607418591201));
#4588=CARTESIAN_POINT('',(48.817083544520301,-34.884544279681826,-17.622350179995635));
#4589=CARTESIAN_POINT('',(48.711428554657914,-35.031897573439096,-17.697982371617663));
#4590=CARTESIAN_POINT('',(48.606448477852453,-35.176952066910935,-17.780690020608940));
#4591=CARTESIAN_POINT('',(48.396488324241467,-35.467061053854607,-17.946105318591520));
#4592=CARTESIAN_POINT('',(48.189074233757545,-35.748211700024711,-18.140072848138495));
#4593=CARTESIAN_POINT('',(47.982333770885639,-36.023568894361595,-18.348372333894183));
#4594=CARTESIAN_POINT('',(47.775593308013732,-36.298926088698487,-18.556671819649878));
#4595=CARTESIAN_POINT('',(47.569497678678168,-36.568511543647148,-18.779309189565691));
#4596=CARTESIAN_POINT('',(47.362998881272844,-36.834037750055984,-19.000000000000007));
#4597=CARTESIAN_POINT('',(49.797330352470262,-33.276188682606488,-17.521986658763282));
#4598=CARTESIAN_POINT('',(49.615894666402909,-33.573307202972572,-17.489365328982799));
#4599=CARTESIAN_POINT('',(49.425404140707208,-33.877660452717564,-17.513461300754692));
#4600=CARTESIAN_POINT('',(49.226446236967824,-34.186883305637757,-17.582860247030293));
#4601=CARTESIAN_POINT('',(49.126967285098118,-34.341494732097850,-17.617559720168089));
#4602=CARTESIAN_POINT('',(49.025895676435738,-34.496468688982219,-17.663659977722979));
#4603=CARTESIAN_POINT('',(48.925007709147970,-34.648991119763835,-17.718548206104202));
#4604=CARTESIAN_POINT('',(48.824119741860194,-34.801513550545472,-17.773436434485422));
#4605=CARTESIAN_POINT('',(48.722845899004611,-34.952471493984397,-17.837316764669509));
#4606=CARTESIAN_POINT('',(48.620994596589625,-35.102048472854094,-17.908497722420357));
#4607=CARTESIAN_POINT('',(48.417291991759647,-35.401202430593472,-18.050859637922049));
#4608=CARTESIAN_POINT('',(48.211100105187938,-35.695080950961582,-18.222720522919605));
#4609=CARTESIAN_POINT('',(48.001516906745927,-35.983891528409764,-18.409859987846545));
#4610=CARTESIAN_POINT('',(47.791933708303922,-36.272702105857931,-18.596999452773488));
#4611=CARTESIAN_POINT('',(47.578889730854641,-36.556434785737871,-18.799371990514270));
#4612=CARTESIAN_POINT('',(47.362998881272844,-36.834037750055984,-19.000000000000007));
#4613=CARTESIAN_POINT('',(49.643412417409380,-33.173335734216074,-17.707106781186550));
#4614=CARTESIAN_POINT('',(49.492126560411052,-33.462969992374212,-17.671972131272771));
#4615=CARTESIAN_POINT('',(49.329479136533330,-33.764911272873590,-17.687354399711978));
#4616=CARTESIAN_POINT('',(49.154847209040980,-34.077033946391168,-17.744367093605057));
#4617=CARTESIAN_POINT('',(49.067531245294802,-34.233095283149950,-17.772873440551599));
#4618=CARTESIAN_POINT('',(48.977637175494337,-34.390849638114318,-17.811855609854824));
#4619=CARTESIAN_POINT('',(48.886582928562909,-34.547277010807406,-17.859071031246341));
#4620=CARTESIAN_POINT('',(48.795528681631495,-34.703704383500494,-17.906286452637865));
#4621=CARTESIAN_POINT('',(48.702813082396489,-34.859700622475373,-17.961902194409170));
#4622=CARTESIAN_POINT('',(48.608098550365703,-35.015193231033031,-18.024405331669691));
#4623=CARTESIAN_POINT('',(48.418669486304040,-35.326178448148369,-18.149411606190718));
#4624=CARTESIAN_POINT('',(48.220966987188845,-35.635515243299864,-18.302271200105903));
#4625=CARTESIAN_POINT('',(48.013411142009019,-35.940101360182204,-18.469793222603954));
#4626=CARTESIAN_POINT('',(47.805855296829193,-36.244687477064531,-18.637315245101995));
#4627=CARTESIAN_POINT('',(47.588281783031178,-36.544358027828586,-18.819434791462839));
#4628=CARTESIAN_POINT('',(47.362998881272844,-36.834037750055984,-19.000000000000007));
#4629=CARTESIAN_POINT('',(49.489494482348519,-33.070482785825661,-17.892226903609824));
#4630=CARTESIAN_POINT('',(49.368358454419194,-33.352632781775867,-17.854578933562749));
#4631=CARTESIAN_POINT('',(49.233554132359430,-33.652162093029631,-17.861247498669265));
#4632=CARTESIAN_POINT('',(49.083248181114143,-33.967184587144587,-17.905873940179831));
#4633=CARTESIAN_POINT('',(49.008095205491493,-34.124695834202058,-17.928187160935103));
#4634=CARTESIAN_POINT('',(48.929378674552943,-34.285230587246403,-17.960051241986655));
#4635=CARTESIAN_POINT('',(48.848158147977863,-34.445562901850977,-17.999593856388486));
#4636=CARTESIAN_POINT('',(48.766937621402789,-34.605895216455508,-18.039136470790304));
#4637=CARTESIAN_POINT('',(48.682780265788409,-34.766929750966348,-18.086487624148830));
#4638=CARTESIAN_POINT('',(48.595202504141746,-34.928337989211983,-18.140312940919024));
#4639=CARTESIAN_POINT('',(48.420046980848419,-35.251154465703266,-18.247963574459398));
#4640=CARTESIAN_POINT('',(48.230833869189723,-35.575949535638145,-18.381821877292197));
#4641=CARTESIAN_POINT('',(48.025305377272090,-35.896311191954638,-18.529726457361342));
#4642=CARTESIAN_POINT('',(47.819776885354479,-36.216672848271116,-18.677631037430508));
#4643=CARTESIAN_POINT('',(47.597673835207658,-36.532281269919324,-18.839497592411401));
#4644=CARTESIAN_POINT('',(47.362998881272844,-36.834037750055984,-19.000000000000007));
#4645=CARTESIAN_POINT('',(49.273162043974466,-32.925922445210027,-18.000000000000007));
#4646=CARTESIAN_POINT('',(49.182292398891612,-33.210959011034696,-17.973983477226653));
#4647=CARTESIAN_POINT('',(49.079970483696101,-33.513734713817094,-17.985927345954693));
#4648=CARTESIAN_POINT('',(48.960756776073694,-33.835870395647774,-18.029554789709412));
#4649=CARTESIAN_POINT('',(48.901149922262483,-33.996938236563125,-18.051368511586766));
#4650=CARTESIAN_POINT('',(48.837510666155069,-34.161957322041523,-18.081166781110696));
#4651=CARTESIAN_POINT('',(48.770141038996542,-34.327730802366084,-18.117325685144756));
#4652=CARTESIAN_POINT('',(48.702771411837986,-34.493504282690694,-18.153484589178809));
#4653=CARTESIAN_POINT('',(48.631325935047762,-34.660956600880411,-18.196132970275329));
#4654=CARTESIAN_POINT('',(48.554879720124255,-34.829635002043531,-18.244181800681552));
#4655=CARTESIAN_POINT('',(48.401987290277262,-35.166991804369765,-18.340279461493985));
#4656=CARTESIAN_POINT('',(48.228539580460684,-35.509958899041074,-18.458261999590690));
#4657=CARTESIAN_POINT('',(48.029909688867036,-35.848411988019556,-18.588100117825622));
#4658=CARTESIAN_POINT('',(47.831279797273410,-36.186865076998046,-18.717938236060558));
#4659=CARTESIAN_POINT('',(47.607065887384159,-36.520204512010046,-18.859560393359985));
#4660=CARTESIAN_POINT('',(47.362998881272844,-36.834037750055984,-19.000000000000007));
#4661=CARTESIAN_POINT('',(49.055489212718925,-32.780466410666243,-18.000000000000007));
#4662=CARTESIAN_POINT('',(48.979384006868329,-33.073218502648473,-18.000000000000007));
#4663=CARTESIAN_POINT('',(48.900984293518370,-33.379384282703349,-18.034417416675023));
#4664=CARTESIAN_POINT('',(48.809911768799495,-33.707253565155888,-18.092652006067588));
#4665=CARTESIAN_POINT('',(48.764375506440061,-33.871188206382151,-18.121769300763866));
#4666=CARTESIAN_POINT('',(48.715747666684607,-34.039634384986982,-18.156893223007550));
#4667=CARTESIAN_POINT('',(48.663161777502417,-34.209835856648773,-18.196225035549080));
#4668=CARTESIAN_POINT('',(48.610575888320255,-34.380037328310564,-18.235556848090624));
#4669=CARTESIAN_POINT('',(48.553763048909737,-34.552938177303432,-18.279270679302549));
#4670=CARTESIAN_POINT('',(48.490860493762185,-34.728215367808801,-18.326402913357029));
#4671=CARTESIAN_POINT('',(48.365055383467038,-35.078769748819568,-18.420667381465968));
#4672=CARTESIAN_POINT('',(48.214066825646718,-35.439991031229155,-18.528709086995928));
#4673=CARTESIAN_POINT('',(48.027107876976530,-35.797612588967539,-18.643441017714046));
#4674=CARTESIAN_POINT('',(47.840148928306327,-36.155234146705929,-18.758172948432161));
#4675=CARTESIAN_POINT('',(47.616457939560661,-36.508127754100755,-18.879623194308557));
#4676=CARTESIAN_POINT('',(47.362998881272844,-36.834037750055984,-19.000000000000007));
#4677=B_SPLINE_SURFACE_WITH_KNOTS('',3,3,((#4565,#4581,#4597,#4613,#4629,#4645,#4661),(#4566,#4582,#4598,#4614,#4630,#4646,#4662),(#4567,#4583,#4599,#4615,#4631,#4647,#4663),(#4568,#4584,#4600,#4616,#4632,#4648,#4664),(#4569,#4585,#4601,#4617,#4633,#4649,#4665),(#4570,#4586,#4602,#4618,#4634,#4650,#4666),(#4571,#4587,#4603,#4619,#4635,#4651,#4667),(#4572,#4588,#4604,#4620,#4636,#4652,#4668),(#4573,#4589,#4605,#4621,#4637,#4653,#4669),(#4574,#4590,#4606,#4622,#4638,#4654,#4670),(#4575,#4591,#4607,#4623,#4639,#4655,#4671),(#4576,#4592,#4608,#4624,#4640,#4656,#4672),(#4577,#4593,#4609,#4625,#4641,#4657,#4673),(#4578,#4594,#4610,#4626,#4642,#4658,#4674),(#4579,#4595,#4611,#4627,#4643,#4659,#4675),(#4580,#4596,#4612,#4628,#4644,#4660,#4676)),.UNSPECIFIED.,.F.,.F.,.U.,(4,3,3,3,3,4),(4,3,4),(0.0,0.001191126083258,0.001786689124887,0.002382252166516,0.003573378249773,0.004764504333031),(0.0,0.500000000000000,1.0),.UNSPECIFIED.);
#4678=ORIENTED_EDGE('',*,*,#3073,.F.);
#4679=ORIENTED_EDGE('',*,*,#641,.F.);
#4680=ORIENTED_EDGE('',*,*,#628,.F.);
#4681=ORIENTED_EDGE('',*,*,#4559,.T.);
#4682=EDGE_LOOP('',(#4678,#4679,#4680,#4681));
#4683=FACE_OUTER_BOUND('',#4682,.T.);
#4684=ADVANCED_FACE('',(#4683),#4677,.T.);
#4685=CLOSED_SHELL('',(#554,#611,#670,#714,#746,#820,#862,#890,#947,#1006,#1050,#1082,#1156,#1198,#1226,#1283,#1342,#1386,#1408,#1440,#1514,#1556,#1584,#1641,#1700,#1744,#1766,#1798,#1872,#1914,#1974,#2014,#2179,#2235,#2252,#2283,#2376,#2391,#2412,#2457,#2523,#2547,#2571,#2595,#2613,#2625,#2637,#2649,#2661,#2688,#2702,#2720,#2840,#2858,#2978,#3143,#3160,#3182,#3197,#3218,#3248,#3266,#3278,#3290,#3308,#3428,#3446,#3566,#3626,#3666,#3722,#3737,#3758,#3803,#3869,#3893,#3917,#3935,#3947,#3959,#3971,#3983,#4010,#4024,#4042,#4162,#4180,#4300,#4315,#4336,#4366,#4384,#4396,#4408,#4426,#4546,#4564,#4684));
#4686=MANIFOLD_SOLID_BREP('',#4685);
#4687=STYLED_ITEM('',(#471),#4686);
#4688=ADVANCED_BREP_SHAPE_REPRESENTATION('ABSR',(#4686),#519);
#4689=SHAPE_REPRESENTATION_RELATIONSHIP('SRR','None',#4688,#524);
#4690=AXIS2_PLACEMENT_3D('',#4691,#4692,#4693);
#4691=CARTESIAN_POINT('',(0.0,0.0,0.0));
#4692=DIRECTION('',(0.0,0.0,1.0));
#4693=DIRECTION('',(1.0,0.0,0.0));
#4694=NEXT_ASSEMBLY_USAGE_OCCURRENCE('Pos5_1_Gewicht:1','Pos5_1_Gewicht:1','Pos5_1_Gewicht:1',#12,#495,'Pos5_1_Gewicht:1');
#4695=PRODUCT_DEFINITION_SHAPE('Pos5_1_Gewicht:1','Pos5_1_Gewicht:1',#4694);
#4696=ITEM_DEFINED_TRANSFORMATION('Pos5_1_Gewicht:1','Pos5_1_Gewicht:1',#520,#4690);
#4700=(REPRESENTATION_RELATIONSHIP('Pos5_1_Gewicht:1','Pos5_1_Gewicht:1',#524,#41)REPRESENTATION_RELATIONSHIP_WITH_TRANSFORMATION(#4696)SHAPE_REPRESENTATION_RELATIONSHIP());
#4701=CONTEXT_DEPENDENT_SHAPE_REPRESENTATION(#4700,#4695);
ENDSEC;
END-ISO-10303-21;
