ISO-10303-21;
HEADER;
FILE_DESCRIPTION(('Open CASCADE Model'),'2;1');
FILE_NAME('Open CASCADE Shape Model','2026-10-02T07:04:59',('Author'),(
    'Open CASCADE'),'Open CASCADE STEP processor 7.9','Open CASCADE 7.9'
  ,'Unknown');
FILE_SCHEMA(('AUTOMOTIVE_DESIGN { 1 0 10303 214 1 1 1 1 }'));
ENDSEC;
DATA;
#1 = APPLICATION_PROTOCOL_DEFINITION('international standard',
  'automotive_design',2000,#2);
#2 = APPLICATION_CONTEXT(
  'core data for automotive mechanical design processes');
#3 = SHAPE_DEFINITION_REPRESENTATION(#4,#10);
#4 = PRODUCT_DEFINITION_SHAPE('','',#5);
#5 = PRODUCT_DEFINITION('design','',#6,#9);
#6 = PRODUCT_DEFINITION_FORMATION('','',#7);
#7 = PRODUCT('Open CASCADE STEP translator 7.9 5',
  'Open CASCADE STEP translator 7.9 5','',(#8));
#8 = PRODUCT_CONTEXT('',#2,'mechanical');
#9 = PRODUCT_DEFINITION_CONTEXT('part definition',#2,'design');
#10 = SHAPE_REPRESENTATION('',(#11,#15,#19,#23),#27);
#11 = AXIS2_PLACEMENT_3D('',#12,#13,#14);
#12 = CARTESIAN_POINT('',(0.,0.,0.));
#13 = DIRECTION('',(0.,0.,1.));
#14 = DIRECTION('',(1.,0.,-0.));
#15 = AXIS2_PLACEMENT_3D('',#16,#17,#18);
#16 = CARTESIAN_POINT('',(0.,0.,0.));
#17 = DIRECTION('',(0.,0.,1.));
#18 = DIRECTION('',(1.,0.,-0.));
#19 = AXIS2_PLACEMENT_3D('',#20,#21,#22);
#20 = CARTESIAN_POINT('',(0.,0.,0.));
#21 = DIRECTION('',(0.,0.,1.));
#22 = DIRECTION('',(1.,0.,-0.));
#23 = AXIS2_PLACEMENT_3D('',#24,#25,#26);
#24 = CARTESIAN_POINT('',(0.,0.,0.));
#25 = DIRECTION('',(0.,0.,1.));
#26 = DIRECTION('',(1.,0.,-0.));
#27 = ( GEOMETRIC_REPRESENTATION_CONTEXT(3) 
GLOBAL_UNCERTAINTY_ASSIGNED_CONTEXT((#31)) GLOBAL_UNIT_ASSIGNED_CONTEXT(
(#28,#29,#30)) REPRESENTATION_CONTEXT('Context #1',
  '3D Context with UNIT and UNCERTAINTY') );
#28 = ( LENGTH_UNIT() NAMED_UNIT(*) SI_UNIT(.MILLI.,.METRE.) );
#29 = ( NAMED_UNIT(*) PLANE_ANGLE_UNIT() SI_UNIT($,.RADIAN.) );
#30 = ( NAMED_UNIT(*) SI_UNIT($,.STERADIAN.) SOLID_ANGLE_UNIT() );
#31 = UNCERTAINTY_MEASURE_WITH_UNIT(LENGTH_MEASURE(1.E-06),#28,
  'distance_accuracy_value','confusion accuracy');
#32 = PRODUCT_RELATED_PRODUCT_CATEGORY('part',$,(#7));
#33 = SHAPE_DEFINITION_REPRESENTATION(#34,#40);
#34 = PRODUCT_DEFINITION_SHAPE('','',#35);
#35 = PRODUCT_DEFINITION('design','',#36,#39);
#36 = PRODUCT_DEFINITION_FORMATION('','',#37);
#37 = PRODUCT('Open CASCADE STEP translator 7.9 5.1',
  'Open CASCADE STEP translator 7.9 5.1','',(#38));
#38 = PRODUCT_CONTEXT('',#2,'mechanical');
#39 = PRODUCT_DEFINITION_CONTEXT('part definition',#2,'design');
#40 = ADVANCED_BREP_SHAPE_REPRESENTATION('',(#11,#41),#910);
#41 = MANIFOLD_SOLID_BREP('',#42);
#42 = CLOSED_SHELL('',(#43,#734,#792,#841,#868,#874,#901,#906));
#43 = ADVANCED_FACE('',(#44,#387,#563),#72,.T.);
#44 = FACE_BOUND('',#45,.T.);
#45 = EDGE_LOOP('',(#46,#123,#147,#169,#170,#235,#300,#322,#323,#324));
#46 = ORIENTED_EDGE('',*,*,#47,.F.);
#47 = EDGE_CURVE('',#48,#50,#52,.T.);
#48 = VERTEX_POINT('',#49);
#49 = CARTESIAN_POINT('',(34.310987339556,0.55,-1.347111479062E-16));
#50 = VERTEX_POINT('',#51);
#51 = CARTESIAN_POINT('',(34.827249694784,4.144721935311E-13,-0.55));
#52 = SURFACE_CURVE('',#53,(#71,#97),.PCURVE_S1.);
#53 = B_SPLINE_CURVE_WITH_KNOTS('',6,(#54,#55,#56,#57,#58,#59,#60,#61,
    #62,#63,#64,#65,#66,#67,#68,#69,#70),.UNSPECIFIED.,.F.,.F.,(7,5,5,7)
  ,(0.,0.249543642356,0.512291858072,1.),.UNSPECIFIED.);
#54 = CARTESIAN_POINT('',(34.310987339556,0.55,0.));
#55 = CARTESIAN_POINT('',(34.310987339556,0.55,-3.80207911533E-02));
#56 = CARTESIAN_POINT('',(34.31377677453,0.546846098128,
    -7.604511087451E-02));
#57 = CARTESIAN_POINT('',(34.31935648099,0.540536804309,-0.113667967188)
  );
#58 = CARTESIAN_POINT('',(34.327662961286,0.531159824527,-0.15050096728)
  );
#59 = CARTESIAN_POINT('',(34.338580585834,0.518874074272,-0.186190941794
    ));
#60 = CARTESIAN_POINT('',(34.366034646713,0.488116518627,-0.256498405755
    ));
#61 = CARTESIAN_POINT('',(34.382839632416,0.469349605635,-0.290963326342
    ));
#62 = CARTESIAN_POINT('',(34.402189673404,0.447835498768,-0.323487216236
    ));
#63 = CARTESIAN_POINT('',(34.423869016536,0.423868262233,-0.353804465634
    ));
#64 = CARTESIAN_POINT('',(34.447645319159,0.397761641789,-0.381720796302
    ));
#65 = CARTESIAN_POINT('',(34.520890398554,0.317953061088,-0.45422006256)
  );
#66 = CARTESIAN_POINT('',(34.574915787031,0.259774665651,-0.492596892822
    ));
#67 = CARTESIAN_POINT('',(34.633923588369,0.197204981254,-0.521424250286
    ));
#68 = CARTESIAN_POINT('',(34.696489549078,0.132080089071,-0.540523717769
    ));
#69 = CARTESIAN_POINT('',(34.761345922339,6.590375424025E-02,
    -0.549999983757));
#70 = CARTESIAN_POINT('',(34.827249694784,6.43595383201E-08,-0.55));
#71 = PCURVE('',#72,#77);
#72 = TOROIDAL_SURFACE('',#73,3.95,0.55);
#73 = AXIS2_PLACEMENT_3D('',#74,#75,#76);
#74 = CARTESIAN_POINT('',(38.777249759075,0.,0.));
#75 = DIRECTION('',(0.,0.,1.));
#76 = DIRECTION('',(1.,0.,-0.));
#77 = DEFINITIONAL_REPRESENTATION('',(#78),#96);
#78 = B_SPLINE_CURVE_WITH_KNOTS('',6,(#79,#80,#81,#82,#83,#84,#85,#86,
    #87,#88,#89,#90,#91,#92,#93,#94,#95),.UNSPECIFIED.,.F.,.F.,(7,5,5,7)
  ,(0.,0.249543642356,0.512291858072,1.),.UNSPECIFIED.);
#79 = CARTESIAN_POINT('',(3.019064069307,6.28318530718));
#80 = CARTESIAN_POINT('',(3.019064069307,6.214056595992));
#81 = CARTESIAN_POINT('',(3.019683966205,6.144921943019));
#82 = CARTESIAN_POINT('',(3.020923835394,6.075920783684));
#83 = CARTESIAN_POINT('',(3.022773054502,6.007168639639));
#84 = CARTESIAN_POINT('',(3.025212169188,5.938764510029));
#85 = CARTESIAN_POINT('',(3.031376230368,5.799235589269));
#86 = CARTESIAN_POINT('',(3.035162760639,5.728150369024));
#87 = CARTESIAN_POINT('',(3.039544006111,5.657633470119));
#88 = CARTESIAN_POINT('',(3.044483456482,5.58773459816));
#89 = CARTESIAN_POINT('',(3.049941393358,5.518470561289));
#90 = CARTESIAN_POINT('',(3.066896982361,5.322430818637));
#91 = CARTESIAN_POINT('',(3.079562120128,5.197217684919));
#92 = CARTESIAN_POINT('',(3.093622998616,5.074043056106));
#93 = CARTESIAN_POINT('',(3.10882292459,4.952533346742));
#94 = CARTESIAN_POINT('',(3.124908122544,4.832214277034));
#95 = CARTESIAN_POINT('',(3.141592637296,4.712389097276));
#96 = ( GEOMETRIC_REPRESENTATION_CONTEXT(2) 
PARAMETRIC_REPRESENTATION_CONTEXT() REPRESENTATION_CONTEXT('2D SPACE',''
  ) );
#97 = PCURVE('',#98,#103);
#98 = CYLINDRICAL_SURFACE('',#99,0.55);
#99 = AXIS2_PLACEMENT_3D('',#100,#101,#102);
#100 = CARTESIAN_POINT('',(33.777249759075,0.,0.));
#101 = DIRECTION('',(1.,0.,0.));
#102 = DIRECTION('',(-0.,0.,1.));
#103 = DEFINITIONAL_REPRESENTATION('',(#104),#122);
#104 = B_SPLINE_CURVE_WITH_KNOTS('',6,(#105,#106,#107,#108,#109,#110,
    #111,#112,#113,#114,#115,#116,#117,#118,#119,#120,#121),
  .UNSPECIFIED.,.F.,.F.,(7,5,5,7),(0.,0.249543642356,0.512291858072,1.),
  .UNSPECIFIED.);
#105 = CARTESIAN_POINT('',(4.712388980385,0.533737580482));
#106 = CARTESIAN_POINT('',(4.643260269197,0.533737580482));
#107 = CARTESIAN_POINT('',(4.574125616224,0.536527015456));
#108 = CARTESIAN_POINT('',(4.505124456889,0.542106721916));
#109 = CARTESIAN_POINT('',(4.436372312844,0.550413202212));
#110 = CARTESIAN_POINT('',(4.367968183234,0.561330826759));
#111 = CARTESIAN_POINT('',(4.228439262474,0.588784887638));
#112 = CARTESIAN_POINT('',(4.157354042229,0.605589873341));
#113 = CARTESIAN_POINT('',(4.086837143324,0.62493991433));
#114 = CARTESIAN_POINT('',(4.016938271365,0.646619257462));
#115 = CARTESIAN_POINT('',(3.947674234495,0.670395560085));
#116 = CARTESIAN_POINT('',(3.751634491842,0.743640639479));
#117 = CARTESIAN_POINT('',(3.626421358241,0.797666027957));
#118 = CARTESIAN_POINT('',(3.50324672896,0.856673829294));
#119 = CARTESIAN_POINT('',(3.381737020416,0.919239790003));
#120 = CARTESIAN_POINT('',(3.261417949903,0.984096163264));
#121 = CARTESIAN_POINT('',(3.141592770607,1.04999993571));
#122 = ( GEOMETRIC_REPRESENTATION_CONTEXT(2) 
PARAMETRIC_REPRESENTATION_CONTEXT() REPRESENTATION_CONTEXT('2D SPACE',''
  ) );
#123 = ORIENTED_EDGE('',*,*,#124,.F.);
#124 = EDGE_CURVE('',#125,#48,#127,.T.);
#125 = VERTEX_POINT('',#126);
#126 = CARTESIAN_POINT('',(43.277249759075,-1.102182119233E-15,
    -1.347111479062E-16));
#127 = SEAM_CURVE('',#128,(#133,#140),.PCURVE_S1.);
#128 = CIRCLE('',#129,4.5);
#129 = AXIS2_PLACEMENT_3D('',#130,#131,#132);
#130 = CARTESIAN_POINT('',(38.777249759075,0.,-1.347111479062E-16));
#131 = DIRECTION('',(0.,0.,1.));
#132 = DIRECTION('',(1.,0.,-0.));
#133 = PCURVE('',#72,#134);
#134 = DEFINITIONAL_REPRESENTATION('',(#135),#139);
#135 = LINE('',#136,#137);
#136 = CARTESIAN_POINT('',(0.,6.28318530718));
#137 = VECTOR('',#138,1.);
#138 = DIRECTION('',(1.,0.));
#139 = ( GEOMETRIC_REPRESENTATION_CONTEXT(2) 
PARAMETRIC_REPRESENTATION_CONTEXT() REPRESENTATION_CONTEXT('2D SPACE',''
  ) );
#140 = PCURVE('',#72,#141);
#141 = DEFINITIONAL_REPRESENTATION('',(#142),#146);
#142 = LINE('',#143,#144);
#143 = CARTESIAN_POINT('',(0.,0.));
#144 = VECTOR('',#145,1.);
#145 = DIRECTION('',(1.,0.));
#146 = ( GEOMETRIC_REPRESENTATION_CONTEXT(2) 
PARAMETRIC_REPRESENTATION_CONTEXT() REPRESENTATION_CONTEXT('2D SPACE',''
  ) );
#147 = ORIENTED_EDGE('',*,*,#148,.F.);
#148 = EDGE_CURVE('',#125,#125,#149,.T.);
#149 = SEAM_CURVE('',#150,(#155,#162),.PCURVE_S1.);
#150 = CIRCLE('',#151,0.55);
#151 = AXIS2_PLACEMENT_3D('',#152,#153,#154);
#152 = CARTESIAN_POINT('',(42.727249759075,-9.674709713264E-16,0.));
#153 = DIRECTION('',(-2.449293598295E-16,-1.,0.));
#154 = DIRECTION('',(1.,-2.449293598295E-16,0.));
#155 = PCURVE('',#72,#156);
#156 = DEFINITIONAL_REPRESENTATION('',(#157),#161);
#157 = LINE('',#158,#159);
#158 = CARTESIAN_POINT('',(0.,-0.));
#159 = VECTOR('',#160,1.);
#160 = DIRECTION('',(0.,1.));
#161 = ( GEOMETRIC_REPRESENTATION_CONTEXT(2) 
PARAMETRIC_REPRESENTATION_CONTEXT() REPRESENTATION_CONTEXT('2D SPACE',''
  ) );
#162 = PCURVE('',#72,#163);
#163 = DEFINITIONAL_REPRESENTATION('',(#164),#168);
#164 = LINE('',#165,#166);
#165 = CARTESIAN_POINT('',(6.28318530718,-0.));
#166 = VECTOR('',#167,1.);
#167 = DIRECTION('',(0.,1.));
#168 = ( GEOMETRIC_REPRESENTATION_CONTEXT(2) 
PARAMETRIC_REPRESENTATION_CONTEXT() REPRESENTATION_CONTEXT('2D SPACE',''
  ) );
#169 = ORIENTED_EDGE('',*,*,#124,.T.);
#170 = ORIENTED_EDGE('',*,*,#171,.T.);
#171 = EDGE_CURVE('',#48,#172,#174,.T.);
#172 = VERTEX_POINT('',#173);
#173 = CARTESIAN_POINT('',(34.827249759075,1.347111479062E-16,0.55));
#174 = SURFACE_CURVE('',#175,(#193,#214),.PCURVE_S1.);
#175 = B_SPLINE_CURVE_WITH_KNOTS('',6,(#176,#177,#178,#179,#180,#181,
    #182,#183,#184,#185,#186,#187,#188,#189,#190,#191,#192),
  .UNSPECIFIED.,.F.,.F.,(7,5,5,7),(0.,0.249543642355,0.51229185807,1.),
  .UNSPECIFIED.);
#176 = CARTESIAN_POINT('',(34.310987339556,0.55,0.));
#177 = CARTESIAN_POINT('',(34.310987339556,0.55,3.802079115329E-02));
#178 = CARTESIAN_POINT('',(34.31377677453,0.546846098128,
    7.604511087453E-02));
#179 = CARTESIAN_POINT('',(34.31935648099,0.540536804309,0.113667967188)
  );
#180 = CARTESIAN_POINT('',(34.327662961286,0.531159824527,0.15050096728)
  );
#181 = CARTESIAN_POINT('',(34.338580585834,0.518874074272,0.186190941794
    ));
#182 = CARTESIAN_POINT('',(34.366034646713,0.488116518627,0.256498405755
    ));
#183 = CARTESIAN_POINT('',(34.382839632416,0.469349605635,0.290963326342
    ));
#184 = CARTESIAN_POINT('',(34.402189673404,0.447835498768,0.323487216236
    ));
#185 = CARTESIAN_POINT('',(34.423869016536,0.423868262233,0.353804465634
    ));
#186 = CARTESIAN_POINT('',(34.44764531916,0.397761641789,0.381720796302)
  );
#187 = CARTESIAN_POINT('',(34.520890398554,0.317953061088,0.45422006256)
  );
#188 = CARTESIAN_POINT('',(34.574915787028,0.259774665644,0.492596892823
    ));
#189 = CARTESIAN_POINT('',(34.633923588384,0.197204981269,0.521424250287
    ));
#190 = CARTESIAN_POINT('',(34.696489549062,0.132080089046,0.54052371777)
  );
#191 = CARTESIAN_POINT('',(34.761345922354,6.590375425325E-02,
    0.549999983758));
#192 = CARTESIAN_POINT('',(34.827249694783,6.435024482067E-08,0.55));
#193 = PCURVE('',#72,#194);
#194 = DEFINITIONAL_REPRESENTATION('',(#195),#213);
#195 = B_SPLINE_CURVE_WITH_KNOTS('',6,(#196,#197,#198,#199,#200,#201,
    #202,#203,#204,#205,#206,#207,#208,#209,#210,#211,#212),
  .UNSPECIFIED.,.F.,.F.,(7,5,5,7),(0.,0.249543642355,0.51229185807,1.),
  .UNSPECIFIED.);
#196 = CARTESIAN_POINT('',(3.019064069307,0.));
#197 = CARTESIAN_POINT('',(3.019064069307,6.91287111878E-02));
#198 = CARTESIAN_POINT('',(3.019683966205,0.138263364161));
#199 = CARTESIAN_POINT('',(3.020923835394,0.207264523496));
#200 = CARTESIAN_POINT('',(3.022773054502,0.276016667541));
#201 = CARTESIAN_POINT('',(3.025212169188,0.34442079715));
#202 = CARTESIAN_POINT('',(3.031376230368,0.48394971791));
#203 = CARTESIAN_POINT('',(3.035162760639,0.555034938156));
#204 = CARTESIAN_POINT('',(3.039544006111,0.625551837061));
#205 = CARTESIAN_POINT('',(3.044483456482,0.69545070902));
#206 = CARTESIAN_POINT('',(3.049941393358,0.76471474589));
#207 = CARTESIAN_POINT('',(3.066896982361,0.960754488544));
#208 = CARTESIAN_POINT('',(3.07956212013,1.085967622255));
#209 = CARTESIAN_POINT('',(3.093622998612,1.209142251102));
#210 = CARTESIAN_POINT('',(3.108822924596,1.33065196041));
#211 = CARTESIAN_POINT('',(3.124908122541,1.450971030174));
#212 = CARTESIAN_POINT('',(3.141592637299,1.570796209901));
#213 = ( GEOMETRIC_REPRESENTATION_CONTEXT(2) 
PARAMETRIC_REPRESENTATION_CONTEXT() REPRESENTATION_CONTEXT('2D SPACE',''
  ) );
#214 = PCURVE('',#98,#215);
#215 = DEFINITIONAL_REPRESENTATION('',(#216),#234);
#216 = B_SPLINE_CURVE_WITH_KNOTS('',6,(#217,#218,#219,#220,#221,#222,
    #223,#224,#225,#226,#227,#228,#229,#230,#231,#232,#233),
  .UNSPECIFIED.,.F.,.F.,(7,5,5,7),(0.,0.249543642355,0.51229185807,1.),
  .UNSPECIFIED.);
#217 = CARTESIAN_POINT('',(4.712388980385,0.533737580482));
#218 = CARTESIAN_POINT('',(4.781517691572,0.533737580482));
#219 = CARTESIAN_POINT('',(4.850652344545,0.536527015456));
#220 = CARTESIAN_POINT('',(4.91965350388,0.542106721916));
#221 = CARTESIAN_POINT('',(4.988405647926,0.550413202212));
#222 = CARTESIAN_POINT('',(5.056809777535,0.561330826759));
#223 = CARTESIAN_POINT('',(5.196338698295,0.588784887638));
#224 = CARTESIAN_POINT('',(5.267423918541,0.605589873341));
#225 = CARTESIAN_POINT('',(5.337940817446,0.62493991433));
#226 = CARTESIAN_POINT('',(5.407839689404,0.646619257462));
#227 = CARTESIAN_POINT('',(5.477103726275,0.670395560085));
#228 = CARTESIAN_POINT('',(5.673143468928,0.74364063948));
#229 = CARTESIAN_POINT('',(5.798356602541,0.797666027953));
#230 = CARTESIAN_POINT('',(5.921531231782,0.856673829309));
#231 = CARTESIAN_POINT('',(6.043040940398,0.919239789988));
#232 = CARTESIAN_POINT('',(6.163360010843,0.98409616328));
#233 = CARTESIAN_POINT('',(6.283185190179,1.049999935708));
#234 = ( GEOMETRIC_REPRESENTATION_CONTEXT(2) 
PARAMETRIC_REPRESENTATION_CONTEXT() REPRESENTATION_CONTEXT('2D SPACE',''
  ) );
#235 = ORIENTED_EDGE('',*,*,#236,.F.);
#236 = EDGE_CURVE('',#237,#172,#239,.T.);
#237 = VERTEX_POINT('',#238);
#238 = CARTESIAN_POINT('',(34.310987339556,-0.55,-1.347111479062E-16));
#239 = SURFACE_CURVE('',#240,(#258,#279),.PCURVE_S1.);
#240 = B_SPLINE_CURVE_WITH_KNOTS('',6,(#241,#242,#243,#244,#245,#246,
    #247,#248,#249,#250,#251,#252,#253,#254,#255,#256,#257),
  .UNSPECIFIED.,.F.,.F.,(7,5,5,7),(0.,0.249543642355,0.512291858072,1.),
  .UNSPECIFIED.);
#241 = CARTESIAN_POINT('',(34.310987339556,-0.55,0.));
#242 = CARTESIAN_POINT('',(34.310987339556,-0.55,3.802079115315E-02));
#243 = CARTESIAN_POINT('',(34.31377677453,-0.546846098129,
    7.604511087423E-02));
#244 = CARTESIAN_POINT('',(34.31935648099,-0.540536804309,0.113667967188
    ));
#245 = CARTESIAN_POINT('',(34.327662961286,-0.531159824528,0.15050096728
    ));
#246 = CARTESIAN_POINT('',(34.338580585834,-0.518874074272,
    0.186190941793));
#247 = CARTESIAN_POINT('',(34.366034646712,-0.488116518628,
    0.256498405754));
#248 = CARTESIAN_POINT('',(34.382839632415,-0.469349605636,
    0.290963326341));
#249 = CARTESIAN_POINT('',(34.402189673404,-0.447835498769,
    0.323487216235));
#250 = CARTESIAN_POINT('',(34.423869016536,-0.423868262234,
    0.353804465633));
#251 = CARTESIAN_POINT('',(34.447645319159,-0.39776164179,0.381720796301
    ));
#252 = CARTESIAN_POINT('',(34.520890398553,-0.317953061089,0.45422006256
    ));
#253 = CARTESIAN_POINT('',(34.574915787031,-0.259774665652,
    0.492596892822));
#254 = CARTESIAN_POINT('',(34.633923588366,-0.197204981252,
    0.521424250286));
#255 = CARTESIAN_POINT('',(34.69648954908,-0.132080089075,0.540523717769
    ));
#256 = CARTESIAN_POINT('',(34.761345922336,-6.59037542389E-02,
    0.549999983757));
#257 = CARTESIAN_POINT('',(34.827249694784,-6.436149324607E-08,0.55));
#258 = PCURVE('',#72,#259);
#259 = DEFINITIONAL_REPRESENTATION('',(#260),#278);
#260 = B_SPLINE_CURVE_WITH_KNOTS('',6,(#261,#262,#263,#264,#265,#266,
    #267,#268,#269,#270,#271,#272,#273,#274,#275,#276,#277),
  .UNSPECIFIED.,.F.,.F.,(7,5,5,7),(0.,0.249543642355,0.512291858072,1.),
  .UNSPECIFIED.);
#261 = CARTESIAN_POINT('',(3.264121237873,0.));
#262 = CARTESIAN_POINT('',(3.264121237873,6.912871118754E-02));
#263 = CARTESIAN_POINT('',(3.263501340974,0.13826336416));
#264 = CARTESIAN_POINT('',(3.262261471785,0.207264523495));
#265 = CARTESIAN_POINT('',(3.260412252677,0.27601666754));
#266 = CARTESIAN_POINT('',(3.257973137992,0.344420797149));
#267 = CARTESIAN_POINT('',(3.251809076812,0.483949717909));
#268 = CARTESIAN_POINT('',(3.24802254654,0.555034938154));
#269 = CARTESIAN_POINT('',(3.243641301068,0.625551837059));
#270 = CARTESIAN_POINT('',(3.238701850698,0.695450709018));
#271 = CARTESIAN_POINT('',(3.233243913822,0.764714745889));
#272 = CARTESIAN_POINT('',(3.216288324819,0.960754488541));
#273 = CARTESIAN_POINT('',(3.203623187052,1.08596762226));
#274 = CARTESIAN_POINT('',(3.189562308563,1.209142251069));
#275 = CARTESIAN_POINT('',(3.174362382591,1.330651960441));
#276 = CARTESIAN_POINT('',(3.158277184635,1.45097103014));
#277 = CARTESIAN_POINT('',(3.141592669884,1.570796209903));
#278 = ( GEOMETRIC_REPRESENTATION_CONTEXT(2) 
PARAMETRIC_REPRESENTATION_CONTEXT() REPRESENTATION_CONTEXT('2D SPACE',''
  ) );
#279 = PCURVE('',#98,#280);
#280 = DEFINITIONAL_REPRESENTATION('',(#281),#299);
#281 = B_SPLINE_CURVE_WITH_KNOTS('',6,(#282,#283,#284,#285,#286,#287,
    #288,#289,#290,#291,#292,#293,#294,#295,#296,#297,#298),
  .UNSPECIFIED.,.F.,.F.,(7,5,5,7),(0.,0.249543642355,0.512291858072,1.),
  .UNSPECIFIED.);
#282 = CARTESIAN_POINT('',(1.570796326795,0.533737580482));
#283 = CARTESIAN_POINT('',(1.501667615607,0.533737580482));
#284 = CARTESIAN_POINT('',(1.432532962635,0.536527015456));
#285 = CARTESIAN_POINT('',(1.3635318033,0.542106721916));
#286 = CARTESIAN_POINT('',(1.294779659255,0.550413202211));
#287 = CARTESIAN_POINT('',(1.226375529646,0.561330826759));
#288 = CARTESIAN_POINT('',(1.086846608886,0.588784887638));
#289 = CARTESIAN_POINT('',(1.015761388641,0.605589873341));
#290 = CARTESIAN_POINT('',(0.945244489735,0.624939914329));
#291 = CARTESIAN_POINT('',(0.875345617777,0.646619257461));
#292 = CARTESIAN_POINT('',(0.806081580906,0.670395560084));
#293 = CARTESIAN_POINT('',(0.610041838254,0.743640639479));
#294 = CARTESIAN_POINT('',(0.484828704654,0.797666027957));
#295 = CARTESIAN_POINT('',(0.361654075368,0.856673829291));
#296 = CARTESIAN_POINT('',(0.240144366834,0.919239790005));
#297 = CARTESIAN_POINT('',(0.119825296311,0.984096163261));
#298 = CARTESIAN_POINT('',(1.170208967865E-07,1.04999993571));
#299 = ( GEOMETRIC_REPRESENTATION_CONTEXT(2) 
PARAMETRIC_REPRESENTATION_CONTEXT() REPRESENTATION_CONTEXT('2D SPACE',''
  ) );
#300 = ORIENTED_EDGE('',*,*,#301,.T.);
#301 = EDGE_CURVE('',#237,#125,#302,.T.);
#302 = SEAM_CURVE('',#303,(#308,#315),.PCURVE_S1.);
#303 = CIRCLE('',#304,4.5);
#304 = AXIS2_PLACEMENT_3D('',#305,#306,#307);
#305 = CARTESIAN_POINT('',(38.777249759075,0.,-1.347111479062E-16));
#306 = DIRECTION('',(0.,0.,1.));
#307 = DIRECTION('',(1.,0.,-0.));
#308 = PCURVE('',#72,#309);
#309 = DEFINITIONAL_REPRESENTATION('',(#310),#314);
#310 = LINE('',#311,#312);
#311 = CARTESIAN_POINT('',(0.,6.28318530718));
#312 = VECTOR('',#313,1.);
#313 = DIRECTION('',(1.,0.));
#314 = ( GEOMETRIC_REPRESENTATION_CONTEXT(2) 
PARAMETRIC_REPRESENTATION_CONTEXT() REPRESENTATION_CONTEXT('2D SPACE',''
  ) );
#315 = PCURVE('',#72,#316);
#316 = DEFINITIONAL_REPRESENTATION('',(#317),#321);
#317 = LINE('',#318,#319);
#318 = CARTESIAN_POINT('',(0.,0.));
#319 = VECTOR('',#320,1.);
#320 = DIRECTION('',(1.,0.));
#321 = ( GEOMETRIC_REPRESENTATION_CONTEXT(2) 
PARAMETRIC_REPRESENTATION_CONTEXT() REPRESENTATION_CONTEXT('2D SPACE',''
  ) );
#322 = ORIENTED_EDGE('',*,*,#148,.T.);
#323 = ORIENTED_EDGE('',*,*,#301,.F.);
#324 = ORIENTED_EDGE('',*,*,#325,.T.);
#325 = EDGE_CURVE('',#237,#50,#326,.T.);
#326 = SURFACE_CURVE('',#327,(#345,#366),.PCURVE_S1.);
#327 = B_SPLINE_CURVE_WITH_KNOTS('',6,(#328,#329,#330,#331,#332,#333,
    #334,#335,#336,#337,#338,#339,#340,#341,#342,#343,#344),
  .UNSPECIFIED.,.F.,.F.,(7,5,5,7),(0.,0.249543642355,0.512291858071,1.),
  .UNSPECIFIED.);
#328 = CARTESIAN_POINT('',(34.310987339556,-0.55,0.));
#329 = CARTESIAN_POINT('',(34.310987339556,-0.55,-3.802079115314E-02));
#330 = CARTESIAN_POINT('',(34.31377677453,-0.546846098129,
    -7.604511087423E-02));
#331 = CARTESIAN_POINT('',(34.31935648099,-0.540536804309,
    -0.113667967188));
#332 = CARTESIAN_POINT('',(34.327662961286,-0.531159824528,
    -0.150500967279));
#333 = CARTESIAN_POINT('',(34.338580585834,-0.518874074272,
    -0.186190941793));
#334 = CARTESIAN_POINT('',(34.366034646712,-0.488116518628,
    -0.256498405754));
#335 = CARTESIAN_POINT('',(34.382839632415,-0.469349605636,
    -0.290963326341));
#336 = CARTESIAN_POINT('',(34.402189673404,-0.447835498769,
    -0.323487216235));
#337 = CARTESIAN_POINT('',(34.423869016536,-0.423868262234,
    -0.353804465633));
#338 = CARTESIAN_POINT('',(34.447645319159,-0.39776164179,
    -0.381720796301));
#339 = CARTESIAN_POINT('',(34.520890398553,-0.317953061089,
    -0.45422006256));
#340 = CARTESIAN_POINT('',(34.57491578703,-0.25977466565,-0.492596892822
    ));
#341 = CARTESIAN_POINT('',(34.633923588371,-0.197204981258,
    -0.521424250286));
#342 = CARTESIAN_POINT('',(34.696489549073,-0.132080089066,
    -0.540523717769));
#343 = CARTESIAN_POINT('',(34.761345922341,-6.590375424428E-02,
    -0.549999983757));
#344 = CARTESIAN_POINT('',(34.827249694783,-6.435870936183E-08,-0.55));
#345 = PCURVE('',#72,#346);
#346 = DEFINITIONAL_REPRESENTATION('',(#347),#365);
#347 = B_SPLINE_CURVE_WITH_KNOTS('',6,(#348,#349,#350,#351,#352,#353,
    #354,#355,#356,#357,#358,#359,#360,#361,#362,#363,#364),
  .UNSPECIFIED.,.F.,.F.,(7,5,5,7),(0.,0.249543642355,0.512291858071,1.),
  .UNSPECIFIED.);
#348 = CARTESIAN_POINT('',(3.264121237873,6.28318530718));
#349 = CARTESIAN_POINT('',(3.264121237873,6.214056595992));
#350 = CARTESIAN_POINT('',(3.263501340974,6.14492194302));
#351 = CARTESIAN_POINT('',(3.262261471785,6.075920783685));
#352 = CARTESIAN_POINT('',(3.260412252677,6.00716863964));
#353 = CARTESIAN_POINT('',(3.257973137992,5.938764510031));
#354 = CARTESIAN_POINT('',(3.251809076812,5.799235589271));
#355 = CARTESIAN_POINT('',(3.24802254654,5.728150369025));
#356 = CARTESIAN_POINT('',(3.243641301068,5.65763347012));
#357 = CARTESIAN_POINT('',(3.238701850698,5.587734598161));
#358 = CARTESIAN_POINT('',(3.233243913822,5.518470561291));
#359 = CARTESIAN_POINT('',(3.216288324819,5.322430818638));
#360 = CARTESIAN_POINT('',(3.203623187051,5.197217684922));
#361 = CARTESIAN_POINT('',(3.189562308565,5.074043056101));
#362 = CARTESIAN_POINT('',(3.174362382589,4.95253334675));
#363 = CARTESIAN_POINT('',(3.158277184637,4.83221427703));
#364 = CARTESIAN_POINT('',(3.141592669883,4.712389097279));
#365 = ( GEOMETRIC_REPRESENTATION_CONTEXT(2) 
PARAMETRIC_REPRESENTATION_CONTEXT() REPRESENTATION_CONTEXT('2D SPACE',''
  ) );
#366 = PCURVE('',#98,#367);
#367 = DEFINITIONAL_REPRESENTATION('',(#368),#386);
#368 = B_SPLINE_CURVE_WITH_KNOTS('',6,(#369,#370,#371,#372,#373,#374,
    #375,#376,#377,#378,#379,#380,#381,#382,#383,#384,#385),
  .UNSPECIFIED.,.F.,.F.,(7,5,5,7),(0.,0.249543642355,0.512291858071,1.),
  .UNSPECIFIED.);
#369 = CARTESIAN_POINT('',(1.570796326795,0.533737580482));
#370 = CARTESIAN_POINT('',(1.639925037982,0.533737580482));
#371 = CARTESIAN_POINT('',(1.709059690955,0.536527015456));
#372 = CARTESIAN_POINT('',(1.77806085029,0.542106721916));
#373 = CARTESIAN_POINT('',(1.846812994335,0.550413202211));
#374 = CARTESIAN_POINT('',(1.915217123944,0.561330826759));
#375 = CARTESIAN_POINT('',(2.054746044704,0.588784887638));
#376 = CARTESIAN_POINT('',(2.125831264949,0.605589873341));
#377 = CARTESIAN_POINT('',(2.196348163854,0.624939914329));
#378 = CARTESIAN_POINT('',(2.266247035813,0.646619257461));
#379 = CARTESIAN_POINT('',(2.335511072683,0.670395560084));
#380 = CARTESIAN_POINT('',(2.531550815336,0.743640639479));
#381 = CARTESIAN_POINT('',(2.65676394894,0.797666027955));
#382 = CARTESIAN_POINT('',(2.779938578212,0.856673829297));
#383 = CARTESIAN_POINT('',(2.901448286772,0.919239789999));
#384 = CARTESIAN_POINT('',(3.021767357269,0.984096163267));
#385 = CARTESIAN_POINT('',(3.141592536574,1.049999935708));
#386 = ( GEOMETRIC_REPRESENTATION_CONTEXT(2) 
PARAMETRIC_REPRESENTATION_CONTEXT() REPRESENTATION_CONTEXT('2D SPACE',''
  ) );
#387 = FACE_BOUND('',#388,.T.);
#388 = EDGE_LOOP('',(#389,#443,#504));
#389 = ORIENTED_EDGE('',*,*,#390,.F.);
#390 = EDGE_CURVE('',#391,#393,#395,.T.);
#391 = VERTEX_POINT('',#392);
#392 = CARTESIAN_POINT('',(34.827249759075,1.347111479062E-16,0.55));
#393 = VERTEX_POINT('',#394);
#394 = CARTESIAN_POINT('',(35.027249759075,-0.194936708861,
    0.514295323271));
#395 = SURFACE_CURVE('',#396,(#408,#423),.PCURVE_S1.);
#396 = B_SPLINE_CURVE_WITH_KNOTS('',4,(#397,#398,#399,#400,#401,#402,
    #403,#404,#405,#406,#407),.UNSPECIFIED.,.F.,.F.,(5,3,3,5),(0.,
    1.121071363166E-02,0.410306536492,1.),.UNSPECIFIED.);
#397 = CARTESIAN_POINT('',(34.82724991304,0.,0.55));
#398 = CARTESIAN_POINT('',(34.827807003465,-5.58124337832E-04,
    0.550000000042));
#399 = CARTESIAN_POINT('',(34.828366301441,-1.114680168493E-03,
    0.54999924467));
#400 = CARTESIAN_POINT('',(34.828921464067,-1.671390840112E-03,
    0.549997744451));
#401 = CARTESIAN_POINT('',(34.849390898246,-2.21292637447E-02,
    0.549914783124));
#402 = CARTESIAN_POINT('',(34.869402353938,-4.199561146417E-02,
    0.548874263333));
#403 = CARTESIAN_POINT('',(34.889462844333,-6.177406445376E-02,
    0.546880451024));
#404 = CARTESIAN_POINT('',(34.939150620289,-0.110426974859,
    0.539598598087));
#405 = CARTESIAN_POINT('',(34.968770971128,-0.139134057127,
    0.533192063422));
#406 = CARTESIAN_POINT('',(34.998204171294,-0.167361783882,0.52474726255
    ));
#407 = CARTESIAN_POINT('',(35.027250359075,-0.194937278481,
    0.514295107364));
#408 = PCURVE('',#72,#409);
#409 = DEFINITIONAL_REPRESENTATION('',(#410),#422);
#410 = B_SPLINE_CURVE_WITH_KNOTS('',4,(#411,#412,#413,#414,#415,#416,
    #417,#418,#419,#420,#421),.UNSPECIFIED.,.F.,.F.,(5,3,3,5),(0.,
    1.121071363166E-02,0.410306536492,1.),.UNSPECIFIED.);
#411 = CARTESIAN_POINT('',(3.14159265359,1.570796606732));
#412 = CARTESIAN_POINT('',(3.141733950888,1.571809498423));
#413 = CARTESIAN_POINT('',(3.141874904353,1.572826212607));
#414 = CARTESIAN_POINT('',(3.142015949583,1.573835221989));
#415 = CARTESIAN_POINT('',(3.14720101255,1.611031660385));
#416 = CARTESIAN_POINT('',(3.15230395906,1.647159716677));
#417 = CARTESIAN_POINT('',(3.157454350859,1.683261043783));
#418 = CARTESIAN_POINT('',(3.170298253614,1.772706185067));
#419 = CARTESIAN_POINT('',(3.178031458203,1.826050380352));
#420 = CARTESIAN_POINT('',(3.185793986219,1.879484316346));
#421 = CARTESIAN_POINT('',(3.193529194582,1.933102346836));
#422 = ( GEOMETRIC_REPRESENTATION_CONTEXT(2) 
PARAMETRIC_REPRESENTATION_CONTEXT() REPRESENTATION_CONTEXT('2D SPACE',''
  ) );
#423 = PCURVE('',#424,#429);
#424 = CYLINDRICAL_SURFACE('',#425,0.55);
#425 = AXIS2_PLACEMENT_3D('',#426,#427,#428);
#426 = CARTESIAN_POINT('',(33.777249759075,0.,0.));
#427 = DIRECTION('',(1.,0.,0.));
#428 = DIRECTION('',(-0.,0.,1.));
#429 = DEFINITIONAL_REPRESENTATION('',(#430),#442);
#430 = B_SPLINE_CURVE_WITH_KNOTS('',4,(#431,#432,#433,#434,#435,#436,
    #437,#438,#439,#440,#441),.UNSPECIFIED.,.F.,.F.,(5,3,3,5),(0.,
    1.121071363166E-02,0.410306536492,1.),.UNSPECIFIED.);
#431 = CARTESIAN_POINT('',(0.,1.050000153966));
#432 = CARTESIAN_POINT('',(1.014771522869E-03,1.05055724439));
#433 = CARTESIAN_POINT('',(2.026691220852E-03,1.051116542366));
#434 = CARTESIAN_POINT('',(3.03889519455E-03,1.051671704992));
#435 = CARTESIAN_POINT('',(4.023533358985E-02,1.072141139172));
#436 = CARTESIAN_POINT('',(7.636338988201E-02,1.092152594863));
#437 = CARTESIAN_POINT('',(0.112464716988,1.112213085258));
#438 = CARTESIAN_POINT('',(0.201909858272,1.161900861214));
#439 = CARTESIAN_POINT('',(0.255254162064,1.191521212053));
#440 = CARTESIAN_POINT('',(0.308687900146,1.22095441222));
#441 = CARTESIAN_POINT('',(0.362305938631,1.2500006));
#442 = ( GEOMETRIC_REPRESENTATION_CONTEXT(2) 
PARAMETRIC_REPRESENTATION_CONTEXT() REPRESENTATION_CONTEXT('2D SPACE',''
  ) );
#443 = ORIENTED_EDGE('',*,*,#444,.F.);
#444 = EDGE_CURVE('',#445,#391,#447,.T.);
#445 = VERTEX_POINT('',#446);
#446 = CARTESIAN_POINT('',(35.027249759075,0.194936708861,0.514295323271
    ));
#447 = SURFACE_CURVE('',#448,(#463,#481),.PCURVE_S1.);
#448 = B_SPLINE_CURVE_WITH_KNOTS('',4,(#449,#450,#451,#452,#453,#454,
    #455,#456,#457,#458,#459,#460,#461,#462),.UNSPECIFIED.,.F.,.F.,(5,3,
    3,3,5),(0.,0.60233012135,0.810645051396,0.914757923789,1.),
  .UNSPECIFIED.);
#449 = CARTESIAN_POINT('',(35.027250359075,0.194937278481,0.514295107364
    ));
#450 = CARTESIAN_POINT('',(34.997579494149,0.166768740337,0.524972047677
    ));
#451 = CARTESIAN_POINT('',(34.967504785003,0.137919592411,0.533554376514
    ));
#452 = CARTESIAN_POINT('',(34.937239264603,0.108574140676,0.54000911386)
  );
#453 = CARTESIAN_POINT('',(34.896499630034,6.865671350836E-02,
    0.545796380412));
#454 = CARTESIAN_POINT('',(34.886030036534,5.836142113032E-02,
    0.547025835229));
#455 = CARTESIAN_POINT('',(34.875567650207,4.803618658988E-02,
    0.5479964413));
#456 = CARTESIAN_POINT('',(34.85989846025,3.251722359691E-02,
    0.549062383406));
#457 = CARTESIAN_POINT('',(34.854681669734,2.734124526867E-02,
    0.549352608282));
#458 = CARTESIAN_POINT('',(34.849470859833,2.216202489654E-02,
    0.549577761068));
#459 = CARTESIAN_POINT('',(34.84000673236,1.273867091492E-02,
    0.549868838004));
#460 = CARTESIAN_POINT('',(34.835749950916,8.494228204334E-03,
    0.549956258485));
#461 = CARTESIAN_POINT('',(34.831497582504,4.247602220135E-03,
    0.55000000017));
#462 = CARTESIAN_POINT('',(34.827249694783,6.435024482067E-08,0.55));
#463 = PCURVE('',#72,#464);
#464 = DEFINITIONAL_REPRESENTATION('',(#465),#480);
#465 = B_SPLINE_CURVE_WITH_KNOTS('',4,(#466,#467,#468,#469,#470,#471,
    #472,#473,#474,#475,#476,#477,#478,#479),.UNSPECIFIED.,.F.,.F.,(5,3,
    3,3,5),(0.,0.60233012135,0.810645051396,0.914757923789,1.),
  .UNSPECIFIED.);
#466 = CARTESIAN_POINT('',(3.089656119382,1.933102265426));
#467 = CARTESIAN_POINT('',(3.097557682452,1.878331108282));
#468 = CARTESIAN_POINT('',(3.105487741183,1.823752192894));
#469 = CARTESIAN_POINT('',(3.113385958654,1.769264581445));
#470 = CARTESIAN_POINT('',(3.123910044007,1.695928641064));
#471 = CARTESIAN_POINT('',(3.126605051574,1.677082873403));
#472 = CARTESIAN_POINT('',(3.129288690054,1.658232917265));
#473 = CARTESIAN_POINT('',(3.133293788037,1.629950139457));
#474 = CARTESIAN_POINT('',(3.134624865055,1.620525231633));
#475 = CARTESIAN_POINT('',(3.135952076994,1.611100317622));
#476 = CARTESIAN_POINT('',(3.138358403271,1.59395877502));
#477 = CARTESIAN_POINT('',(3.139439132229,1.586240147288));
#478 = CARTESIAN_POINT('',(3.140517311267,1.578519642154));
#479 = CARTESIAN_POINT('',(3.141592637299,1.570796209901));
#480 = ( GEOMETRIC_REPRESENTATION_CONTEXT(2) 
PARAMETRIC_REPRESENTATION_CONTEXT() REPRESENTATION_CONTEXT('2D SPACE',''
  ) );
#481 = PCURVE('',#482,#487);
#482 = CYLINDRICAL_SURFACE('',#483,0.55);
#483 = AXIS2_PLACEMENT_3D('',#484,#485,#486);
#484 = CARTESIAN_POINT('',(33.777249759075,0.,0.));
#485 = DIRECTION('',(1.,0.,0.));
#486 = DIRECTION('',(-0.,0.,1.));
#487 = DEFINITIONAL_REPRESENTATION('',(#488),#503);
#488 = B_SPLINE_CURVE_WITH_KNOTS('',4,(#489,#490,#491,#492,#493,#494,
    #495,#496,#497,#498,#499,#500,#501,#502),.UNSPECIFIED.,.F.,.F.,(5,3,
    3,3,5),(0.,0.60233012135,0.810645051396,0.914757923789,1.),
  .UNSPECIFIED.);
#489 = CARTESIAN_POINT('',(5.920879368549,1.2500006));
#490 = CARTESIAN_POINT('',(5.975650525692,1.220329735075));
#491 = CARTESIAN_POINT('',(6.030229441081,1.190255025928));
#492 = CARTESIAN_POINT('',(6.08471705253,1.159989505528));
#493 = CARTESIAN_POINT('',(6.158052992911,1.11924987096));
#494 = CARTESIAN_POINT('',(6.176898760571,1.108780277459));
#495 = CARTESIAN_POINT('',(6.19574871671,1.098317891133));
#496 = CARTESIAN_POINT('',(6.224031494517,1.082648701175));
#497 = CARTESIAN_POINT('',(6.233456402342,1.07743191066));
#498 = CARTESIAN_POINT('',(6.242881316352,1.072221100759));
#499 = CARTESIAN_POINT('',(6.260022858955,1.062756973285));
#500 = CARTESIAN_POINT('',(6.26774125587,1.058500191841));
#501 = CARTESIAN_POINT('',(6.275462394061,1.05424782343));
#502 = CARTESIAN_POINT('',(6.283185190179,1.049999935708));
#503 = ( GEOMETRIC_REPRESENTATION_CONTEXT(2) 
PARAMETRIC_REPRESENTATION_CONTEXT() REPRESENTATION_CONTEXT('2D SPACE',''
  ) );
#504 = ORIENTED_EDGE('',*,*,#505,.T.);
#505 = EDGE_CURVE('',#445,#393,#506,.T.);
#506 = SURFACE_CURVE('',#507,(#522,#540),.PCURVE_S1.);
#507 = B_SPLINE_CURVE_WITH_KNOTS('',7,(#508,#509,#510,#511,#512,#513,
    #514,#515,#516,#517,#518,#519,#520,#521),.UNSPECIFIED.,.F.,.F.,(8,6,
    8),(0.,0.508200884361,1.),.UNSPECIFIED.);
#508 = CARTESIAN_POINT('',(35.027249759075,0.66,0.531255864943));
#509 = CARTESIAN_POINT('',(35.027249759075,0.567006806094,0.526936372117
    ));
#510 = CARTESIAN_POINT('',(35.027249759075,0.472759277081,0.52263570695)
  );
#511 = CARTESIAN_POINT('',(35.027249759075,0.377371230605,0.518705763035
    ));
#512 = CARTESIAN_POINT('',(35.027249759075,0.281013371241,0.515488107601
    ));
#513 = CARTESIAN_POINT('',(35.027249759075,0.183923100763,0.513283227516
    ));
#514 = CARTESIAN_POINT('',(35.027249759075,8.643384987594E-02,
    0.512242212277));
#515 = CARTESIAN_POINT('',(35.027249759075,-0.105302283184,0.51246187169
    ));
#516 = CARTESIAN_POINT('',(35.027249759075,-0.199582670403,
    0.513648765761));
#517 = CARTESIAN_POINT('',(35.027249759075,-0.293448752721,
    0.515909537189));
#518 = CARTESIAN_POINT('',(35.027249759075,-0.386605965839,
    0.519085956492));
#519 = CARTESIAN_POINT('',(35.027249759075,-0.478840982258,
    0.522913948886));
#520 = CARTESIAN_POINT('',(35.027249759075,-0.570004492798,
    0.527075613342));
#521 = CARTESIAN_POINT('',(35.027249759075,-0.66,0.531255864943));
#522 = PCURVE('',#72,#523);
#523 = DEFINITIONAL_REPRESENTATION('',(#524),#539);
#524 = B_SPLINE_CURVE_WITH_KNOTS('',7,(#525,#526,#527,#528,#529,#530,
    #531,#532,#533,#534,#535,#536,#537,#538),.UNSPECIFIED.,.F.,.F.,(8,6,
    8),(0.,0.508200884361,1.),.UNSPECIFIED.);
#525 = CARTESIAN_POINT('',(2.967376867147,1.832619173381));
#526 = CARTESIAN_POINT('',(2.991429982876,1.862960587395));
#527 = CARTESIAN_POINT('',(3.016045131525,1.889161451219));
#528 = CARTESIAN_POINT('',(3.041163167934,1.910767131582));
#529 = CARTESIAN_POINT('',(3.066699833488,1.927293079581));
#530 = CARTESIAN_POINT('',(3.092542310993,1.938284971195));
#531 = CARTESIAN_POINT('',(3.118543842374,1.943491534669));
#532 = CARTESIAN_POINT('',(3.169673037389,1.942393148895));
#533 = CARTESIAN_POINT('',(3.194809937315,1.936454868042));
#534 = CARTESIAN_POINT('',(3.219780050785,1.925125835355));
#535 = CARTESIAN_POINT('',(3.2444532693,1.90866216948));
#536 = CARTESIAN_POINT('',(3.268728295347,1.887464935636));
#537 = CARTESIAN_POINT('',(3.292530689706,1.861982515242));
#538 = CARTESIAN_POINT('',(3.315808440033,1.832619173381));
#539 = ( GEOMETRIC_REPRESENTATION_CONTEXT(2) 
PARAMETRIC_REPRESENTATION_CONTEXT() REPRESENTATION_CONTEXT('2D SPACE',''
  ) );
#540 = PCURVE('',#541,#546);
#541 = PLANE('',#542);
#542 = AXIS2_PLACEMENT_3D('',#543,#544,#545);
#543 = CARTESIAN_POINT('',(35.027249759075,0.,0.));
#544 = DIRECTION('',(1.,0.,0.));
#545 = DIRECTION('',(-0.,0.,1.));
#546 = DEFINITIONAL_REPRESENTATION('',(#547),#562);
#547 = B_SPLINE_CURVE_WITH_KNOTS('',7,(#548,#549,#550,#551,#552,#553,
    #554,#555,#556,#557,#558,#559,#560,#561),.UNSPECIFIED.,.F.,.F.,(8,6,
    8),(0.,0.508200884361,1.),.UNSPECIFIED.);
#548 = CARTESIAN_POINT('',(0.531255864943,-0.66));
#549 = CARTESIAN_POINT('',(0.526936372117,-0.567006806094));
#550 = CARTESIAN_POINT('',(0.52263570695,-0.472759277081));
#551 = CARTESIAN_POINT('',(0.518705763035,-0.377371230605));
#552 = CARTESIAN_POINT('',(0.515488107601,-0.281013371241));
#553 = CARTESIAN_POINT('',(0.513283227516,-0.183923100763));
#554 = CARTESIAN_POINT('',(0.512242212277,-8.643384987594E-02));
#555 = CARTESIAN_POINT('',(0.51246187169,0.105302283184));
#556 = CARTESIAN_POINT('',(0.513648765761,0.199582670403));
#557 = CARTESIAN_POINT('',(0.515909537189,0.293448752721));
#558 = CARTESIAN_POINT('',(0.519085956492,0.386605965839));
#559 = CARTESIAN_POINT('',(0.522913948886,0.478840982258));
#560 = CARTESIAN_POINT('',(0.527075613342,0.570004492798));
#561 = CARTESIAN_POINT('',(0.531255864943,0.66));
#562 = ( GEOMETRIC_REPRESENTATION_CONTEXT(2) 
PARAMETRIC_REPRESENTATION_CONTEXT() REPRESENTATION_CONTEXT('2D SPACE',''
  ) );
#563 = FACE_BOUND('',#564,.T.);
#564 = EDGE_LOOP('',(#565,#619,#675));
#565 = ORIENTED_EDGE('',*,*,#566,.F.);
#566 = EDGE_CURVE('',#567,#569,#571,.T.);
#567 = VERTEX_POINT('',#568);
#568 = CARTESIAN_POINT('',(34.827249694784,4.144721935311E-13,-0.55));
#569 = VERTEX_POINT('',#570);
#570 = CARTESIAN_POINT('',(35.027249759075,0.194936708861,
    -0.514295323271));
#571 = SURFACE_CURVE('',#572,(#584,#599),.PCURVE_S1.);
#572 = B_SPLINE_CURVE_WITH_KNOTS('',4,(#573,#574,#575,#576,#577,#578,
    #579,#580,#581,#582,#583),.UNSPECIFIED.,.F.,.F.,(5,3,3,5),(0.,
    1.08747686731E-02,0.409873208587,1.),.UNSPECIFIED.);
#573 = CARTESIAN_POINT('',(34.827249694784,6.43595383201E-08,-0.55));
#574 = CARTESIAN_POINT('',(34.827778147514,5.266776267237E-04,
    -0.550000000321));
#575 = CARTESIAN_POINT('',(34.82830569394,1.060556987052E-03,
    -0.549999315569));
#576 = CARTESIAN_POINT('',(34.828818502106,1.568468793116E-03,
    -0.549998030968));
#577 = CARTESIAN_POINT('',(34.849271291623,2.201032566197E-02,
    -0.549919577042));
#578 = CARTESIAN_POINT('',(34.869282892517,4.187742459753E-02,
    -0.548883317678));
#579 = CARTESIAN_POINT('',(34.889343688499,6.165678591748E-02,
    -0.546893701624));
#580 = CARTESIAN_POINT('',(34.939061635917,0.110340733303,
    -0.539617837696));
#581 = CARTESIAN_POINT('',(34.968712001571,0.139077498739,
    -0.533208982681));
#582 = CARTESIAN_POINT('',(34.998175087896,0.167334177349,
    -0.524757725684));
#583 = CARTESIAN_POINT('',(35.027250359075,0.194937278481,
    -0.514295107364));
#584 = PCURVE('',#72,#585);
#585 = DEFINITIONAL_REPRESENTATION('',(#586),#598);
#586 = B_SPLINE_CURVE_WITH_KNOTS('',4,(#587,#588,#589,#590,#591,#592,
    #593,#594,#595,#596,#597),.UNSPECIFIED.,.F.,.F.,(5,3,3,5),(0.,
    1.08747686731E-02,0.409873208587,1.),.UNSPECIFIED.);
#587 = CARTESIAN_POINT('',(3.141592637296,4.712389097276));
#588 = CARTESIAN_POINT('',(3.141459317504,4.711428274051));
#589 = CARTESIAN_POINT('',(3.141324109896,4.710469272054));
#590 = CARTESIAN_POINT('',(3.141195434022,4.709537216784));
#591 = CARTESIAN_POINT('',(3.136014744127,4.67236993057));
#592 = CARTESIAN_POINT('',(3.130911915388,4.636240918323));
#593 = CARTESIAN_POINT('',(3.125761600978,4.600138715113));
#594 = CARTESIAN_POINT('',(3.112910285208,4.510639374353));
#595 = CARTESIAN_POINT('',(3.105169393657,4.457241881157));
#596 = CARTESIAN_POINT('',(3.097399071587,4.403754758123));
#597 = CARTESIAN_POINT('',(3.089656119382,4.350083041754));
#598 = ( GEOMETRIC_REPRESENTATION_CONTEXT(2) 
PARAMETRIC_REPRESENTATION_CONTEXT() REPRESENTATION_CONTEXT('2D SPACE',''
  ) );
#599 = PCURVE('',#600,#605);
#600 = CYLINDRICAL_SURFACE('',#601,0.55);
#601 = AXIS2_PLACEMENT_3D('',#602,#603,#604);
#602 = CARTESIAN_POINT('',(33.777249759075,0.,0.));
#603 = DIRECTION('',(1.,0.,0.));
#604 = DIRECTION('',(-0.,0.,1.));
#605 = DEFINITIONAL_REPRESENTATION('',(#606),#618);
#606 = B_SPLINE_CURVE_WITH_KNOTS('',4,(#607,#608,#609,#610,#611,#612,
    #613,#614,#615,#616,#617),.UNSPECIFIED.,.F.,.F.,(5,3,3,5),(0.,
    1.08747686731E-02,0.409873208587,1.),.UNSPECIFIED.);
#607 = CARTESIAN_POINT('',(3.141592770607,1.04999993571));
#608 = CARTESIAN_POINT('',(3.142550249274,1.05052838844));
#609 = CARTESIAN_POINT('',(3.143520939053,1.051055934866));
#610 = CARTESIAN_POINT('',(3.144444417191,1.051568743031));
#611 = CARTESIAN_POINT('',(3.181611703405,1.072021532548));
#612 = CARTESIAN_POINT('',(3.217740715651,1.092033133442));
#613 = CARTESIAN_POINT('',(3.253842918862,1.112093929425));
#614 = CARTESIAN_POINT('',(3.343342259622,1.161811876842));
#615 = CARTESIAN_POINT('',(3.396739752817,1.191462242496));
#616 = CARTESIAN_POINT('',(3.450226875852,1.220925328822));
#617 = CARTESIAN_POINT('',(3.503898592221,1.2500006));
#618 = ( GEOMETRIC_REPRESENTATION_CONTEXT(2) 
PARAMETRIC_REPRESENTATION_CONTEXT() REPRESENTATION_CONTEXT('2D SPACE',''
  ) );
#619 = ORIENTED_EDGE('',*,*,#620,.F.);
#620 = EDGE_CURVE('',#621,#567,#623,.T.);
#621 = VERTEX_POINT('',#622);
#622 = CARTESIAN_POINT('',(35.027249759075,-0.194936708861,
    -0.514295323271));
#623 = SURFACE_CURVE('',#624,(#639,#657),.PCURVE_S1.);
#624 = B_SPLINE_CURVE_WITH_KNOTS('',4,(#625,#626,#627,#628,#629,#630,
    #631,#632,#633,#634,#635,#636,#637,#638),.UNSPECIFIED.,.F.,.F.,(5,3,
    3,3,5),(0.,0.593820935002,0.802140593798,0.906258384656,1.),
  .UNSPECIFIED.);
#625 = CARTESIAN_POINT('',(35.027250359075,-0.194937278481,
    -0.514295107364));
#626 = CARTESIAN_POINT('',(34.997998569042,-0.167166596184,
    -0.524821245278));
#627 = CARTESIAN_POINT('',(34.968354246024,-0.138734380833,
    -0.53331152493));
#628 = CARTESIAN_POINT('',(34.938521579405,-0.109817285068,
    -0.539734338463));
#629 = CARTESIAN_POINT('',(34.898209633992,-7.033636862789E-02,
    -0.545582471981));
#630 = CARTESIAN_POINT('',(34.887739243088,-6.004482698403E-02,
    -0.546843614296));
#631 = CARTESIAN_POINT('',(34.877275434824,-4.972271715433E-02,
    -0.547845982903));
#632 = CARTESIAN_POINT('',(34.861603057965,-3.420736568263E-02,
    -0.548959676867));
#633 = CARTESIAN_POINT('',(34.85638492408,-2.903230618763E-02,
    -0.549265834642));
#634 = CARTESIAN_POINT('',(34.85117257671,-2.385380431987E-02,
    -0.549506930638));
#635 = CARTESIAN_POINT('',(34.841280569127,-1.400867091574E-02,
    -0.549841376243));
#636 = CARTESIAN_POINT('',(34.836598289404,-9.341294115081E-03,
    -0.549947097722));
#637 = CARTESIAN_POINT('',(34.831921259463,-4.671279140392E-03,
    -0.55000000018));
#638 = CARTESIAN_POINT('',(34.827249694783,-6.435870938959E-08,-0.55));
#639 = PCURVE('',#72,#640);
#640 = DEFINITIONAL_REPRESENTATION('',(#641),#656);
#641 = B_SPLINE_CURVE_WITH_KNOTS('',4,(#642,#643,#644,#645,#646,#647,
    #648,#649,#650,#651,#652,#653,#654,#655),.UNSPECIFIED.,.F.,.F.,(5,3,
    3,3,5),(0.,0.593820935002,0.802140593798,0.906258384656,1.),
  .UNSPECIFIED.);
#642 = CARTESIAN_POINT('',(3.193529187797,4.350083041754));
#643 = CARTESIAN_POINT('',(3.185739227362,4.404080604435));
#644 = CARTESIAN_POINT('',(3.177921565477,4.457891324864));
#645 = CARTESIAN_POINT('',(3.170134036444,4.511611908674));
#646 = CARTESIAN_POINT('',(3.159715925472,4.584178627558));
#647 = CARTESIAN_POINT('',(3.157019545217,4.60302454418));
#648 = CARTESIAN_POINT('',(3.154334380409,4.621874338666));
#649 = CARTESIAN_POINT('',(3.150326737663,4.65015664897));
#650 = CARTESIAN_POINT('',(3.148994743252,4.659581555256));
#651 = CARTESIAN_POINT('',(3.147666567372,4.669006467765));
#652 = CARTESIAN_POINT('',(3.145150366658,4.686917035827));
#653 = CARTESIAN_POINT('',(3.143961267863,4.695405045435));
#654 = CARTESIAN_POINT('',(3.142775255892,4.703895343288));
#655 = CARTESIAN_POINT('',(3.141592669883,4.712389097279));
#656 = ( GEOMETRIC_REPRESENTATION_CONTEXT(2) 
PARAMETRIC_REPRESENTATION_CONTEXT() REPRESENTATION_CONTEXT('2D SPACE',''
  ) );
#657 = PCURVE('',#600,#658);
#658 = DEFINITIONAL_REPRESENTATION('',(#659),#674);
#659 = B_SPLINE_CURVE_WITH_KNOTS('',4,(#660,#661,#662,#663,#664,#665,
    #666,#667,#668,#669,#670,#671,#672,#673),.UNSPECIFIED.,.F.,.F.,(5,3,
    3,3,5),(0.,0.593820935002,0.802140593798,0.906258384656,1.),
  .UNSPECIFIED.);
#660 = CARTESIAN_POINT('',(2.779286714959,1.2500006));
#661 = CARTESIAN_POINT('',(2.83328427764,1.220748809967));
#662 = CARTESIAN_POINT('',(2.88709499807,1.19110448695));
#663 = CARTESIAN_POINT('',(2.940815581879,1.161271820331));
#664 = CARTESIAN_POINT('',(3.013382300763,1.120959874918));
#665 = CARTESIAN_POINT('',(3.032228217385,1.110489484014));
#666 = CARTESIAN_POINT('',(3.051078011871,1.100025675749));
#667 = CARTESIAN_POINT('',(3.079360322175,1.084353298891));
#668 = CARTESIAN_POINT('',(3.088785228462,1.079135165005));
#669 = CARTESIAN_POINT('',(3.09821014097,1.073922817635));
#670 = CARTESIAN_POINT('',(3.116120709032,1.064030810052));
#671 = CARTESIAN_POINT('',(3.124608482425,1.059348530329));
#672 = CARTESIAN_POINT('',(3.133099418804,1.054671500389));
#673 = CARTESIAN_POINT('',(3.141592536574,1.049999935708));
#674 = ( GEOMETRIC_REPRESENTATION_CONTEXT(2) 
PARAMETRIC_REPRESENTATION_CONTEXT() REPRESENTATION_CONTEXT('2D SPACE',''
  ) );
#675 = ORIENTED_EDGE('',*,*,#676,.T.);
#676 = EDGE_CURVE('',#621,#569,#677,.T.);
#677 = SURFACE_CURVE('',#678,(#693,#711),.PCURVE_S1.);
#678 = B_SPLINE_CURVE_WITH_KNOTS('',7,(#679,#680,#681,#682,#683,#684,
    #685,#686,#687,#688,#689,#690,#691,#692),.UNSPECIFIED.,.F.,.F.,(8,6,
    8),(0.,0.508200884361,1.),.UNSPECIFIED.);
#679 = CARTESIAN_POINT('',(35.027249759075,-0.66,-0.531255864943));
#680 = CARTESIAN_POINT('',(35.027249759075,-0.567006806094,
    -0.526936372117));
#681 = CARTESIAN_POINT('',(35.027249759075,-0.472759277081,
    -0.52263570695));
#682 = CARTESIAN_POINT('',(35.027249759075,-0.377371230606,
    -0.518705763035));
#683 = CARTESIAN_POINT('',(35.027249759075,-0.281013371241,
    -0.515488107601));
#684 = CARTESIAN_POINT('',(35.027249759075,-0.183923100763,
    -0.513283227516));
#685 = CARTESIAN_POINT('',(35.027249759075,-8.643384987521E-02,
    -0.512242212277));
#686 = CARTESIAN_POINT('',(35.027249759075,0.105302283185,-0.51246187169
    ));
#687 = CARTESIAN_POINT('',(35.027249759075,0.199582670403,
    -0.513648765761));
#688 = CARTESIAN_POINT('',(35.027249759075,0.293448752721,
    -0.515909537189));
#689 = CARTESIAN_POINT('',(35.027249759075,0.386605965839,
    -0.519085956492));
#690 = CARTESIAN_POINT('',(35.027249759075,0.478840982258,
    -0.522913948886));
#691 = CARTESIAN_POINT('',(35.027249759075,0.570004492798,
    -0.527075613342));
#692 = CARTESIAN_POINT('',(35.027249759075,0.66,-0.531255864943));
#693 = PCURVE('',#72,#694);
#694 = DEFINITIONAL_REPRESENTATION('',(#695),#710);
#695 = B_SPLINE_CURVE_WITH_KNOTS('',7,(#696,#697,#698,#699,#700,#701,
    #702,#703,#704,#705,#706,#707,#708,#709),.UNSPECIFIED.,.F.,.F.,(8,6,
    8),(0.,0.508200884361,1.),.UNSPECIFIED.);
#696 = CARTESIAN_POINT('',(3.315808440033,4.450566133799));
#697 = CARTESIAN_POINT('',(3.291755324304,4.420224719784));
#698 = CARTESIAN_POINT('',(3.267140175655,4.394023855961));
#699 = CARTESIAN_POINT('',(3.242022139246,4.372418175598));
#700 = CARTESIAN_POINT('',(3.216485473692,4.355892227598));
#701 = CARTESIAN_POINT('',(3.190642996187,4.344900335985));
#702 = CARTESIAN_POINT('',(3.164641464805,4.33969377251));
#703 = CARTESIAN_POINT('',(3.113512269791,4.340792158284));
#704 = CARTESIAN_POINT('',(3.088375369865,4.346730439137));
#705 = CARTESIAN_POINT('',(3.063405256394,4.358059471824));
#706 = CARTESIAN_POINT('',(3.03873203788,4.374523137699));
#707 = CARTESIAN_POINT('',(3.014457011832,4.395720371544));
#708 = CARTESIAN_POINT('',(2.990654617473,4.421202791938));
#709 = CARTESIAN_POINT('',(2.967376867147,4.450566133799));
#710 = ( GEOMETRIC_REPRESENTATION_CONTEXT(2) 
PARAMETRIC_REPRESENTATION_CONTEXT() REPRESENTATION_CONTEXT('2D SPACE',''
  ) );
#711 = PCURVE('',#712,#717);
#712 = PLANE('',#713);
#713 = AXIS2_PLACEMENT_3D('',#714,#715,#716);
#714 = CARTESIAN_POINT('',(35.027249759075,0.,0.));
#715 = DIRECTION('',(1.,0.,0.));
#716 = DIRECTION('',(-0.,0.,1.));
#717 = DEFINITIONAL_REPRESENTATION('',(#718),#733);
#718 = B_SPLINE_CURVE_WITH_KNOTS('',7,(#719,#720,#721,#722,#723,#724,
    #725,#726,#727,#728,#729,#730,#731,#732),.UNSPECIFIED.,.F.,.F.,(8,6,
    8),(0.,0.508200884361,1.),.UNSPECIFIED.);
#719 = CARTESIAN_POINT('',(-0.531255864943,0.66));
#720 = CARTESIAN_POINT('',(-0.526936372117,0.567006806094));
#721 = CARTESIAN_POINT('',(-0.52263570695,0.472759277081));
#722 = CARTESIAN_POINT('',(-0.518705763035,0.377371230606));
#723 = CARTESIAN_POINT('',(-0.515488107601,0.281013371241));
#724 = CARTESIAN_POINT('',(-0.513283227516,0.183923100763));
#725 = CARTESIAN_POINT('',(-0.512242212277,8.643384987521E-02));
#726 = CARTESIAN_POINT('',(-0.51246187169,-0.105302283185));
#727 = CARTESIAN_POINT('',(-0.513648765761,-0.199582670403));
#728 = CARTESIAN_POINT('',(-0.515909537189,-0.293448752721));
#729 = CARTESIAN_POINT('',(-0.519085956492,-0.386605965839));
#730 = CARTESIAN_POINT('',(-0.522913948886,-0.478840982258));
#731 = CARTESIAN_POINT('',(-0.527075613342,-0.570004492798));
#732 = CARTESIAN_POINT('',(-0.531255864943,-0.66));
#733 = ( GEOMETRIC_REPRESENTATION_CONTEXT(2) 
PARAMETRIC_REPRESENTATION_CONTEXT() REPRESENTATION_CONTEXT('2D SPACE',''
  ) );
#734 = ADVANCED_FACE('',(#735),#98,.T.);
#735 = FACE_BOUND('',#736,.T.);
#736 = EDGE_LOOP('',(#737,#738,#761,#788,#789,#790,#791));
#737 = ORIENTED_EDGE('',*,*,#236,.T.);
#738 = ORIENTED_EDGE('',*,*,#739,.F.);
#739 = EDGE_CURVE('',#740,#172,#742,.T.);
#740 = VERTEX_POINT('',#741);
#741 = CARTESIAN_POINT('',(33.777249759075,1.347111479062E-16,0.55));
#742 = SEAM_CURVE('',#743,(#747,#754),.PCURVE_S1.);
#743 = LINE('',#744,#745);
#744 = CARTESIAN_POINT('',(33.777249759075,1.347111479062E-16,0.55));
#745 = VECTOR('',#746,1.);
#746 = DIRECTION('',(1.,0.,0.));
#747 = PCURVE('',#98,#748);
#748 = DEFINITIONAL_REPRESENTATION('',(#749),#753);
#749 = LINE('',#750,#751);
#750 = CARTESIAN_POINT('',(6.28318530718,-0.));
#751 = VECTOR('',#752,1.);
#752 = DIRECTION('',(0.,1.));
#753 = ( GEOMETRIC_REPRESENTATION_CONTEXT(2) 
PARAMETRIC_REPRESENTATION_CONTEXT() REPRESENTATION_CONTEXT('2D SPACE',''
  ) );
#754 = PCURVE('',#98,#755);
#755 = DEFINITIONAL_REPRESENTATION('',(#756),#760);
#756 = LINE('',#757,#758);
#757 = CARTESIAN_POINT('',(0.,-0.));
#758 = VECTOR('',#759,1.);
#759 = DIRECTION('',(0.,1.));
#760 = ( GEOMETRIC_REPRESENTATION_CONTEXT(2) 
PARAMETRIC_REPRESENTATION_CONTEXT() REPRESENTATION_CONTEXT('2D SPACE',''
  ) );
#761 = ORIENTED_EDGE('',*,*,#762,.T.);
#762 = EDGE_CURVE('',#740,#740,#763,.T.);
#763 = SURFACE_CURVE('',#764,(#769,#776),.PCURVE_S1.);
#764 = CIRCLE('',#765,0.55);
#765 = AXIS2_PLACEMENT_3D('',#766,#767,#768);
#766 = CARTESIAN_POINT('',(33.777249759075,0.,0.));
#767 = DIRECTION('',(1.,0.,0.));
#768 = DIRECTION('',(-0.,0.,1.));
#769 = PCURVE('',#98,#770);
#770 = DEFINITIONAL_REPRESENTATION('',(#771),#775);
#771 = LINE('',#772,#773);
#772 = CARTESIAN_POINT('',(0.,0.));
#773 = VECTOR('',#774,1.);
#774 = DIRECTION('',(1.,0.));
#775 = ( GEOMETRIC_REPRESENTATION_CONTEXT(2) 
PARAMETRIC_REPRESENTATION_CONTEXT() REPRESENTATION_CONTEXT('2D SPACE',''
  ) );
#776 = PCURVE('',#777,#782);
#777 = PLANE('',#778);
#778 = AXIS2_PLACEMENT_3D('',#779,#780,#781);
#779 = CARTESIAN_POINT('',(33.777249759075,0.,0.));
#780 = DIRECTION('',(1.,0.,0.));
#781 = DIRECTION('',(-0.,0.,1.));
#782 = DEFINITIONAL_REPRESENTATION('',(#783),#787);
#783 = CIRCLE('',#784,0.55);
#784 = AXIS2_PLACEMENT_2D('',#785,#786);
#785 = CARTESIAN_POINT('',(0.,0.));
#786 = DIRECTION('',(1.,0.));
#787 = ( GEOMETRIC_REPRESENTATION_CONTEXT(2) 
PARAMETRIC_REPRESENTATION_CONTEXT() REPRESENTATION_CONTEXT('2D SPACE',''
  ) );
#788 = ORIENTED_EDGE('',*,*,#739,.T.);
#789 = ORIENTED_EDGE('',*,*,#171,.F.);
#790 = ORIENTED_EDGE('',*,*,#47,.T.);
#791 = ORIENTED_EDGE('',*,*,#325,.F.);
#792 = ADVANCED_FACE('',(#793),#424,.T.);
#793 = FACE_BOUND('',#794,.T.);
#794 = EDGE_LOOP('',(#795,#819,#840));
#795 = ORIENTED_EDGE('',*,*,#796,.F.);
#796 = EDGE_CURVE('',#797,#393,#799,.T.);
#797 = VERTEX_POINT('',#798);
#798 = CARTESIAN_POINT('',(35.027249759075,1.347111479062E-16,0.55));
#799 = SURFACE_CURVE('',#800,(#805,#812),.PCURVE_S1.);
#800 = CIRCLE('',#801,0.55);
#801 = AXIS2_PLACEMENT_3D('',#802,#803,#804);
#802 = CARTESIAN_POINT('',(35.027249759075,0.,0.));
#803 = DIRECTION('',(1.,0.,0.));
#804 = DIRECTION('',(-0.,0.,1.));
#805 = PCURVE('',#424,#806);
#806 = DEFINITIONAL_REPRESENTATION('',(#807),#811);
#807 = LINE('',#808,#809);
#808 = CARTESIAN_POINT('',(0.,1.25));
#809 = VECTOR('',#810,1.);
#810 = DIRECTION('',(1.,0.));
#811 = ( GEOMETRIC_REPRESENTATION_CONTEXT(2) 
PARAMETRIC_REPRESENTATION_CONTEXT() REPRESENTATION_CONTEXT('2D SPACE',''
  ) );
#812 = PCURVE('',#541,#813);
#813 = DEFINITIONAL_REPRESENTATION('',(#814),#818);
#814 = CIRCLE('',#815,0.55);
#815 = AXIS2_PLACEMENT_2D('',#816,#817);
#816 = CARTESIAN_POINT('',(0.,0.));
#817 = DIRECTION('',(1.,0.));
#818 = ( GEOMETRIC_REPRESENTATION_CONTEXT(2) 
PARAMETRIC_REPRESENTATION_CONTEXT() REPRESENTATION_CONTEXT('2D SPACE',''
  ) );
#819 = ORIENTED_EDGE('',*,*,#820,.F.);
#820 = EDGE_CURVE('',#172,#797,#821,.T.);
#821 = SURFACE_CURVE('',#822,(#826,#833),.PCURVE_S1.);
#822 = LINE('',#823,#824);
#823 = CARTESIAN_POINT('',(33.777249759075,1.347111479062E-16,0.55));
#824 = VECTOR('',#825,1.);
#825 = DIRECTION('',(1.,0.,0.));
#826 = PCURVE('',#424,#827);
#827 = DEFINITIONAL_REPRESENTATION('',(#828),#832);
#828 = LINE('',#829,#830);
#829 = CARTESIAN_POINT('',(0.,-0.));
#830 = VECTOR('',#831,1.);
#831 = DIRECTION('',(0.,1.));
#832 = ( GEOMETRIC_REPRESENTATION_CONTEXT(2) 
PARAMETRIC_REPRESENTATION_CONTEXT() REPRESENTATION_CONTEXT('2D SPACE',''
  ) );
#833 = PCURVE('',#482,#834);
#834 = DEFINITIONAL_REPRESENTATION('',(#835),#839);
#835 = LINE('',#836,#837);
#836 = CARTESIAN_POINT('',(6.28318530718,-0.));
#837 = VECTOR('',#838,1.);
#838 = DIRECTION('',(0.,1.));
#839 = ( GEOMETRIC_REPRESENTATION_CONTEXT(2) 
PARAMETRIC_REPRESENTATION_CONTEXT() REPRESENTATION_CONTEXT('2D SPACE',''
  ) );
#840 = ORIENTED_EDGE('',*,*,#390,.T.);
#841 = ADVANCED_FACE('',(#842),#541,.T.);
#842 = FACE_BOUND('',#843,.T.);
#843 = EDGE_LOOP('',(#844,#866,#867));
#844 = ORIENTED_EDGE('',*,*,#845,.T.);
#845 = EDGE_CURVE('',#445,#797,#846,.T.);
#846 = SURFACE_CURVE('',#847,(#852,#859),.PCURVE_S1.);
#847 = CIRCLE('',#848,0.55);
#848 = AXIS2_PLACEMENT_3D('',#849,#850,#851);
#849 = CARTESIAN_POINT('',(35.027249759075,0.,0.));
#850 = DIRECTION('',(1.,0.,0.));
#851 = DIRECTION('',(-0.,0.,1.));
#852 = PCURVE('',#541,#853);
#853 = DEFINITIONAL_REPRESENTATION('',(#854),#858);
#854 = CIRCLE('',#855,0.55);
#855 = AXIS2_PLACEMENT_2D('',#856,#857);
#856 = CARTESIAN_POINT('',(0.,0.));
#857 = DIRECTION('',(1.,0.));
#858 = ( GEOMETRIC_REPRESENTATION_CONTEXT(2) 
PARAMETRIC_REPRESENTATION_CONTEXT() REPRESENTATION_CONTEXT('2D SPACE',''
  ) );
#859 = PCURVE('',#482,#860);
#860 = DEFINITIONAL_REPRESENTATION('',(#861),#865);
#861 = LINE('',#862,#863);
#862 = CARTESIAN_POINT('',(0.,1.25));
#863 = VECTOR('',#864,1.);
#864 = DIRECTION('',(1.,0.));
#865 = ( GEOMETRIC_REPRESENTATION_CONTEXT(2) 
PARAMETRIC_REPRESENTATION_CONTEXT() REPRESENTATION_CONTEXT('2D SPACE',''
  ) );
#866 = ORIENTED_EDGE('',*,*,#796,.T.);
#867 = ORIENTED_EDGE('',*,*,#505,.F.);
#868 = ADVANCED_FACE('',(#869),#482,.T.);
#869 = FACE_BOUND('',#870,.T.);
#870 = EDGE_LOOP('',(#871,#872,#873));
#871 = ORIENTED_EDGE('',*,*,#820,.T.);
#872 = ORIENTED_EDGE('',*,*,#845,.F.);
#873 = ORIENTED_EDGE('',*,*,#444,.T.);
#874 = ADVANCED_FACE('',(#875),#600,.T.);
#875 = FACE_BOUND('',#876,.T.);
#876 = EDGE_LOOP('',(#877,#899,#900));
#877 = ORIENTED_EDGE('',*,*,#878,.F.);
#878 = EDGE_CURVE('',#621,#569,#879,.T.);
#879 = SURFACE_CURVE('',#880,(#885,#892),.PCURVE_S1.);
#880 = CIRCLE('',#881,0.55);
#881 = AXIS2_PLACEMENT_3D('',#882,#883,#884);
#882 = CARTESIAN_POINT('',(35.027249759075,0.,0.));
#883 = DIRECTION('',(1.,0.,0.));
#884 = DIRECTION('',(-0.,0.,1.));
#885 = PCURVE('',#600,#886);
#886 = DEFINITIONAL_REPRESENTATION('',(#887),#891);
#887 = LINE('',#888,#889);
#888 = CARTESIAN_POINT('',(0.,1.25));
#889 = VECTOR('',#890,1.);
#890 = DIRECTION('',(1.,0.));
#891 = ( GEOMETRIC_REPRESENTATION_CONTEXT(2) 
PARAMETRIC_REPRESENTATION_CONTEXT() REPRESENTATION_CONTEXT('2D SPACE',''
  ) );
#892 = PCURVE('',#712,#893);
#893 = DEFINITIONAL_REPRESENTATION('',(#894),#898);
#894 = CIRCLE('',#895,0.55);
#895 = AXIS2_PLACEMENT_2D('',#896,#897);
#896 = CARTESIAN_POINT('',(0.,0.));
#897 = DIRECTION('',(1.,0.));
#898 = ( GEOMETRIC_REPRESENTATION_CONTEXT(2) 
PARAMETRIC_REPRESENTATION_CONTEXT() REPRESENTATION_CONTEXT('2D SPACE',''
  ) );
#899 = ORIENTED_EDGE('',*,*,#620,.T.);
#900 = ORIENTED_EDGE('',*,*,#566,.T.);
#901 = ADVANCED_FACE('',(#902),#712,.T.);
#902 = FACE_BOUND('',#903,.T.);
#903 = EDGE_LOOP('',(#904,#905));
#904 = ORIENTED_EDGE('',*,*,#676,.F.);
#905 = ORIENTED_EDGE('',*,*,#878,.T.);
#906 = ADVANCED_FACE('',(#907),#777,.F.);
#907 = FACE_BOUND('',#908,.T.);
#908 = EDGE_LOOP('',(#909));
#909 = ORIENTED_EDGE('',*,*,#762,.F.);
#910 = ( GEOMETRIC_REPRESENTATION_CONTEXT(3) 
GLOBAL_UNCERTAINTY_ASSIGNED_CONTEXT((#914)) GLOBAL_UNIT_ASSIGNED_CONTEXT
((#911,#912,#913)) REPRESENTATION_CONTEXT('Context #1',
  '3D Context with UNIT and UNCERTAINTY') );
#911 = ( LENGTH_UNIT() NAMED_UNIT(*) SI_UNIT(.MILLI.,.METRE.) );
#912 = ( NAMED_UNIT(*) PLANE_ANGLE_UNIT() SI_UNIT($,.RADIAN.) );
#913 = ( NAMED_UNIT(*) SI_UNIT($,.STERADIAN.) SOLID_ANGLE_UNIT() );
#914 = UNCERTAINTY_MEASURE_WITH_UNIT(LENGTH_MEASURE(2.E-07),#911,
  'distance_accuracy_value','confusion accuracy');
#915 = CONTEXT_DEPENDENT_SHAPE_REPRESENTATION(#916,#918);
#916 = ( REPRESENTATION_RELATIONSHIP('','',#40,#10) 
REPRESENTATION_RELATIONSHIP_WITH_TRANSFORMATION(#917) 
SHAPE_REPRESENTATION_RELATIONSHIP() );
#917 = ITEM_DEFINED_TRANSFORMATION('','',#11,#15);
#918 = PRODUCT_DEFINITION_SHAPE('Placement','Placement of an item',#919
  );
#919 = NEXT_ASSEMBLY_USAGE_OCCURRENCE('25','','',#5,#35,$);
#920 = PRODUCT_RELATED_PRODUCT_CATEGORY('part',$,(#37));
#921 = SHAPE_DEFINITION_REPRESENTATION(#922,#928);
#922 = PRODUCT_DEFINITION_SHAPE('','',#923);
#923 = PRODUCT_DEFINITION('design','',#924,#927);
#924 = PRODUCT_DEFINITION_FORMATION('','',#925);
#925 = PRODUCT('Open CASCADE STEP translator 7.9 5.2',
  'Open CASCADE STEP translator 7.9 5.2','',(#926));
#926 = PRODUCT_CONTEXT('',#2,'mechanical');
#927 = PRODUCT_DEFINITION_CONTEXT('part definition',#2,'design');
#928 = ADVANCED_BREP_SHAPE_REPRESENTATION('',(#11,#929),#1753);
#929 = MANIFOLD_SOLID_BREP('',#930);
#930 = CLOSED_SHELL('',(#931,#1575,#1633,#1682,#1710,#1737,#1743,#1749)
  );
#931 = ADVANCED_FACE('',(#932),#951,.T.);
#932 = FACE_BOUND('',#933,.T.);
#933 = EDGE_LOOP('',(#934,#984,#1054,#1078,#1141,#1184,#1227,#1251,#1294
    ,#1337,#1400,#1401,#1464,#1502,#1538,#1539));
#934 = ORIENTED_EDGE('',*,*,#935,.F.);
#935 = EDGE_CURVE('',#936,#938,#940,.T.);
#936 = VERTEX_POINT('',#937);
#937 = CARTESIAN_POINT('',(3.95,-4.163799117101E-16,0.55));
#938 = VERTEX_POINT('',#939);
#939 = CARTESIAN_POINT('',(3.75,0.194936708861,0.514295323271));
#940 = SURFACE_CURVE('',#941,(#950,#967),.PCURVE_S1.);
#941 = B_SPLINE_CURVE_WITH_KNOTS('',4,(#942,#943,#944,#945,#946,#947,
    #948,#949),.UNSPECIFIED.,.F.,.F.,(5,3,5),(0.,0.408305475688,1.),
  .UNSPECIFIED.);
#942 = CARTESIAN_POINT('',(3.950000000177,0.,0.55));
#943 = CARTESIAN_POINT('',(3.929639806193,2.036019116417E-02,
    0.550000006668));
#944 = CARTESIAN_POINT('',(3.909170538254,4.068954169224E-02,
    0.548995039319));
#945 = CARTESIAN_POINT('',(3.8886480652,6.092875758561E-02,
    0.546992076598));
#946 = CARTESIAN_POINT('',(3.83839816939,0.110137154433,0.539663203528)
  );
#947 = CARTESIAN_POINT('',(3.808676900739,0.138944051048,0.533248883424)
  );
#948 = CARTESIAN_POINT('',(3.779143326792,0.167268997979,0.524782431128)
  );
#949 = CARTESIAN_POINT('',(3.7499994,0.194937278481,0.514295107364));
#950 = PCURVE('',#951,#956);
#951 = TOROIDAL_SURFACE('',#952,3.95,0.55);
#952 = AXIS2_PLACEMENT_3D('',#953,#954,#955);
#953 = CARTESIAN_POINT('',(0.,0.,0.));
#954 = DIRECTION('',(0.,0.,1.));
#955 = DIRECTION('',(1.,0.,-0.));
#956 = DEFINITIONAL_REPRESENTATION('',(#957),#966);
#957 = B_SPLINE_CURVE_WITH_KNOTS('',4,(#958,#959,#960,#961,#962,#963,
    #964,#965),.UNSPECIFIED.,.F.,.F.,(5,3,5),(0.,0.408305475688,1.),
  .UNSPECIFIED.);
#958 = CARTESIAN_POINT('',(0.,1.570796326473));
#959 = CARTESIAN_POINT('',(5.154480402429E-03,1.607814834357));
#960 = CARTESIAN_POINT('',(1.037199406135E-02,1.644777385127));
#961 = CARTESIAN_POINT('',(1.563963718359E-02,1.681711001318));
#962 = CARTESIAN_POINT('',(2.862753228799E-02,1.772167670106));
#963 = CARTESIAN_POINT('',(3.638656412802E-02,1.825690827644));
#964 = CARTESIAN_POINT('',(4.417529852288E-02,1.879303813708));
#965 = CARTESIAN_POINT('',(5.193653420738E-02,1.933102265426));
#966 = ( GEOMETRIC_REPRESENTATION_CONTEXT(2) 
PARAMETRIC_REPRESENTATION_CONTEXT() REPRESENTATION_CONTEXT('2D SPACE',''
  ) );
#967 = PCURVE('',#968,#973);
#968 = CYLINDRICAL_SURFACE('',#969,0.55);
#969 = AXIS2_PLACEMENT_3D('',#970,#971,#972);
#970 = CARTESIAN_POINT('',(3.75,0.,0.));
#971 = DIRECTION('',(1.,0.,0.));
#972 = DIRECTION('',(-0.,0.,1.));
#973 = DEFINITIONAL_REPRESENTATION('',(#974),#983);
#974 = B_SPLINE_CURVE_WITH_KNOTS('',4,(#975,#976,#977,#978,#979,#980,
    #981,#982),.UNSPECIFIED.,.F.,.F.,(5,3,5),(0.,0.408305475688,1.),
  .UNSPECIFIED.);
#975 = CARTESIAN_POINT('',(6.28318530718,0.200000000177));
#976 = CARTESIAN_POINT('',(6.246166800104,0.179639806193));
#977 = CARTESIAN_POINT('',(6.209204248576,0.159170538254));
#978 = CARTESIAN_POINT('',(6.172270632656,0.1386480652));
#979 = CARTESIAN_POINT('',(6.081813963868,8.839816939042E-02));
#980 = CARTESIAN_POINT('',(6.028290806331,5.867690073937E-02));
#981 = CARTESIAN_POINT('',(5.974677820266,2.914332679179E-02));
#982 = CARTESIAN_POINT('',(5.920879368549,-6.E-07));
#983 = ( GEOMETRIC_REPRESENTATION_CONTEXT(2) 
PARAMETRIC_REPRESENTATION_CONTEXT() REPRESENTATION_CONTEXT('2D SPACE',''
  ) );
#984 = ORIENTED_EDGE('',*,*,#985,.F.);
#985 = EDGE_CURVE('',#986,#936,#988,.T.);
#986 = VERTEX_POINT('',#987);
#987 = CARTESIAN_POINT('',(4.466262419518,0.55,-1.347111479062E-16));
#988 = SURFACE_CURVE('',#989,(#1007,#1028),.PCURVE_S1.);
#989 = B_SPLINE_CURVE_WITH_KNOTS('',6,(#990,#991,#992,#993,#994,#995,
    #996,#997,#998,#999,#1000,#1001,#1002,#1003,#1004,#1005,#1006),
  .UNSPECIFIED.,.F.,.F.,(7,5,5,7),(0.,0.249543622551,0.512291817415,1.),
  .UNSPECIFIED.);
#990 = CARTESIAN_POINT('',(4.466262419518,0.55,0.));
#991 = CARTESIAN_POINT('',(4.466262419518,0.55,3.802079115324E-02));
#992 = CARTESIAN_POINT('',(4.463472984544,0.546846098128,
    7.604511087443E-02));
#993 = CARTESIAN_POINT('',(4.457893278084,0.540536804309,0.113667967188)
  );
#994 = CARTESIAN_POINT('',(4.449586797789,0.531159824528,0.15050096728)
  );
#995 = CARTESIAN_POINT('',(4.438669173241,0.518874074272,0.186190941794)
  );
#996 = CARTESIAN_POINT('',(4.411215112362,0.488116518627,0.256498405755)
  );
#997 = CARTESIAN_POINT('',(4.394410126659,0.469349605635,0.290963326342)
  );
#998 = CARTESIAN_POINT('',(4.375060085671,0.447835498769,0.323487216235)
  );
#999 = CARTESIAN_POINT('',(4.353380742538,0.423868262233,0.353804465633)
  );
#1000 = CARTESIAN_POINT('',(4.329604439915,0.39776164179,0.381720796301)
  );
#1001 = CARTESIAN_POINT('',(4.256359352775,0.317953052649,0.454220070227
    ));
#1002 = CARTESIAN_POINT('',(4.202333954494,0.259774646687,0.492596905307
    ));
#1003 = CARTESIAN_POINT('',(4.143326141828,0.197204950831,0.521424264352
    ));
#1004 = CARTESIAN_POINT('',(4.080760169399,0.132080046549,0.5405237302)
  );
#1005 = CARTESIAN_POINT('',(4.015903783893,6.590370050902E-02,
    0.549999991465));
#1006 = CARTESIAN_POINT('',(3.95,0.,0.55));
#1007 = PCURVE('',#951,#1008);
#1008 = DEFINITIONAL_REPRESENTATION('',(#1009),#1027);
#1009 = B_SPLINE_CURVE_WITH_KNOTS('',6,(#1010,#1011,#1012,#1013,#1014,
    #1015,#1016,#1017,#1018,#1019,#1020,#1021,#1022,#1023,#1024,#1025,
    #1026),.UNSPECIFIED.,.F.,.F.,(7,5,5,7),(0.,0.249543622551,
    0.512291817415,1.),.UNSPECIFIED.);
#1010 = CARTESIAN_POINT('',(0.122528584283,0.));
#1011 = CARTESIAN_POINT('',(0.122528584283,6.912871118772E-02));
#1012 = CARTESIAN_POINT('',(0.121908687385,0.13826336416));
#1013 = CARTESIAN_POINT('',(0.120668818196,0.207264523495));
#1014 = CARTESIAN_POINT('',(0.118819599087,0.276016667541));
#1015 = CARTESIAN_POINT('',(0.116380484402,0.34442079715));
#1016 = CARTESIAN_POINT('',(0.110216423222,0.48394971791));
#1017 = CARTESIAN_POINT('',(0.106429892951,0.555034938155));
#1018 = CARTESIAN_POINT('',(0.102048647478,0.625551837061));
#1019 = CARTESIAN_POINT('',(9.710919710828E-02,0.695450709019));
#1020 = CARTESIAN_POINT('',(9.165126023164E-02,0.76471474589));
#1021 = CARTESIAN_POINT('',(7.469566943572E-02,0.960754509274));
#1022 = CARTESIAN_POINT('',(6.203052933219E-02,1.085967662945));
#1023 = CARTESIAN_POINT('',(4.796964813989E-02,1.209142311333));
#1024 = CARTESIAN_POINT('',(3.276971907331E-02,1.330652039297));
#1025 = CARTESIAN_POINT('',(1.668451798646E-02,1.450971128174));
#1026 = CARTESIAN_POINT('',(0.,1.570796326795));
#1027 = ( GEOMETRIC_REPRESENTATION_CONTEXT(2) 
PARAMETRIC_REPRESENTATION_CONTEXT() REPRESENTATION_CONTEXT('2D SPACE',''
  ) );
#1028 = PCURVE('',#1029,#1034);
#1029 = CYLINDRICAL_SURFACE('',#1030,0.55);
#1030 = AXIS2_PLACEMENT_3D('',#1031,#1032,#1033);
#1031 = CARTESIAN_POINT('',(3.75,0.,0.));
#1032 = DIRECTION('',(1.,0.,0.));
#1033 = DIRECTION('',(-0.,0.,1.));
#1034 = DEFINITIONAL_REPRESENTATION('',(#1035),#1053);
#1035 = B_SPLINE_CURVE_WITH_KNOTS('',6,(#1036,#1037,#1038,#1039,#1040,
    #1041,#1042,#1043,#1044,#1045,#1046,#1047,#1048,#1049,#1050,#1051,
    #1052),.UNSPECIFIED.,.F.,.F.,(7,5,5,7),(0.,0.249543622551,
    0.512291817415,1.),.UNSPECIFIED.);
#1036 = CARTESIAN_POINT('',(4.712388980385,0.716262419518));
#1037 = CARTESIAN_POINT('',(4.781517691572,0.716262419518));
#1038 = CARTESIAN_POINT('',(4.850652344545,0.713472984544));
#1039 = CARTESIAN_POINT('',(4.91965350388,0.707893278084));
#1040 = CARTESIAN_POINT('',(4.988405647925,0.699586797789));
#1041 = CARTESIAN_POINT('',(5.056809777535,0.688669173241));
#1042 = CARTESIAN_POINT('',(5.196338698295,0.661215112362));
#1043 = CARTESIAN_POINT('',(5.26742391854,0.644410126659));
#1044 = CARTESIAN_POINT('',(5.337940817445,0.625060085671));
#1045 = CARTESIAN_POINT('',(5.407839689404,0.603380742538));
#1046 = CARTESIAN_POINT('',(5.477103726274,0.579604439915));
#1047 = CARTESIAN_POINT('',(5.673143489658,0.506359352775));
#1048 = CARTESIAN_POINT('',(5.79835664333,0.452333954494));
#1049 = CARTESIAN_POINT('',(5.921531291718,0.393326141828));
#1050 = CARTESIAN_POINT('',(6.043041019682,0.330760169399));
#1051 = CARTESIAN_POINT('',(6.163360108559,0.265903783893));
#1052 = CARTESIAN_POINT('',(6.28318530718,0.2));
#1053 = ( GEOMETRIC_REPRESENTATION_CONTEXT(2) 
PARAMETRIC_REPRESENTATION_CONTEXT() REPRESENTATION_CONTEXT('2D SPACE',''
  ) );
#1054 = ORIENTED_EDGE('',*,*,#1055,.T.);
#1055 = EDGE_CURVE('',#986,#1056,#1058,.T.);
#1056 = VERTEX_POINT('',#1057);
#1057 = CARTESIAN_POINT('',(4.466262419518,-0.55,-1.347111479062E-16));
#1058 = SEAM_CURVE('',#1059,(#1064,#1071),.PCURVE_S1.);
#1059 = CIRCLE('',#1060,4.5);
#1060 = AXIS2_PLACEMENT_3D('',#1061,#1062,#1063);
#1061 = CARTESIAN_POINT('',(0.,0.,-1.347111479062E-16));
#1062 = DIRECTION('',(0.,0.,1.));
#1063 = DIRECTION('',(1.,0.,-0.));
#1064 = PCURVE('',#951,#1065);
#1065 = DEFINITIONAL_REPRESENTATION('',(#1066),#1070);
#1066 = LINE('',#1067,#1068);
#1067 = CARTESIAN_POINT('',(0.,6.28318530718));
#1068 = VECTOR('',#1069,1.);
#1069 = DIRECTION('',(1.,0.));
#1070 = ( GEOMETRIC_REPRESENTATION_CONTEXT(2) 
PARAMETRIC_REPRESENTATION_CONTEXT() REPRESENTATION_CONTEXT('2D SPACE',''
  ) );
#1071 = PCURVE('',#951,#1072);
#1072 = DEFINITIONAL_REPRESENTATION('',(#1073),#1077);
#1073 = LINE('',#1074,#1075);
#1074 = CARTESIAN_POINT('',(0.,0.));
#1075 = VECTOR('',#1076,1.);
#1076 = DIRECTION('',(1.,0.));
#1077 = ( GEOMETRIC_REPRESENTATION_CONTEXT(2) 
PARAMETRIC_REPRESENTATION_CONTEXT() REPRESENTATION_CONTEXT('2D SPACE',''
  ) );
#1078 = ORIENTED_EDGE('',*,*,#1079,.T.);
#1079 = EDGE_CURVE('',#1056,#936,#1080,.T.);
#1080 = SURFACE_CURVE('',#1081,(#1099,#1120),.PCURVE_S1.);
#1081 = B_SPLINE_CURVE_WITH_KNOTS('',6,(#1082,#1083,#1084,#1085,#1086,
    #1087,#1088,#1089,#1090,#1091,#1092,#1093,#1094,#1095,#1096,#1097,
    #1098),.UNSPECIFIED.,.F.,.F.,(7,5,5,7),(0.,0.249543622554,
    0.512291817418,1.),.UNSPECIFIED.);
#1082 = CARTESIAN_POINT('',(4.466262419518,-0.55,0.));
#1083 = CARTESIAN_POINT('',(4.466262419518,-0.55,3.802079115365E-02));
#1084 = CARTESIAN_POINT('',(4.463472984544,-0.546846098128,
    7.604511087523E-02));
#1085 = CARTESIAN_POINT('',(4.457893278084,-0.540536804309,
    0.113667967189));
#1086 = CARTESIAN_POINT('',(4.449586797788,-0.531159824527,
    0.150500967281));
#1087 = CARTESIAN_POINT('',(4.43866917324,-0.518874074271,0.186190941796
    ));
#1088 = CARTESIAN_POINT('',(4.411215112361,-0.488116518626,
    0.256498405757));
#1089 = CARTESIAN_POINT('',(4.394410126658,-0.469349605634,
    0.290963326344));
#1090 = CARTESIAN_POINT('',(4.375060085669,-0.447835498767,
    0.323487216237));
#1091 = CARTESIAN_POINT('',(4.353380742537,-0.423868262232,
    0.353804465635));
#1092 = CARTESIAN_POINT('',(4.329604439914,-0.397761641788,
    0.381720796303));
#1093 = CARTESIAN_POINT('',(4.256359352774,-0.317953052647,
    0.454220070228));
#1094 = CARTESIAN_POINT('',(4.202333954493,-0.259774646685,
    0.492596905307));
#1095 = CARTESIAN_POINT('',(4.143326141827,-0.19720495083,0.521424264353
    ));
#1096 = CARTESIAN_POINT('',(4.080760169398,-0.132080046548,
    0.540523730201));
#1097 = CARTESIAN_POINT('',(4.015903783892,-6.590370050864E-02,
    0.549999991465));
#1098 = CARTESIAN_POINT('',(3.95,0.,0.55));
#1099 = PCURVE('',#951,#1100);
#1100 = DEFINITIONAL_REPRESENTATION('',(#1101),#1119);
#1101 = B_SPLINE_CURVE_WITH_KNOTS('',6,(#1102,#1103,#1104,#1105,#1106,
    #1107,#1108,#1109,#1110,#1111,#1112,#1113,#1114,#1115,#1116,#1117,
    #1118),.UNSPECIFIED.,.F.,.F.,(7,5,5,7),(0.,0.249543622554,
    0.512291817418,1.),.UNSPECIFIED.);
#1102 = CARTESIAN_POINT('',(6.160656722897,0.));
#1103 = CARTESIAN_POINT('',(6.160656722897,6.912871118845E-02));
#1104 = CARTESIAN_POINT('',(6.161276619795,0.138263364162));
#1105 = CARTESIAN_POINT('',(6.162516488984,0.207264523498));
#1106 = CARTESIAN_POINT('',(6.164365708092,0.276016667543));
#1107 = CARTESIAN_POINT('',(6.166804822777,0.344420797153));
#1108 = CARTESIAN_POINT('',(6.172968883958,0.483949717914));
#1109 = CARTESIAN_POINT('',(6.176755414229,0.55503493816));
#1110 = CARTESIAN_POINT('',(6.181136659701,0.625551837065));
#1111 = CARTESIAN_POINT('',(6.186076110072,0.695450709024));
#1112 = CARTESIAN_POINT('',(6.191534046948,0.764714745894));
#1113 = CARTESIAN_POINT('',(6.208489637744,0.960754509277));
#1114 = CARTESIAN_POINT('',(6.221154777848,1.085967662948));
#1115 = CARTESIAN_POINT('',(6.23521565904,1.209142311335));
#1116 = CARTESIAN_POINT('',(6.250415588106,1.330652039299));
#1117 = CARTESIAN_POINT('',(6.266500789193,1.450971128175));
#1118 = CARTESIAN_POINT('',(6.28318530718,1.570796326795));
#1119 = ( GEOMETRIC_REPRESENTATION_CONTEXT(2) 
PARAMETRIC_REPRESENTATION_CONTEXT() REPRESENTATION_CONTEXT('2D SPACE',''
  ) );
#1120 = PCURVE('',#1029,#1121);
#1121 = DEFINITIONAL_REPRESENTATION('',(#1122),#1140);
#1122 = B_SPLINE_CURVE_WITH_KNOTS('',6,(#1123,#1124,#1125,#1126,#1127,
    #1128,#1129,#1130,#1131,#1132,#1133,#1134,#1135,#1136,#1137,#1138,
    #1139),.UNSPECIFIED.,.F.,.F.,(7,5,5,7),(0.,0.249543622554,
    0.512291817418,1.),.UNSPECIFIED.);
#1123 = CARTESIAN_POINT('',(1.570796326795,0.716262419518));
#1124 = CARTESIAN_POINT('',(1.501667615606,0.716262419518));
#1125 = CARTESIAN_POINT('',(1.432532962633,0.713472984544));
#1126 = CARTESIAN_POINT('',(1.363531803297,0.707893278084));
#1127 = CARTESIAN_POINT('',(1.294779659251,0.699586797788));
#1128 = CARTESIAN_POINT('',(1.226375529641,0.68866917324));
#1129 = CARTESIAN_POINT('',(1.086846608881,0.661215112361));
#1130 = CARTESIAN_POINT('',(1.015761388635,0.644410126658));
#1131 = CARTESIAN_POINT('',(0.94524448973,0.625060085669));
#1132 = CARTESIAN_POINT('',(0.875345617771,0.603380742537));
#1133 = CARTESIAN_POINT('',(0.806081580901,0.579604439914));
#1134 = CARTESIAN_POINT('',(0.610041817518,0.506359352774));
#1135 = CARTESIAN_POINT('',(0.484828663847,0.452333954493));
#1136 = CARTESIAN_POINT('',(0.36165401546,0.393326141827));
#1137 = CARTESIAN_POINT('',(0.240144287496,0.330760169398));
#1138 = CARTESIAN_POINT('',(0.11982519862,0.265903783892));
#1139 = CARTESIAN_POINT('',(0.,0.2));
#1140 = ( GEOMETRIC_REPRESENTATION_CONTEXT(2) 
PARAMETRIC_REPRESENTATION_CONTEXT() REPRESENTATION_CONTEXT('2D SPACE',''
  ) );
#1141 = ORIENTED_EDGE('',*,*,#1142,.F.);
#1142 = EDGE_CURVE('',#1143,#936,#1145,.T.);
#1143 = VERTEX_POINT('',#1144);
#1144 = CARTESIAN_POINT('',(3.75,-0.194936708861,0.514295323271));
#1145 = SURFACE_CURVE('',#1146,(#1155,#1167),.PCURVE_S1.);
#1146 = B_SPLINE_CURVE_WITH_KNOTS('',4,(#1147,#1148,#1149,#1150,#1151,
    #1152,#1153,#1154),.UNSPECIFIED.,.F.,.F.,(5,3,5),(0.,0.602392675439,
    1.),.UNSPECIFIED.);
#1147 = CARTESIAN_POINT('',(3.7499994,-0.194937278481,0.514295107364));
#1148 = CARTESIAN_POINT('',(3.779670264925,-0.166768740337,
    0.524972047677));
#1149 = CARTESIAN_POINT('',(3.809744974072,-0.137919592411,
    0.533554376514));
#1150 = CARTESIAN_POINT('',(3.840010494472,-0.108574140676,0.54000911386
    ));
#1151 = CARTESIAN_POINT('',(3.890261099202,-5.933769376859E-02,
    0.547147460756));
#1152 = CARTESIAN_POINT('',(3.910243098225,-3.962421331821E-02,
    0.549047013197));
#1153 = CARTESIAN_POINT('',(3.930173270979,-1.982673372578E-02,
    0.550000005794));
#1154 = CARTESIAN_POINT('',(3.949999995425,0.,0.55));
#1155 = PCURVE('',#951,#1156);
#1156 = DEFINITIONAL_REPRESENTATION('',(#1157),#1166);
#1157 = B_SPLINE_CURVE_WITH_KNOTS('',4,(#1158,#1159,#1160,#1161,#1162,
    #1163,#1164,#1165),.UNSPECIFIED.,.F.,.F.,(5,3,5),(0.,0.602392675439,
    1.),.UNSPECIFIED.);
#1158 = CARTESIAN_POINT('',(6.231248772972,1.933102265426));
#1159 = CARTESIAN_POINT('',(6.239150336042,1.878331108282));
#1160 = CARTESIAN_POINT('',(6.247080394773,1.823752192894));
#1161 = CARTESIAN_POINT('',(6.254978612244,1.769264581445));
#1162 = CARTESIAN_POINT('',(6.267959623458,1.678807821298));
#1163 = CARTESIAN_POINT('',(6.273086679872,1.642840422246));
#1164 = CARTESIAN_POINT('',(6.278165879493,1.606844901729));
#1165 = CARTESIAN_POINT('',(6.28318530718,1.570796335113));
#1166 = ( GEOMETRIC_REPRESENTATION_CONTEXT(2) 
PARAMETRIC_REPRESENTATION_CONTEXT() REPRESENTATION_CONTEXT('2D SPACE',''
  ) );
#1167 = PCURVE('',#1168,#1173);
#1168 = CYLINDRICAL_SURFACE('',#1169,0.55);
#1169 = AXIS2_PLACEMENT_3D('',#1170,#1171,#1172);
#1170 = CARTESIAN_POINT('',(3.75,0.,0.));
#1171 = DIRECTION('',(1.,0.,0.));
#1172 = DIRECTION('',(-0.,0.,1.));
#1173 = DEFINITIONAL_REPRESENTATION('',(#1174),#1183);
#1174 = B_SPLINE_CURVE_WITH_KNOTS('',4,(#1175,#1176,#1177,#1178,#1179,
    #1180,#1181,#1182),.UNSPECIFIED.,.F.,.F.,(5,3,5),(0.,0.602392675439,
    1.),.UNSPECIFIED.);
#1175 = CARTESIAN_POINT('',(0.362305938631,-6.E-07));
#1176 = CARTESIAN_POINT('',(0.307534781487,2.96702649253E-02));
#1177 = CARTESIAN_POINT('',(0.252955866099,5.974497407159E-02));
#1178 = CARTESIAN_POINT('',(0.19846825465,9.001049447175E-02));
#1179 = CARTESIAN_POINT('',(0.108011494504,0.140261099202));
#1180 = CARTESIAN_POINT('',(7.204408862603E-02,0.160243098225));
#1181 = CARTESIAN_POINT('',(3.604858728271E-02,0.180173270979));
#1182 = CARTESIAN_POINT('',(0.,0.199999995425));
#1183 = ( GEOMETRIC_REPRESENTATION_CONTEXT(2) 
PARAMETRIC_REPRESENTATION_CONTEXT() REPRESENTATION_CONTEXT('2D SPACE',''
  ) );
#1184 = ORIENTED_EDGE('',*,*,#1185,.T.);
#1185 = EDGE_CURVE('',#1143,#1186,#1188,.T.);
#1186 = VERTEX_POINT('',#1187);
#1187 = CARTESIAN_POINT('',(3.75,-9.184850993605E-16,0.512347538298));
#1188 = SURFACE_CURVE('',#1189,(#1198,#1210),.PCURVE_S1.);
#1189 = B_SPLINE_CURVE_WITH_KNOTS('',7,(#1190,#1191,#1192,#1193,#1194,
    #1195,#1196,#1197),.UNSPECIFIED.,.F.,.F.,(8,8),(0.,1.),
  .PIECEWISE_BEZIER_KNOTS.);
#1190 = CARTESIAN_POINT('',(3.75,-0.66,0.531255864943));
#1191 = CARTESIAN_POINT('',(3.75,-0.568505761412,0.527005997931));
#1192 = CARTESIAN_POINT('',(3.75,-0.475800270923,0.522774497845));
#1193 = CARTESIAN_POINT('',(3.75,-0.381989310527,0.518896364713));
#1194 = CARTESIAN_POINT('',(3.75,-0.287232965678,0.515696953353));
#1195 = CARTESIAN_POINT('',(3.75,-0.191754956864,0.51346370292));
#1196 = CARTESIAN_POINT('',(3.75,-9.586970492014E-02,0.512347538298));
#1197 = CARTESIAN_POINT('',(3.75,0.,0.512347538298));
#1198 = PCURVE('',#951,#1199);
#1199 = DEFINITIONAL_REPRESENTATION('',(#1200),#1209);
#1200 = B_SPLINE_CURVE_WITH_KNOTS('',7,(#1201,#1202,#1203,#1204,#1205,
    #1206,#1207,#1208),.UNSPECIFIED.,.F.,.F.,(8,8),(0.,1.),
  .PIECEWISE_BEZIER_KNOTS.);
#1201 = CARTESIAN_POINT('',(6.108969520737,1.832619173381));
#1202 = CARTESIAN_POINT('',(6.132634924804,1.862471514787));
#1203 = CARTESIAN_POINT('',(6.156843620161,1.888314737397));
#1204 = CARTESIAN_POINT('',(6.181539927699,1.909717245962));
#1205 = CARTESIAN_POINT('',(6.206644423556,1.926218277598));
#1206 = CARTESIAN_POINT('',(6.232050653825,1.937383907512));
#1207 = CARTESIAN_POINT('',(6.257620052534,1.942964860755));
#1208 = CARTESIAN_POINT('',(6.28318530718,1.942964860755));
#1209 = ( GEOMETRIC_REPRESENTATION_CONTEXT(2) 
PARAMETRIC_REPRESENTATION_CONTEXT() REPRESENTATION_CONTEXT('2D SPACE',''
  ) );
#1210 = PCURVE('',#1211,#1216);
#1211 = PLANE('',#1212);
#1212 = AXIS2_PLACEMENT_3D('',#1213,#1214,#1215);
#1213 = CARTESIAN_POINT('',(3.75,0.,0.));
#1214 = DIRECTION('',(1.,0.,0.));
#1215 = DIRECTION('',(-0.,0.,1.));
#1216 = DEFINITIONAL_REPRESENTATION('',(#1217),#1226);
#1217 = B_SPLINE_CURVE_WITH_KNOTS('',7,(#1218,#1219,#1220,#1221,#1222,
    #1223,#1224,#1225),.UNSPECIFIED.,.F.,.F.,(8,8),(0.,1.),
  .PIECEWISE_BEZIER_KNOTS.);
#1218 = CARTESIAN_POINT('',(0.531255864943,0.66));
#1219 = CARTESIAN_POINT('',(0.527005997931,0.568505761412));
#1220 = CARTESIAN_POINT('',(0.522774497845,0.475800270923));
#1221 = CARTESIAN_POINT('',(0.518896364713,0.381989310527));
#1222 = CARTESIAN_POINT('',(0.515696953353,0.287232965678));
#1223 = CARTESIAN_POINT('',(0.51346370292,0.191754956864));
#1224 = CARTESIAN_POINT('',(0.512347538298,9.586970492014E-02));
#1225 = CARTESIAN_POINT('',(0.512347538298,0.));
#1226 = ( GEOMETRIC_REPRESENTATION_CONTEXT(2) 
PARAMETRIC_REPRESENTATION_CONTEXT() REPRESENTATION_CONTEXT('2D SPACE',''
  ) );
#1227 = ORIENTED_EDGE('',*,*,#1228,.T.);
#1228 = EDGE_CURVE('',#1186,#1229,#1231,.T.);
#1229 = VERTEX_POINT('',#1230);
#1230 = CARTESIAN_POINT('',(3.75,-9.184850993605E-16,-0.512347538298));
#1231 = SEAM_CURVE('',#1232,(#1237,#1244),.PCURVE_S1.);
#1232 = CIRCLE('',#1233,0.55);
#1233 = AXIS2_PLACEMENT_3D('',#1234,#1235,#1236);
#1234 = CARTESIAN_POINT('',(3.95,-9.674709713264E-16,0.));
#1235 = DIRECTION('',(-2.449293598295E-16,-1.,0.));
#1236 = DIRECTION('',(1.,-2.449293598295E-16,0.));
#1237 = PCURVE('',#951,#1238);
#1238 = DEFINITIONAL_REPRESENTATION('',(#1239),#1243);
#1239 = LINE('',#1240,#1241);
#1240 = CARTESIAN_POINT('',(0.,-0.));
#1241 = VECTOR('',#1242,1.);
#1242 = DIRECTION('',(0.,1.));
#1243 = ( GEOMETRIC_REPRESENTATION_CONTEXT(2) 
PARAMETRIC_REPRESENTATION_CONTEXT() REPRESENTATION_CONTEXT('2D SPACE',''
  ) );
#1244 = PCURVE('',#951,#1245);
#1245 = DEFINITIONAL_REPRESENTATION('',(#1246),#1250);
#1246 = LINE('',#1247,#1248);
#1247 = CARTESIAN_POINT('',(6.28318530718,-0.));
#1248 = VECTOR('',#1249,1.);
#1249 = DIRECTION('',(0.,1.));
#1250 = ( GEOMETRIC_REPRESENTATION_CONTEXT(2) 
PARAMETRIC_REPRESENTATION_CONTEXT() REPRESENTATION_CONTEXT('2D SPACE',''
  ) );
#1251 = ORIENTED_EDGE('',*,*,#1252,.T.);
#1252 = EDGE_CURVE('',#1229,#1253,#1255,.T.);
#1253 = VERTEX_POINT('',#1254);
#1254 = CARTESIAN_POINT('',(3.75,-0.194936708861,-0.514295323271));
#1255 = SURFACE_CURVE('',#1256,(#1265,#1277),.PCURVE_S1.);
#1256 = B_SPLINE_CURVE_WITH_KNOTS('',7,(#1257,#1258,#1259,#1260,#1261,
    #1262,#1263,#1264),.UNSPECIFIED.,.F.,.F.,(8,8),(0.,1.),
  .PIECEWISE_BEZIER_KNOTS.);
#1257 = CARTESIAN_POINT('',(3.75,0.,-0.512347538298));
#1258 = CARTESIAN_POINT('',(3.75,-9.586977452831E-02,-0.512347538298));
#1259 = CARTESIAN_POINT('',(3.75,-0.191754815086,-0.513463705171));
#1260 = CARTESIAN_POINT('',(3.75,-0.287232833319,-0.515696944395));
#1261 = CARTESIAN_POINT('',(3.75,-0.38198935072,-0.518896366012));
#1262 = CARTESIAN_POINT('',(3.75,-0.475800412212,-0.522774503921));
#1263 = CARTESIAN_POINT('',(3.75,-0.568505832611,-0.527006001238));
#1264 = CARTESIAN_POINT('',(3.75,-0.66,-0.531255864943));
#1265 = PCURVE('',#951,#1266);
#1266 = DEFINITIONAL_REPRESENTATION('',(#1267),#1276);
#1267 = B_SPLINE_CURVE_WITH_KNOTS('',7,(#1268,#1269,#1270,#1271,#1272,
    #1273,#1274,#1275),.UNSPECIFIED.,.F.,.F.,(8,8),(0.,1.),
  .PIECEWISE_BEZIER_KNOTS.);
#1268 = CARTESIAN_POINT('',(6.28318530718,4.340220446424));
#1269 = CARTESIAN_POINT('',(6.257620033972,4.340220446424));
#1270 = CARTESIAN_POINT('',(6.232050691638,4.345801408742));
#1271 = CARTESIAN_POINT('',(6.206644458917,4.356966992018));
#1272 = CARTESIAN_POINT('',(6.181539916179,4.373468054611));
#1273 = CARTESIAN_POINT('',(6.156843583297,4.394870608313));
#1274 = CARTESIAN_POINT('',(6.132634906388,4.420713815623));
#1275 = CARTESIAN_POINT('',(6.108969520737,4.450566133799));
#1276 = ( GEOMETRIC_REPRESENTATION_CONTEXT(2) 
PARAMETRIC_REPRESENTATION_CONTEXT() REPRESENTATION_CONTEXT('2D SPACE',''
  ) );
#1277 = PCURVE('',#1278,#1283);
#1278 = PLANE('',#1279);
#1279 = AXIS2_PLACEMENT_3D('',#1280,#1281,#1282);
#1280 = CARTESIAN_POINT('',(3.75,0.,0.));
#1281 = DIRECTION('',(1.,0.,0.));
#1282 = DIRECTION('',(-0.,0.,1.));
#1283 = DEFINITIONAL_REPRESENTATION('',(#1284),#1293);
#1284 = B_SPLINE_CURVE_WITH_KNOTS('',7,(#1285,#1286,#1287,#1288,#1289,
    #1290,#1291,#1292),.UNSPECIFIED.,.F.,.F.,(8,8),(0.,1.),
  .PIECEWISE_BEZIER_KNOTS.);
#1285 = CARTESIAN_POINT('',(-0.512347538298,0.));
#1286 = CARTESIAN_POINT('',(-0.512347538298,9.586977452831E-02));
#1287 = CARTESIAN_POINT('',(-0.513463705171,0.191754815086));
#1288 = CARTESIAN_POINT('',(-0.515696944395,0.287232833319));
#1289 = CARTESIAN_POINT('',(-0.518896366012,0.38198935072));
#1290 = CARTESIAN_POINT('',(-0.522774503921,0.475800412212));
#1291 = CARTESIAN_POINT('',(-0.527006001238,0.568505832611));
#1292 = CARTESIAN_POINT('',(-0.531255864943,0.66));
#1293 = ( GEOMETRIC_REPRESENTATION_CONTEXT(2) 
PARAMETRIC_REPRESENTATION_CONTEXT() REPRESENTATION_CONTEXT('2D SPACE',''
  ) );
#1294 = ORIENTED_EDGE('',*,*,#1295,.F.);
#1295 = EDGE_CURVE('',#1296,#1253,#1298,.T.);
#1296 = VERTEX_POINT('',#1297);
#1297 = CARTESIAN_POINT('',(3.95,-9.674709713264E-16,-0.55));
#1298 = SURFACE_CURVE('',#1299,(#1308,#1320),.PCURVE_S1.);
#1299 = B_SPLINE_CURVE_WITH_KNOTS('',4,(#1300,#1301,#1302,#1303,#1304,
    #1305,#1306,#1307),.UNSPECIFIED.,.F.,.F.,(5,3,5),(0.,0.409699356081,
    1.),.UNSPECIFIED.);
#1300 = CARTESIAN_POINT('',(3.949999996491,0.,-0.55));
#1301 = CARTESIAN_POINT('',(3.929570300941,-2.042970192785E-02,
    -0.550000006697));
#1302 = CARTESIAN_POINT('',(3.909030778168,-4.082834179187E-02,
    -0.548988165791));
#1303 = CARTESIAN_POINT('',(3.888437882392,-6.113603436082E-02,
    -0.546971528457));
#1304 = CARTESIAN_POINT('',(3.838188123158,-0.110340733303,
    -0.539617837696));
#1305 = CARTESIAN_POINT('',(3.808537757504,-0.139077498739,
    -0.533208982681));
#1306 = CARTESIAN_POINT('',(3.779074671178,-0.167334177349,
    -0.524757725684));
#1307 = CARTESIAN_POINT('',(3.7499994,-0.194937278481,-0.514295107364));
#1308 = PCURVE('',#951,#1309);
#1309 = DEFINITIONAL_REPRESENTATION('',(#1310),#1319);
#1310 = B_SPLINE_CURVE_WITH_KNOTS('',4,(#1311,#1312,#1313,#1314,#1315,
    #1316,#1317,#1318),.UNSPECIFIED.,.F.,.F.,(5,3,5),(0.,0.409699356081,
    1.),.UNSPECIFIED.);
#1311 = CARTESIAN_POINT('',(6.28318530718,4.712388974004));
#1312 = CARTESIAN_POINT('',(6.278013229082,4.675244100117));
#1313 = CARTESIAN_POINT('',(6.272777689378,4.638155551307));
#1314 = CARTESIAN_POINT('',(6.267491719647,4.601096051638));
#1315 = CARTESIAN_POINT('',(6.254502938798,4.510639374353));
#1316 = CARTESIAN_POINT('',(6.246762047247,4.457241881157));
#1317 = CARTESIAN_POINT('',(6.238991725177,4.403754758123));
#1318 = CARTESIAN_POINT('',(6.231248772972,4.350083041754));
#1319 = ( GEOMETRIC_REPRESENTATION_CONTEXT(2) 
PARAMETRIC_REPRESENTATION_CONTEXT() REPRESENTATION_CONTEXT('2D SPACE',''
  ) );
#1320 = PCURVE('',#1321,#1326);
#1321 = CYLINDRICAL_SURFACE('',#1322,0.55);
#1322 = AXIS2_PLACEMENT_3D('',#1323,#1324,#1325);
#1323 = CARTESIAN_POINT('',(3.75,0.,0.));
#1324 = DIRECTION('',(1.,0.,0.));
#1325 = DIRECTION('',(-0.,0.,1.));
#1326 = DEFINITIONAL_REPRESENTATION('',(#1327),#1336);
#1327 = B_SPLINE_CURVE_WITH_KNOTS('',4,(#1328,#1329,#1330,#1331,#1332,
    #1333,#1334,#1335),.UNSPECIFIED.,.F.,.F.,(5,3,5),(0.,0.409699356081,
    1.),.UNSPECIFIED.);
#1328 = CARTESIAN_POINT('',(3.14159265359,0.199999996491));
#1329 = CARTESIAN_POINT('',(3.104447763692,0.179570300941));
#1330 = CARTESIAN_POINT('',(3.067359229879,0.159030778168));
#1331 = CARTESIAN_POINT('',(3.030299724843,0.138437882392));
#1332 = CARTESIAN_POINT('',(2.939843047558,8.81881231577E-02));
#1333 = CARTESIAN_POINT('',(2.886445554362,5.853775750399E-02));
#1334 = CARTESIAN_POINT('',(2.832958431328,2.907467117822E-02));
#1335 = CARTESIAN_POINT('',(2.779286714959,-6.E-07));
#1336 = ( GEOMETRIC_REPRESENTATION_CONTEXT(2) 
PARAMETRIC_REPRESENTATION_CONTEXT() REPRESENTATION_CONTEXT('2D SPACE',''
  ) );
#1337 = ORIENTED_EDGE('',*,*,#1338,.F.);
#1338 = EDGE_CURVE('',#1056,#1296,#1339,.T.);
#1339 = SURFACE_CURVE('',#1340,(#1358,#1379),.PCURVE_S1.);
#1340 = B_SPLINE_CURVE_WITH_KNOTS('',6,(#1341,#1342,#1343,#1344,#1345,
    #1346,#1347,#1348,#1349,#1350,#1351,#1352,#1353,#1354,#1355,#1356,
    #1357),.UNSPECIFIED.,.F.,.F.,(7,5,5,7),(0.,0.249543622554,
    0.512291817418,1.),.UNSPECIFIED.);
#1341 = CARTESIAN_POINT('',(4.466262419518,-0.55,0.));
#1342 = CARTESIAN_POINT('',(4.466262419518,-0.55,-3.802079115364E-02));
#1343 = CARTESIAN_POINT('',(4.463472984544,-0.546846098128,
    -7.604511087523E-02));
#1344 = CARTESIAN_POINT('',(4.457893278084,-0.540536804309,
    -0.113667967189));
#1345 = CARTESIAN_POINT('',(4.449586797788,-0.531159824527,
    -0.150500967281));
#1346 = CARTESIAN_POINT('',(4.43866917324,-0.518874074271,
    -0.186190941796));
#1347 = CARTESIAN_POINT('',(4.411215112361,-0.488116518626,
    -0.256498405757));
#1348 = CARTESIAN_POINT('',(4.394410126658,-0.469349605634,
    -0.290963326344));
#1349 = CARTESIAN_POINT('',(4.375060085669,-0.447835498767,
    -0.323487216237));
#1350 = CARTESIAN_POINT('',(4.353380742537,-0.423868262232,
    -0.353804465635));
#1351 = CARTESIAN_POINT('',(4.329604439914,-0.397761641788,
    -0.381720796303));
#1352 = CARTESIAN_POINT('',(4.256359352774,-0.317953052647,
    -0.454220070228));
#1353 = CARTESIAN_POINT('',(4.202333954493,-0.259774646685,
    -0.492596905307));
#1354 = CARTESIAN_POINT('',(4.143326141827,-0.19720495083,
    -0.521424264353));
#1355 = CARTESIAN_POINT('',(4.080760169398,-0.132080046548,
    -0.540523730201));
#1356 = CARTESIAN_POINT('',(4.015903783893,-6.590370050866E-02,
    -0.549999991465));
#1357 = CARTESIAN_POINT('',(3.95,0.,-0.55));
#1358 = PCURVE('',#951,#1359);
#1359 = DEFINITIONAL_REPRESENTATION('',(#1360),#1378);
#1360 = B_SPLINE_CURVE_WITH_KNOTS('',6,(#1361,#1362,#1363,#1364,#1365,
    #1366,#1367,#1368,#1369,#1370,#1371,#1372,#1373,#1374,#1375,#1376,
    #1377),.UNSPECIFIED.,.F.,.F.,(7,5,5,7),(0.,0.249543622554,
    0.512291817418,1.),.UNSPECIFIED.);
#1361 = CARTESIAN_POINT('',(6.160656722897,6.28318530718));
#1362 = CARTESIAN_POINT('',(6.160656722897,6.214056595991));
#1363 = CARTESIAN_POINT('',(6.161276619795,6.144921943018));
#1364 = CARTESIAN_POINT('',(6.162516488984,6.075920783682));
#1365 = CARTESIAN_POINT('',(6.164365708092,6.007168639636));
#1366 = CARTESIAN_POINT('',(6.166804822777,5.938764510026));
#1367 = CARTESIAN_POINT('',(6.172968883958,5.799235589265));
#1368 = CARTESIAN_POINT('',(6.176755414229,5.72815036902));
#1369 = CARTESIAN_POINT('',(6.181136659701,5.657633470115));
#1370 = CARTESIAN_POINT('',(6.186076110072,5.587734598156));
#1371 = CARTESIAN_POINT('',(6.191534046948,5.518470561286));
#1372 = CARTESIAN_POINT('',(6.208489637744,5.322430797902));
#1373 = CARTESIAN_POINT('',(6.221154777848,5.197217644232));
#1374 = CARTESIAN_POINT('',(6.23521565904,5.074042995845));
#1375 = CARTESIAN_POINT('',(6.250415588106,4.952533267881));
#1376 = CARTESIAN_POINT('',(6.266500789193,4.832214179004));
#1377 = CARTESIAN_POINT('',(6.28318530718,4.712388980385));
#1378 = ( GEOMETRIC_REPRESENTATION_CONTEXT(2) 
PARAMETRIC_REPRESENTATION_CONTEXT() REPRESENTATION_CONTEXT('2D SPACE',''
  ) );
#1379 = PCURVE('',#1029,#1380);
#1380 = DEFINITIONAL_REPRESENTATION('',(#1381),#1399);
#1381 = B_SPLINE_CURVE_WITH_KNOTS('',6,(#1382,#1383,#1384,#1385,#1386,
    #1387,#1388,#1389,#1390,#1391,#1392,#1393,#1394,#1395,#1396,#1397,
    #1398),.UNSPECIFIED.,.F.,.F.,(7,5,5,7),(0.,0.249543622554,
    0.512291817418,1.),.UNSPECIFIED.);
#1382 = CARTESIAN_POINT('',(1.570796326795,0.716262419518));
#1383 = CARTESIAN_POINT('',(1.639925037983,0.716262419518));
#1384 = CARTESIAN_POINT('',(1.709059690957,0.713472984544));
#1385 = CARTESIAN_POINT('',(1.778060850293,0.707893278084));
#1386 = CARTESIAN_POINT('',(1.846812994338,0.699586797788));
#1387 = CARTESIAN_POINT('',(1.915217123948,0.68866917324));
#1388 = CARTESIAN_POINT('',(2.054746044709,0.661215112361));
#1389 = CARTESIAN_POINT('',(2.125831264954,0.644410126658));
#1390 = CARTESIAN_POINT('',(2.19634816386,0.625060085669));
#1391 = CARTESIAN_POINT('',(2.266247035818,0.603380742537));
#1392 = CARTESIAN_POINT('',(2.335511072689,0.579604439914));
#1393 = CARTESIAN_POINT('',(2.531550836072,0.506359352774));
#1394 = CARTESIAN_POINT('',(2.656763989743,0.452333954493));
#1395 = CARTESIAN_POINT('',(2.77993863813,0.393326141827));
#1396 = CARTESIAN_POINT('',(2.901448366094,0.330760169398));
#1397 = CARTESIAN_POINT('',(3.02176745497,0.265903783893));
#1398 = CARTESIAN_POINT('',(3.14159265359,0.2));
#1399 = ( GEOMETRIC_REPRESENTATION_CONTEXT(2) 
PARAMETRIC_REPRESENTATION_CONTEXT() REPRESENTATION_CONTEXT('2D SPACE',''
  ) );
#1400 = ORIENTED_EDGE('',*,*,#1055,.F.);
#1401 = ORIENTED_EDGE('',*,*,#1402,.T.);
#1402 = EDGE_CURVE('',#986,#1296,#1403,.T.);
#1403 = SURFACE_CURVE('',#1404,(#1422,#1443),.PCURVE_S1.);
#1404 = B_SPLINE_CURVE_WITH_KNOTS('',6,(#1405,#1406,#1407,#1408,#1409,
    #1410,#1411,#1412,#1413,#1414,#1415,#1416,#1417,#1418,#1419,#1420,
    #1421),.UNSPECIFIED.,.F.,.F.,(7,5,5,7),(0.,0.249543622553,
    0.512291817417,1.),.UNSPECIFIED.);
#1405 = CARTESIAN_POINT('',(4.466262419518,0.55,0.));
#1406 = CARTESIAN_POINT('',(4.466262419518,0.55,-3.802079115341E-02));
#1407 = CARTESIAN_POINT('',(4.463472984544,0.546846098128,
    -7.604511087477E-02));
#1408 = CARTESIAN_POINT('',(4.457893278084,0.540536804309,
    -0.113667967189));
#1409 = CARTESIAN_POINT('',(4.449586797788,0.531159824527,
    -0.150500967281));
#1410 = CARTESIAN_POINT('',(4.438669173241,0.518874074271,
    -0.186190941795));
#1411 = CARTESIAN_POINT('',(4.411215112362,0.488116518627,
    -0.256498405756));
#1412 = CARTESIAN_POINT('',(4.394410126658,0.469349605635,
    -0.290963326343));
#1413 = CARTESIAN_POINT('',(4.37506008567,0.447835498768,-0.323487216236
    ));
#1414 = CARTESIAN_POINT('',(4.353380742538,0.423868262233,
    -0.353804465634));
#1415 = CARTESIAN_POINT('',(4.329604439915,0.397761641789,
    -0.381720796302));
#1416 = CARTESIAN_POINT('',(4.256359352775,0.317953052648,
    -0.454220070227));
#1417 = CARTESIAN_POINT('',(4.202333954494,0.259774646686,
    -0.492596905307));
#1418 = CARTESIAN_POINT('',(4.143326141828,0.197204950831,
    -0.521424264352));
#1419 = CARTESIAN_POINT('',(4.080760169399,0.132080046549,-0.5405237302)
  );
#1420 = CARTESIAN_POINT('',(4.015903783893,6.590370050886E-02,
    -0.549999991465));
#1421 = CARTESIAN_POINT('',(3.95,0.,-0.55));
#1422 = PCURVE('',#951,#1423);
#1423 = DEFINITIONAL_REPRESENTATION('',(#1424),#1442);
#1424 = B_SPLINE_CURVE_WITH_KNOTS('',6,(#1425,#1426,#1427,#1428,#1429,
    #1430,#1431,#1432,#1433,#1434,#1435,#1436,#1437,#1438,#1439,#1440,
    #1441),.UNSPECIFIED.,.F.,.F.,(7,5,5,7),(0.,0.249543622553,
    0.512291817417,1.),.UNSPECIFIED.);
#1425 = CARTESIAN_POINT('',(0.122528584283,6.28318530718));
#1426 = CARTESIAN_POINT('',(0.122528584283,6.214056595992));
#1427 = CARTESIAN_POINT('',(0.121908687385,6.144921943019));
#1428 = CARTESIAN_POINT('',(0.120668818196,6.075920783683));
#1429 = CARTESIAN_POINT('',(0.118819599087,6.007168639638));
#1430 = CARTESIAN_POINT('',(0.116380484402,5.938764510028));
#1431 = CARTESIAN_POINT('',(0.110216423222,5.799235589268));
#1432 = CARTESIAN_POINT('',(0.10642989295,5.728150369023));
#1433 = CARTESIAN_POINT('',(0.102048647478,5.657633470117));
#1434 = CARTESIAN_POINT('',(9.710919710815E-02,5.587734598159));
#1435 = CARTESIAN_POINT('',(9.165126023149E-02,5.518470561288));
#1436 = CARTESIAN_POINT('',(7.469566943558E-02,5.322430797905));
#1437 = CARTESIAN_POINT('',(6.203052933206E-02,5.197217644234));
#1438 = CARTESIAN_POINT('',(4.796964813977E-02,5.074042995846));
#1439 = CARTESIAN_POINT('',(3.276971907325E-02,4.952533267882));
#1440 = CARTESIAN_POINT('',(1.668451798642E-02,4.832214179005));
#1441 = CARTESIAN_POINT('',(0.,4.712388980385));
#1442 = ( GEOMETRIC_REPRESENTATION_CONTEXT(2) 
PARAMETRIC_REPRESENTATION_CONTEXT() REPRESENTATION_CONTEXT('2D SPACE',''
  ) );
#1443 = PCURVE('',#1029,#1444);
#1444 = DEFINITIONAL_REPRESENTATION('',(#1445),#1463);
#1445 = B_SPLINE_CURVE_WITH_KNOTS('',6,(#1446,#1447,#1448,#1449,#1450,
    #1451,#1452,#1453,#1454,#1455,#1456,#1457,#1458,#1459,#1460,#1461,
    #1462),.UNSPECIFIED.,.F.,.F.,(7,5,5,7),(0.,0.249543622553,
    0.512291817417,1.),.UNSPECIFIED.);
#1446 = CARTESIAN_POINT('',(4.712388980385,0.716262419518));
#1447 = CARTESIAN_POINT('',(4.643260269197,0.716262419518));
#1448 = CARTESIAN_POINT('',(4.574125616224,0.713472984544));
#1449 = CARTESIAN_POINT('',(4.505124456888,0.707893278084));
#1450 = CARTESIAN_POINT('',(4.436372312843,0.699586797788));
#1451 = CARTESIAN_POINT('',(4.367968183233,0.688669173241));
#1452 = CARTESIAN_POINT('',(4.228439262473,0.661215112362));
#1453 = CARTESIAN_POINT('',(4.157354042228,0.644410126658));
#1454 = CARTESIAN_POINT('',(4.086837143322,0.62506008567));
#1455 = CARTESIAN_POINT('',(4.016938271364,0.603380742538));
#1456 = CARTESIAN_POINT('',(3.947674234493,0.579604439915));
#1457 = CARTESIAN_POINT('',(3.75163447111,0.506359352775));
#1458 = CARTESIAN_POINT('',(3.626421317439,0.452333954494));
#1459 = CARTESIAN_POINT('',(3.503246669051,0.393326141828));
#1460 = CARTESIAN_POINT('',(3.381736941087,0.330760169399));
#1461 = CARTESIAN_POINT('',(3.26141785221,0.265903783893));
#1462 = CARTESIAN_POINT('',(3.14159265359,0.2));
#1463 = ( GEOMETRIC_REPRESENTATION_CONTEXT(2) 
PARAMETRIC_REPRESENTATION_CONTEXT() REPRESENTATION_CONTEXT('2D SPACE',''
  ) );
#1464 = ORIENTED_EDGE('',*,*,#1465,.F.);
#1465 = EDGE_CURVE('',#1466,#1296,#1468,.T.);
#1466 = VERTEX_POINT('',#1467);
#1467 = CARTESIAN_POINT('',(3.75,0.194936708861,-0.514295323271));
#1468 = SURFACE_CURVE('',#1469,(#1478,#1490),.PCURVE_S1.);
#1469 = B_SPLINE_CURVE_WITH_KNOTS('',4,(#1470,#1471,#1472,#1473,#1474,
    #1475,#1476,#1477),.UNSPECIFIED.,.F.,.F.,(5,3,5),(0.,0.591373102849,
    1.),.UNSPECIFIED.);
#1470 = CARTESIAN_POINT('',(3.7499994,0.194937278481,-0.514295107364));
#1471 = CARTESIAN_POINT('',(3.779127495186,0.167284027982,
    -0.524776734189));
#1472 = CARTESIAN_POINT('',(3.80864481485,0.138974823846,-0.533239684569
    ));
#1473 = CARTESIAN_POINT('',(3.8383497335,0.110184099859,-0.539652748517)
  );
#1474 = CARTESIAN_POINT('',(3.888599598879,6.097655468706E-02,
    -0.546987344541));
#1475 = CARTESIAN_POINT('',(3.909138311425,4.072154837409E-02,
    -0.548993456436));
#1476 = CARTESIAN_POINT('',(3.929623778436,2.037621853392E-02,
    -0.550000006697));
#1477 = CARTESIAN_POINT('',(3.950000000427,0.,-0.55));
#1478 = PCURVE('',#951,#1479);
#1479 = DEFINITIONAL_REPRESENTATION('',(#1480),#1489);
#1480 = B_SPLINE_CURVE_WITH_KNOTS('',4,(#1481,#1482,#1483,#1484,#1485,
    #1486,#1487,#1488),.UNSPECIFIED.,.F.,.F.,(5,3,5),(0.,0.591373102849,
    1.),.UNSPECIFIED.);
#1481 = CARTESIAN_POINT('',(5.193653420738E-02,4.350083041754));
#1482 = CARTESIAN_POINT('',(4.417951459241E-02,4.403852268999));
#1483 = CARTESIAN_POINT('',(3.639502596349E-02,4.457436232208));
#1484 = CARTESIAN_POINT('',(2.86401770577E-02,4.51093041235));
#1485 = CARTESIAN_POINT('',(1.56520774367E-02,4.601387082964));
#1486 = CARTESIAN_POINT('',(1.038020858697E-02,4.638349728175));
#1487 = CARTESIAN_POINT('',(5.158537970483E-03,4.675341331551));
#1488 = CARTESIAN_POINT('',(0.,4.712388981161));
#1489 = ( GEOMETRIC_REPRESENTATION_CONTEXT(2) 
PARAMETRIC_REPRESENTATION_CONTEXT() REPRESENTATION_CONTEXT('2D SPACE',''
  ) );
#1490 = PCURVE('',#1321,#1491);
#1491 = DEFINITIONAL_REPRESENTATION('',(#1492),#1501);
#1492 = B_SPLINE_CURVE_WITH_KNOTS('',4,(#1493,#1494,#1495,#1496,#1497,
    #1498,#1499,#1500),.UNSPECIFIED.,.F.,.F.,(5,3,5),(0.,0.591373102849,
    1.),.UNSPECIFIED.);
#1493 = CARTESIAN_POINT('',(3.503898592221,-6.E-07));
#1494 = CARTESIAN_POINT('',(3.450129364975,2.912749518628E-02));
#1495 = CARTESIAN_POINT('',(3.396545401767,5.864481485025E-02));
#1496 = CARTESIAN_POINT('',(3.343051221624,8.834973349996E-02));
#1497 = CARTESIAN_POINT('',(3.25259455101,0.138599598879));
#1498 = CARTESIAN_POINT('',(3.215631906454,0.159138311425));
#1499 = CARTESIAN_POINT('',(3.17864030125,0.179623778436));
#1500 = CARTESIAN_POINT('',(3.14159265359,0.200000000427));
#1501 = ( GEOMETRIC_REPRESENTATION_CONTEXT(2) 
PARAMETRIC_REPRESENTATION_CONTEXT() REPRESENTATION_CONTEXT('2D SPACE',''
  ) );
#1502 = ORIENTED_EDGE('',*,*,#1503,.T.);
#1503 = EDGE_CURVE('',#1466,#1229,#1504,.T.);
#1504 = SURFACE_CURVE('',#1505,(#1514,#1526),.PCURVE_S1.);
#1505 = B_SPLINE_CURVE_WITH_KNOTS('',7,(#1506,#1507,#1508,#1509,#1510,
    #1511,#1512,#1513),.UNSPECIFIED.,.F.,.F.,(8,8),(0.,1.),
  .PIECEWISE_BEZIER_KNOTS.);
#1506 = CARTESIAN_POINT('',(3.75,0.66,-0.531255864943));
#1507 = CARTESIAN_POINT('',(3.75,0.568505761412,-0.527005997931));
#1508 = CARTESIAN_POINT('',(3.75,0.475800270923,-0.522774497845));
#1509 = CARTESIAN_POINT('',(3.75,0.381989310526,-0.518896364713));
#1510 = CARTESIAN_POINT('',(3.75,0.287232965678,-0.515696953353));
#1511 = CARTESIAN_POINT('',(3.75,0.191754956864,-0.51346370292));
#1512 = CARTESIAN_POINT('',(3.75,9.586970492018E-02,-0.512347538298));
#1513 = CARTESIAN_POINT('',(3.75,0.,-0.512347538298));
#1514 = PCURVE('',#951,#1515);
#1515 = DEFINITIONAL_REPRESENTATION('',(#1516),#1525);
#1516 = B_SPLINE_CURVE_WITH_KNOTS('',7,(#1517,#1518,#1519,#1520,#1521,
    #1522,#1523,#1524),.UNSPECIFIED.,.F.,.F.,(8,8),(0.,1.),
  .PIECEWISE_BEZIER_KNOTS.);
#1517 = CARTESIAN_POINT('',(0.174215786443,4.450566133799));
#1518 = CARTESIAN_POINT('',(0.150550382376,4.420713792393));
#1519 = CARTESIAN_POINT('',(0.126341687019,4.394870569783));
#1520 = CARTESIAN_POINT('',(0.10164537948,4.373468061217));
#1521 = CARTESIAN_POINT('',(7.654088362345E-02,4.356967029581));
#1522 = CARTESIAN_POINT('',(5.113465335484E-02,4.345801399668));
#1523 = CARTESIAN_POINT('',(2.556525464538E-02,4.340220446424));
#1524 = CARTESIAN_POINT('',(0.,4.340220446424));
#1525 = ( GEOMETRIC_REPRESENTATION_CONTEXT(2) 
PARAMETRIC_REPRESENTATION_CONTEXT() REPRESENTATION_CONTEXT('2D SPACE',''
  ) );
#1526 = PCURVE('',#1278,#1527);
#1527 = DEFINITIONAL_REPRESENTATION('',(#1528),#1537);
#1528 = B_SPLINE_CURVE_WITH_KNOTS('',7,(#1529,#1530,#1531,#1532,#1533,
    #1534,#1535,#1536),.UNSPECIFIED.,.F.,.F.,(8,8),(0.,1.),
  .PIECEWISE_BEZIER_KNOTS.);
#1529 = CARTESIAN_POINT('',(-0.531255864943,-0.66));
#1530 = CARTESIAN_POINT('',(-0.527005997931,-0.568505761412));
#1531 = CARTESIAN_POINT('',(-0.522774497845,-0.475800270923));
#1532 = CARTESIAN_POINT('',(-0.518896364713,-0.381989310526));
#1533 = CARTESIAN_POINT('',(-0.515696953353,-0.287232965678));
#1534 = CARTESIAN_POINT('',(-0.51346370292,-0.191754956864));
#1535 = CARTESIAN_POINT('',(-0.512347538298,-9.586970492018E-02));
#1536 = CARTESIAN_POINT('',(-0.512347538298,0.));
#1537 = ( GEOMETRIC_REPRESENTATION_CONTEXT(2) 
PARAMETRIC_REPRESENTATION_CONTEXT() REPRESENTATION_CONTEXT('2D SPACE',''
  ) );
#1538 = ORIENTED_EDGE('',*,*,#1228,.F.);
#1539 = ORIENTED_EDGE('',*,*,#1540,.F.);
#1540 = EDGE_CURVE('',#938,#1186,#1541,.T.);
#1541 = SURFACE_CURVE('',#1542,(#1551,#1563),.PCURVE_S1.);
#1542 = B_SPLINE_CURVE_WITH_KNOTS('',7,(#1543,#1544,#1545,#1546,#1547,
    #1548,#1549,#1550),.UNSPECIFIED.,.F.,.F.,(8,8),(0.,1.),
  .PIECEWISE_BEZIER_KNOTS.);
#1543 = CARTESIAN_POINT('',(3.75,0.66,0.531255864943));
#1544 = CARTESIAN_POINT('',(3.75,0.568505761412,0.527005997931));
#1545 = CARTESIAN_POINT('',(3.75,0.475800270923,0.522774497845));
#1546 = CARTESIAN_POINT('',(3.75,0.381989310526,0.518896364713));
#1547 = CARTESIAN_POINT('',(3.75,0.287232965678,0.515696953353));
#1548 = CARTESIAN_POINT('',(3.75,0.191754956864,0.51346370292));
#1549 = CARTESIAN_POINT('',(3.75,9.586970492017E-02,0.512347538298));
#1550 = CARTESIAN_POINT('',(3.75,0.,0.512347538298));
#1551 = PCURVE('',#951,#1552);
#1552 = DEFINITIONAL_REPRESENTATION('',(#1553),#1562);
#1553 = B_SPLINE_CURVE_WITH_KNOTS('',7,(#1554,#1555,#1556,#1557,#1558,
    #1559,#1560,#1561),.UNSPECIFIED.,.F.,.F.,(8,8),(0.,1.),
  .PIECEWISE_BEZIER_KNOTS.);
#1554 = CARTESIAN_POINT('',(0.174215786443,1.832619173381));
#1555 = CARTESIAN_POINT('',(0.150550382376,1.862471514787));
#1556 = CARTESIAN_POINT('',(0.126341687019,1.888314737397));
#1557 = CARTESIAN_POINT('',(0.101645379481,1.909717245963));
#1558 = CARTESIAN_POINT('',(7.654088362343E-02,1.926218277598));
#1559 = CARTESIAN_POINT('',(5.113465335486E-02,1.937383907512));
#1560 = CARTESIAN_POINT('',(2.556525464538E-02,1.942964860755));
#1561 = CARTESIAN_POINT('',(0.,1.942964860755));
#1562 = ( GEOMETRIC_REPRESENTATION_CONTEXT(2) 
PARAMETRIC_REPRESENTATION_CONTEXT() REPRESENTATION_CONTEXT('2D SPACE',''
  ) );
#1563 = PCURVE('',#1211,#1564);
#1564 = DEFINITIONAL_REPRESENTATION('',(#1565),#1574);
#1565 = B_SPLINE_CURVE_WITH_KNOTS('',7,(#1566,#1567,#1568,#1569,#1570,
    #1571,#1572,#1573),.UNSPECIFIED.,.F.,.F.,(8,8),(0.,1.),
  .PIECEWISE_BEZIER_KNOTS.);
#1566 = CARTESIAN_POINT('',(0.531255864943,-0.66));
#1567 = CARTESIAN_POINT('',(0.527005997931,-0.568505761412));
#1568 = CARTESIAN_POINT('',(0.522774497845,-0.475800270923));
#1569 = CARTESIAN_POINT('',(0.518896364713,-0.381989310526));
#1570 = CARTESIAN_POINT('',(0.515696953353,-0.287232965678));
#1571 = CARTESIAN_POINT('',(0.51346370292,-0.191754956864));
#1572 = CARTESIAN_POINT('',(0.512347538298,-9.586970492017E-02));
#1573 = CARTESIAN_POINT('',(0.512347538298,0.));
#1574 = ( GEOMETRIC_REPRESENTATION_CONTEXT(2) 
PARAMETRIC_REPRESENTATION_CONTEXT() REPRESENTATION_CONTEXT('2D SPACE',''
  ) );
#1575 = ADVANCED_FACE('',(#1576),#1029,.T.);
#1576 = FACE_BOUND('',#1577,.T.);
#1577 = EDGE_LOOP('',(#1578,#1601,#1628,#1629,#1630,#1631,#1632));
#1578 = ORIENTED_EDGE('',*,*,#1579,.T.);
#1579 = EDGE_CURVE('',#936,#1580,#1582,.T.);
#1580 = VERTEX_POINT('',#1581);
#1581 = CARTESIAN_POINT('',(5.,1.347111479062E-16,0.55));
#1582 = SEAM_CURVE('',#1583,(#1587,#1594),.PCURVE_S1.);
#1583 = LINE('',#1584,#1585);
#1584 = CARTESIAN_POINT('',(3.75,1.347111479062E-16,0.55));
#1585 = VECTOR('',#1586,1.);
#1586 = DIRECTION('',(1.,0.,0.));
#1587 = PCURVE('',#1029,#1588);
#1588 = DEFINITIONAL_REPRESENTATION('',(#1589),#1593);
#1589 = LINE('',#1590,#1591);
#1590 = CARTESIAN_POINT('',(6.28318530718,-0.));
#1591 = VECTOR('',#1592,1.);
#1592 = DIRECTION('',(0.,1.));
#1593 = ( GEOMETRIC_REPRESENTATION_CONTEXT(2) 
PARAMETRIC_REPRESENTATION_CONTEXT() REPRESENTATION_CONTEXT('2D SPACE',''
  ) );
#1594 = PCURVE('',#1029,#1595);
#1595 = DEFINITIONAL_REPRESENTATION('',(#1596),#1600);
#1596 = LINE('',#1597,#1598);
#1597 = CARTESIAN_POINT('',(0.,-0.));
#1598 = VECTOR('',#1599,1.);
#1599 = DIRECTION('',(0.,1.));
#1600 = ( GEOMETRIC_REPRESENTATION_CONTEXT(2) 
PARAMETRIC_REPRESENTATION_CONTEXT() REPRESENTATION_CONTEXT('2D SPACE',''
  ) );
#1601 = ORIENTED_EDGE('',*,*,#1602,.F.);
#1602 = EDGE_CURVE('',#1580,#1580,#1603,.T.);
#1603 = SURFACE_CURVE('',#1604,(#1609,#1616),.PCURVE_S1.);
#1604 = CIRCLE('',#1605,0.55);
#1605 = AXIS2_PLACEMENT_3D('',#1606,#1607,#1608);
#1606 = CARTESIAN_POINT('',(5.,0.,0.));
#1607 = DIRECTION('',(1.,0.,0.));
#1608 = DIRECTION('',(-0.,0.,1.));
#1609 = PCURVE('',#1029,#1610);
#1610 = DEFINITIONAL_REPRESENTATION('',(#1611),#1615);
#1611 = LINE('',#1612,#1613);
#1612 = CARTESIAN_POINT('',(0.,1.25));
#1613 = VECTOR('',#1614,1.);
#1614 = DIRECTION('',(1.,0.));
#1615 = ( GEOMETRIC_REPRESENTATION_CONTEXT(2) 
PARAMETRIC_REPRESENTATION_CONTEXT() REPRESENTATION_CONTEXT('2D SPACE',''
  ) );
#1616 = PCURVE('',#1617,#1622);
#1617 = PLANE('',#1618);
#1618 = AXIS2_PLACEMENT_3D('',#1619,#1620,#1621);
#1619 = CARTESIAN_POINT('',(5.,0.,0.));
#1620 = DIRECTION('',(1.,0.,0.));
#1621 = DIRECTION('',(-0.,0.,1.));
#1622 = DEFINITIONAL_REPRESENTATION('',(#1623),#1627);
#1623 = CIRCLE('',#1624,0.55);
#1624 = AXIS2_PLACEMENT_2D('',#1625,#1626);
#1625 = CARTESIAN_POINT('',(0.,0.));
#1626 = DIRECTION('',(1.,0.));
#1627 = ( GEOMETRIC_REPRESENTATION_CONTEXT(2) 
PARAMETRIC_REPRESENTATION_CONTEXT() REPRESENTATION_CONTEXT('2D SPACE',''
  ) );
#1628 = ORIENTED_EDGE('',*,*,#1579,.F.);
#1629 = ORIENTED_EDGE('',*,*,#1079,.F.);
#1630 = ORIENTED_EDGE('',*,*,#1338,.T.);
#1631 = ORIENTED_EDGE('',*,*,#1402,.F.);
#1632 = ORIENTED_EDGE('',*,*,#985,.T.);
#1633 = ADVANCED_FACE('',(#1634),#968,.T.);
#1634 = FACE_BOUND('',#1635,.T.);
#1635 = EDGE_LOOP('',(#1636,#1659,#1660));
#1636 = ORIENTED_EDGE('',*,*,#1637,.T.);
#1637 = EDGE_CURVE('',#1638,#936,#1640,.T.);
#1638 = VERTEX_POINT('',#1639);
#1639 = CARTESIAN_POINT('',(3.75,1.347111479062E-16,0.55));
#1640 = SURFACE_CURVE('',#1641,(#1645,#1652),.PCURVE_S1.);
#1641 = LINE('',#1642,#1643);
#1642 = CARTESIAN_POINT('',(3.75,1.347111479062E-16,0.55));
#1643 = VECTOR('',#1644,1.);
#1644 = DIRECTION('',(1.,0.,0.));
#1645 = PCURVE('',#968,#1646);
#1646 = DEFINITIONAL_REPRESENTATION('',(#1647),#1651);
#1647 = LINE('',#1648,#1649);
#1648 = CARTESIAN_POINT('',(6.28318530718,-0.));
#1649 = VECTOR('',#1650,1.);
#1650 = DIRECTION('',(0.,1.));
#1651 = ( GEOMETRIC_REPRESENTATION_CONTEXT(2) 
PARAMETRIC_REPRESENTATION_CONTEXT() REPRESENTATION_CONTEXT('2D SPACE',''
  ) );
#1652 = PCURVE('',#1168,#1653);
#1653 = DEFINITIONAL_REPRESENTATION('',(#1654),#1658);
#1654 = LINE('',#1655,#1656);
#1655 = CARTESIAN_POINT('',(0.,-0.));
#1656 = VECTOR('',#1657,1.);
#1657 = DIRECTION('',(0.,1.));
#1658 = ( GEOMETRIC_REPRESENTATION_CONTEXT(2) 
PARAMETRIC_REPRESENTATION_CONTEXT() REPRESENTATION_CONTEXT('2D SPACE',''
  ) );
#1659 = ORIENTED_EDGE('',*,*,#935,.T.);
#1660 = ORIENTED_EDGE('',*,*,#1661,.T.);
#1661 = EDGE_CURVE('',#938,#1638,#1662,.T.);
#1662 = SURFACE_CURVE('',#1663,(#1668,#1675),.PCURVE_S1.);
#1663 = CIRCLE('',#1664,0.55);
#1664 = AXIS2_PLACEMENT_3D('',#1665,#1666,#1667);
#1665 = CARTESIAN_POINT('',(3.75,0.,0.));
#1666 = DIRECTION('',(1.,0.,0.));
#1667 = DIRECTION('',(-0.,0.,1.));
#1668 = PCURVE('',#968,#1669);
#1669 = DEFINITIONAL_REPRESENTATION('',(#1670),#1674);
#1670 = LINE('',#1671,#1672);
#1671 = CARTESIAN_POINT('',(0.,0.));
#1672 = VECTOR('',#1673,1.);
#1673 = DIRECTION('',(1.,0.));
#1674 = ( GEOMETRIC_REPRESENTATION_CONTEXT(2) 
PARAMETRIC_REPRESENTATION_CONTEXT() REPRESENTATION_CONTEXT('2D SPACE',''
  ) );
#1675 = PCURVE('',#1211,#1676);
#1676 = DEFINITIONAL_REPRESENTATION('',(#1677),#1681);
#1677 = CIRCLE('',#1678,0.55);
#1678 = AXIS2_PLACEMENT_2D('',#1679,#1680);
#1679 = CARTESIAN_POINT('',(0.,0.));
#1680 = DIRECTION('',(1.,0.));
#1681 = ( GEOMETRIC_REPRESENTATION_CONTEXT(2) 
PARAMETRIC_REPRESENTATION_CONTEXT() REPRESENTATION_CONTEXT('2D SPACE',''
  ) );
#1682 = ADVANCED_FACE('',(#1683),#1211,.F.);
#1683 = FACE_BOUND('',#1684,.F.);
#1684 = EDGE_LOOP('',(#1685,#1686,#1708,#1709));
#1685 = ORIENTED_EDGE('',*,*,#1661,.T.);
#1686 = ORIENTED_EDGE('',*,*,#1687,.T.);
#1687 = EDGE_CURVE('',#1638,#1143,#1688,.T.);
#1688 = SURFACE_CURVE('',#1689,(#1694,#1701),.PCURVE_S1.);
#1689 = CIRCLE('',#1690,0.55);
#1690 = AXIS2_PLACEMENT_3D('',#1691,#1692,#1693);
#1691 = CARTESIAN_POINT('',(3.75,0.,0.));
#1692 = DIRECTION('',(1.,0.,0.));
#1693 = DIRECTION('',(-0.,0.,1.));
#1694 = PCURVE('',#1211,#1695);
#1695 = DEFINITIONAL_REPRESENTATION('',(#1696),#1700);
#1696 = CIRCLE('',#1697,0.55);
#1697 = AXIS2_PLACEMENT_2D('',#1698,#1699);
#1698 = CARTESIAN_POINT('',(0.,0.));
#1699 = DIRECTION('',(1.,0.));
#1700 = ( GEOMETRIC_REPRESENTATION_CONTEXT(2) 
PARAMETRIC_REPRESENTATION_CONTEXT() REPRESENTATION_CONTEXT('2D SPACE',''
  ) );
#1701 = PCURVE('',#1168,#1702);
#1702 = DEFINITIONAL_REPRESENTATION('',(#1703),#1707);
#1703 = LINE('',#1704,#1705);
#1704 = CARTESIAN_POINT('',(0.,0.));
#1705 = VECTOR('',#1706,1.);
#1706 = DIRECTION('',(1.,0.));
#1707 = ( GEOMETRIC_REPRESENTATION_CONTEXT(2) 
PARAMETRIC_REPRESENTATION_CONTEXT() REPRESENTATION_CONTEXT('2D SPACE',''
  ) );
#1708 = ORIENTED_EDGE('',*,*,#1185,.T.);
#1709 = ORIENTED_EDGE('',*,*,#1540,.F.);
#1710 = ADVANCED_FACE('',(#1711),#1278,.F.);
#1711 = FACE_BOUND('',#1712,.F.);
#1712 = EDGE_LOOP('',(#1713,#1714,#1736));
#1713 = ORIENTED_EDGE('',*,*,#1252,.T.);
#1714 = ORIENTED_EDGE('',*,*,#1715,.T.);
#1715 = EDGE_CURVE('',#1253,#1466,#1716,.T.);
#1716 = SURFACE_CURVE('',#1717,(#1722,#1729),.PCURVE_S1.);
#1717 = CIRCLE('',#1718,0.55);
#1718 = AXIS2_PLACEMENT_3D('',#1719,#1720,#1721);
#1719 = CARTESIAN_POINT('',(3.75,0.,0.));
#1720 = DIRECTION('',(1.,0.,0.));
#1721 = DIRECTION('',(-0.,0.,1.));
#1722 = PCURVE('',#1278,#1723);
#1723 = DEFINITIONAL_REPRESENTATION('',(#1724),#1728);
#1724 = CIRCLE('',#1725,0.55);
#1725 = AXIS2_PLACEMENT_2D('',#1726,#1727);
#1726 = CARTESIAN_POINT('',(0.,0.));
#1727 = DIRECTION('',(1.,0.));
#1728 = ( GEOMETRIC_REPRESENTATION_CONTEXT(2) 
PARAMETRIC_REPRESENTATION_CONTEXT() REPRESENTATION_CONTEXT('2D SPACE',''
  ) );
#1729 = PCURVE('',#1321,#1730);
#1730 = DEFINITIONAL_REPRESENTATION('',(#1731),#1735);
#1731 = LINE('',#1732,#1733);
#1732 = CARTESIAN_POINT('',(0.,0.));
#1733 = VECTOR('',#1734,1.);
#1734 = DIRECTION('',(1.,0.));
#1735 = ( GEOMETRIC_REPRESENTATION_CONTEXT(2) 
PARAMETRIC_REPRESENTATION_CONTEXT() REPRESENTATION_CONTEXT('2D SPACE',''
  ) );
#1736 = ORIENTED_EDGE('',*,*,#1503,.T.);
#1737 = ADVANCED_FACE('',(#1738),#1321,.T.);
#1738 = FACE_BOUND('',#1739,.T.);
#1739 = EDGE_LOOP('',(#1740,#1741,#1742));
#1740 = ORIENTED_EDGE('',*,*,#1465,.T.);
#1741 = ORIENTED_EDGE('',*,*,#1295,.T.);
#1742 = ORIENTED_EDGE('',*,*,#1715,.T.);
#1743 = ADVANCED_FACE('',(#1744),#1168,.T.);
#1744 = FACE_BOUND('',#1745,.T.);
#1745 = EDGE_LOOP('',(#1746,#1747,#1748));
#1746 = ORIENTED_EDGE('',*,*,#1142,.T.);
#1747 = ORIENTED_EDGE('',*,*,#1637,.F.);
#1748 = ORIENTED_EDGE('',*,*,#1687,.T.);
#1749 = ADVANCED_FACE('',(#1750),#1617,.T.);
#1750 = FACE_BOUND('',#1751,.T.);
#1751 = EDGE_LOOP('',(#1752));
#1752 = ORIENTED_EDGE('',*,*,#1602,.T.);
#1753 = ( GEOMETRIC_REPRESENTATION_CONTEXT(3) 
GLOBAL_UNCERTAINTY_ASSIGNED_CONTEXT((#1757)) 
GLOBAL_UNIT_ASSIGNED_CONTEXT((#1754,#1755,#1756)) REPRESENTATION_CONTEXT
('Context #1','3D Context with UNIT and UNCERTAINTY') );
#1754 = ( LENGTH_UNIT() NAMED_UNIT(*) SI_UNIT(.MILLI.,.METRE.) );
#1755 = ( NAMED_UNIT(*) PLANE_ANGLE_UNIT() SI_UNIT($,.RADIAN.) );
#1756 = ( NAMED_UNIT(*) SI_UNIT($,.STERADIAN.) SOLID_ANGLE_UNIT() );
#1757 = UNCERTAINTY_MEASURE_WITH_UNIT(LENGTH_MEASURE(5.E-07),#1754,
  'distance_accuracy_value','confusion accuracy');
#1758 = CONTEXT_DEPENDENT_SHAPE_REPRESENTATION(#1759,#1761);
#1759 = ( REPRESENTATION_RELATIONSHIP('','',#928,#10) 
REPRESENTATION_RELATIONSHIP_WITH_TRANSFORMATION(#1760) 
SHAPE_REPRESENTATION_RELATIONSHIP() );
#1760 = ITEM_DEFINED_TRANSFORMATION('','',#11,#19);
#1761 = PRODUCT_DEFINITION_SHAPE('Placement','Placement of an item',
  #1762);
#1762 = NEXT_ASSEMBLY_USAGE_OCCURRENCE('26','','',#5,#923,$);
#1763 = PRODUCT_RELATED_PRODUCT_CATEGORY('part',$,(#925));
#1764 = SHAPE_DEFINITION_REPRESENTATION(#1765,#1771);
#1765 = PRODUCT_DEFINITION_SHAPE('','',#1766);
#1766 = PRODUCT_DEFINITION('design','',#1767,#1770);
#1767 = PRODUCT_DEFINITION_FORMATION('','',#1768);
#1768 = PRODUCT('Open CASCADE STEP translator 7.9 5.3',
  'Open CASCADE STEP translator 7.9 5.3','',(#1769));
#1769 = PRODUCT_CONTEXT('',#2,'mechanical');
#1770 = PRODUCT_DEFINITION_CONTEXT('part definition',#2,'design');
#1771 = ADVANCED_BREP_SHAPE_REPRESENTATION('',(#11,#1772),#3165);
#1772 = MANIFOLD_SOLID_BREP('',#1773);
#1773 = CLOSED_SHELL('',(#1774,#3157,#3161));
#1774 = ADVANCED_FACE('',(#1775),#1947,.T.);
#1775 = FACE_BOUND('',#1776,.T.);
#1776 = EDGE_LOOP('',(#1777,#3088,#3122,#3123));
#1777 = ORIENTED_EDGE('',*,*,#1778,.T.);
#1778 = EDGE_CURVE('',#1779,#1781,#1783,.T.);
#1779 = VERTEX_POINT('',#1780);
#1780 = CARTESIAN_POINT('',(5.35,-2.086004979862E-15,-3.45));
#1781 = VERTEX_POINT('',#1782);
#1782 = CARTESIAN_POINT('',(34.52724975907,9.596498942721E-13,
    -3.449997807095));
#1783 = SEAM_CURVE('',#1784,(#1946,#3081),.PCURVE_S1.);
#1784 = ( BOUNDED_CURVE() B_SPLINE_CURVE(10,(#1785,#1786,#1787,#1788,
    #1789,#1790,#1791,#1792,#1793,#1794,#1795,#1796,#1797,#1798,#1799,
    #1800,#1801,#1802,#1803,#1804,#1805,#1806,#1807,#1808,#1809,#1810,
    #1811,#1812,#1813,#1814,#1815,#1816,#1817,#1818,#1819,#1820,#1821,
    #1822,#1823,#1824,#1825,#1826,#1827,#1828,#1829,#1830,#1831,#1832,
    #1833,#1834,#1835,#1836,#1837,#1838,#1839,#1840,#1841,#1842,#1843,
    #1844,#1845,#1846,#1847,#1848,#1849,#1850,#1851,#1852,#1853,#1854,
    #1855,#1856,#1857,#1858,#1859,#1860,#1861,#1862,#1863,#1864,#1865,
    #1866,#1867,#1868,#1869,#1870,#1871,#1872,#1873,#1874,#1875,#1876,
    #1877,#1878,#1879,#1880,#1881,#1882,#1883,#1884,#1885,#1886,#1887,
    #1888,#1889,#1890,#1891,#1892,#1893,#1894,#1895,#1896,#1897,#1898,
    #1899,#1900,#1901,#1902,#1903,#1904,#1905,#1906,#1907,#1908,#1909,
    #1910,#1911,#1912,#1913,#1914,#1915,#1916,#1917,#1918,#1919,#1920,
    #1921,#1922,#1923,#1924,#1925,#1926,#1927,#1928,#1929,#1930,#1931,
    #1932,#1933,#1934,#1935,#1936,#1937,#1938,#1939,#1940,#1941,#1942,
#1943,#1944,#1945),.UNSPECIFIED.,.F.,.F.) B_SPLINE_CURVE_WITH_KNOTS((11,
    10,10,10,10,10,10,10,10,10,10,10,10,10,10,10,11),(0.,5.421011090626,
    10.842022181251,16.263033271877,21.684044362503,27.105055453128,
    32.526066543754,37.94707763438,43.368088725006,48.789099815631,
    54.210110906257,59.631121996883,65.052133087508,70.473144178134,
    75.89415526876,81.315166359385,86.736177450011),
.PIECEWISE_BEZIER_KNOTS.) CURVE() GEOMETRIC_REPRESENTATION_ITEM() 
RATIONAL_B_SPLINE_CURVE((1.669078461068,1.669078461068,1.669078461068,
    1.669078461068,1.669078461068,1.669078461068,1.669078461068,
    1.669078461068,1.669078461068,1.669078461068,1.669078461068,
    1.669078461068,1.669078461068,1.66907846107,1.669078461066,
    1.669078461071,1.669078461066,1.669078461069,1.669078461068,
    1.669078461068,1.669078461068,1.669078461068,1.669078461068,
    1.669078461069,1.669078461067,1.669078461069,1.669078461067,
    1.669078461069,1.669078461068,1.669078461068,1.669078461068,
    1.669078461068,1.669078461068,1.669078461069,1.669078461068,
    1.669078461069,1.669078461068,1.669078461069,1.669078461068,
    1.669078461068,1.669078461068,1.669078461068,1.669078461068,
    1.669078461068,1.669078461068,1.669078461068,1.669078461068,
    1.669078461068,1.669078461068,1.669078461068,1.669078461068,
    1.669078461068,1.669078461068,1.669078461069,1.669078461068,
    1.669078461069,1.669078461068,1.669078461068,1.669078461068,
    1.669078461068,1.669078461068,1.669078461068,1.669078461068,
    1.669078461068,1.669078461069,1.669078461068,1.669078461069,
    1.669078461068,1.669078461068,1.669078461068,1.669078461068,
    1.669078461068,1.669078461068,1.669078461068,1.669078461068,
    1.669078461068,1.669078461068,1.669078461068,1.669078461068,
    1.669078461068,1.669078461068,1.669078461068,1.669078461068,
    1.669078461068,1.669078461069,1.669078461068,1.669078461068,
    1.669078461068,1.669078461068,1.669078461068,1.669078461068,
    1.669078461068,1.669078461068,1.669078461068,1.669078461068,
    1.669078461069,1.669078461068,1.669078461068,1.669078461068,
    1.669078461068,1.669078461068,1.669078461068,1.669078461068,
    1.669078461068,1.669078461068,1.669078461068,1.669078461068,
    1.669078461068,1.669078461068,1.669078461068,1.669078461068,
    1.669078461068,1.669078461068,1.669078461069,1.669078461068,
    1.669078461069,1.669078461068,1.669078461068,1.669078461068,
    1.669078461068,1.669078461068,1.669078461068,1.669078461068,
    1.669078461068,1.669078461069,1.669078461068,1.669078461069,
    1.669078461068,1.669078461068,1.669078461068,1.669078461068,
    1.669078461068,1.669078461068,1.669078461068,1.669078461068,
    1.669078461068,1.669078461068,1.669078461068,1.669078461068,
    1.669078461068,1.669078461068,1.669078461068,1.669078461068,
    1.669078461068,1.669078461069,1.669078461068,1.669078461068,
    1.669078461068,1.669078461068,1.669078461068,1.669078461068,
    1.669078461068,1.669078461068,1.669078461068,1.669078461069,
    1.669078461068,1.669078461069,1.669078461068,1.669078461068,
1.669078461068,1.669078461068)) REPRESENTATION_ITEM('') );
#1785 = CARTESIAN_POINT('',(5.35,-2.086004979862E-15,-3.45));
#1786 = CARTESIAN_POINT('',(5.532357810994,1.761255024282,
    -3.449991347542));
#1787 = CARTESIAN_POINT('',(5.714715621964,3.522656394227,
    -2.451113411728));
#1788 = CARTESIAN_POINT('',(5.89707343308,4.645380318625,-0.451993889124
    ));
#1789 = CARTESIAN_POINT('',(6.079431243748,4.497498157853,2.07634231349)
  );
#1790 = CARTESIAN_POINT('',(6.26178905531,2.821625718703,4.22295842377)
  );
#1791 = CARTESIAN_POINT('',(6.444146865621,0.197271474593,4.949707739772
    ));
#1792 = CARTESIAN_POINT('',(6.626504677192,-2.195374371062,
    4.118795365463));
#1793 = CARTESIAN_POINT('',(6.808862487851,-3.612557826155,
    2.316520013578));
#1794 = CARTESIAN_POINT('',(6.991220298969,-3.86138940988,0.306928618544
    ));
#1795 = CARTESIAN_POINT('',(7.173578109942,-3.187384387164,
    -1.32025784166));
#1796 = CARTESIAN_POINT('',(7.355935920936,-2.513373275371,
    -2.947441998973));
#1797 = CARTESIAN_POINT('',(7.538293731906,-0.916471272978,
    -4.192510636214));
#1798 = CARTESIAN_POINT('',(7.720651543022,1.360122181996,
    -4.464742370005));
#1799 = CARTESIAN_POINT('',(7.903009353689,3.63940819802,-3.360564692255
    ));
#1800 = CARTESIAN_POINT('',(8.085367165253,4.98129426925,-0.990786025579
    ));
#1801 = CARTESIAN_POINT('',(8.267724975562,4.648426197693,1.711916069344
    ));
#1802 = CARTESIAN_POINT('',(8.450082787135,2.965137337111,3.604456195281
    ));
#1803 = CARTESIAN_POINT('',(8.632440597793,0.757719398665,4.224062065541
    ));
#1804 = CARTESIAN_POINT('',(8.814798408912,-1.194124684454,
    3.684915140078));
#1805 = CARTESIAN_POINT('',(8.997156219884,-2.439518395095,
    2.439518395095));
#1806 = CARTESIAN_POINT('',(9.179514030878,-3.684907647947,1.19411690581
    ));
#1807 = CARTESIAN_POINT('',(9.36187184185,-4.224093139043,
    -0.757695309251));
#1808 = CARTESIAN_POINT('',(9.544229652962,-3.604387868541,
    -2.965171980445));
#1809 = CARTESIAN_POINT('',(9.726587463634,-1.712015715858,
    -4.648407175718));
#1810 = CARTESIAN_POINT('',(9.908945275194,0.990891858448,
    -4.981273217781));
#1811 = CARTESIAN_POINT('',(10.091303085504,3.360479910268,
    -3.63946390511));
#1812 = CARTESIAN_POINT('',(10.273660897078,4.46479223826,
    -1.360064028209));
#1813 = CARTESIAN_POINT('',(10.456018707735,4.192491146656,
    0.916437125941));
#1814 = CARTESIAN_POINT('',(10.638376518854,2.947445944043,
    2.513383329018));
#1815 = CARTESIAN_POINT('',(10.820734329827,1.320257841659,
    3.187384387163));
#1816 = CARTESIAN_POINT('',(11.00309214082,-0.306932937958,
    3.861379511299));
#1817 = CARTESIAN_POINT('',(11.185449951789,-2.316509649183,
    3.612595752942));
#1818 = CARTESIAN_POINT('',(11.367807762909,-4.118801224203,
    2.195297987958));
#1819 = CARTESIAN_POINT('',(11.550165573571,-4.94972829885,
    -0.197172133818));
#1820 = CARTESIAN_POINT('',(11.732523385138,-4.222898474247,
    -2.821715439488));
#1821 = CARTESIAN_POINT('',(11.914881195448,-2.076426224796,
    -4.497441147677));
#1822 = CARTESIAN_POINT('',(12.097239007018,0.452066699967,
    -4.645404136402));
#1823 = CARTESIAN_POINT('',(12.279596817678,2.451074405654,
    -3.522651455726));
#1824 = CARTESIAN_POINT('',(12.461954628795,3.450002145612,
    -1.761254821686));
#1825 = CARTESIAN_POINT('',(12.644312439769,3.449999999999,
    -8.422770120922E-14));
#1826 = CARTESIAN_POINT('',(12.826670250763,3.449991347546,
    1.761255024281));
#1827 = CARTESIAN_POINT('',(13.009028061731,2.451113411719,3.52265639423
    ));
#1828 = CARTESIAN_POINT('',(13.191385872851,0.451993889134,
    4.645380318618));
#1829 = CARTESIAN_POINT('',(13.373743683515,-2.076342313495,
    4.497498157865));
#1830 = CARTESIAN_POINT('',(13.556101495077,-4.222958423773,
    2.821625718689));
#1831 = CARTESIAN_POINT('',(13.738459305394,-4.949707739763,
    0.197271474603));
#1832 = CARTESIAN_POINT('',(13.920817116957,-4.118795365471,
    -2.195374371066));
#1833 = CARTESIAN_POINT('',(14.103174927622,-2.316520013575,
    -3.612557826155));
#1834 = CARTESIAN_POINT('',(14.285532738737,-0.306928618545,
    -3.86138940988));
#1835 = CARTESIAN_POINT('',(14.467890549711,1.320257841659,
    -3.187384387164));
#1836 = CARTESIAN_POINT('',(14.650248360705,2.947441998974,
    -2.513373275374));
#1837 = CARTESIAN_POINT('',(14.832606171674,4.192510636214,
    -0.916471272972));
#1838 = CARTESIAN_POINT('',(15.014963982792,4.464742370003,
    1.360122181989));
#1839 = CARTESIAN_POINT('',(15.197321793458,3.360564692263,
    3.639408198024));
#1840 = CARTESIAN_POINT('',(15.37967960502,0.990786025564,4.981294269252
    ));
#1841 = CARTESIAN_POINT('',(15.562037415334,-1.711916069326,
    4.64842619769));
#1842 = CARTESIAN_POINT('',(15.744395226901,-3.604456195295,
    2.965137337112));
#1843 = CARTESIAN_POINT('',(15.926753037563,-4.224062065534,
    0.757719398667));
#1844 = CARTESIAN_POINT('',(16.10911084868,-3.684915140081,
    -1.194124684457));
#1845 = CARTESIAN_POINT('',(16.291468659653,-2.439518395093,
    -2.439518395093));
#1846 = CARTESIAN_POINT('',(16.473826470647,-1.194116905815,
    -3.684907647951));
#1847 = CARTESIAN_POINT('',(16.656184281616,0.757695309261,
    -4.224093139038));
#1848 = CARTESIAN_POINT('',(16.838542092734,2.96517198043,
    -3.604387868545));
#1849 = CARTESIAN_POINT('',(17.020899903401,4.648407175732,
    -1.712015715862));
#1850 = CARTESIAN_POINT('',(17.203257714962,4.981273217773,0.99089185846
    ));
#1851 = CARTESIAN_POINT('',(17.385615525276,3.639463905112,
    3.360479910255));
#1852 = CARTESIAN_POINT('',(17.567973336843,1.36006402821,4.464792238267
    ));
#1853 = CARTESIAN_POINT('',(17.750331147505,-0.916437125942,
    4.192491146654));
#1854 = CARTESIAN_POINT('',(17.932688958622,-2.513383329019,
    2.947445944043));
#1855 = CARTESIAN_POINT('',(18.115046769595,-3.187384387162,
    1.320257841659));
#1856 = CARTESIAN_POINT('',(18.297404580589,-3.861379511303,
    -0.306932937956));
#1857 = CARTESIAN_POINT('',(18.479762391557,-3.612595752936,
    -2.316509649188));
#1858 = CARTESIAN_POINT('',(18.662120202679,-2.195297987963,
    -4.118801224195));
#1859 = CARTESIAN_POINT('',(18.844478013339,0.197172133819,
    -4.94972829886));
#1860 = CARTESIAN_POINT('',(19.026835824906,2.821715439492,
    -4.222898474238));
#1861 = CARTESIAN_POINT('',(19.209193635219,4.497441147671,
    -2.076426224801));
#1862 = CARTESIAN_POINT('',(19.391551446784,4.645404136407,
    0.452066699968));
#1863 = CARTESIAN_POINT('',(19.573909257448,3.522651455724,
    2.451074405655));
#1864 = CARTESIAN_POINT('',(19.756267068564,1.761254821687,
    3.450002145612));
#1865 = CARTESIAN_POINT('',(19.938624879537,1.585567614704E-13,
    3.449999999998));
#1866 = CARTESIAN_POINT('',(20.120982690532,-1.761255024282,
    3.449991347548));
#1867 = CARTESIAN_POINT('',(20.303340501499,-3.522656394229,
    2.451113411718));
#1868 = CARTESIAN_POINT('',(20.485698312623,-4.64538031862,
    0.451993889134));
#1869 = CARTESIAN_POINT('',(20.668056123278,-4.497498157859,
    -2.076342313494));
#1870 = CARTESIAN_POINT('',(20.850413934853,-2.821625718699,
    -4.222958423773));
#1871 = CARTESIAN_POINT('',(21.032771745156,-0.197271474591,
    -4.949707739763));
#1872 = CARTESIAN_POINT('',(21.21512955673,2.195374371055,
    -4.118795365471));
#1873 = CARTESIAN_POINT('',(21.397487367388,3.612557826162,
    -2.316520013573));
#1874 = CARTESIAN_POINT('',(21.579845178507,3.861389409875,
    -0.306928618546));
#1875 = CARTESIAN_POINT('',(21.762202989479,3.187384387166,
    1.320257841661));
#1876 = CARTESIAN_POINT('',(21.944560800473,2.513373275364,
    2.947441998971));
#1877 = CARTESIAN_POINT('',(22.126918611445,0.916471272993,
    4.192510636214));
#1878 = CARTESIAN_POINT('',(22.309276422557,-1.360122182018,
    4.464742370014));
#1879 = CARTESIAN_POINT('',(22.491634233228,-3.639408197998,
    3.360564692238));
#1880 = CARTESIAN_POINT('',(22.673992044793,-4.981294269262,
    0.990786025598));
#1881 = CARTESIAN_POINT('',(22.856349855094,-4.648426197692,
    -1.711916069356));
#1882 = CARTESIAN_POINT('',(23.038707666678,-2.965137337106,
    -3.604456195277));
#1883 = CARTESIAN_POINT('',(23.221065477327,-0.757719398667,
    -4.224062065542));
#1884 = CARTESIAN_POINT('',(23.40342328845,1.194124684453,
    -3.684915140076));
#1885 = CARTESIAN_POINT('',(23.585781099422,2.439518395097,
    -2.439518395096));
#1886 = CARTESIAN_POINT('',(23.768138910414,3.684907647942,
    -1.194116905805));
#1887 = CARTESIAN_POINT('',(23.95049672139,4.22409313905,0.75769530924)
  );
#1888 = CARTESIAN_POINT('',(24.132854532494,3.604387868537,
    2.965171980462));
#1889 = CARTESIAN_POINT('',(24.315212343178,1.712015715857,4.6484071757)
  );
#1890 = CARTESIAN_POINT('',(24.497570154727,-0.990891858445,
    4.981273217791));
#1891 = CARTESIAN_POINT('',(24.679927965043,-3.36047991027,
    3.639463905112));
#1892 = CARTESIAN_POINT('',(24.862285776616,-4.46479223826,
    1.360064028202));
#1893 = CARTESIAN_POINT('',(25.044643587271,-4.192491146655,
    -0.916437125935));
#1894 = CARTESIAN_POINT('',(25.227001398391,-2.947445944043,
    -2.51338332902));
#1895 = CARTESIAN_POINT('',(25.409359209364,-1.320257841659,
    -3.187384387163));
#1896 = CARTESIAN_POINT('',(25.591717020358,0.306932937958,
    -3.861379511299));
#1897 = CARTESIAN_POINT('',(25.774074831326,2.316509649184,
    -3.612595752942));
#1898 = CARTESIAN_POINT('',(25.956432642447,4.118801224202,
    -2.195297987958));
#1899 = CARTESIAN_POINT('',(26.138790453108,4.949728298852,
    0.197172133819));
#1900 = CARTESIAN_POINT('',(26.321148264676,4.222898474245,
    2.821715439485));
#1901 = CARTESIAN_POINT('',(26.503506074984,2.076426224797,
    4.497441147681));
#1902 = CARTESIAN_POINT('',(26.685863886555,-0.452066699968,4.6454041364
    ));
#1903 = CARTESIAN_POINT('',(26.868221697215,-2.451074405654,
    3.522651455727));
#1904 = CARTESIAN_POINT('',(27.050579508333,-3.450002145611,
    1.761254821686));
#1905 = CARTESIAN_POINT('',(27.232937319306,-3.449999999999,
    9.819178107488E-14));
#1906 = CARTESIAN_POINT('',(27.4152951303,-3.449991431464,
    -1.761254821684));
#1907 = CARTESIAN_POINT('',(27.597652941266,-2.451113051996,
    -3.522657262682));
#1908 = CARTESIAN_POINT('',(27.780010752395,-0.451994818161,
    -4.645378075746));
#1909 = CARTESIAN_POINT('',(27.96236856304,2.076344072692,
    -4.497502404941));
#1910 = CARTESIAN_POINT('',(28.144726374632,4.222955811298,
    -2.821619411624));
#1911 = CARTESIAN_POINT('',(28.32708418491,4.949710874734,
    -0.197279043085));
#1912 = CARTESIAN_POINT('',(28.509441996513,4.118792286871,
    2.195381803458));
#1913 = CARTESIAN_POINT('',(28.691799807145,2.316522490986,
    3.612551845155));
#1914 = CARTESIAN_POINT('',(28.874157618283,0.306926999783,
    3.861393317919));
#1915 = CARTESIAN_POINT('',(29.056515429244,-1.320257002474,
    3.187382361191));
#1916 = CARTESIAN_POINT('',(29.23887324025,-2.947443617736,2.51337718341
    ));
#1917 = CARTESIAN_POINT('',(29.421231051199,-4.192508158802,
    0.916465291978));
#1918 = CARTESIAN_POINT('',(29.603588862345,-4.464745448605,
    -1.360114749605));
#1919 = CARTESIAN_POINT('',(29.785946672977,-3.360561557282,
    -3.639415766498));
#1920 = CARTESIAN_POINT('',(29.968304484575,-0.99078863806,
    -4.98128796219));
#1921 = CARTESIAN_POINT('',(30.150662294856,1.711917828552,
    -4.648430444763));
#1922 = CARTESIAN_POINT('',(30.333020106448,3.604455266242,
    -2.965135094246));
#1923 = CARTESIAN_POINT('',(30.515377917095,4.224062425275,
    -0.757720267109));
#1924 = CARTESIAN_POINT('',(30.697735728219,3.684915056153,
    1.194124887045));
#1925 = CARTESIAN_POINT('',(30.88009353919,2.439518395098,2.439518395099
    ));
#1926 = CARTESIAN_POINT('',(31.062451350182,1.194116905798,
    3.684907647936));
#1927 = CARTESIAN_POINT('',(31.244809161161,-0.757695309222,
    4.224093139056));
#1928 = CARTESIAN_POINT('',(31.427166972258,-2.965171980494,
    3.604387868538));
#1929 = CARTESIAN_POINT('',(31.609524782952,-4.648407175659,
    1.712015715843));
#1930 = CARTESIAN_POINT('',(31.791882594493,-4.981273217828,
    -0.990891858421));
#1931 = CARTESIAN_POINT('',(31.97424040481,-3.639463905086,
    -3.360479910294));
#1932 = CARTESIAN_POINT('',(32.156598216388,-1.360064028218,
    -4.464792238244));
#1933 = CARTESIAN_POINT('',(32.338956027037,0.916437125946,
    -4.192491146663));
#1934 = CARTESIAN_POINT('',(32.521313838161,2.513383329012,
    -2.947445944039));
#1935 = CARTESIAN_POINT('',(32.703671649132,3.187384387169,
    -1.320257841661));
#1936 = CARTESIAN_POINT('',(32.886029460125,3.861379511284,
    0.306932718675));
#1937 = CARTESIAN_POINT('',(33.068387271099,3.612595752967,
    2.316510589172));
#1938 = CARTESIAN_POINT('',(33.250745082212,2.195297987934,
    4.118798796565));
#1939 = CARTESIAN_POINT('',(33.433102892874,-0.197172133812,
    4.949732895824));
#1940 = CARTESIAN_POINT('',(33.615460704461,-2.82171543947,
    4.222891647537));
#1941 = CARTESIAN_POINT('',(33.797818514725,-4.497441147706,
    2.076434416882));
#1942 = CARTESIAN_POINT('',(33.980176326352,-4.645404136381,
    -0.452074744766));
#1943 = CARTESIAN_POINT('',(34.162534136964,-3.522651455733,
    -2.451067931836));
#1944 = CARTESIAN_POINT('',(34.344891948112,-1.761254821687,
    -3.45000637566));
#1945 = CARTESIAN_POINT('',(34.52724975907,9.596498942721E-13,
    -3.449997807095));
#1946 = PCURVE('',#1947,#3075);
#1947 = ( BOUNDED_SURFACE() B_SPLINE_SURFACE(6,10,(
    (#1948,#1949,#1950,#1951,#1952,#1953,#1954,#1955,#1956,#1957,#1958
      ,#1959,#1960,#1961,#1962,#1963,#1964,#1965,#1966,#1967,#1968,#1969
      ,#1970,#1971,#1972,#1973,#1974,#1975,#1976,#1977,#1978,#1979,#1980
      ,#1981,#1982,#1983,#1984,#1985,#1986,#1987,#1988,#1989,#1990,#1991
      ,#1992,#1993,#1994,#1995,#1996,#1997,#1998,#1999,#2000,#2001,#2002
      ,#2003,#2004,#2005,#2006,#2007,#2008,#2009,#2010,#2011,#2012,#2013
      ,#2014,#2015,#2016,#2017,#2018,#2019,#2020,#2021,#2022,#2023,#2024
      ,#2025,#2026,#2027,#2028,#2029,#2030,#2031,#2032,#2033,#2034,#2035
      ,#2036,#2037,#2038,#2039,#2040,#2041,#2042,#2043,#2044,#2045,#2046
      ,#2047,#2048,#2049,#2050,#2051,#2052,#2053,#2054,#2055,#2056,#2057
      ,#2058,#2059,#2060,#2061,#2062,#2063,#2064,#2065,#2066,#2067,#2068
      ,#2069,#2070,#2071,#2072,#2073,#2074,#2075,#2076,#2077,#2078,#2079
      ,#2080,#2081,#2082,#2083,#2084,#2085,#2086,#2087,#2088,#2089,#2090
      ,#2091,#2092,#2093,#2094,#2095,#2096,#2097,#2098,#2099,#2100,#2101
      ,#2102,#2103,#2104,#2105,#2106,#2107,#2108)
    ,(#2109,#2110,#2111,#2112,#2113,#2114,#2115,#2116,#2117,#2118,#2119
      ,#2120,#2121,#2122,#2123,#2124,#2125,#2126,#2127,#2128,#2129,#2130
      ,#2131,#2132,#2133,#2134,#2135,#2136,#2137,#2138,#2139,#2140,#2141
      ,#2142,#2143,#2144,#2145,#2146,#2147,#2148,#2149,#2150,#2151,#2152
      ,#2153,#2154,#2155,#2156,#2157,#2158,#2159,#2160,#2161,#2162,#2163
      ,#2164,#2165,#2166,#2167,#2168,#2169,#2170,#2171,#2172,#2173,#2174
      ,#2175,#2176,#2177,#2178,#2179,#2180,#2181,#2182,#2183,#2184,#2185
      ,#2186,#2187,#2188,#2189,#2190,#2191,#2192,#2193,#2194,#2195,#2196
      ,#2197,#2198,#2199,#2200,#2201,#2202,#2203,#2204,#2205,#2206,#2207
      ,#2208,#2209,#2210,#2211,#2212,#2213,#2214,#2215,#2216,#2217,#2218
      ,#2219,#2220,#2221,#2222,#2223,#2224,#2225,#2226,#2227,#2228,#2229
      ,#2230,#2231,#2232,#2233,#2234,#2235,#2236,#2237,#2238,#2239,#2240
      ,#2241,#2242,#2243,#2244,#2245,#2246,#2247,#2248,#2249,#2250,#2251
      ,#2252,#2253,#2254,#2255,#2256,#2257,#2258,#2259,#2260,#2261,#2262
      ,#2263,#2264,#2265,#2266,#2267,#2268,#2269)
    ,(#2270,#2271,#2272,#2273,#2274,#2275,#2276,#2277,#2278,#2279,#2280
      ,#2281,#2282,#2283,#2284,#2285,#2286,#2287,#2288,#2289,#2290,#2291
      ,#2292,#2293,#2294,#2295,#2296,#2297,#2298,#2299,#2300,#2301,#2302
      ,#2303,#2304,#2305,#2306,#2307,#2308,#2309,#2310,#2311,#2312,#2313
      ,#2314,#2315,#2316,#2317,#2318,#2319,#2320,#2321,#2322,#2323,#2324
      ,#2325,#2326,#2327,#2328,#2329,#2330,#2331,#2332,#2333,#2334,#2335
      ,#2336,#2337,#2338,#2339,#2340,#2341,#2342,#2343,#2344,#2345,#2346
      ,#2347,#2348,#2349,#2350,#2351,#2352,#2353,#2354,#2355,#2356,#2357
      ,#2358,#2359,#2360,#2361,#2362,#2363,#2364,#2365,#2366,#2367,#2368
      ,#2369,#2370,#2371,#2372,#2373,#2374,#2375,#2376,#2377,#2378,#2379
      ,#2380,#2381,#2382,#2383,#2384,#2385,#2386,#2387,#2388,#2389,#2390
      ,#2391,#2392,#2393,#2394,#2395,#2396,#2397,#2398,#2399,#2400,#2401
      ,#2402,#2403,#2404,#2405,#2406,#2407,#2408,#2409,#2410,#2411,#2412
      ,#2413,#2414,#2415,#2416,#2417,#2418,#2419,#2420,#2421,#2422,#2423
      ,#2424,#2425,#2426,#2427,#2428,#2429,#2430)
    ,(#2431,#2432,#2433,#2434,#2435,#2436,#2437,#2438,#2439,#2440,#2441
      ,#2442,#2443,#2444,#2445,#2446,#2447,#2448,#2449,#2450,#2451,#2452
      ,#2453,#2454,#2455,#2456,#2457,#2458,#2459,#2460,#2461,#2462,#2463
      ,#2464,#2465,#2466,#2467,#2468,#2469,#2470,#2471,#2472,#2473,#2474
      ,#2475,#2476,#2477,#2478,#2479,#2480,#2481,#2482,#2483,#2484,#2485
      ,#2486,#2487,#2488,#2489,#2490,#2491,#2492,#2493,#2494,#2495,#2496
      ,#2497,#2498,#2499,#2500,#2501,#2502,#2503,#2504,#2505,#2506,#2507
      ,#2508,#2509,#2510,#2511,#2512,#2513,#2514,#2515,#2516,#2517,#2518
      ,#2519,#2520,#2521,#2522,#2523,#2524,#2525,#2526,#2527,#2528,#2529
      ,#2530,#2531,#2532,#2533,#2534,#2535,#2536,#2537,#2538,#2539,#2540
      ,#2541,#2542,#2543,#2544,#2545,#2546,#2547,#2548,#2549,#2550,#2551
      ,#2552,#2553,#2554,#2555,#2556,#2557,#2558,#2559,#2560,#2561,#2562
      ,#2563,#2564,#2565,#2566,#2567,#2568,#2569,#2570,#2571,#2572,#2573
      ,#2574,#2575,#2576,#2577,#2578,#2579,#2580,#2581,#2582,#2583,#2584
      ,#2585,#2586,#2587,#2588,#2589,#2590,#2591)
    ,(#2592,#2593,#2594,#2595,#2596,#2597,#2598,#2599,#2600,#2601,#2602
      ,#2603,#2604,#2605,#2606,#2607,#2608,#2609,#2610,#2611,#2612,#2613
      ,#2614,#2615,#2616,#2617,#2618,#2619,#2620,#2621,#2622,#2623,#2624
      ,#2625,#2626,#2627,#2628,#2629,#2630,#2631,#2632,#2633,#2634,#2635
      ,#2636,#2637,#2638,#2639,#2640,#2641,#2642,#2643,#2644,#2645,#2646
      ,#2647,#2648,#2649,#2650,#2651,#2652,#2653,#2654,#2655,#2656,#2657
      ,#2658,#2659,#2660,#2661,#2662,#2663,#2664,#2665,#2666,#2667,#2668
      ,#2669,#2670,#2671,#2672,#2673,#2674,#2675,#2676,#2677,#2678,#2679
      ,#2680,#2681,#2682,#2683,#2684,#2685,#2686,#2687,#2688,#2689,#2690
      ,#2691,#2692,#2693,#2694,#2695,#2696,#2697,#2698,#2699,#2700,#2701
      ,#2702,#2703,#2704,#2705,#2706,#2707,#2708,#2709,#2710,#2711,#2712
      ,#2713,#2714,#2715,#2716,#2717,#2718,#2719,#2720,#2721,#2722,#2723
      ,#2724,#2725,#2726,#2727,#2728,#2729,#2730,#2731,#2732,#2733,#2734
      ,#2735,#2736,#2737,#2738,#2739,#2740,#2741,#2742,#2743,#2744,#2745
      ,#2746,#2747,#2748,#2749,#2750,#2751,#2752)
    ,(#2753,#2754,#2755,#2756,#2757,#2758,#2759,#2760,#2761,#2762,#2763
      ,#2764,#2765,#2766,#2767,#2768,#2769,#2770,#2771,#2772,#2773,#2774
      ,#2775,#2776,#2777,#2778,#2779,#2780,#2781,#2782,#2783,#2784,#2785
      ,#2786,#2787,#2788,#2789,#2790,#2791,#2792,#2793,#2794,#2795,#2796
      ,#2797,#2798,#2799,#2800,#2801,#2802,#2803,#2804,#2805,#2806,#2807
      ,#2808,#2809,#2810,#2811,#2812,#2813,#2814,#2815,#2816,#2817,#2818
      ,#2819,#2820,#2821,#2822,#2823,#2824,#2825,#2826,#2827,#2828,#2829
      ,#2830,#2831,#2832,#2833,#2834,#2835,#2836,#2837,#2838,#2839,#2840
      ,#2841,#2842,#2843,#2844,#2845,#2846,#2847,#2848,#2849,#2850,#2851
      ,#2852,#2853,#2854,#2855,#2856,#2857,#2858,#2859,#2860,#2861,#2862
      ,#2863,#2864,#2865,#2866,#2867,#2868,#2869,#2870,#2871,#2872,#2873
      ,#2874,#2875,#2876,#2877,#2878,#2879,#2880,#2881,#2882,#2883,#2884
      ,#2885,#2886,#2887,#2888,#2889,#2890,#2891,#2892,#2893,#2894,#2895
      ,#2896,#2897,#2898,#2899,#2900,#2901,#2902,#2903,#2904,#2905,#2906
      ,#2907,#2908,#2909,#2910,#2911,#2912,#2913)
    ,(#2914,#2915,#2916,#2917,#2918,#2919,#2920,#2921,#2922,#2923,#2924
      ,#2925,#2926,#2927,#2928,#2929,#2930,#2931,#2932,#2933,#2934,#2935
      ,#2936,#2937,#2938,#2939,#2940,#2941,#2942,#2943,#2944,#2945,#2946
      ,#2947,#2948,#2949,#2950,#2951,#2952,#2953,#2954,#2955,#2956,#2957
      ,#2958,#2959,#2960,#2961,#2962,#2963,#2964,#2965,#2966,#2967,#2968
      ,#2969,#2970,#2971,#2972,#2973,#2974,#2975,#2976,#2977,#2978,#2979
      ,#2980,#2981,#2982,#2983,#2984,#2985,#2986,#2987,#2988,#2989,#2990
      ,#2991,#2992,#2993,#2994,#2995,#2996,#2997,#2998,#2999,#3000,#3001
      ,#3002,#3003,#3004,#3005,#3006,#3007,#3008,#3009,#3010,#3011,#3012
      ,#3013,#3014,#3015,#3016,#3017,#3018,#3019,#3020,#3021,#3022,#3023
      ,#3024,#3025,#3026,#3027,#3028,#3029,#3030,#3031,#3032,#3033,#3034
      ,#3035,#3036,#3037,#3038,#3039,#3040,#3041,#3042,#3043,#3044,#3045
      ,#3046,#3047,#3048,#3049,#3050,#3051,#3052,#3053,#3054,#3055,#3056
      ,#3057,#3058,#3059,#3060,#3061,#3062,#3063,#3064,#3065,#3066,#3067
      ,#3068,#3069,#3070,#3071,#3072,#3073,#3074
)),.UNSPECIFIED.,.T.,.F.,.F.) B_SPLINE_SURFACE_WITH_KNOTS((1,6,6,1),(11,
    10,10,10,10,10,10,10,10,10,10,10,10,10,10,10,11),(-6.28318530718,0.,
    6.28318530718,12.566370614359),(0.,5.421011090626,10.842022181251,
    16.263033271877,21.684044362503,27.105055453128,32.526066543754,
    37.94707763438,43.368088725006,48.789099815631,54.210110906257,
    59.631121996883,65.052133087508,70.473144178134,75.89415526876,
    81.315166359385,86.736177450011),.UNSPECIFIED.) 
GEOMETRIC_REPRESENTATION_ITEM() RATIONAL_B_SPLINE_SURFACE((
    (1.669078461068,1.669078461068,1.669078461068,1.669078461068
      ,1.669078461068,1.669078461068,1.669078461068,1.669078461068
      ,1.669078461068,1.669078461068,1.669078461068,1.669078461068
      ,1.669078461068,1.66907846107,1.669078461066,1.669078461071
      ,1.669078461066,1.669078461069,1.669078461068,1.669078461068
      ,1.669078461068,1.669078461068,1.669078461068,1.669078461069
      ,1.669078461067,1.669078461069,1.669078461067,1.669078461069
      ,1.669078461068,1.669078461068,1.669078461068,1.669078461068
      ,1.669078461068,1.669078461069,1.669078461068,1.669078461069
      ,1.669078461068,1.669078461069,1.669078461068,1.669078461068
      ,1.669078461068,1.669078461068,1.669078461068,1.669078461068
      ,1.669078461068,1.669078461068,1.669078461068,1.669078461068
      ,1.669078461068,1.669078461068,1.669078461068,1.669078461068
      ,1.669078461068,1.669078461069,1.669078461068,1.669078461069
      ,1.669078461068,1.669078461068,1.669078461068,1.669078461068
      ,1.669078461068,1.669078461068,1.669078461068,1.669078461068
      ,1.669078461069,1.669078461068,1.669078461069,1.669078461068
      ,1.669078461068,1.669078461068,1.669078461068,1.669078461068
      ,1.669078461068,1.669078461068,1.669078461068,1.669078461068
      ,1.669078461068,1.669078461068,1.669078461068,1.669078461068
      ,1.669078461068,1.669078461068,1.669078461068,1.669078461068
      ,1.669078461069,1.669078461068,1.669078461068,1.669078461068
      ,1.669078461068,1.669078461068,1.669078461068,1.669078461068
      ,1.669078461068,1.669078461068,1.669078461068,1.669078461069
      ,1.669078461068,1.669078461068,1.669078461068,1.669078461068
      ,1.669078461068,1.669078461068,1.669078461068,1.669078461068
      ,1.669078461068,1.669078461068,1.669078461068,1.669078461068
      ,1.669078461068,1.669078461068,1.669078461068,1.669078461068
      ,1.669078461068,1.669078461069,1.669078461068,1.669078461069
      ,1.669078461068,1.669078461068,1.669078461068,1.669078461068
      ,1.669078461068,1.669078461068,1.669078461068,1.669078461068
      ,1.669078461069,1.669078461068,1.669078461069,1.669078461068
      ,1.669078461068,1.669078461068,1.669078461068,1.669078461068
      ,1.669078461068,1.669078461068,1.669078461068,1.669078461068
      ,1.669078461068,1.669078461068,1.669078461068,1.669078461068
      ,1.669078461068,1.669078461068,1.669078461068,1.669078461068
      ,1.669078461069,1.669078461068,1.669078461068,1.669078461068
      ,1.669078461068,1.669078461068,1.669078461068,1.669078461068
      ,1.669078461068,1.669078461068,1.669078461069,1.669078461068
      ,1.669078461069,1.669078461068,1.669078461068,1.669078461068
      ,1.669078461068)
    ,(1.03672962321,1.03672962321,1.036729623209,1.03672962321
      ,1.036729623209,1.03672962321,1.036729623209,1.03672962321
      ,1.03672962321,1.03672962321,1.03672962321,1.03672962321
      ,1.036729623209,1.03672962321,1.036729623208,1.036729623211
      ,1.036729623209,1.03672962321,1.036729623209,1.03672962321
      ,1.03672962321,1.03672962321,1.036729623209,1.03672962321
      ,1.036729623209,1.03672962321,1.036729623209,1.03672962321
      ,1.036729623209,1.03672962321,1.03672962321,1.03672962321
      ,1.03672962321,1.03672962321,1.036729623209,1.03672962321
      ,1.03672962321,1.03672962321,1.03672962321,1.03672962321
      ,1.03672962321,1.03672962321,1.03672962321,1.03672962321
      ,1.03672962321,1.03672962321,1.03672962321,1.03672962321
      ,1.03672962321,1.03672962321,1.03672962321,1.03672962321
      ,1.036729623209,1.03672962321,1.036729623209,1.03672962321
      ,1.036729623209,1.03672962321,1.03672962321,1.03672962321
      ,1.03672962321,1.03672962321,1.03672962321,1.036729623209
      ,1.03672962321,1.036729623209,1.03672962321,1.03672962321
      ,1.03672962321,1.03672962321,1.03672962321,1.03672962321
      ,1.03672962321,1.03672962321,1.036729623209,1.03672962321
      ,1.03672962321,1.03672962321,1.03672962321,1.03672962321
      ,1.03672962321,1.03672962321,1.03672962321,1.036729623209
      ,1.03672962321,1.036729623209,1.03672962321,1.036729623209
      ,1.03672962321,1.03672962321,1.03672962321,1.03672962321
      ,1.03672962321,1.03672962321,1.036729623209,1.03672962321
      ,1.036729623209,1.03672962321,1.03672962321,1.03672962321
      ,1.03672962321,1.03672962321,1.03672962321,1.036729623209
      ,1.03672962321,1.036729623209,1.03672962321,1.03672962321
      ,1.03672962321,1.03672962321,1.03672962321,1.03672962321
      ,1.036729623209,1.03672962321,1.036729623209,1.03672962321
      ,1.036729623209,1.03672962321,1.03672962321,1.03672962321
      ,1.03672962321,1.03672962321,1.03672962321,1.036729623209
      ,1.03672962321,1.036729623209,1.03672962321,1.036729623209
      ,1.03672962321,1.03672962321,1.03672962321,1.03672962321
      ,1.03672962321,1.03672962321,1.03672962321,1.03672962321
      ,1.03672962321,1.03672962321,1.03672962321,1.03672962321
      ,1.03672962321,1.03672962321,1.03672962321,1.036729623209
      ,1.03672962321,1.036729623209,1.03672962321,1.036729623209
      ,1.03672962321,1.03672962321,1.03672962321,1.03672962321
      ,1.03672962321,1.036729623209,1.03672962321,1.036729623209
      ,1.03672962321,1.036729623209,1.03672962321,1.03672962321
      ,1.03672962321)
    ,(1.038346699848,1.038346699848,1.038346699847,1.038346699848
      ,1.038346699847,1.038346699848,1.038346699847,1.038346699848
      ,1.038346699847,1.038346699848,1.038346699848,1.038346699848
      ,1.038346699847,1.038346699848,1.038346699846,1.038346699849
      ,1.038346699847,1.038346699848,1.038346699847,1.038346699848
      ,1.038346699848,1.038346699848,1.038346699847,1.038346699848
      ,1.038346699847,1.038346699848,1.038346699847,1.038346699848
      ,1.038346699847,1.038346699848,1.038346699848,1.038346699848
      ,1.038346699847,1.038346699848,1.038346699847,1.038346699848
      ,1.038346699847,1.038346699848,1.038346699847,1.038346699848
      ,1.038346699848,1.038346699848,1.038346699848,1.038346699847
      ,1.038346699848,1.038346699847,1.038346699848,1.038346699847
      ,1.038346699848,1.038346699848,1.038346699848,1.038346699848
      ,1.038346699847,1.038346699848,1.038346699847,1.038346699848
      ,1.038346699847,1.038346699848,1.038346699847,1.038346699848
      ,1.038346699848,1.038346699847,1.038346699848,1.038346699847
      ,1.038346699848,1.038346699847,1.038346699848,1.038346699847
      ,1.038346699848,1.038346699847,1.038346699848,1.038346699848
      ,1.038346699848,1.038346699848,1.038346699847,1.038346699848
      ,1.038346699847,1.038346699848,1.038346699847,1.038346699848
      ,1.038346699848,1.038346699847,1.038346699848,1.038346699847
      ,1.038346699848,1.038346699847,1.038346699848,1.038346699847
      ,1.038346699848,1.038346699848,1.038346699848,1.038346699848
      ,1.038346699847,1.038346699848,1.038346699847,1.038346699848
      ,1.038346699847,1.038346699848,1.038346699847,1.038346699848
      ,1.038346699848,1.038346699847,1.038346699848,1.038346699847
      ,1.038346699848,1.038346699847,1.038346699848,1.038346699847
      ,1.038346699848,1.038346699848,1.038346699848,1.038346699848
      ,1.038346699847,1.038346699848,1.038346699847,1.038346699848
      ,1.038346699847,1.038346699848,1.038346699847,1.038346699848
      ,1.038346699848,1.038346699847,1.038346699848,1.038346699847
      ,1.038346699848,1.038346699847,1.038346699848,1.038346699847
      ,1.038346699848,1.038346699847,1.038346699848,1.038346699848
      ,1.038346699847,1.038346699848,1.038346699847,1.038346699848
      ,1.038346699847,1.038346699848,1.038346699847,1.038346699848
      ,1.038346699848,1.038346699847,1.038346699848,1.038346699847
      ,1.038346699848,1.038346699847,1.038346699848,1.038346699847
      ,1.038346699848,1.038346699848,1.038346699848,1.038346699847
      ,1.038346699848,1.038346699847,1.038346699848,1.038346699847
      ,1.038346699848,1.038346699847,1.038346699848,1.038346699847
      ,1.038346699848)
    ,(0.853534330196,0.853534330196,0.853534330196,0.853534330196
      ,0.853534330196,0.853534330196,0.853534330196,0.853534330196
      ,0.853534330196,0.853534330196,0.853534330196,0.853534330196
      ,0.853534330196,0.853534330197,0.853534330195,0.853534330197
      ,0.853534330195,0.853534330197,0.853534330196,0.853534330196
      ,0.853534330196,0.853534330196,0.853534330196,0.853534330196
      ,0.853534330196,0.853534330197,0.853534330196,0.853534330196
      ,0.853534330196,0.853534330196,0.853534330196,0.853534330196
      ,0.853534330196,0.853534330196,0.853534330196,0.853534330197
      ,0.853534330196,0.853534330196,0.853534330196,0.853534330196
      ,0.853534330196,0.853534330196,0.853534330196,0.853534330196
      ,0.853534330196,0.853534330196,0.853534330196,0.853534330196
      ,0.853534330196,0.853534330196,0.853534330196,0.853534330196
      ,0.853534330196,0.853534330196,0.853534330196,0.853534330196
      ,0.853534330196,0.853534330196,0.853534330196,0.853534330196
      ,0.853534330196,0.853534330196,0.853534330196,0.853534330196
      ,0.853534330196,0.853534330196,0.853534330196,0.853534330196
      ,0.853534330196,0.853534330196,0.853534330196,0.853534330196
      ,0.853534330196,0.853534330196,0.853534330196,0.853534330196
      ,0.853534330196,0.853534330196,0.853534330196,0.853534330196
      ,0.853534330196,0.853534330196,0.853534330196,0.853534330196
      ,0.853534330196,0.853534330196,0.853534330196,0.853534330196
      ,0.853534330196,0.853534330196,0.853534330196,0.853534330196
      ,0.853534330196,0.853534330196,0.853534330196,0.853534330196
      ,0.853534330196,0.853534330196,0.853534330196,0.853534330196
      ,0.853534330196,0.853534330196,0.853534330196,0.853534330196
      ,0.853534330196,0.853534330196,0.853534330196,0.853534330196
      ,0.853534330196,0.853534330196,0.853534330196,0.853534330196
      ,0.853534330196,0.853534330196,0.853534330196,0.853534330196
      ,0.853534330196,0.853534330196,0.853534330196,0.853534330196
      ,0.853534330196,0.853534330196,0.853534330196,0.853534330196
      ,0.853534330196,0.853534330196,0.853534330196,0.853534330196
      ,0.853534330196,0.853534330196,0.853534330196,0.853534330196
      ,0.853534330196,0.853534330196,0.853534330196,0.853534330196
      ,0.853534330196,0.853534330196,0.853534330196,0.853534330196
      ,0.853534330196,0.853534330196,0.853534330196,0.853534330196
      ,0.853534330196,0.853534330196,0.853534330196,0.853534330196
      ,0.853534330196,0.853534330196,0.853534330196,0.853534330196
      ,0.853534330196,0.853534330196,0.853534330196,0.853534330196
      ,0.853534330196,0.853534330196,0.853534330196,0.853534330196
      ,0.853534330196)
    ,(1.038346699848,1.038346699848,1.038346699847,1.038346699848
      ,1.038346699847,1.038346699848,1.038346699847,1.038346699848
      ,1.038346699847,1.038346699848,1.038346699848,1.038346699848
      ,1.038346699847,1.038346699848,1.038346699846,1.038346699849
      ,1.038346699846,1.038346699848,1.038346699847,1.038346699848
      ,1.038346699848,1.038346699848,1.038346699847,1.038346699848
      ,1.038346699847,1.038346699848,1.038346699847,1.038346699848
      ,1.038346699847,1.038346699848,1.038346699848,1.038346699848
      ,1.038346699847,1.038346699848,1.038346699847,1.038346699848
      ,1.038346699847,1.038346699848,1.038346699847,1.038346699848
      ,1.038346699848,1.038346699847,1.038346699848,1.038346699847
      ,1.038346699848,1.038346699847,1.038346699848,1.038346699848
      ,1.038346699848,1.038346699848,1.038346699848,1.038346699848
      ,1.038346699847,1.038346699848,1.038346699847,1.038346699848
      ,1.038346699847,1.038346699848,1.038346699847,1.038346699848
      ,1.038346699848,1.038346699847,1.038346699848,1.038346699847
      ,1.038346699848,1.038346699847,1.038346699848,1.038346699847
      ,1.038346699848,1.038346699847,1.038346699848,1.038346699848
      ,1.038346699848,1.038346699847,1.038346699847,1.038346699848
      ,1.038346699847,1.038346699848,1.038346699847,1.038346699848
      ,1.038346699848,1.038346699847,1.038346699848,1.038346699847
      ,1.038346699848,1.038346699847,1.038346699848,1.038346699847
      ,1.038346699848,1.038346699847,1.038346699848,1.038346699848
      ,1.038346699847,1.038346699848,1.038346699847,1.038346699848
      ,1.038346699847,1.038346699848,1.038346699847,1.038346699848
      ,1.038346699848,1.038346699847,1.038346699848,1.038346699847
      ,1.038346699848,1.038346699847,1.038346699848,1.038346699847
      ,1.038346699848,1.038346699847,1.038346699848,1.038346699848
      ,1.038346699847,1.038346699848,1.038346699847,1.038346699848
      ,1.038346699847,1.038346699848,1.038346699847,1.038346699848
      ,1.038346699848,1.038346699847,1.038346699848,1.038346699847
      ,1.038346699848,1.038346699847,1.038346699848,1.038346699847
      ,1.038346699848,1.038346699847,1.038346699848,1.038346699848
      ,1.038346699848,1.038346699848,1.038346699847,1.038346699848
      ,1.038346699847,1.038346699848,1.038346699848,1.038346699848
      ,1.038346699848,1.038346699847,1.038346699848,1.038346699847
      ,1.038346699848,1.038346699847,1.038346699848,1.038346699847
      ,1.038346699848,1.038346699847,1.038346699848,1.038346699847
      ,1.038346699848,1.038346699847,1.038346699848,1.038346699847
      ,1.038346699848,1.038346699847,1.038346699848,1.038346699847
      ,1.038346699848)
    ,(1.03672962321,1.03672962321,1.036729623209,1.03672962321
      ,1.036729623209,1.03672962321,1.036729623209,1.03672962321
      ,1.036729623209,1.03672962321,1.03672962321,1.03672962321
      ,1.036729623209,1.03672962321,1.036729623208,1.036729623211
      ,1.036729623209,1.03672962321,1.036729623209,1.03672962321
      ,1.03672962321,1.03672962321,1.036729623209,1.03672962321
      ,1.036729623209,1.03672962321,1.036729623209,1.03672962321
      ,1.036729623209,1.03672962321,1.03672962321,1.03672962321
      ,1.03672962321,1.03672962321,1.036729623209,1.03672962321
      ,1.036729623209,1.03672962321,1.03672962321,1.03672962321
      ,1.03672962321,1.03672962321,1.03672962321,1.03672962321
      ,1.03672962321,1.03672962321,1.03672962321,1.03672962321
      ,1.03672962321,1.03672962321,1.03672962321,1.03672962321
      ,1.036729623209,1.03672962321,1.036729623209,1.03672962321
      ,1.036729623209,1.03672962321,1.03672962321,1.03672962321
      ,1.03672962321,1.03672962321,1.03672962321,1.036729623209
      ,1.03672962321,1.036729623209,1.03672962321,1.036729623209
      ,1.03672962321,1.03672962321,1.03672962321,1.03672962321
      ,1.03672962321,1.03672962321,1.036729623209,1.03672962321
      ,1.036729623209,1.03672962321,1.03672962321,1.03672962321
      ,1.03672962321,1.03672962321,1.03672962321,1.03672962321
      ,1.03672962321,1.03672962321,1.03672962321,1.03672962321
      ,1.03672962321,1.03672962321,1.03672962321,1.03672962321
      ,1.03672962321,1.03672962321,1.036729623209,1.03672962321
      ,1.03672962321,1.03672962321,1.03672962321,1.03672962321
      ,1.03672962321,1.03672962321,1.03672962321,1.036729623209
      ,1.03672962321,1.036729623209,1.03672962321,1.036729623209
      ,1.03672962321,1.03672962321,1.03672962321,1.03672962321
      ,1.036729623209,1.03672962321,1.036729623209,1.03672962321
      ,1.036729623209,1.03672962321,1.03672962321,1.03672962321
      ,1.03672962321,1.03672962321,1.03672962321,1.036729623209
      ,1.03672962321,1.036729623209,1.03672962321,1.03672962321
      ,1.03672962321,1.03672962321,1.03672962321,1.03672962321
      ,1.03672962321,1.03672962321,1.036729623209,1.03672962321
      ,1.036729623209,1.03672962321,1.03672962321,1.03672962321
      ,1.03672962321,1.03672962321,1.03672962321,1.036729623209
      ,1.03672962321,1.036729623209,1.03672962321,1.036729623209
      ,1.03672962321,1.03672962321,1.03672962321,1.03672962321
      ,1.03672962321,1.036729623209,1.03672962321,1.036729623209
      ,1.03672962321,1.036729623209,1.03672962321,1.03672962321
      ,1.03672962321)
    ,(1.669078461068,1.669078461068,1.669078461068,1.669078461068
      ,1.669078461068,1.669078461068,1.669078461068,1.669078461068
      ,1.669078461068,1.669078461068,1.669078461068,1.669078461068
      ,1.669078461068,1.66907846107,1.669078461066,1.669078461071
      ,1.669078461066,1.669078461069,1.669078461068,1.669078461068
      ,1.669078461068,1.669078461068,1.669078461068,1.669078461069
      ,1.669078461067,1.669078461069,1.669078461067,1.669078461069
      ,1.669078461068,1.669078461068,1.669078461068,1.669078461068
      ,1.669078461068,1.669078461069,1.669078461068,1.669078461069
      ,1.669078461068,1.669078461069,1.669078461068,1.669078461068
      ,1.669078461068,1.669078461068,1.669078461068,1.669078461068
      ,1.669078461068,1.669078461068,1.669078461068,1.669078461068
      ,1.669078461068,1.669078461068,1.669078461068,1.669078461068
      ,1.669078461068,1.669078461069,1.669078461068,1.669078461069
      ,1.669078461068,1.669078461068,1.669078461068,1.669078461068
      ,1.669078461068,1.669078461068,1.669078461068,1.669078461068
      ,1.669078461069,1.669078461068,1.669078461069,1.669078461068
      ,1.669078461068,1.669078461068,1.669078461068,1.669078461068
      ,1.669078461068,1.669078461068,1.669078461068,1.669078461068
      ,1.669078461068,1.669078461068,1.669078461068,1.669078461068
      ,1.669078461068,1.669078461068,1.669078461068,1.669078461068
      ,1.669078461069,1.669078461068,1.669078461068,1.669078461068
      ,1.669078461068,1.669078461068,1.669078461068,1.669078461068
      ,1.669078461068,1.669078461068,1.669078461068,1.669078461069
      ,1.669078461068,1.669078461068,1.669078461068,1.669078461068
      ,1.669078461068,1.669078461068,1.669078461068,1.669078461068
      ,1.669078461068,1.669078461068,1.669078461068,1.669078461068
      ,1.669078461068,1.669078461068,1.669078461068,1.669078461068
      ,1.669078461068,1.669078461069,1.669078461068,1.669078461069
      ,1.669078461068,1.669078461068,1.669078461068,1.669078461068
      ,1.669078461068,1.669078461068,1.669078461068,1.669078461068
      ,1.669078461069,1.669078461068,1.669078461069,1.669078461068
      ,1.669078461068,1.669078461068,1.669078461068,1.669078461068
      ,1.669078461068,1.669078461068,1.669078461068,1.669078461068
      ,1.669078461068,1.669078461068,1.669078461068,1.669078461068
      ,1.669078461068,1.669078461068,1.669078461068,1.669078461068
      ,1.669078461069,1.669078461068,1.669078461068,1.669078461068
      ,1.669078461068,1.669078461068,1.669078461068,1.669078461068
      ,1.669078461068,1.669078461068,1.669078461069,1.669078461068
      ,1.669078461069,1.669078461068,1.669078461068,1.669078461068
,1.669078461068))) REPRESENTATION_ITEM('') SURFACE() );
#1948 = CARTESIAN_POINT('',(5.35,-2.086004979862E-15,-3.45));
#1949 = CARTESIAN_POINT('',(5.532357810994,1.761255024282,
    -3.449991347542));
#1950 = CARTESIAN_POINT('',(5.714715621964,3.522656394227,
    -2.451113411728));
#1951 = CARTESIAN_POINT('',(5.89707343308,4.645380318625,-0.451993889124
    ));
#1952 = CARTESIAN_POINT('',(6.079431243748,4.497498157853,2.07634231349)
  );
#1953 = CARTESIAN_POINT('',(6.26178905531,2.821625718703,4.22295842377)
  );
#1954 = CARTESIAN_POINT('',(6.444146865621,0.197271474593,4.949707739772
    ));
#1955 = CARTESIAN_POINT('',(6.626504677192,-2.195374371062,
    4.118795365463));
#1956 = CARTESIAN_POINT('',(6.808862487851,-3.612557826155,
    2.316520013578));
#1957 = CARTESIAN_POINT('',(6.991220298969,-3.86138940988,0.306928618544
    ));
#1958 = CARTESIAN_POINT('',(7.173578109942,-3.187384387164,
    -1.32025784166));
#1959 = CARTESIAN_POINT('',(7.355935920936,-2.513373275371,
    -2.947441998973));
#1960 = CARTESIAN_POINT('',(7.538293731906,-0.916471272978,
    -4.192510636214));
#1961 = CARTESIAN_POINT('',(7.720651543022,1.360122181996,
    -4.464742370005));
#1962 = CARTESIAN_POINT('',(7.903009353689,3.63940819802,-3.360564692255
    ));
#1963 = CARTESIAN_POINT('',(8.085367165253,4.98129426925,-0.990786025579
    ));
#1964 = CARTESIAN_POINT('',(8.267724975562,4.648426197693,1.711916069344
    ));
#1965 = CARTESIAN_POINT('',(8.450082787135,2.965137337111,3.604456195281
    ));
#1966 = CARTESIAN_POINT('',(8.632440597793,0.757719398665,4.224062065541
    ));
#1967 = CARTESIAN_POINT('',(8.814798408912,-1.194124684454,
    3.684915140078));
#1968 = CARTESIAN_POINT('',(8.997156219884,-2.439518395095,
    2.439518395095));
#1969 = CARTESIAN_POINT('',(9.179514030878,-3.684907647947,1.19411690581
    ));
#1970 = CARTESIAN_POINT('',(9.36187184185,-4.224093139043,
    -0.757695309251));
#1971 = CARTESIAN_POINT('',(9.544229652962,-3.604387868541,
    -2.965171980445));
#1972 = CARTESIAN_POINT('',(9.726587463634,-1.712015715858,
    -4.648407175718));
#1973 = CARTESIAN_POINT('',(9.908945275194,0.990891858448,
    -4.981273217781));
#1974 = CARTESIAN_POINT('',(10.091303085504,3.360479910268,
    -3.63946390511));
#1975 = CARTESIAN_POINT('',(10.273660897078,4.46479223826,
    -1.360064028209));
#1976 = CARTESIAN_POINT('',(10.456018707735,4.192491146656,
    0.916437125941));
#1977 = CARTESIAN_POINT('',(10.638376518854,2.947445944043,
    2.513383329018));
#1978 = CARTESIAN_POINT('',(10.820734329827,1.320257841659,
    3.187384387163));
#1979 = CARTESIAN_POINT('',(11.00309214082,-0.306932937958,
    3.861379511299));
#1980 = CARTESIAN_POINT('',(11.185449951789,-2.316509649183,
    3.612595752942));
#1981 = CARTESIAN_POINT('',(11.367807762909,-4.118801224203,
    2.195297987958));
#1982 = CARTESIAN_POINT('',(11.550165573571,-4.94972829885,
    -0.197172133818));
#1983 = CARTESIAN_POINT('',(11.732523385138,-4.222898474247,
    -2.821715439488));
#1984 = CARTESIAN_POINT('',(11.914881195448,-2.076426224796,
    -4.497441147677));
#1985 = CARTESIAN_POINT('',(12.097239007018,0.452066699967,
    -4.645404136402));
#1986 = CARTESIAN_POINT('',(12.279596817678,2.451074405654,
    -3.522651455726));
#1987 = CARTESIAN_POINT('',(12.461954628795,3.450002145612,
    -1.761254821686));
#1988 = CARTESIAN_POINT('',(12.644312439769,3.449999999999,
    -8.422770120922E-14));
#1989 = CARTESIAN_POINT('',(12.826670250763,3.449991347546,
    1.761255024281));
#1990 = CARTESIAN_POINT('',(13.009028061731,2.451113411719,3.52265639423
    ));
#1991 = CARTESIAN_POINT('',(13.191385872851,0.451993889134,
    4.645380318618));
#1992 = CARTESIAN_POINT('',(13.373743683515,-2.076342313495,
    4.497498157865));
#1993 = CARTESIAN_POINT('',(13.556101495077,-4.222958423773,
    2.821625718689));
#1994 = CARTESIAN_POINT('',(13.738459305394,-4.949707739763,
    0.197271474603));
#1995 = CARTESIAN_POINT('',(13.920817116957,-4.118795365471,
    -2.195374371066));
#1996 = CARTESIAN_POINT('',(14.103174927622,-2.316520013575,
    -3.612557826155));
#1997 = CARTESIAN_POINT('',(14.285532738737,-0.306928618545,
    -3.86138940988));
#1998 = CARTESIAN_POINT('',(14.467890549711,1.320257841659,
    -3.187384387164));
#1999 = CARTESIAN_POINT('',(14.650248360705,2.947441998974,
    -2.513373275374));
#2000 = CARTESIAN_POINT('',(14.832606171674,4.192510636214,
    -0.916471272972));
#2001 = CARTESIAN_POINT('',(15.014963982792,4.464742370003,
    1.360122181989));
#2002 = CARTESIAN_POINT('',(15.197321793458,3.360564692263,
    3.639408198024));
#2003 = CARTESIAN_POINT('',(15.37967960502,0.990786025564,4.981294269252
    ));
#2004 = CARTESIAN_POINT('',(15.562037415334,-1.711916069326,
    4.64842619769));
#2005 = CARTESIAN_POINT('',(15.744395226901,-3.604456195295,
    2.965137337112));
#2006 = CARTESIAN_POINT('',(15.926753037563,-4.224062065534,
    0.757719398667));
#2007 = CARTESIAN_POINT('',(16.10911084868,-3.684915140081,
    -1.194124684457));
#2008 = CARTESIAN_POINT('',(16.291468659653,-2.439518395093,
    -2.439518395093));
#2009 = CARTESIAN_POINT('',(16.473826470647,-1.194116905815,
    -3.684907647951));
#2010 = CARTESIAN_POINT('',(16.656184281616,0.757695309261,
    -4.224093139038));
#2011 = CARTESIAN_POINT('',(16.838542092734,2.96517198043,
    -3.604387868545));
#2012 = CARTESIAN_POINT('',(17.020899903401,4.648407175732,
    -1.712015715862));
#2013 = CARTESIAN_POINT('',(17.203257714962,4.981273217773,0.99089185846
    ));
#2014 = CARTESIAN_POINT('',(17.385615525276,3.639463905112,
    3.360479910255));
#2015 = CARTESIAN_POINT('',(17.567973336843,1.36006402821,4.464792238267
    ));
#2016 = CARTESIAN_POINT('',(17.750331147505,-0.916437125942,
    4.192491146654));
#2017 = CARTESIAN_POINT('',(17.932688958622,-2.513383329019,
    2.947445944043));
#2018 = CARTESIAN_POINT('',(18.115046769595,-3.187384387162,
    1.320257841659));
#2019 = CARTESIAN_POINT('',(18.297404580589,-3.861379511303,
    -0.306932937956));
#2020 = CARTESIAN_POINT('',(18.479762391557,-3.612595752936,
    -2.316509649188));
#2021 = CARTESIAN_POINT('',(18.662120202679,-2.195297987963,
    -4.118801224195));
#2022 = CARTESIAN_POINT('',(18.844478013339,0.197172133819,
    -4.94972829886));
#2023 = CARTESIAN_POINT('',(19.026835824906,2.821715439492,
    -4.222898474238));
#2024 = CARTESIAN_POINT('',(19.209193635219,4.497441147671,
    -2.076426224801));
#2025 = CARTESIAN_POINT('',(19.391551446784,4.645404136407,
    0.452066699968));
#2026 = CARTESIAN_POINT('',(19.573909257448,3.522651455724,
    2.451074405655));
#2027 = CARTESIAN_POINT('',(19.756267068564,1.761254821687,
    3.450002145612));
#2028 = CARTESIAN_POINT('',(19.938624879537,1.585567614704E-13,
    3.449999999998));
#2029 = CARTESIAN_POINT('',(20.120982690532,-1.761255024282,
    3.449991347548));
#2030 = CARTESIAN_POINT('',(20.303340501499,-3.522656394229,
    2.451113411718));
#2031 = CARTESIAN_POINT('',(20.485698312623,-4.64538031862,
    0.451993889134));
#2032 = CARTESIAN_POINT('',(20.668056123278,-4.497498157859,
    -2.076342313494));
#2033 = CARTESIAN_POINT('',(20.850413934853,-2.821625718699,
    -4.222958423773));
#2034 = CARTESIAN_POINT('',(21.032771745156,-0.197271474591,
    -4.949707739763));
#2035 = CARTESIAN_POINT('',(21.21512955673,2.195374371055,
    -4.118795365471));
#2036 = CARTESIAN_POINT('',(21.397487367388,3.612557826162,
    -2.316520013573));
#2037 = CARTESIAN_POINT('',(21.579845178507,3.861389409875,
    -0.306928618546));
#2038 = CARTESIAN_POINT('',(21.762202989479,3.187384387166,
    1.320257841661));
#2039 = CARTESIAN_POINT('',(21.944560800473,2.513373275364,
    2.947441998971));
#2040 = CARTESIAN_POINT('',(22.126918611445,0.916471272993,
    4.192510636214));
#2041 = CARTESIAN_POINT('',(22.309276422557,-1.360122182018,
    4.464742370014));
#2042 = CARTESIAN_POINT('',(22.491634233228,-3.639408197998,
    3.360564692238));
#2043 = CARTESIAN_POINT('',(22.673992044793,-4.981294269262,
    0.990786025598));
#2044 = CARTESIAN_POINT('',(22.856349855094,-4.648426197692,
    -1.711916069356));
#2045 = CARTESIAN_POINT('',(23.038707666678,-2.965137337106,
    -3.604456195277));
#2046 = CARTESIAN_POINT('',(23.221065477327,-0.757719398667,
    -4.224062065542));
#2047 = CARTESIAN_POINT('',(23.40342328845,1.194124684453,
    -3.684915140076));
#2048 = CARTESIAN_POINT('',(23.585781099422,2.439518395097,
    -2.439518395096));
#2049 = CARTESIAN_POINT('',(23.768138910414,3.684907647942,
    -1.194116905805));
#2050 = CARTESIAN_POINT('',(23.95049672139,4.22409313905,0.75769530924)
  );
#2051 = CARTESIAN_POINT('',(24.132854532494,3.604387868537,
    2.965171980462));
#2052 = CARTESIAN_POINT('',(24.315212343178,1.712015715857,4.6484071757)
  );
#2053 = CARTESIAN_POINT('',(24.497570154727,-0.990891858445,
    4.981273217791));
#2054 = CARTESIAN_POINT('',(24.679927965043,-3.36047991027,
    3.639463905112));
#2055 = CARTESIAN_POINT('',(24.862285776616,-4.46479223826,
    1.360064028202));
#2056 = CARTESIAN_POINT('',(25.044643587271,-4.192491146655,
    -0.916437125935));
#2057 = CARTESIAN_POINT('',(25.227001398391,-2.947445944043,
    -2.51338332902));
#2058 = CARTESIAN_POINT('',(25.409359209364,-1.320257841659,
    -3.187384387163));
#2059 = CARTESIAN_POINT('',(25.591717020358,0.306932937958,
    -3.861379511299));
#2060 = CARTESIAN_POINT('',(25.774074831326,2.316509649184,
    -3.612595752942));
#2061 = CARTESIAN_POINT('',(25.956432642447,4.118801224202,
    -2.195297987958));
#2062 = CARTESIAN_POINT('',(26.138790453108,4.949728298852,
    0.197172133819));
#2063 = CARTESIAN_POINT('',(26.321148264676,4.222898474245,
    2.821715439485));
#2064 = CARTESIAN_POINT('',(26.503506074984,2.076426224797,
    4.497441147681));
#2065 = CARTESIAN_POINT('',(26.685863886555,-0.452066699968,4.6454041364
    ));
#2066 = CARTESIAN_POINT('',(26.868221697215,-2.451074405654,
    3.522651455727));
#2067 = CARTESIAN_POINT('',(27.050579508333,-3.450002145611,
    1.761254821686));
#2068 = CARTESIAN_POINT('',(27.232937319306,-3.449999999999,
    9.819178107488E-14));
#2069 = CARTESIAN_POINT('',(27.4152951303,-3.449991431464,
    -1.761254821684));
#2070 = CARTESIAN_POINT('',(27.597652941266,-2.451113051996,
    -3.522657262682));
#2071 = CARTESIAN_POINT('',(27.780010752395,-0.451994818161,
    -4.645378075746));
#2072 = CARTESIAN_POINT('',(27.96236856304,2.076344072692,
    -4.497502404941));
#2073 = CARTESIAN_POINT('',(28.144726374632,4.222955811298,
    -2.821619411624));
#2074 = CARTESIAN_POINT('',(28.32708418491,4.949710874734,
    -0.197279043085));
#2075 = CARTESIAN_POINT('',(28.509441996513,4.118792286871,
    2.195381803458));
#2076 = CARTESIAN_POINT('',(28.691799807145,2.316522490986,
    3.612551845155));
#2077 = CARTESIAN_POINT('',(28.874157618283,0.306926999783,
    3.861393317919));
#2078 = CARTESIAN_POINT('',(29.056515429244,-1.320257002474,
    3.187382361191));
#2079 = CARTESIAN_POINT('',(29.23887324025,-2.947443617736,2.51337718341
    ));
#2080 = CARTESIAN_POINT('',(29.421231051199,-4.192508158802,
    0.916465291978));
#2081 = CARTESIAN_POINT('',(29.603588862345,-4.464745448605,
    -1.360114749605));
#2082 = CARTESIAN_POINT('',(29.785946672977,-3.360561557282,
    -3.639415766498));
#2083 = CARTESIAN_POINT('',(29.968304484575,-0.99078863806,
    -4.98128796219));
#2084 = CARTESIAN_POINT('',(30.150662294856,1.711917828552,
    -4.648430444763));
#2085 = CARTESIAN_POINT('',(30.333020106448,3.604455266242,
    -2.965135094246));
#2086 = CARTESIAN_POINT('',(30.515377917095,4.224062425275,
    -0.757720267109));
#2087 = CARTESIAN_POINT('',(30.697735728219,3.684915056153,
    1.194124887045));
#2088 = CARTESIAN_POINT('',(30.88009353919,2.439518395098,2.439518395099
    ));
#2089 = CARTESIAN_POINT('',(31.062451350182,1.194116905798,
    3.684907647936));
#2090 = CARTESIAN_POINT('',(31.244809161161,-0.757695309222,
    4.224093139056));
#2091 = CARTESIAN_POINT('',(31.427166972258,-2.965171980494,
    3.604387868538));
#2092 = CARTESIAN_POINT('',(31.609524782952,-4.648407175659,
    1.712015715843));
#2093 = CARTESIAN_POINT('',(31.791882594493,-4.981273217828,
    -0.990891858421));
#2094 = CARTESIAN_POINT('',(31.97424040481,-3.639463905086,
    -3.360479910294));
#2095 = CARTESIAN_POINT('',(32.156598216388,-1.360064028218,
    -4.464792238244));
#2096 = CARTESIAN_POINT('',(32.338956027037,0.916437125946,
    -4.192491146663));
#2097 = CARTESIAN_POINT('',(32.521313838161,2.513383329012,
    -2.947445944039));
#2098 = CARTESIAN_POINT('',(32.703671649132,3.187384387169,
    -1.320257841661));
#2099 = CARTESIAN_POINT('',(32.886029460125,3.861379511284,
    0.306932718675));
#2100 = CARTESIAN_POINT('',(33.068387271099,3.612595752967,
    2.316510589172));
#2101 = CARTESIAN_POINT('',(33.250745082212,2.195297987934,
    4.118798796565));
#2102 = CARTESIAN_POINT('',(33.433102892874,-0.197172133812,
    4.949732895824));
#2103 = CARTESIAN_POINT('',(33.615460704461,-2.82171543947,
    4.222891647537));
#2104 = CARTESIAN_POINT('',(33.797818514725,-4.497441147706,
    2.076434416882));
#2105 = CARTESIAN_POINT('',(33.980176326352,-4.645404136381,
    -0.452074744766));
#2106 = CARTESIAN_POINT('',(34.162534136964,-3.522651455733,
    -2.451067931836));
#2107 = CARTESIAN_POINT('',(34.344891948112,-1.761254821687,
    -3.45000637566));
#2108 = CARTESIAN_POINT('',(34.52724975907,9.596498942721E-13,
    -3.449997807095));
#2109 = CARTESIAN_POINT('',(5.35,-1.817990202824E-15,-4.363848691564));
#2110 = CARTESIAN_POINT('',(5.532372412351,2.227771062629,
    -4.363840004252));
#2111 = CARTESIAN_POINT('',(5.714678745432,4.455796214593,
    -3.100360062405));
#2112 = CARTESIAN_POINT('',(5.897140110963,5.875776340461,
    -0.571767002914));
#2113 = CARTESIAN_POINT('',(6.079374660627,5.688919446986,2.626429150911
    ));
#2114 = CARTESIAN_POINT('',(6.261802220004,3.568951946393,5.34141242094)
  );
#2115 = CARTESIAN_POINT('',(6.444185842734,0.249550128264,6.260945278758
    ));
#2116 = CARTESIAN_POINT('',(6.62645904331,-2.776882969416,5.209699399291
    ));
#2117 = CARTESIAN_POINT('',(6.808890689635,-4.569479826238,
    2.930172223987));
#2118 = CARTESIAN_POINT('',(6.991216733949,-4.884203721117,
    0.388219591886));
#2119 = CARTESIAN_POINT('',(7.173578109941,-4.031670489113,
    -1.66997259561));
#2120 = CARTESIAN_POINT('',(7.355950522296,-3.17913138631,
    -3.728161359002));
#2121 = CARTESIAN_POINT('',(7.538256855369,-1.159199815756,
    -5.303075353953));
#2122 = CARTESIAN_POINT('',(7.720718220913,1.720318426427,
    -5.647315257755));
#2123 = CARTESIAN_POINT('',(7.902952770561,4.603559356532,
    -4.250785316837));
#2124 = CARTESIAN_POINT('',(8.085380329953,6.300600391204,
    -1.253211616876));
#2125 = CARTESIAN_POINT('',(8.267763952671,5.879857896847,2.165405773299
    ));
#2126 = CARTESIAN_POINT('',(8.450037153257,3.750467539532,4.559170987324
    ));
#2127 = CARTESIAN_POINT('',(8.632468799573,0.958461920445,5.342977249785
    ));
#2128 = CARTESIAN_POINT('',(8.814794843894,-1.510435709303,
    4.660981056488));
#2129 = CARTESIAN_POINT('',(8.997156219882,-3.085707001878,
    3.085707001878));
#2130 = CARTESIAN_POINT('',(9.179528632243,-4.660972884333,1.5104288337)
  );
#2131 = CARTESIAN_POINT('',(9.361834965305,-5.343009343175,
    -0.95843809467));
#2132 = CARTESIAN_POINT('',(9.544296330859,-4.559101620093,
    -3.750500970068));
#2133 = CARTESIAN_POINT('',(9.726530880505,-2.165507655668,
    -5.879839381492));
#2134 = CARTESIAN_POINT('',(9.908958439884,1.253318820928,
    -6.300579066988));
#2135 = CARTESIAN_POINT('',(10.091342062632,4.250698275315,
    -4.603615451194));
#2136 = CARTESIAN_POINT('',(10.273615263178,5.647366551414,
    -1.720260994939));
#2137 = CARTESIAN_POINT('',(10.456046909532,5.303054821253,
    1.159165521995));
#2138 = CARTESIAN_POINT('',(10.638372953827,3.728166277911,3.17914086589
    ));
#2139 = CARTESIAN_POINT('',(10.820734329827,1.66997259561,4.031670489112
    ));
#2140 = CARTESIAN_POINT('',(11.003106742174,-0.388222816764,
    4.884193539855));
#2141 = CARTESIAN_POINT('',(11.185413075267,-2.930162493457,
    4.569518594386));
#2142 = CARTESIAN_POINT('',(11.367874440777,-5.209703739372,
    2.776806089141));
#2143 = CARTESIAN_POINT('',(11.550108990469,-6.26096716152,
    -0.249448915699));
#2144 = CARTESIAN_POINT('',(11.732536549813,-5.341351694699,
    -3.569042829619));
#2145 = CARTESIAN_POINT('',(11.914920172577,-2.626514284976,
    -5.688860497581));
#2146 = CARTESIAN_POINT('',(12.097193373123,0.571839691921,
    -5.875801751559));
#2147 = CARTESIAN_POINT('',(12.279625019471,3.100320521582,-4.4557903685
    ));
#2148 = CARTESIAN_POINT('',(12.461951063769,4.363850644625,
    -2.227771979431));
#2149 = CARTESIAN_POINT('',(12.644312439771,4.363848691563,
    -3.206496943031E-13));
#2150 = CARTESIAN_POINT('',(12.826684852112,4.363840004257,
    2.227771062629));
#2151 = CARTESIAN_POINT('',(13.008991185217,3.100360062395,
    4.455796214595));
#2152 = CARTESIAN_POINT('',(13.191452550708,0.571767002926,
    5.875776340454));
#2153 = CARTESIAN_POINT('',(13.37368710042,-2.626429150917,
    5.688919447001));
#2154 = CARTESIAN_POINT('',(13.556114659752,-5.341412420943,
    3.568951946375));
#2155 = CARTESIAN_POINT('',(13.738498282514,-6.260945278748,
    0.249550128279));
#2156 = CARTESIAN_POINT('',(13.920771483075,-5.2096993993,
    -2.776882969424));
#2157 = CARTESIAN_POINT('',(14.103203129404,-2.930172223982,
    -4.569479826235));
#2158 = CARTESIAN_POINT('',(14.285529173717,-0.388219591886,
    -4.884203721118));
#2159 = CARTESIAN_POINT('',(14.467890549712,1.669972595609,
    -4.031670489112));
#2160 = CARTESIAN_POINT('',(14.65026296206,3.728161359004,
    -3.179131386313));
#2161 = CARTESIAN_POINT('',(14.832569295147,5.303075353952,
    -1.159199815749));
#2162 = CARTESIAN_POINT('',(15.015030660665,5.647315257753,
    1.720318426417));
#2163 = CARTESIAN_POINT('',(15.19726521035,4.250785316846,4.60355935654)
  );
#2164 = CARTESIAN_POINT('',(15.379692769699,1.253211616859,6.3006003912)
  );
#2165 = CARTESIAN_POINT('',(15.562076392459,-2.165405773279,
    5.879857896847));
#2166 = CARTESIAN_POINT('',(15.744349593011,-4.559170987339,
    3.75046753953));
#2167 = CARTESIAN_POINT('',(15.926781239351,-5.342977249777,
    0.958461920447));
#2168 = CARTESIAN_POINT('',(16.109107283657,-4.660981056491,
    -1.510435709305));
#2169 = CARTESIAN_POINT('',(16.291468659654,-3.085707001877,
    -3.085707001877));
#2170 = CARTESIAN_POINT('',(16.473841072001,-1.510428833705,
    -4.660972884337));
#2171 = CARTESIAN_POINT('',(16.656147405092,0.958438094681,
    -5.343009343169));
#2172 = CARTESIAN_POINT('',(16.838608770602,3.75050097005,
    -4.559101620096));
#2173 = CARTESIAN_POINT('',(17.020843320301,5.879839381511,
    -2.165507655677));
#2174 = CARTESIAN_POINT('',(17.203270879631,6.300579066974,
    1.253318820947));
#2175 = CARTESIAN_POINT('',(17.385654502411,4.6036154512,4.250698275294)
  );
#2176 = CARTESIAN_POINT('',(17.567927702945,1.720260994937,
    5.647366551427));
#2177 = CARTESIAN_POINT('',(17.7503593493,-1.159165521995,5.303054821248
    ));
#2178 = CARTESIAN_POINT('',(17.932685393594,-3.179140865891,
    3.728166277912));
#2179 = CARTESIAN_POINT('',(18.115046769598,-4.03167048911,
    1.669972595609));
#2180 = CARTESIAN_POINT('',(18.297419181936,-4.884193539859,
    -0.388222816763));
#2181 = CARTESIAN_POINT('',(18.479725515047,-4.569518594381,
    -2.930162493462));
#2182 = CARTESIAN_POINT('',(18.66218688053,-2.776806089145,
    -5.209703739362));
#2183 = CARTESIAN_POINT('',(18.844421430253,0.249448915699,
    -6.260967161535));
#2184 = CARTESIAN_POINT('',(19.026848989569,3.569042829624,
    -5.341351694685));
#2185 = CARTESIAN_POINT('',(19.209232612353,5.688860497573,
    -2.626514284985));
#2186 = CARTESIAN_POINT('',(19.39150581289,5.875801751564,0.571839691924
    ));
#2187 = CARTESIAN_POINT('',(19.57393745924,4.455790368497,3.100320521581
    ));
#2188 = CARTESIAN_POINT('',(19.756263503537,2.227771979431,
    4.363850644626));
#2189 = CARTESIAN_POINT('',(19.938624879541,5.756770928012E-13,
    4.363848691562));
#2190 = CARTESIAN_POINT('',(20.12099729188,-2.22777106263,4.363840004258
    ));
#2191 = CARTESIAN_POINT('',(20.303303624981,-4.455796214592,
    3.100360062394));
#2192 = CARTESIAN_POINT('',(20.485764990494,-5.87577634046,
    0.571767002927));
#2193 = CARTESIAN_POINT('',(20.667999540159,-5.68891944699,
    -2.626429150917));
#2194 = CARTESIAN_POINT('',(20.850427099556,-3.568951946389,
    -5.341412420943));
#2195 = CARTESIAN_POINT('',(21.032810722251,-0.249550128265,
    -6.260945278748));
#2196 = CARTESIAN_POINT('',(21.215083922867,2.776882969412,
    -5.209699399302));
#2197 = CARTESIAN_POINT('',(21.397515569158,4.569479826242,
    -2.93017222398));
#2198 = CARTESIAN_POINT('',(21.579841613495,4.884203721114,
    -0.388219591889));
#2199 = CARTESIAN_POINT('',(21.762202989475,4.031670489114,
    1.669972595611));
#2200 = CARTESIAN_POINT('',(21.944575401845,3.179131386303,
    3.728161358999));
#2201 = CARTESIAN_POINT('',(22.126881734882,1.159199815771,
    5.303075353956));
#2202 = CARTESIAN_POINT('',(22.309343100485,-1.72031842645,
    5.647315257758));
#2203 = CARTESIAN_POINT('',(22.491577650061,-4.603559356507,
    4.250785316826));
#2204 = CARTESIAN_POINT('',(22.674005209521,-6.300600391221,
    1.253211616889));
#2205 = CARTESIAN_POINT('',(22.856388832188,-5.879857896842,
    -2.165405773307));
#2206 = CARTESIAN_POINT('',(23.038662032805,-3.75046753953,
    -4.559170987321));
#2207 = CARTESIAN_POINT('',(23.221093679104,-0.958461920445,
    -5.342977249785));
#2208 = CARTESIAN_POINT('',(23.403419723436,1.510435709301,
    -4.660981056487));
#2209 = CARTESIAN_POINT('',(23.585781099414,3.085707001881,
    -3.085707001879));
#2210 = CARTESIAN_POINT('',(23.768153511792,4.660972884326,
    -1.510428833696));
#2211 = CARTESIAN_POINT('',(23.950459844823,5.343009343184,
    0.958438094659));
#2212 = CARTESIAN_POINT('',(24.132921210415,4.559101620086,
    3.750500970087));
#2213 = CARTESIAN_POINT('',(24.315155760031,2.165507655672,5.87983938147
    ));
#2214 = CARTESIAN_POINT('',(24.497583319419,-1.253318820929,
    6.300579067003));
#2215 = CARTESIAN_POINT('',(24.679966942179,-4.250698275314,
    4.603615451191));
#2216 = CARTESIAN_POINT('',(24.862240142705,-5.647366551415,
    1.720260994934));
#2217 = CARTESIAN_POINT('',(25.044671789076,-5.303054821252,
    -1.15916552199));
#2218 = CARTESIAN_POINT('',(25.226997833361,-3.728166277912,
    -3.179140865892));
#2219 = CARTESIAN_POINT('',(25.409359209365,-1.66997259561,
    -4.031670489112));
#2220 = CARTESIAN_POINT('',(25.591731621711,0.388222816764,
    -4.884193539855));
#2221 = CARTESIAN_POINT('',(25.774037954804,2.930162493458,
    -4.569518594387));
#2222 = CARTESIAN_POINT('',(25.956499320317,5.209703739369,
    -2.776806089139));
#2223 = CARTESIAN_POINT('',(26.138733870002,6.260967161525,
    0.249448915699));
#2224 = CARTESIAN_POINT('',(26.321161429352,5.341351694695,
    3.569042829616));
#2225 = CARTESIAN_POINT('',(26.503545052115,2.626514284978,
    5.688860497585));
#2226 = CARTESIAN_POINT('',(26.685818252659,-0.571839691921,
    5.875801751555));
#2227 = CARTESIAN_POINT('',(26.868249899009,-3.100320521582,
    4.455790368501));
#2228 = CARTESIAN_POINT('',(27.050575943307,-4.363850644625,
    2.22777197943));
#2229 = CARTESIAN_POINT('',(27.232937319308,-4.363848691563,
    4.117742743803E-13));
#2230 = CARTESIAN_POINT('',(27.415309367292,-4.363840123029,
    -2.227770874469));
#2231 = CARTESIAN_POINT('',(27.597617626607,-3.100359553267,
    -4.455797021163));
#2232 = CARTESIAN_POINT('',(27.780073396585,-0.571768317806,
    -5.875774257402));
#2233 = CARTESIAN_POINT('',(27.962319618058,2.626431640763,
    -5.688923391445));
#2234 = CARTESIAN_POINT('',(28.144728196422,5.341408723429,
    -3.568946088727));
#2235 = CARTESIAN_POINT('',(28.327136773502,6.260949715766,
    -0.249557157462));
#2236 = CARTESIAN_POINT('',(28.509382995909,5.209695042067,
    2.776889872216));
#2237 = CARTESIAN_POINT('',(28.691838765404,2.930175730336,
    4.569474271414));
#2238 = CARTESIAN_POINT('',(28.874147024885,0.388217300805,
    4.884207350688));
#2239 = CARTESIAN_POINT('',(29.056519072838,-1.669971407886,4.0316686075
    ));
#2240 = CARTESIAN_POINT('',(29.238880813233,-3.728163650085,
    3.179135015881));
#2241 = CARTESIAN_POINT('',(29.421204931131,-5.303071847599,
    1.159194260934));
#2242 = CARTESIAN_POINT('',(29.603642173536,-5.647319614988,
    -1.720311523633));
#2243 = CARTESIAN_POINT('',(29.785903701281,-4.250780879819,
    -4.603566385714));
#2244 = CARTESIAN_POINT('',(29.968306306435,-1.253215314392,
    -6.30059453356));
#2245 = CARTESIAN_POINT('',(30.150708910036,2.165408263149,
    -5.879861841285));
#2246 = CARTESIAN_POINT('',(30.332970438935,4.559169672436,
    -3.750465456489));
#2247 = CARTESIAN_POINT('',(30.515407680708,5.342977758921,
    -0.958462727004));
#2248 = CARTESIAN_POINT('',(30.697731798859,4.660980937711,
    1.510435897456));
#2249 = CARTESIAN_POINT('',(30.880093539179,3.085707001881,
    3.085707001883));
#2250 = CARTESIAN_POINT('',(31.062465951575,1.51042883369,4.66097288432)
  );
#2251 = CARTESIAN_POINT('',(31.244772284563,-0.958438094642,
    5.343009343193));
#2252 = CARTESIAN_POINT('',(31.427233650226,-3.750500970118,
    4.55910162008));
#2253 = CARTESIAN_POINT('',(31.609468199753,-5.879839381428,
    2.165507655666));
#2254 = CARTESIAN_POINT('',(31.791895759233,-6.300579067044,
    -1.253318820911));
#2255 = CARTESIAN_POINT('',(31.974279381908,-4.603615451162,
    -4.250698275334));
#2256 = CARTESIAN_POINT('',(32.156552582506,-1.720260994952,
    -5.6473665514));
#2257 = CARTESIAN_POINT('',(32.33898422882,1.159165522003,
    -5.303054821259));
#2258 = CARTESIAN_POINT('',(32.521310273147,3.179140865883,
    -3.728166277909));
#2259 = CARTESIAN_POINT('',(32.703671649124,4.031670489117,
    -1.669972595611));
#2260 = CARTESIAN_POINT('',(32.886043697147,4.884193577564,
    0.388222597478));
#2261 = CARTESIAN_POINT('',(33.068351956385,4.569518432703,
    2.930163433452));
#2262 = CARTESIAN_POINT('',(33.250807726468,2.776806506751,
    5.209701311725));
#2263 = CARTESIAN_POINT('',(33.433053947844,-0.249449706527,
    6.260971758505));
#2264 = CARTESIAN_POINT('',(33.615462526253,-3.569041655177,
    5.341344867976));
#2265 = CARTESIAN_POINT('',(33.797871103363,-5.688861906925,
    2.626522477077));
#2266 = CARTESIAN_POINT('',(33.980117325679,-5.87580036756,
    -0.571847736738));
#2267 = CARTESIAN_POINT('',(34.162573095284,-4.455791482223,
    -3.100314047745));
#2268 = CARTESIAN_POINT('',(34.344881354679,-2.22777125172,
    -4.363854874687));
#2269 = CARTESIAN_POINT('',(34.527253402677,-3.772528807521E-07,
    -4.363846498651));
#2270 = CARTESIAN_POINT('',(4.219998495199,-1.076829597713E-15,
    -4.495061810785));
#2271 = CARTESIAN_POINT('',(4.402373004057,2.294755559806,
    -4.495070895361));
#2272 = CARTESIAN_POINT('',(4.58467194584,4.5897773308,-3.19353534247));
#2273 = CARTESIAN_POINT('',(4.767148179767,6.052465465314,
    -0.589048694107));
#2274 = CARTESIAN_POINT('',(4.949365031927,5.859936001971,2.70551003737)
  );
#2275 = CARTESIAN_POINT('',(5.131802604728,3.676342804827,5.501934855695
    ));
#2276 = CARTESIAN_POINT('',(5.314189935092,0.25696230677,6.44924896823)
  );
#2277 = CARTESIAN_POINT('',(5.496450985781,-2.860308309567,
    5.366337703589));
#2278 = CARTESIAN_POINT('',(5.678893234341,-4.70691271546,3.01827661384)
  );
#2279 = CARTESIAN_POINT('',(5.861214717228,-5.031058816214,
    0.399894341584));
#2280 = CARTESIAN_POINT('',(6.04357660514,-4.152895604357,
    -1.720185682444));
#2281 = CARTESIAN_POINT('',(6.225951114002,-3.274739063347,
    -3.840266852782));
#2282 = CARTESIAN_POINT('',(6.408250055775,-1.194010196515,
    -5.462514400947));
#2283 = CARTESIAN_POINT('',(6.590726289718,1.771968226394,
    -5.817168140723));
#2284 = CARTESIAN_POINT('',(6.77294314186,4.742065771211,-4.378521066652
    ));
#2285 = CARTESIAN_POINT('',(6.955380714677,6.490000485482,
    -1.290998556647));
#2286 = CARTESIAN_POINT('',(7.137768045029,6.056664339364,2.23061851549)
  );
#2287 = CARTESIAN_POINT('',(7.320029095728,3.863256967361,4.696188835518
    ));
#2288 = CARTESIAN_POINT('',(7.502471344279,0.98726647319,5.503664773543)
  );
#2289 = CARTESIAN_POINT('',(7.684792827173,-1.555848658864,
    4.801125206382));
#2290 = CARTESIAN_POINT('',(7.86715471508,-3.178488688258,3.178488688258
    ));
#2291 = CARTESIAN_POINT('',(8.049529223949,-4.801132329531,
    1.555857894523));
#2292 = CARTESIAN_POINT('',(8.23182816571,-5.503633171359,
    -0.987292178133));
#2293 = CARTESIAN_POINT('',(8.414304399667,-4.69625969948,
    -3.863219047358));
#2294 = CARTESIAN_POINT('',(8.596521251802,-2.230515990315,
    -6.056684978315));
#2295 = CARTESIAN_POINT('',(8.778958824609,1.290888518844,
    -6.490022373366));
#2296 = CARTESIAN_POINT('',(8.961346154991,4.378607889375,
    -4.742007468615));
#2297 = CARTESIAN_POINT('',(9.143607205647,5.817117182318,
    -1.772030378377));
#2298 = CARTESIAN_POINT('',(9.326049454239,5.462533760703,1.19404603842)
  );
#2299 = CARTESIAN_POINT('',(9.508370937104,3.840263806183,3.274727804798
    ));
#2300 = CARTESIAN_POINT('',(9.690732825026,1.720185682445,4.152895604358
    ));
#2301 = CARTESIAN_POINT('',(9.873107333879,-0.399888534862,
    5.031068931475));
#2302 = CARTESIAN_POINT('',(10.055406275676,-3.018288268469,
    4.706873682004));
#2303 = CARTESIAN_POINT('',(10.23788250958,-5.366329788553,
    2.860388290675));
#2304 = CARTESIAN_POINT('',(10.420099361769,-6.449228801435,
    -0.257064925858));
#2305 = CARTESIAN_POINT('',(10.602536934538,-5.501997187111,
    -3.676249519281));
#2306 = CARTESIAN_POINT('',(10.784924264935,-2.705422947184,
    -5.859993904279));
#2307 = CARTESIAN_POINT('',(10.967185315593,0.588971772236,
    -6.052442170414));
#2308 = CARTESIAN_POINT('',(11.149627564178,3.193575864723,
    -4.589781500781));
#2309 = CARTESIAN_POINT('',(11.331949047047,4.495059327937,
    -2.294757053575));
#2310 = CARTESIAN_POINT('',(11.51431093497,4.495061810787,
    -1.612361010334E-13));
#2311 = CARTESIAN_POINT('',(11.696685443816,4.495070895356,
    2.294755559807));
#2312 = CARTESIAN_POINT('',(11.878984385627,3.193535342479,
    4.589777330795));
#2313 = CARTESIAN_POINT('',(12.061460619509,0.589048694097,
    6.052465465324));
#2314 = CARTESIAN_POINT('',(12.243677471724,-2.705510037363,
    5.859936001959));
#2315 = CARTESIAN_POINT('',(12.426115044474,-5.501934855695,
    3.676342804835));
#2316 = CARTESIAN_POINT('',(12.608502374874,-6.449248968235,
    0.25696230677));
#2317 = CARTESIAN_POINT('',(12.790763425545,-5.366337703584,
    -2.860308309571));
#2318 = CARTESIAN_POINT('',(12.97320567411,-3.018276613842,
    -4.706912715457));
#2319 = CARTESIAN_POINT('',(13.155527156995,-0.399894341584,
    -5.031058816215));
#2320 = CARTESIAN_POINT('',(13.33788904491,1.720185682445,
    -4.152895604358));
#2321 = CARTESIAN_POINT('',(13.520263553766,3.840266852782,
    -3.274739063344));
#2322 = CARTESIAN_POINT('',(13.702562495554,5.462514400944,
    -1.19401019652));
#2323 = CARTESIAN_POINT('',(13.885038729471,5.81716814073,1.771968226401
    ));
#2324 = CARTESIAN_POINT('',(14.067255581648,4.378521066643,
    4.742065771203));
#2325 = CARTESIAN_POINT('',(14.249693154426,1.290998556655,
    6.490000485488));
#2326 = CARTESIAN_POINT('',(14.432080484815,-2.230618515494,
    6.056664339363));
#2327 = CARTESIAN_POINT('',(14.614341535483,-4.696188835516,
    3.863256967361));
#2328 = CARTESIAN_POINT('',(14.796783784056,-5.503664773545,
    0.987266473189));
#2329 = CARTESIAN_POINT('',(14.979105266935,-4.80112520638,
    -1.555848658862));
#2330 = CARTESIAN_POINT('',(15.161467154852,-3.178488688259,
    -3.178488688259));
#2331 = CARTESIAN_POINT('',(15.343841663707,-1.555857894519,
    -4.801132329528));
#2332 = CARTESIAN_POINT('',(15.5261406055,0.987292178122,-5.503633171364
    ));
#2333 = CARTESIAN_POINT('',(15.708616839406,3.863219047374,
    -4.696259699477));
#2334 = CARTESIAN_POINT('',(15.890833691602,6.056684978299,
    -2.230515990315));
#2335 = CARTESIAN_POINT('',(16.073271264355,6.490022373373,
    1.290888518843));
#2336 = CARTESIAN_POINT('',(16.25565859477,4.742007468619,4.378607889376
    ));
#2337 = CARTESIAN_POINT('',(16.437919645414,1.772030378369,
    5.817117182319));
#2338 = CARTESIAN_POINT('',(16.620361894008,-1.194046038416,
    5.462533760701));
#2339 = CARTESIAN_POINT('',(16.802683376871,-3.274727804798,
    3.840263806183));
#2340 = CARTESIAN_POINT('',(16.985045264797,-4.152895604359,
    1.720185682445));
#2341 = CARTESIAN_POINT('',(17.16741977364,-5.031068931471,
    -0.399888534864));
#2342 = CARTESIAN_POINT('',(17.349718715457,-4.706873682008,
    -3.018288268464));
#2343 = CARTESIAN_POINT('',(17.532194949331,-2.860388290672,
    -5.366329788562));
#2344 = CARTESIAN_POINT('',(17.714411801557,0.257064925859,
    -6.449228801425));
#2345 = CARTESIAN_POINT('',(17.896849374291,3.676249519276,
    -5.501997187116));
#2346 = CARTESIAN_POINT('',(18.079236704713,5.859993904285,
    -2.705422947185));
#2347 = CARTESIAN_POINT('',(18.261497755359,6.052442170411,0.58897177224
    ));
#2348 = CARTESIAN_POINT('',(18.443940003947,4.589781500782,
    3.193575864721));
#2349 = CARTESIAN_POINT('',(18.626261486815,2.294757053575,
    4.495059327937));
#2350 = CARTESIAN_POINT('',(18.80862337474,2.46266982501E-13,
    4.495061810788));
#2351 = CARTESIAN_POINT('',(18.990997883584,-2.294755559807,
    4.495070895355));
#2352 = CARTESIAN_POINT('',(19.17329682539,-4.589777330794,
    3.193535342478));
#2353 = CARTESIAN_POINT('',(19.355773059298,-6.052465465327,0.5890486941
    ));
#2354 = CARTESIAN_POINT('',(19.537989911458,-5.859936001957,
    -2.705510037367));
#2355 = CARTESIAN_POINT('',(19.720427484282,-3.676342804833,
    -5.501934855694));
#2356 = CARTESIAN_POINT('',(19.902814814607,-0.256962306775,
    -6.449248968233));
#2357 = CARTESIAN_POINT('',(20.08507586534,2.860308309579,
    -5.366337703587));
#2358 = CARTESIAN_POINT('',(20.267518113861,4.70691271545,
    -3.018276613841));
#2359 = CARTESIAN_POINT('',(20.449839596774,5.03105881622,
    -0.399894341583));
#2360 = CARTESIAN_POINT('',(20.632201484673,4.152895604355,
    1.720185682444));
#2361 = CARTESIAN_POINT('',(20.814575993553,3.274739063355,
    3.840266852783));
#2362 = CARTESIAN_POINT('',(20.996874935284,1.194010196498,
    5.462514400947));
#2363 = CARTESIAN_POINT('',(21.179351169297,-1.771968226373,
    5.817168140716));
#2364 = CARTESIAN_POINT('',(21.361568021351,-4.742065771226,
    4.378521066671));
#2365 = CARTESIAN_POINT('',(21.544005594253,-6.490000485482,
    1.29099855662));
#2366 = CARTESIAN_POINT('',(21.726392924542,-6.056664339355,
    -2.230618515465));
#2367 = CARTESIAN_POINT('',(21.908653975277,-3.86325696737,
    -4.696188835533));
#2368 = CARTESIAN_POINT('',(22.091096223809,-0.987266473187,
    -5.503664773537));
#2369 = CARTESIAN_POINT('',(22.273417706716,1.555848658865,
    -4.801125206385));
#2370 = CARTESIAN_POINT('',(22.455779594612,3.178488688256,
    -3.178488688255));
#2371 = CARTESIAN_POINT('',(22.638154103501,4.801132329535,
    -1.555857894531));
#2372 = CARTESIAN_POINT('',(22.820453045225,5.503633171354,
    0.987292178147));
#2373 = CARTESIAN_POINT('',(23.002929279227,4.69625969948,3.863219047338
    ));
#2374 = CARTESIAN_POINT('',(23.185146131325,2.230515990323,
    6.056684978333));
#2375 = CARTESIAN_POINT('',(23.367583704146,-1.290888518857,
    6.490022373358));
#2376 = CARTESIAN_POINT('',(23.549971034538,-4.378607889365,
    4.742007468614));
#2377 = CARTESIAN_POINT('',(23.732232085172,-5.817117182322,
    1.772030378382));
#2378 = CARTESIAN_POINT('',(23.914674333785,-5.462533760703,
    -1.194046038424));
#2379 = CARTESIAN_POINT('',(24.096995816638,-3.840263806182,
    -3.274727804796));
#2380 = CARTESIAN_POINT('',(24.279357704563,-1.720185682445,
    -4.152895604358));
#2381 = CARTESIAN_POINT('',(24.461732213416,0.399888534861,
    -5.031068931474));
#2382 = CARTESIAN_POINT('',(24.644031155211,3.01828826847,
    -4.706873682003));
#2383 = CARTESIAN_POINT('',(24.826507389122,5.366329788553,
    -2.860388290677));
#2384 = CARTESIAN_POINT('',(25.008724241301,6.449228801434,
    0.257064925862));
#2385 = CARTESIAN_POINT('',(25.191161814078,5.501997187113,
    3.676249519277));
#2386 = CARTESIAN_POINT('',(25.373549144472,2.705422947181,
    5.859993904282));
#2387 = CARTESIAN_POINT('',(25.555810195129,-0.588971772234,
    6.052442170412));
#2388 = CARTESIAN_POINT('',(25.738252443716,-3.193575864724,
    4.589781500782));
#2389 = CARTESIAN_POINT('',(25.920573926584,-4.495059327937,
    2.294757053575));
#2390 = CARTESIAN_POINT('',(26.102935814507,-4.495061810786,
    2.754244538899E-13));
#2391 = CARTESIAN_POINT('',(26.28530990668,-4.49507084672,
    -2.294755789964));
#2392 = CARTESIAN_POINT('',(26.467611051276,-3.193535550965,
    -4.589776344201));
#2393 = CARTESIAN_POINT('',(26.650080886212,-0.589048155655,
    -6.052468013311));
#2394 = CARTESIAN_POINT('',(26.832311086081,2.705509017767,
    -5.859931177121));
#2395 = CARTESIAN_POINT('',(27.014726952473,5.501936369841,
    -3.676349969891));
#2396 = CARTESIAN_POINT('',(27.197142820268,6.449247151255,
    -0.256953708705));
#2397 = CARTESIAN_POINT('',(27.379373019114,5.366339487893,
    2.860299866112));
#2398 = CARTESIAN_POINT('',(27.561842854583,3.018275177974,
    4.706919510081));
#2399 = CARTESIAN_POINT('',(27.744143998991,0.399895279792,
    5.031054376547));
#2400 = CARTESIAN_POINT('',(27.926518091203,-1.720186168823,
    4.152897905933));
#2401 = CARTESIAN_POINT('',(28.108880395766,-3.840265914573,
    3.27473462368));
#2402 = CARTESIAN_POINT('',(28.29119967601,-5.462515836814,
    1.194016991136));
#2403 = CARTESIAN_POINT('',(28.473648323077,-5.817166356416,
    -1.771976669848));
#2404 = CARTESIAN_POINT('',(28.655896026986,-4.378522883638,
    -4.742057173151));
#2405 = CARTESIAN_POINT('',(28.83830506249,-1.290997042477,
    -6.490007650535));
#2406 = CARTESIAN_POINT('',(29.020714099113,2.230617495856,
    -6.056659514532));
#2407 = CARTESIAN_POINT('',(29.202961802233,4.696189373997,
    -3.863259515341));
#2408 = CARTESIAN_POINT('',(29.385410449671,5.503664565033,
    -0.987265486603));
#2409 = CARTESIAN_POINT('',(29.567729729823,4.801125255029,
    1.555848428712));
#2410 = CARTESIAN_POINT('',(29.750092034376,3.178488688253,
    3.178488688254));
#2411 = CARTESIAN_POINT('',(29.932466543286,1.555857894539,4.80113232954
    ));
#2412 = CARTESIAN_POINT('',(30.114765484961,-0.987292178165,
    5.503633171349));
#2413 = CARTESIAN_POINT('',(30.297241719042,-3.86321904731,
    4.696259699479));
#2414 = CARTESIAN_POINT('',(30.479458571043,-6.056684978364,
    2.230515990335));
#2415 = CARTESIAN_POINT('',(30.661896143962,-6.490022373333,
    -1.290888518879));
#2416 = CARTESIAN_POINT('',(30.844283474267,-4.74200746863,
    -4.378607889342));
#2417 = CARTESIAN_POINT('',(31.026544524974,-1.772030378372,
    -5.817117182339));
#2418 = CARTESIAN_POINT('',(31.208986773527,1.194046038415,
    -5.462533760693));
#2419 = CARTESIAN_POINT('',(31.391308256425,3.274727804804,
    -3.840263806187));
#2420 = CARTESIAN_POINT('',(31.573670144321,4.152895604353,
    -1.720185682442));
#2421 = CARTESIAN_POINT('',(31.75604423654,5.031068974631,0.399888766102
    ));
#2422 = CARTESIAN_POINT('',(31.938345381046,4.706873497048,
    3.018287277215));
#2423 = CARTESIAN_POINT('',(32.120815216104,2.860388768302,
    5.366332348603));
#2424 = CARTESIAN_POINT('',(32.30304541586,-0.257065830246,
    6.449223953716));
#2425 = CARTESIAN_POINT('',(32.485461282304,-3.676248176257,
    5.502004386193));
#2426 = CARTESIAN_POINT('',(32.667877150137,-5.859995515908,
    2.705414308253));
#2427 = CARTESIAN_POINT('',(32.850107348873,-6.052440587749,
    -0.58896328863));
#2428 = CARTESIAN_POINT('',(33.032577184472,-4.589782774398,
    -3.193582691656));
#2429 = CARTESIAN_POINT('',(33.214878328779,-2.294756221376,
    -4.495054867162));
#2430 = CARTESIAN_POINT('',(33.397252421044,-4.314221939482E-07,
    -4.495064123301));
#2431 = CARTESIAN_POINT('',(3.287985693445,-2.305881180442E-15,-3.45));
#2432 = CARTESIAN_POINT('',(3.470343504441,1.761256363231,
    -3.450023786619));
#2433 = CARTESIAN_POINT('',(3.652701315501,3.522652962178,
    -2.451030403219));
#2434 = CARTESIAN_POINT('',(3.835059126158,4.64542629666,-0.452147737968
    ));
#2435 = CARTESIAN_POINT('',(4.017416938054,4.497404609664,2.07652073879)
  );
#2436 = CARTESIAN_POINT('',(4.199774747483,2.821785444237,4.222833381649
    ));
#2437 = CARTESIAN_POINT('',(4.382132560358,0.197099677233,4.949766671269
    ));
#2438 = CARTESIAN_POINT('',(4.564490369765,-2.195247734691,
    4.118800933351));
#2439 = CARTESIAN_POINT('',(4.746848181681,-3.612622014874,
    2.316509751423));
#2440 = CARTESIAN_POINT('',(4.929205992335,-3.86138278113,0.306933635665
    ));
#2441 = CARTESIAN_POINT('',(5.111563803387,-3.187384387162,
    -1.320257841659));
#2442 = CARTESIAN_POINT('',(5.293921614383,-2.513402732783,-2.9474556499
    ));
#2443 = CARTESIAN_POINT('',(5.476279425444,-0.916395896489,
    -4.192475699433));
#2444 = CARTESIAN_POINT('',(5.6586372361,1.359997639209,-4.464843723568)
  );
#2445 = CARTESIAN_POINT('',(5.840995047997,3.639537242183,
    -3.360409984607));
#2446 = CARTESIAN_POINT('',(6.023352857425,4.981239869695,
    -0.990981444258));
#2447 = CARTESIAN_POINT('',(6.205710670299,4.648414899301,1.712097341497
    ));
#2448 = CARTESIAN_POINT('',(6.388068479708,2.965190942806,3.604341329283
    ));
#2449 = CARTESIAN_POINT('',(6.570426291623,0.757685353714,4.22411744102)
  );
#2450 = CARTESIAN_POINT('',(6.752784102277,-1.19411751253,3.684910935884
    ));
#2451 = CARTESIAN_POINT('',(6.93514191333,-2.43951839509,2.439518395091)
  );
#2452 = CARTESIAN_POINT('',(7.117499724325,-3.68493153263,1.194138896934
    ));
#2453 = CARTESIAN_POINT('',(7.299857535386,-4.22403201632,
    -0.757751578334));
#2454 = CARTESIAN_POINT('',(7.482215346042,-3.604529167496,
    -2.965095704223));
#2455 = CARTESIAN_POINT('',(7.664573157938,-1.71182340156,
    -4.648467192935));
#2456 = CARTESIAN_POINT('',(7.846930967369,0.99069049732,-4.98129774265)
  );
#2457 = CARTESIAN_POINT('',(8.029288780239,3.360643060197,
    -3.639384096871));
#2458 = CARTESIAN_POINT('',(8.211646589652,4.464706629915,
    -1.360157510773));
#2459 = CARTESIAN_POINT('',(8.394004401564,4.192529278502,0.916489770687
    ));
#2460 = CARTESIAN_POINT('',(8.576362212219,2.947444804443,2.51337509413)
  );
#2461 = CARTESIAN_POINT('',(8.758720023272,1.32025784166,3.187384387165)
  );
#2462 = CARTESIAN_POINT('',(8.941077834268,-0.306921761093,
    3.861409993485));
#2463 = CARTESIAN_POINT('',(9.123435645326,-2.316538244351,
    3.612517749703));
#2464 = CARTESIAN_POINT('',(9.305793455988,-4.118784826994,
    2.195457720776));
#2465 = CARTESIAN_POINT('',(9.488151267877,-4.949710151956,
    -0.19737277664));
#2466 = CARTESIAN_POINT('',(9.670509077312,-4.222998189898,
    -2.821538791307));
#2467 = CARTESIAN_POINT('',(9.852866890183,-2.0762900568,-4.497561337301
    ));
#2468 = CARTESIAN_POINT('',(10.035224699591,0.45194757245,
    -4.645360818807));
#2469 = CARTESIAN_POINT('',(10.217582511508,2.451137635474,
    -3.522666538695));
#2470 = CARTESIAN_POINT('',(10.399940322161,3.449994101463,
    -1.761256920189));
#2471 = CARTESIAN_POINT('',(10.582298133214,3.450000000004,
    2.727576273879E-13));
#2472 = CARTESIAN_POINT('',(10.76465594421,3.450023786606,1.761256363232
    ));
#2473 = CARTESIAN_POINT('',(10.947013755269,2.451030403244,
    3.522652962169));
#2474 = CARTESIAN_POINT('',(11.129371565928,0.452147737937,
    4.645426296684));
#2475 = CARTESIAN_POINT('',(11.311729377823,-2.076520738768,
    4.497404609626));
#2476 = CARTESIAN_POINT('',(11.494087187249,-4.222833381651,
    2.821785444273));
#2477 = CARTESIAN_POINT('',(11.676445000131,-4.949766671284,
    0.197099677212));
#2478 = CARTESIAN_POINT('',(11.858802809529,-4.118800933335,
    -2.195247734686));
#2479 = CARTESIAN_POINT('',(12.041160621452,-2.31650975143,
    -3.612622014873));
#2480 = CARTESIAN_POINT('',(12.223518432103,-0.306933635665,
    -3.861382781129));
#2481 = CARTESIAN_POINT('',(12.405876243156,1.32025784166,
    -3.187384387165));
#2482 = CARTESIAN_POINT('',(12.588234054152,2.947455649898,
    -2.513402732775));
#2483 = CARTESIAN_POINT('',(12.770591865212,4.19247569943,
    -0.916395896504));
#2484 = CARTESIAN_POINT('',(12.952949675869,4.464843723582,
    1.359997639231));
#2485 = CARTESIAN_POINT('',(13.135307487766,3.36040998458,3.639537242159
    ));
#2486 = CARTESIAN_POINT('',(13.317665297191,0.99098144429,4.981239869711
    ));
#2487 = CARTESIAN_POINT('',(13.500023110071,-1.712097341524,
    4.648414899294));
#2488 = CARTESIAN_POINT('',(13.682380919474,-3.604341329265,
    2.965190942808));
#2489 = CARTESIAN_POINT('',(13.864738731393,-4.22411744103,
    0.757685353711));
#2490 = CARTESIAN_POINT('',(14.047096542045,-3.684910935879,
    -1.194117512525));
#2491 = CARTESIAN_POINT('',(14.229454353098,-2.439518395094,
    -2.439518395095));
#2492 = CARTESIAN_POINT('',(14.411812164094,-1.194138896922,
    -3.68493153262));
#2493 = CARTESIAN_POINT('',(14.594169975154,0.757751578304,
    -4.224032016334));
#2494 = CARTESIAN_POINT('',(14.776527785811,2.96509570427,
    -3.604529167491));
#2495 = CARTESIAN_POINT('',(14.958885597708,4.648467192887,
    -1.711823401547));
#2496 = CARTESIAN_POINT('',(15.141243407133,4.981297742677,0.99069049729
    ));
#2497 = CARTESIAN_POINT('',(15.323601220013,3.63938409687,3.360643060227
    ));
#2498 = CARTESIAN_POINT('',(15.505959029416,1.36015751076,4.464706629897
    ));
#2499 = CARTESIAN_POINT('',(15.688316841335,-0.916489770679,
    4.192529278507));
#2500 = CARTESIAN_POINT('',(15.870674651987,-2.513375094129,
    2.947444804442));
#2501 = CARTESIAN_POINT('',(16.053032463041,-3.187384387169,
    1.320257841661));
#2502 = CARTESIAN_POINT('',(16.235390274036,-3.861409993476,
    -0.306921761098));
#2503 = CARTESIAN_POINT('',(16.417748085094,-3.612517749718,
    -2.316538244338));
#2504 = CARTESIAN_POINT('',(16.600105895757,-2.195457720764,
    -4.118784827019));
#2505 = CARTESIAN_POINT('',(16.782463707647,0.19737277664,
    -4.949710151926));
#2506 = CARTESIAN_POINT('',(16.964821517077,2.821538791293,
    -4.22299818992));
#2507 = CARTESIAN_POINT('',(17.147179329956,4.49756133732,
    -2.076290056792));
#2508 = CARTESIAN_POINT('',(17.329537139356,4.645360818794,
    0.451947572452));
#2509 = CARTESIAN_POINT('',(17.511894951279,3.5226665387,2.451137635472)
  );
#2510 = CARTESIAN_POINT('',(17.694252761929,1.761256920188,
    3.449994101462));
#2511 = CARTESIAN_POINT('',(17.876610572983,-5.512847123246E-13,
    3.450000000006));
#2512 = CARTESIAN_POINT('',(18.058968383979,-1.761256363231,
    3.450023786603));
#2513 = CARTESIAN_POINT('',(18.241326195036,-3.52265296217,
    2.451030403244));
#2514 = CARTESIAN_POINT('',(18.4236840057,-4.645426296682,0.452147737941
    ));
#2515 = CARTESIAN_POINT('',(18.606041817587,-4.497404609635,
    -2.076520738771));
#2516 = CARTESIAN_POINT('',(18.788399627023,-2.821785444254,
    -4.222833381653));
#2517 = CARTESIAN_POINT('',(18.970757439895,-0.197099677239,
    -4.949766671278));
#2518 = CARTESIAN_POINT('',(19.153115249302,2.195247734713,
    -4.118800933339));
#2519 = CARTESIAN_POINT('',(19.335473061219,3.612622014852,
    -2.316509751432));
#2520 = CARTESIAN_POINT('',(19.517830871872,3.861382781142,
    -0.306933635661));
#2521 = CARTESIAN_POINT('',(19.700188682925,3.187384387158,
    1.320257841657));
#2522 = CARTESIAN_POINT('',(19.88254649392,2.513402732802,2.947455649906
    ));
#2523 = CARTESIAN_POINT('',(20.064904304983,0.916395896447,
    4.192475699428));
#2524 = CARTESIAN_POINT('',(20.247262115633,-1.359997639148,
    4.464843723557));
#2525 = CARTESIAN_POINT('',(20.429619927538,-3.639537242238,
    3.360409984645));
#2526 = CARTESIAN_POINT('',(20.611977736962,-4.98123986967,
    0.990981444203));
#2527 = CARTESIAN_POINT('',(20.794335549833,-4.648414899297,
    -1.712097341447));
#2528 = CARTESIAN_POINT('',(20.976693359249,-2.965190942817,
    -3.604341329312));
#2529 = CARTESIAN_POINT('',(21.159051171158,-0.757685353712,
    -4.224117441008));
#2530 = CARTESIAN_POINT('',(21.341408981815,1.194117512535,
    -3.68491093589));
#2531 = CARTESIAN_POINT('',(21.523766792867,2.439518395085,
    -2.439518395086));
#2532 = CARTESIAN_POINT('',(21.706124603861,3.684931532645,
    -1.19413889695));
#2533 = CARTESIAN_POINT('',(21.888482414928,4.224032016301,
    0.757751578369));
#2534 = CARTESIAN_POINT('',(22.070840225571,3.604529167508,
    2.965095704169));
#2535 = CARTESIAN_POINT('',(22.253198037487,1.711823401565,
    4.648467192992));
#2536 = CARTESIAN_POINT('',(22.435555846897,-0.990690497337,
    4.981297742614));
#2537 = CARTESIAN_POINT('',(22.617913659781,-3.360643060183,
    3.639384096877));
#2538 = CARTESIAN_POINT('',(22.800271469188,-4.46470662992,
    1.360157510783));
#2539 = CARTESIAN_POINT('',(22.982629281102,-4.192529278503,
    -0.916489770698));
#2540 = CARTESIAN_POINT('',(23.164987091756,-2.947444804441,
    -2.513375094126));
#2541 = CARTESIAN_POINT('',(23.347344902809,-1.32025784166,
    -3.187384387165));
#2542 = CARTESIAN_POINT('',(23.529702713805,0.306921761093,
    -3.861409993485));
#2543 = CARTESIAN_POINT('',(23.712060524864,2.316538244351,
    -3.612517749702));
#2544 = CARTESIAN_POINT('',(23.894418335524,4.118784826996,
    -2.195457720782));
#2545 = CARTESIAN_POINT('',(24.076776147416,4.949710151953,
    0.197372776649));
#2546 = CARTESIAN_POINT('',(24.259133956848,4.222998189902,
    2.821538791298));
#2547 = CARTESIAN_POINT('',(24.441491769722,2.076290056796,
    4.497561337306));
#2548 = CARTESIAN_POINT('',(24.623849579128,-0.451947572447,
    4.645360818805));
#2549 = CARTESIAN_POINT('',(24.806207391046,-2.451137635475,
    3.522666538696));
#2550 = CARTESIAN_POINT('',(24.988565201698,-3.449994101463,
    1.761256920188));
#2551 = CARTESIAN_POINT('',(25.170923012751,-3.450000000004,
    -2.374910353916E-13));
#2552 = CARTESIAN_POINT('',(25.353280823746,-3.450023555908,
    -1.761256920195));
#2553 = CARTESIAN_POINT('',(25.535638634811,-2.45103139216,
    -3.522650574691));
#2554 = CARTESIAN_POINT('',(25.717996445454,-0.452145183943,
    -4.645432462607));
#2555 = CARTESIAN_POINT('',(25.900354257383,2.076515902539,
    -4.497392933907));
#2556 = CARTESIAN_POINT('',(26.082712066752,4.222840563643,
    -2.821802783142));
#2557 = CARTESIAN_POINT('',(26.265069879709,4.949758052884,
    -0.197078870566));
#2558 = CARTESIAN_POINT('',(26.447427689025,4.118809396765,
    2.195227302169));
#2559 = CARTESIAN_POINT('',(26.629785501024,2.316502940737,
    3.612638457341));
#2560 = CARTESIAN_POINT('',(26.812143311617,0.306938085831,
    3.861372037473));
#2561 = CARTESIAN_POINT('',(26.994501122705,-1.320260148678,
    3.187389956802));
#2562 = CARTESIAN_POINT('',(27.176858933666,-2.947451199733,
    2.513391989126));
#2563 = CARTESIAN_POINT('',(27.359216744783,-4.192482510123,
    0.916412338955));
#2564 = CARTESIAN_POINT('',(27.541574555366,-4.464835260145,
    -1.360018071721));
#2565 = CARTESIAN_POINT('',(27.72393236734,-3.360418603013,
    -3.639516435541));
#2566 = CARTESIAN_POINT('',(27.906290176703,-0.990974262229,
    -4.981257208558));
#2567 = CARTESIAN_POINT('',(28.088647989622,1.712092505203,
    -4.648403223595));
#2568 = CARTESIAN_POINT('',(28.271005799006,3.604343883343,
    -2.965197108706));
#2569 = CARTESIAN_POINT('',(28.453363610931,4.224116452058,
    -0.757682966261));
#2570 = CARTESIAN_POINT('',(28.635721421583,3.684911166607,
    1.194116955585));
#2571 = CARTESIAN_POINT('',(28.818079232635,2.439518395081,2.43951839508
    ));
#2572 = CARTESIAN_POINT('',(29.00043704363,1.194138896968,3.68493153266)
  );
#2573 = CARTESIAN_POINT('',(29.182794854698,-0.757751578413,
    4.22403201628));
#2574 = CARTESIAN_POINT('',(29.365152665337,-2.965095704093,
    3.604529167517));
#2575 = CARTESIAN_POINT('',(29.547510477257,-4.648467193083,
    1.711823401585));
#2576 = CARTESIAN_POINT('',(29.729868286667,-4.981297742534,
    -0.990690497385));
#2577 = CARTESIAN_POINT('',(29.912226099545,-3.639384096932,
    -3.360643060128));
#2578 = CARTESIAN_POINT('',(30.094583908962,-1.360157510747,
    -4.464706629961));
#2579 = CARTESIAN_POINT('',(30.276941720867,0.916489770669,
    -4.192529278481));
#2580 = CARTESIAN_POINT('',(30.459299531526,2.513375094148,
    -2.947444804452));
#2581 = CARTESIAN_POINT('',(30.641657342578,3.187384387151,
    -1.320257841655));
#2582 = CARTESIAN_POINT('',(30.824015153571,3.861409993528,
    0.306922363926));
#2583 = CARTESIAN_POINT('',(31.006372964644,3.612517749631,
    2.316535660216));
#2584 = CARTESIAN_POINT('',(31.188730775269,2.195457720845,
    4.118791500852));
#2585 = CARTESIAN_POINT('',(31.371088587218,-0.197372776652,
    4.949697514337));
#2586 = CARTESIAN_POINT('',(31.553446396579,-2.821538791371,
    4.223016957323));
#2587 = CARTESIAN_POINT('',(31.735804209526,-4.497561337204,
    2.076267535799));
#2588 = CARTESIAN_POINT('',(31.918162018863,-4.645360818877,
    -0.451925456357));
#2589 = CARTESIAN_POINT('',(32.100519830843,-3.522666538671,
    -2.451155432759));
#2590 = CARTESIAN_POINT('',(32.282877641445,-1.761256920188,
    -3.449982472565));
#2591 = CARTESIAN_POINT('',(32.465235452532,-2.843736964658E-12,
    -3.450006028553));
#2592 = CARTESIAN_POINT('',(4.219998495199,-4.362829542082E-16,
    -2.404938189215));
#2593 = CARTESIAN_POINT('',(4.40233960833,1.227755956269,-2.404947353507
    ));
#2594 = CARTESIAN_POINT('',(4.584756288585,2.455531696071,
    -1.708600502238));
#2595 = CARTESIAN_POINT('',(4.766995676391,3.238345564649,-0.31510770511
    ));
#2596 = CARTESIAN_POINT('',(4.949494446906,3.134957783317,1.447370146797
    ));
#2597 = CARTESIAN_POINT('',(5.131772494899,1.9670836945,2.943844943536)
  );
#2598 = CARTESIAN_POINT('',(5.314100787958,0.137392349565,3.450231101247
    ));
#2599 = CARTESIAN_POINT('',(5.496555358047,-1.530301636923,
    2.871259129837));
#2600 = CARTESIAN_POINT('',(5.678828732179,-2.518273288787,
    1.614752165818));
#2601 = CARTESIAN_POINT('',(5.861222871021,-2.691712738321,
    0.213968394356));
#2602 = CARTESIAN_POINT('',(6.043576605142,-2.22187316997,
    -0.920330000874));
#2603 = CARTESIAN_POINT('',(6.225917718268,-1.752039773223,
    -2.054632106813));
#2604 = CARTESIAN_POINT('',(6.408334398537,-0.638849735517,
    -2.922468580171));
#2605 = CARTESIAN_POINT('',(6.590573786317,0.948139636568,
    -3.112427684529));
#2606 = CARTESIAN_POINT('',(6.773072556867,2.536892059443,
    -2.342438755625));
#2607 = CARTESIAN_POINT('',(6.955350604823,3.472528430173,
    -0.690787676731));
#2608 = CARTESIAN_POINT('',(7.137678897914,3.240175672791,1.193412300582
    ));
#2609 = CARTESIAN_POINT('',(7.32013346798,2.06707645962,2.512597659942)
  );
#2610 = CARTESIAN_POINT('',(7.502406842127,0.528135010292,2.944520050012
    ));
#2611 = CARTESIAN_POINT('',(7.68480098096,-0.832392849493,2.568700465906
    ));
#2612 = CARTESIAN_POINT('',(7.867154715086,-1.700548101927,
    1.700548101927));
#2613 = CARTESIAN_POINT('',(8.049495828205,-2.568709144385,
    0.832400019745));
#2614 = CARTESIAN_POINT('',(8.231912508488,-2.944486115176,
    -0.528160112248));
#2615 = CARTESIAN_POINT('',(8.414151896249,-2.512670903679,
    -2.067041313487));
#2616 = CARTESIAN_POINT('',(8.596650666812,-1.193304661634,
    -3.240195153019));
#2617 = CARTESIAN_POINT('',(8.778928714776,0.690674502804,
    -3.472550941873));
#2618 = CARTESIAN_POINT('',(8.961257007834,2.34253074628,-2.536832870407
    ));
#2619 = CARTESIAN_POINT('',(9.143711577947,3.112373465988,
    -0.948200136533));
#2620 = CARTESIAN_POINT('',(9.32598495205,2.922490325766,0.638885913005)
  );
#2621 = CARTESIAN_POINT('',(9.508379090912,2.054626832882,1.75202982766)
  );
#2622 = CARTESIAN_POINT('',(9.690732825024,0.920330000875,2.221873169971
    ));
#2623 = CARTESIAN_POINT('',(9.873073938161,-0.213965091019,
    2.691723500122));
#2624 = CARTESIAN_POINT('',(10.055490618402,-1.614762370691,
    2.518232330993));
#2625 = CARTESIAN_POINT('',(10.237730006231,-2.871254688232,
    1.530382755147));
#2626 = CARTESIAN_POINT('',(10.420228776717,-3.450207906957,
    -0.137499249749));
#2627 = CARTESIAN_POINT('',(10.602506824739,-2.943909051445,
    -1.966987750262));
#2628 = CARTESIAN_POINT('',(10.784835117774,-1.447280259952,
    -3.135020120962));
#2629 = CARTESIAN_POINT('',(10.967289687883,0.315031061898,
    -3.238318625564));
#2630 = CARTESIAN_POINT('',(11.149563061998,1.708642247551,
    -2.455537941863));
#2631 = CARTESIAN_POINT('',(11.331957200853,2.404936146762,
    -1.227754889792));
#2632 = CARTESIAN_POINT('',(11.514310934964,2.404938189216,
    3.838834040576E-13));
#2633 = CARTESIAN_POINT('',(11.696652048108,2.404947353502,
    1.227755956269));
#2634 = CARTESIAN_POINT('',(11.879068728335,1.708600502248,
    2.455531696067));
#2635 = CARTESIAN_POINT('',(12.061308116186,0.315107705096,3.23834556466
    ));
#2636 = CARTESIAN_POINT('',(12.24380688665,-1.447370146785,
    3.134957783299));
#2637 = CARTESIAN_POINT('',(12.426084934681,-2.94384494354,1.96708369452
    ));
#2638 = CARTESIAN_POINT('',(12.608413227727,-3.45023110125,
    0.137392349552));
#2639 = CARTESIAN_POINT('',(12.790867797809,-2.87125912983,
    -1.530301636919));
#2640 = CARTESIAN_POINT('',(12.973141171953,-1.614752165822,
    -2.518273288787));
#2641 = CARTESIAN_POINT('',(13.155535310789,-0.213968394356,
    -2.691712738321));
#2642 = CARTESIAN_POINT('',(13.337889044908,0.920330000875,
    -2.221873169971));
#2643 = CARTESIAN_POINT('',(13.520230158043,2.054632106813,
    -1.75203977322));
#2644 = CARTESIAN_POINT('',(13.702646838292,2.922468580169,
    -0.638849735524));
#2645 = CARTESIAN_POINT('',(13.884886226107,3.112427684535,0.94813963658
    ));
#2646 = CARTESIAN_POINT('',(14.06738499661,2.342438755613,2.536892059427
    ));
#2647 = CARTESIAN_POINT('',(14.249663044616,0.690787676746,
    3.472528430187));
#2648 = CARTESIAN_POINT('',(14.431991337664,-1.193412300594,
    3.240175672782));
#2649 = CARTESIAN_POINT('',(14.614445907761,-2.512597659935,
    2.067076459624));
#2650 = CARTESIAN_POINT('',(14.796719281887,-2.944520050016,
    0.528135010289));
#2651 = CARTESIAN_POINT('',(14.979113420734,-2.568700465904,
    -0.83239284949));
#2652 = CARTESIAN_POINT('',(15.161467154851,-1.700548101929,
    -1.700548101929));
#2653 = CARTESIAN_POINT('',(15.343808267986,-0.832400019741,
    -2.568709144381));
#2654 = CARTESIAN_POINT('',(15.526224948231,0.528160112236,
    -2.944486115181));
#2655 = CARTESIAN_POINT('',(15.708464336055,2.067041313508,
    -2.512670903678));
#2656 = CARTESIAN_POINT('',(15.890963106542,3.240195152995,
    -1.193304661625));
#2657 = CARTESIAN_POINT('',(16.073241154569,3.472550941889,
    0.690674502785));
#2658 = CARTESIAN_POINT('',(16.255569447596,2.536832870404,
    2.342530746299));
#2659 = CARTESIAN_POINT('',(16.438024017713,0.948200136529,
    3.112373465975));
#2660 = CARTESIAN_POINT('',(16.620297391822,-0.638885913002,
    2.92249032577));
#2661 = CARTESIAN_POINT('',(16.802691530682,-1.75202982766,
    2.054626832881));
#2662 = CARTESIAN_POINT('',(16.98504526479,-2.221873169973,
    0.920330000875));
#2663 = CARTESIAN_POINT('',(17.167386377937,-2.691723500118,
    -0.21396509102));
#2664 = CARTESIAN_POINT('',(17.349803058155,-2.518232331,-1.614762370686
    ));
#2665 = CARTESIAN_POINT('',(17.532042446021,-1.530382755141,
    -2.871254688242));
#2666 = CARTESIAN_POINT('',(17.714541216464,0.137499249749,
    -3.450207906944));
#2667 = CARTESIAN_POINT('',(17.896819264522,1.966987750255,
    -2.943909051456));
#2668 = CARTESIAN_POINT('',(18.079147557538,3.135020120972,
    -1.447280259946));
#2669 = CARTESIAN_POINT('',(18.261602127649,3.238318625557,
    0.315031061898));
#2670 = CARTESIAN_POINT('',(18.443875501768,2.455537941866,
    1.708642247551));
#2671 = CARTESIAN_POINT('',(18.626269640622,1.227754889792,
    2.404936146761));
#2672 = CARTESIAN_POINT('',(18.808623374732,-7.088483446049E-13,
    2.404938189217));
#2673 = CARTESIAN_POINT('',(18.990964487878,-1.227755956268,
    2.404947353501));
#2674 = CARTESIAN_POINT('',(19.173381168106,-2.455531696069,
    1.708600502248));
#2675 = CARTESIAN_POINT('',(19.355620555942,-3.238345564657,
    0.315107705097));
#2676 = CARTESIAN_POINT('',(19.53811932644,-3.134957783304,
    -1.447370146784));
#2677 = CARTESIAN_POINT('',(19.720397374423,-1.96708369451,
    -2.943844943544));
#2678 = CARTESIAN_POINT('',(19.90272566752,-0.137392349565,
    -3.450231101245));
#2679 = CARTESIAN_POINT('',(20.085180237559,1.530301636931,
    -2.871259129833));
#2680 = CARTESIAN_POINT('',(20.267453611735,2.518273288779,
    -1.614752165822));
#2681 = CARTESIAN_POINT('',(20.449847750548,2.691712738326,
    -0.213968394353));
#2682 = CARTESIAN_POINT('',(20.632201484682,2.221873169968,
    0.920330000873));
#2683 = CARTESIAN_POINT('',(20.814542597791,1.75203977323,2.054632106817
    ));
#2684 = CARTESIAN_POINT('',(20.996959278105,0.638849735501,
    2.922468580164));
#2685 = CARTESIAN_POINT('',(21.179198665808,-0.948139636543,
    3.112427684532));
#2686 = CARTESIAN_POINT('',(21.36169743645,-2.536892059469,
    2.342438755632));
#2687 = CARTESIAN_POINT('',(21.543975484331,-3.472528430156,
    0.690787676715));
#2688 = CARTESIAN_POINT('',(21.726303777461,-3.240175672797,
    -1.193412300564));
#2689 = CARTESIAN_POINT('',(21.908758347518,-2.067076459619,
    -2.512597659954));
#2690 = CARTESIAN_POINT('',(22.091031721664,-0.528135010293,
    -2.944520050007));
#2691 = CARTESIAN_POINT('',(22.273425860493,0.832392849496,
    -2.568700465908));
#2692 = CARTESIAN_POINT('',(22.455779594628,1.700548101924,
    -1.700548101926));
#2693 = CARTESIAN_POINT('',(22.638120707727,2.568709144392,
    -0.832400019751));
#2694 = CARTESIAN_POINT('',(22.820537388052,2.944486115166,
    0.528160112262));
#2695 = CARTESIAN_POINT('',(23.002776775755,2.512670903688,
    2.067041313463));
#2696 = CARTESIAN_POINT('',(23.185275546371,1.193304661632,
    3.240195153046));
#2697 = CARTESIAN_POINT('',(23.36755359431,-0.690674502808,
    3.472550941852));
#2698 = CARTESIAN_POINT('',(23.549881887358,-2.342530746275,
    2.536832870416));
#2699 = CARTESIAN_POINT('',(23.732336457501,-3.11237346599,
    0.948200136533));
#2700 = CARTESIAN_POINT('',(23.914609831576,-2.922490325766,
    -0.638885913008));
#2701 = CARTESIAN_POINT('',(24.097003970454,-2.054626832881,
    -1.752029827659));
#2702 = CARTESIAN_POINT('',(24.279357704561,-0.920330000875,
    -2.221873169971));
#2703 = CARTESIAN_POINT('',(24.461698817698,0.213965091019,
    -2.691723500122));
#2704 = CARTESIAN_POINT('',(24.64411549794,1.614762370692,
    -2.518232330993));
#2705 = CARTESIAN_POINT('',(24.826354885766,2.871254688231,
    -1.53038275515));
#2706 = CARTESIAN_POINT('',(25.008853656257,3.450207906958,
    0.137499249755));
#2707 = CARTESIAN_POINT('',(25.191131704276,2.943909051444,
    1.966987750254));
#2708 = CARTESIAN_POINT('',(25.373459997309,1.447280259952,
    3.135020120968));
#2709 = CARTESIAN_POINT('',(25.555914567422,-0.315031061897,
    3.238318625561));
#2710 = CARTESIAN_POINT('',(25.738187941534,-1.708642247552,
    2.455537941864));
#2711 = CARTESIAN_POINT('',(25.920582080391,-2.404936146762,
    1.227754889792));
#2712 = CARTESIAN_POINT('',(26.102935814502,-2.404938189216,
    -4.487740250731E-13));
#2713 = CARTESIAN_POINT('',(26.285277344318,-2.404947225149,
    -1.227756153408));
#2714 = CARTESIAN_POINT('',(26.467691821762,-1.708601052448,
    -2.45553085101));
#2715 = CARTESIAN_POINT('',(26.649937608551,-0.315106284141,
    -3.238347747113));
#2716 = CARTESIAN_POINT('',(26.832423031379,1.447367456073,
    -3.134953650631));
#2717 = CARTESIAN_POINT('',(27.014722785736,2.943848939352,
    -1.967089831683));
#2718 = CARTESIAN_POINT('',(27.197022541433,3.450226306272,
    -0.137384984955));
#2719 = CARTESIAN_POINT('',(27.379507963287,2.871263838588,
    1.530294404744));
#2720 = CARTESIAN_POINT('',(27.561753750578,1.61474837659,2.518279108668
    ));
#2721 = CARTESIAN_POINT('',(27.744168227851,0.213970870272,
    2.691708935558));
#2722 = CARTESIAN_POINT('',(27.926509757699,-0.920331284419,
    2.221875141368));
#2723 = CARTESIAN_POINT('',(28.108863075099,-2.054629630897,
    1.752035970459));
#2724 = CARTESIAN_POINT('',(28.291259416936,-2.922472369399,
    0.638855555399));
#2725 = CARTESIAN_POINT('',(28.473526391547,-3.112422975779,
    -0.948146868744));
#2726 = CARTESIAN_POINT('',(28.655994310368,-2.342443550599,
    -2.536884694843));
#2727 = CARTESIAN_POINT('',(28.838300895616,-0.69078368091,
    -3.472534567337));
#2728 = CARTESIAN_POINT('',(29.020607482441,1.193409609849,
    -3.240171540128));
#2729 = CARTESIAN_POINT('',(29.203075400089,2.512599080922,
    -2.067078642062));
#2730 = CARTESIAN_POINT('',(29.385342375344,2.944519499796,
    -0.528134165246));
#2731 = CARTESIAN_POINT('',(29.567738716922,2.568700594267,
    0.832392652362));
#2732 = CARTESIAN_POINT('',(29.750092034401,1.700548101925,
    1.700548101922));
#2733 = CARTESIAN_POINT('',(29.932433147478,0.832400019757,
    2.568709144399));
#2734 = CARTESIAN_POINT('',(30.114849827859,-0.528160112277,
    2.944486115153));
#2735 = CARTESIAN_POINT('',(30.297089215467,-2.067041313437,2.5126709037
    ));
#2736 = CARTESIAN_POINT('',(30.479587986202,-3.240195153079,
    1.193304661629));
#2737 = CARTESIAN_POINT('',(30.661866034025,-3.472550941821,
    -0.690674502816));
#2738 = CARTESIAN_POINT('',(30.844194327165,-2.536832870439,
    -2.342530746259));
#2739 = CARTESIAN_POINT('',(31.026648897242,-0.948200136517,
    -3.112373466003));
#2740 = CARTESIAN_POINT('',(31.208922271366,0.638885912996,
    -2.922490325759));
#2741 = CARTESIAN_POINT('',(31.391316410205,1.752029827668,
    -2.054626832884));
#2742 = CARTESIAN_POINT('',(31.57367014434,2.221873169965,
    -0.920330000874));
#2743 = CARTESIAN_POINT('',(31.756011674108,2.691723456998,
    0.213965322266));
#2744 = CARTESIAN_POINT('',(31.938426151657,2.518232515893,
    1.614761379423));
#2745 = CARTESIAN_POINT('',(32.120671938291,1.530382277573,2.8712572483)
  );
#2746 = CARTESIAN_POINT('',(32.303157361271,-0.137498345368,
    3.450203059217));
#2747 = CARTESIAN_POINT('',(32.485457115559,-1.966989093341,
    2.943916250553));
#2748 = CARTESIAN_POINT('',(32.667756871199,-3.135018509252,
    1.447271620985));
#2749 = CARTESIAN_POINT('',(32.850242293202,-3.238320208286,
    -0.315022578249));
#2750 = CARTESIAN_POINT('',(33.03248808033,-2.455536668227,
    -1.708649074526));
#2751 = CARTESIAN_POINT('',(33.214902557719,-1.22775572199,
    -2.404931685956));
#2752 = CARTESIAN_POINT('',(33.397244087511,4.314199445214E-07,
    -2.404940501748));
#2753 = CARTESIAN_POINT('',(5.35,-1.173974112367E-15,-2.536151308436));
#2754 = CARTESIAN_POINT('',(5.532343209637,1.294738985934,
    -2.536142690832));
#2755 = CARTESIAN_POINT('',(5.714752498495,2.589516573862,
    -1.801866761051));
#2756 = CARTESIAN_POINT('',(5.8970067552,3.414984296787,-0.332220775335)
  );
#2757 = CARTESIAN_POINT('',(6.079487826865,3.306076868722,1.526255476072
    ));
#2758 = CARTESIAN_POINT('',(6.26177589062,2.074299491011,3.104504426595)
  );
#2759 = CARTESIAN_POINT('',(6.444107888505,0.144992820922,3.63847020079)
  );
#2760 = CARTESIAN_POINT('',(6.626550311076,-1.613865772707,
    3.027891331632));
#2761 = CARTESIAN_POINT('',(6.808834286067,-2.655635826074,1.70286780317
    ));
#2762 = CARTESIAN_POINT('',(6.99122386399,-2.838575098642,0.225637645203
    ));
#2763 = CARTESIAN_POINT('',(7.173578109943,-2.343098285216,
    -0.97054308771));
#2764 = CARTESIAN_POINT('',(7.355921319575,-1.847615164431,
    -2.166722638943));
#2765 = CARTESIAN_POINT('',(7.538330608444,-0.6737427302,-3.081945918475
    ));
#2766 = CARTESIAN_POINT('',(7.720584865131,0.999925937566,
    -3.282169482256));
#2767 = CARTESIAN_POINT('',(7.903065936821,2.675257039506,
    -2.470344067672));
#2768 = CARTESIAN_POINT('',(8.08535400055,3.6619881473,-0.728360434283)
  );
#2769 = CARTESIAN_POINT('',(8.267685998457,3.416994498536,1.258426365388
    ));
#2770 = CARTESIAN_POINT('',(8.450128421012,2.179807134691,2.649741403239
    ));
#2771 = CARTESIAN_POINT('',(8.632412396013,0.556976876885,3.105146881296
    ));
#2772 = CARTESIAN_POINT('',(8.814801973929,-0.877813659606,
    2.708849223667));
#2773 = CARTESIAN_POINT('',(8.997156219887,-1.793329788311,
    1.793329788311));
#2774 = CARTESIAN_POINT('',(9.179499429513,-2.708842411561,0.87780497792
    ));
#2775 = CARTESIAN_POINT('',(9.361908718394,-3.105176934912,
    -0.556952523832));
#2776 = CARTESIAN_POINT('',(9.544162975065,-2.649674116989,
    -2.179842990822));
#2777 = CARTESIAN_POINT('',(9.726644046764,-1.258523776047,
    -3.416974969944));
#2778 = CARTESIAN_POINT('',(9.908932110503,0.728464895967,
    -3.661967368575));
#2779 = CARTESIAN_POINT('',(10.091264108377,2.47026154522,
    -2.675312359027));
#2780 = CARTESIAN_POINT('',(10.273706530977,3.282217925106,
    -0.999867061479));
#2781 = CARTESIAN_POINT('',(10.455990505938,3.081927472059,
    0.673708729887));
#2782 = CARTESIAN_POINT('',(10.638380083881,2.166725610174,
    1.847625792146));
#2783 = CARTESIAN_POINT('',(10.820734329826,0.970543087709,
    2.343098285215));
#2784 = CARTESIAN_POINT('',(11.003077539467,-0.225643059152,
    2.838565482743));
#2785 = CARTESIAN_POINT('',(11.185486828312,-1.702856804909,
    2.655672911497));
#2786 = CARTESIAN_POINT('',(11.367741085041,-3.027898709036,
    1.613789886776));
#2787 = CARTESIAN_POINT('',(11.550222156676,-3.638489436178,
    -0.144895351938));
#2788 = CARTESIAN_POINT('',(11.732510220461,-3.104445253797,
    -2.074388049357));
#2789 = CARTESIAN_POINT('',(11.91484221832,-1.526338164615,
    -3.306021797773));
#2790 = CARTESIAN_POINT('',(12.097284640912,0.332293708014,
    -3.415006521246));
#2791 = CARTESIAN_POINT('',(12.279568615886,1.801828289727,
    -2.589512542952));
#2792 = CARTESIAN_POINT('',(12.461958193822,2.536153646598,
    -1.294737663942));
#2793 = CARTESIAN_POINT('',(12.644312439766,2.536151308434,
    1.557470055635E-13));
#2794 = CARTESIAN_POINT('',(12.826655649414,2.536142690836,
    1.294738985933));
#2795 = CARTESIAN_POINT('',(13.009064938245,1.801866761043,
    2.589516573865));
#2796 = CARTESIAN_POINT('',(13.191319194995,0.332220775343,
    3.414984296781));
#2797 = CARTESIAN_POINT('',(13.373800266607,-1.526255476074,
    3.30607686873));
#2798 = CARTESIAN_POINT('',(13.556088330405,-3.104504426602,
    2.074299491003));
#2799 = CARTESIAN_POINT('',(13.73842032827,-3.638470200779,
    0.144992820926));
#2800 = CARTESIAN_POINT('',(13.92086275084,-3.02789133164,
    -1.613865772708));
#2801 = CARTESIAN_POINT('',(14.103146725839,-1.702867803167,
    -2.655635826074));
#2802 = CARTESIAN_POINT('',(14.285536303758,-0.225637645203,
    -2.838575098642));
#2803 = CARTESIAN_POINT('',(14.46789054971,0.970543087709,
    -2.343098285215));
#2804 = CARTESIAN_POINT('',(14.650233759349,2.166722638944,
    -1.847615164434));
#2805 = CARTESIAN_POINT('',(14.832643048201,3.081945918475,
    -0.673742730194));
#2806 = CARTESIAN_POINT('',(15.014897304918,3.282169482253,0.99992593756
    ));
#2807 = CARTESIAN_POINT('',(15.197378376566,2.470344067679,
    2.675257039509));
#2808 = CARTESIAN_POINT('',(15.379666440341,0.728360434271,
    3.661988147301));
#2809 = CARTESIAN_POINT('',(15.561998438209,-1.258426365375,
    3.416994498533));
#2810 = CARTESIAN_POINT('',(15.744440860791,-2.649741403249,
    2.179807134692));
#2811 = CARTESIAN_POINT('',(15.926724835775,-3.105146881291,
    0.556976876886));
#2812 = CARTESIAN_POINT('',(16.109114413703,-2.70884922367,
    -0.877813659608));
#2813 = CARTESIAN_POINT('',(16.291468659652,-1.79332978831,
    -1.79332978831));
#2814 = CARTESIAN_POINT('',(16.473811869292,-0.877804977925,
    -2.708842411565));
#2815 = CARTESIAN_POINT('',(16.656221158141,0.556952523842,
    -3.105176934906));
#2816 = CARTESIAN_POINT('',(16.838475414866,2.179842990809,
    -2.649674116994));
#2817 = CARTESIAN_POINT('',(17.0209564865,3.416974969956,-1.258523776047
    ));
#2818 = CARTESIAN_POINT('',(17.203244550292,3.66196736857,0.728464895972
    ));
#2819 = CARTESIAN_POINT('',(17.385576548141,2.675312359026,
    2.470261545216));
#2820 = CARTESIAN_POINT('',(17.568018970742,0.999867061482,
    3.282217925107));
#2821 = CARTESIAN_POINT('',(17.75030294571,-0.673708729888,
    3.081927472059));
#2822 = CARTESIAN_POINT('',(17.93269252365,-1.847625792147,
    2.166725610173));
#2823 = CARTESIAN_POINT('',(18.115046769592,-2.343098285214,
    0.970543087708));
#2824 = CARTESIAN_POINT('',(18.297389979243,-2.838565482746,
    -0.22564305915));
#2825 = CARTESIAN_POINT('',(18.479799268067,-2.655672911492,
    -1.702856804915));
#2826 = CARTESIAN_POINT('',(18.662053524829,-1.61378988678,
    -3.027898709027));
#2827 = CARTESIAN_POINT('',(18.844534596425,0.144895351939,
    -3.638489436188));
#2828 = CARTESIAN_POINT('',(19.026822660243,2.07438804936,-3.10444525379
    ));
#2829 = CARTESIAN_POINT('',(19.209154658085,3.30602179777,
    -1.526338164617));
#2830 = CARTESIAN_POINT('',(19.391597080678,3.415006521248,
    0.332293708013));
#2831 = CARTESIAN_POINT('',(19.573881055656,2.589512542951,
    1.801828289728));
#2832 = CARTESIAN_POINT('',(19.75627063359,1.294737663942,2.536153646598
    ));
#2833 = CARTESIAN_POINT('',(19.938624879534,-2.570665035007E-13,
    2.536151308434));
#2834 = CARTESIAN_POINT('',(20.120968089184,-1.294738985933,
    2.536142690837));
#2835 = CARTESIAN_POINT('',(20.303377378016,-2.589516573865,
    1.801866761043));
#2836 = CARTESIAN_POINT('',(20.485631634753,-3.414984296781,
    0.332220775341));
#2837 = CARTESIAN_POINT('',(20.668112706396,-3.306076868728,
    -1.526255476071));
#2838 = CARTESIAN_POINT('',(20.85040077015,-2.074299491009,
    -3.104504426604));
#2839 = CARTESIAN_POINT('',(21.03273276806,-0.144992820918,
    -3.638470200778));
#2840 = CARTESIAN_POINT('',(21.215175190593,1.613865772699,
    -3.027891331641));
#2841 = CARTESIAN_POINT('',(21.397459165619,2.655635826081,
    -1.702867803166));
#2842 = CARTESIAN_POINT('',(21.579848743519,2.838575098637,
    -0.225637645204));
#2843 = CARTESIAN_POINT('',(21.762202989483,2.343098285218,0.97054308771
    ));
#2844 = CARTESIAN_POINT('',(21.9445461991,1.847615164425,2.166722638943)
  );
#2845 = CARTESIAN_POINT('',(22.126955488009,0.673742730214,
    3.081945918472));
#2846 = CARTESIAN_POINT('',(22.309209744627,-0.999925937585,
    3.282169482269));
#2847 = CARTESIAN_POINT('',(22.491690816398,-2.675257039492,
    2.47034406765));
#2848 = CARTESIAN_POINT('',(22.673978880062,-3.661988147301,
    0.728360434306));
#2849 = CARTESIAN_POINT('',(22.856310878001,-3.416994498546,
    -1.258426365404));
#2850 = CARTESIAN_POINT('',(23.038753300551,-2.179807134681,
    -2.649741403233));
#2851 = CARTESIAN_POINT('',(23.22103727555,-0.556976876889,
    -3.105146881299));
#2852 = CARTESIAN_POINT('',(23.403426853463,0.877813659605,
    -2.708849223665));
#2853 = CARTESIAN_POINT('',(23.585781099429,1.793329788313,
    -1.793329788314));
#2854 = CARTESIAN_POINT('',(23.768124309037,2.708842411557,
    -0.877804977914));
#2855 = CARTESIAN_POINT('',(23.950533597956,3.105176934916,0.55695252382
    ));
#2856 = CARTESIAN_POINT('',(24.132787854573,2.649674116989,
    2.179842990839));
#2857 = CARTESIAN_POINT('',(24.315268926323,1.258523776042,3.41697496993
    ));
#2858 = CARTESIAN_POINT('',(24.497556990036,-0.728464895961,
    3.66196736858));
#2859 = CARTESIAN_POINT('',(24.679888987905,-2.470261545224,
    2.675312359032));
#2860 = CARTESIAN_POINT('',(24.862331410528,-3.282217925106,
    0.99986706147));
#2861 = CARTESIAN_POINT('',(25.044615385465,-3.081927472057,
    -0.673708729881));
#2862 = CARTESIAN_POINT('',(25.227004963421,-2.166725610175,
    -1.847625792148));
#2863 = CARTESIAN_POINT('',(25.409359209363,-0.970543087709,
    -2.343098285215));
#2864 = CARTESIAN_POINT('',(25.591702419005,0.225643059152,
    -2.838565482743));
#2865 = CARTESIAN_POINT('',(25.77411170785,1.70285680491,-2.655672911497
    ));
#2866 = CARTESIAN_POINT('',(25.956365964576,3.027898709033,
    -1.613789886776));
#2867 = CARTESIAN_POINT('',(26.138847036216,3.638489436182,0.14489535194
    ));
#2868 = CARTESIAN_POINT('',(26.321135099997,3.104445253793,
    2.074388049352));
#2869 = CARTESIAN_POINT('',(26.503467097857,1.526338164618,
    3.306021797779));
#2870 = CARTESIAN_POINT('',(26.68590952045,-0.332293708014,
    3.415006521243));
#2871 = CARTESIAN_POINT('',(26.868193495423,-1.801828289727,
    2.589512542953));
#2872 = CARTESIAN_POINT('',(27.050583073359,-2.536153646598,
    1.294737663942));
#2873 = CARTESIAN_POINT('',(27.232937319304,-2.536151308435,
    -2.224406284369E-13));
#2874 = CARTESIAN_POINT('',(27.415280893309,-2.5361427399,
    -1.294738768899));
#2875 = CARTESIAN_POINT('',(27.597688255925,-1.801866550725,
    -2.5895175042));
#2876 = CARTESIAN_POINT('',(27.779948108204,-0.332221318516,
    -3.41498189409));
#2877 = CARTESIAN_POINT('',(27.962417508023,1.526256504623,
    -3.306081418438));
#2878 = CARTESIAN_POINT('',(28.144724552842,3.104502899166,
    -2.07429273452));
#2879 = CARTESIAN_POINT('',(28.327031596319,3.638472033703,
    -0.145000928708));
#2880 = CARTESIAN_POINT('',(28.509500997117,3.027889531675,
    1.613873734701));
#2881 = CARTESIAN_POINT('',(28.691760848885,1.702869251635,
    2.655629418895));
#2882 = CARTESIAN_POINT('',(28.874168211682,0.225636698761,2.83857928515
    ));
#2883 = CARTESIAN_POINT('',(29.05651178565,-0.970542597063,
    2.343096114881));
#2884 = CARTESIAN_POINT('',(29.238865667268,-2.166723585386,
    1.84761935094));
#2885 = CARTESIAN_POINT('',(29.421257171264,-3.081944470005,
    0.673736323022));
#2886 = CARTESIAN_POINT('',(29.603535551162,-3.282171282223,
    -0.999917975577));
#2887 = CARTESIAN_POINT('',(29.785989644662,-2.470342234743,
    -2.675265147282));
#2888 = CARTESIAN_POINT('',(29.968302662729,-0.72836196173,
    -3.661981390821));
#2889 = CARTESIAN_POINT('',(30.150615679664,1.258427393954,
    -3.41699904824));
#2890 = CARTESIAN_POINT('',(30.333069773968,2.649740860048,
    -2.179804732005));
#2891 = CARTESIAN_POINT('',(30.51534815348,3.105147091629,
    -0.556977807214));
#2892 = CARTESIAN_POINT('',(30.697739657579,2.708849174594,
    0.877813876635));
#2893 = CARTESIAN_POINT('',(30.880093539201,1.793329788315,
    1.793329788314));
#2894 = CARTESIAN_POINT('',(31.06243674879,0.877804977906,2.708842411553
    ));
#2895 = CARTESIAN_POINT('',(31.244846037758,-0.556952523801,
    3.105176934919));
#2896 = CARTESIAN_POINT('',(31.427100294291,-2.179842990871,
    2.649674116996));
#2897 = CARTESIAN_POINT('',(31.609581366147,-3.41697496989,
    1.258523776021));
#2898 = CARTESIAN_POINT('',(31.791869429758,-3.661967368614,
    -0.72846489593));
#2899 = CARTESIAN_POINT('',(31.974201427706,-2.67531235901,
    -2.470261545252));
#2900 = CARTESIAN_POINT('',(32.156643850274,-0.999867061483,
    -3.282217925088));
#2901 = CARTESIAN_POINT('',(32.338927825253,0.67370872989,
    -3.081927472067));
#2902 = CARTESIAN_POINT('',(32.521317403175,1.847625792141,
    -2.16672561017));
#2903 = CARTESIAN_POINT('',(32.703671649141,2.34309828522,
    -0.970543087712));
#2904 = CARTESIAN_POINT('',(32.886015223104,2.838565445004,
    0.225642839872));
#2905 = CARTESIAN_POINT('',(33.068422585811,2.655673073232,
    1.702857744892));
#2906 = CARTESIAN_POINT('',(33.250682437956,1.613789469116,
    3.027896281405));
#2907 = CARTESIAN_POINT('',(33.433151837902,-0.144894561097,
    3.638494033143));
#2908 = CARTESIAN_POINT('',(33.615458882671,-2.074389223764,
    3.104438427098));
#2909 = CARTESIAN_POINT('',(33.797765926086,-3.306020388486,
    1.526346356685));
#2910 = CARTESIAN_POINT('',(33.980235327027,-3.415007905204,
    -0.332301752793));
#2911 = CARTESIAN_POINT('',(34.162495178644,-2.589511429243,
    -1.801821815927));
#2912 = CARTESIAN_POINT('',(34.344902541545,-1.294738391654,
    -2.536157876633));
#2913 = CARTESIAN_POINT('',(34.527246115463,3.772547965317E-07,
    -2.536149115538));
#2914 = CARTESIAN_POINT('',(5.35,-2.086004979862E-15,-3.45));
#2915 = CARTESIAN_POINT('',(5.532357810994,1.761255024282,
    -3.449991347542));
#2916 = CARTESIAN_POINT('',(5.714715621964,3.522656394227,
    -2.451113411728));
#2917 = CARTESIAN_POINT('',(5.89707343308,4.645380318625,-0.451993889124
    ));
#2918 = CARTESIAN_POINT('',(6.079431243748,4.497498157853,2.07634231349)
  );
#2919 = CARTESIAN_POINT('',(6.26178905531,2.821625718703,4.22295842377)
  );
#2920 = CARTESIAN_POINT('',(6.444146865621,0.197271474593,4.949707739772
    ));
#2921 = CARTESIAN_POINT('',(6.626504677192,-2.195374371062,
    4.118795365463));
#2922 = CARTESIAN_POINT('',(6.808862487851,-3.612557826155,
    2.316520013578));
#2923 = CARTESIAN_POINT('',(6.991220298969,-3.86138940988,0.306928618544
    ));
#2924 = CARTESIAN_POINT('',(7.173578109942,-3.187384387164,
    -1.32025784166));
#2925 = CARTESIAN_POINT('',(7.355935920936,-2.513373275371,
    -2.947441998973));
#2926 = CARTESIAN_POINT('',(7.538293731906,-0.916471272978,
    -4.192510636214));
#2927 = CARTESIAN_POINT('',(7.720651543022,1.360122181996,
    -4.464742370005));
#2928 = CARTESIAN_POINT('',(7.903009353689,3.63940819802,-3.360564692255
    ));
#2929 = CARTESIAN_POINT('',(8.085367165253,4.98129426925,-0.990786025579
    ));
#2930 = CARTESIAN_POINT('',(8.267724975562,4.648426197693,1.711916069344
    ));
#2931 = CARTESIAN_POINT('',(8.450082787135,2.965137337111,3.604456195281
    ));
#2932 = CARTESIAN_POINT('',(8.632440597793,0.757719398665,4.224062065541
    ));
#2933 = CARTESIAN_POINT('',(8.814798408912,-1.194124684454,
    3.684915140078));
#2934 = CARTESIAN_POINT('',(8.997156219884,-2.439518395095,
    2.439518395095));
#2935 = CARTESIAN_POINT('',(9.179514030878,-3.684907647947,1.19411690581
    ));
#2936 = CARTESIAN_POINT('',(9.36187184185,-4.224093139043,
    -0.757695309251));
#2937 = CARTESIAN_POINT('',(9.544229652962,-3.604387868541,
    -2.965171980445));
#2938 = CARTESIAN_POINT('',(9.726587463634,-1.712015715858,
    -4.648407175718));
#2939 = CARTESIAN_POINT('',(9.908945275194,0.990891858448,
    -4.981273217781));
#2940 = CARTESIAN_POINT('',(10.091303085504,3.360479910268,
    -3.63946390511));
#2941 = CARTESIAN_POINT('',(10.273660897078,4.46479223826,
    -1.360064028209));
#2942 = CARTESIAN_POINT('',(10.456018707735,4.192491146656,
    0.916437125941));
#2943 = CARTESIAN_POINT('',(10.638376518854,2.947445944043,
    2.513383329018));
#2944 = CARTESIAN_POINT('',(10.820734329827,1.320257841659,
    3.187384387163));
#2945 = CARTESIAN_POINT('',(11.00309214082,-0.306932937958,
    3.861379511299));
#2946 = CARTESIAN_POINT('',(11.185449951789,-2.316509649183,
    3.612595752942));
#2947 = CARTESIAN_POINT('',(11.367807762909,-4.118801224203,
    2.195297987958));
#2948 = CARTESIAN_POINT('',(11.550165573571,-4.94972829885,
    -0.197172133818));
#2949 = CARTESIAN_POINT('',(11.732523385138,-4.222898474247,
    -2.821715439488));
#2950 = CARTESIAN_POINT('',(11.914881195448,-2.076426224796,
    -4.497441147677));
#2951 = CARTESIAN_POINT('',(12.097239007018,0.452066699967,
    -4.645404136402));
#2952 = CARTESIAN_POINT('',(12.279596817678,2.451074405654,
    -3.522651455726));
#2953 = CARTESIAN_POINT('',(12.461954628795,3.450002145612,
    -1.761254821686));
#2954 = CARTESIAN_POINT('',(12.644312439769,3.449999999999,
    -8.422770120922E-14));
#2955 = CARTESIAN_POINT('',(12.826670250763,3.449991347546,
    1.761255024281));
#2956 = CARTESIAN_POINT('',(13.009028061731,2.451113411719,3.52265639423
    ));
#2957 = CARTESIAN_POINT('',(13.191385872851,0.451993889134,
    4.645380318618));
#2958 = CARTESIAN_POINT('',(13.373743683515,-2.076342313495,
    4.497498157865));
#2959 = CARTESIAN_POINT('',(13.556101495077,-4.222958423773,
    2.821625718689));
#2960 = CARTESIAN_POINT('',(13.738459305394,-4.949707739763,
    0.197271474603));
#2961 = CARTESIAN_POINT('',(13.920817116957,-4.118795365471,
    -2.195374371066));
#2962 = CARTESIAN_POINT('',(14.103174927622,-2.316520013575,
    -3.612557826155));
#2963 = CARTESIAN_POINT('',(14.285532738737,-0.306928618545,
    -3.86138940988));
#2964 = CARTESIAN_POINT('',(14.467890549711,1.320257841659,
    -3.187384387164));
#2965 = CARTESIAN_POINT('',(14.650248360705,2.947441998974,
    -2.513373275374));
#2966 = CARTESIAN_POINT('',(14.832606171674,4.192510636214,
    -0.916471272972));
#2967 = CARTESIAN_POINT('',(15.014963982792,4.464742370003,
    1.360122181989));
#2968 = CARTESIAN_POINT('',(15.197321793458,3.360564692263,
    3.639408198024));
#2969 = CARTESIAN_POINT('',(15.37967960502,0.990786025564,4.981294269252
    ));
#2970 = CARTESIAN_POINT('',(15.562037415334,-1.711916069326,
    4.64842619769));
#2971 = CARTESIAN_POINT('',(15.744395226901,-3.604456195295,
    2.965137337112));
#2972 = CARTESIAN_POINT('',(15.926753037563,-4.224062065534,
    0.757719398667));
#2973 = CARTESIAN_POINT('',(16.10911084868,-3.684915140081,
    -1.194124684457));
#2974 = CARTESIAN_POINT('',(16.291468659653,-2.439518395093,
    -2.439518395093));
#2975 = CARTESIAN_POINT('',(16.473826470647,-1.194116905815,
    -3.684907647951));
#2976 = CARTESIAN_POINT('',(16.656184281616,0.757695309261,
    -4.224093139038));
#2977 = CARTESIAN_POINT('',(16.838542092734,2.96517198043,
    -3.604387868545));
#2978 = CARTESIAN_POINT('',(17.020899903401,4.648407175732,
    -1.712015715862));
#2979 = CARTESIAN_POINT('',(17.203257714962,4.981273217773,0.99089185846
    ));
#2980 = CARTESIAN_POINT('',(17.385615525276,3.639463905112,
    3.360479910255));
#2981 = CARTESIAN_POINT('',(17.567973336843,1.36006402821,4.464792238267
    ));
#2982 = CARTESIAN_POINT('',(17.750331147505,-0.916437125942,
    4.192491146654));
#2983 = CARTESIAN_POINT('',(17.932688958622,-2.513383329019,
    2.947445944043));
#2984 = CARTESIAN_POINT('',(18.115046769595,-3.187384387162,
    1.320257841659));
#2985 = CARTESIAN_POINT('',(18.297404580589,-3.861379511303,
    -0.306932937956));
#2986 = CARTESIAN_POINT('',(18.479762391557,-3.612595752936,
    -2.316509649188));
#2987 = CARTESIAN_POINT('',(18.662120202679,-2.195297987963,
    -4.118801224195));
#2988 = CARTESIAN_POINT('',(18.844478013339,0.197172133819,
    -4.94972829886));
#2989 = CARTESIAN_POINT('',(19.026835824906,2.821715439492,
    -4.222898474238));
#2990 = CARTESIAN_POINT('',(19.209193635219,4.497441147671,
    -2.076426224801));
#2991 = CARTESIAN_POINT('',(19.391551446784,4.645404136407,
    0.452066699968));
#2992 = CARTESIAN_POINT('',(19.573909257448,3.522651455724,
    2.451074405655));
#2993 = CARTESIAN_POINT('',(19.756267068564,1.761254821687,
    3.450002145612));
#2994 = CARTESIAN_POINT('',(19.938624879537,1.585567614704E-13,
    3.449999999998));
#2995 = CARTESIAN_POINT('',(20.120982690532,-1.761255024282,
    3.449991347548));
#2996 = CARTESIAN_POINT('',(20.303340501499,-3.522656394229,
    2.451113411718));
#2997 = CARTESIAN_POINT('',(20.485698312623,-4.64538031862,
    0.451993889134));
#2998 = CARTESIAN_POINT('',(20.668056123278,-4.497498157859,
    -2.076342313494));
#2999 = CARTESIAN_POINT('',(20.850413934853,-2.821625718699,
    -4.222958423773));
#3000 = CARTESIAN_POINT('',(21.032771745156,-0.197271474591,
    -4.949707739763));
#3001 = CARTESIAN_POINT('',(21.21512955673,2.195374371055,
    -4.118795365471));
#3002 = CARTESIAN_POINT('',(21.397487367388,3.612557826162,
    -2.316520013573));
#3003 = CARTESIAN_POINT('',(21.579845178507,3.861389409875,
    -0.306928618546));
#3004 = CARTESIAN_POINT('',(21.762202989479,3.187384387166,
    1.320257841661));
#3005 = CARTESIAN_POINT('',(21.944560800473,2.513373275364,
    2.947441998971));
#3006 = CARTESIAN_POINT('',(22.126918611445,0.916471272993,
    4.192510636214));
#3007 = CARTESIAN_POINT('',(22.309276422557,-1.360122182018,
    4.464742370014));
#3008 = CARTESIAN_POINT('',(22.491634233228,-3.639408197998,
    3.360564692238));
#3009 = CARTESIAN_POINT('',(22.673992044793,-4.981294269262,
    0.990786025598));
#3010 = CARTESIAN_POINT('',(22.856349855094,-4.648426197692,
    -1.711916069356));
#3011 = CARTESIAN_POINT('',(23.038707666678,-2.965137337106,
    -3.604456195277));
#3012 = CARTESIAN_POINT('',(23.221065477327,-0.757719398667,
    -4.224062065542));
#3013 = CARTESIAN_POINT('',(23.40342328845,1.194124684453,
    -3.684915140076));
#3014 = CARTESIAN_POINT('',(23.585781099422,2.439518395097,
    -2.439518395096));
#3015 = CARTESIAN_POINT('',(23.768138910414,3.684907647942,
    -1.194116905805));
#3016 = CARTESIAN_POINT('',(23.95049672139,4.22409313905,0.75769530924)
  );
#3017 = CARTESIAN_POINT('',(24.132854532494,3.604387868537,
    2.965171980462));
#3018 = CARTESIAN_POINT('',(24.315212343178,1.712015715857,4.6484071757)
  );
#3019 = CARTESIAN_POINT('',(24.497570154727,-0.990891858445,
    4.981273217791));
#3020 = CARTESIAN_POINT('',(24.679927965043,-3.36047991027,
    3.639463905112));
#3021 = CARTESIAN_POINT('',(24.862285776616,-4.46479223826,
    1.360064028202));
#3022 = CARTESIAN_POINT('',(25.044643587271,-4.192491146655,
    -0.916437125935));
#3023 = CARTESIAN_POINT('',(25.227001398391,-2.947445944043,
    -2.51338332902));
#3024 = CARTESIAN_POINT('',(25.409359209364,-1.320257841659,
    -3.187384387163));
#3025 = CARTESIAN_POINT('',(25.591717020358,0.306932937958,
    -3.861379511299));
#3026 = CARTESIAN_POINT('',(25.774074831326,2.316509649184,
    -3.612595752942));
#3027 = CARTESIAN_POINT('',(25.956432642447,4.118801224202,
    -2.195297987958));
#3028 = CARTESIAN_POINT('',(26.138790453108,4.949728298852,
    0.197172133819));
#3029 = CARTESIAN_POINT('',(26.321148264676,4.222898474245,
    2.821715439485));
#3030 = CARTESIAN_POINT('',(26.503506074984,2.076426224797,
    4.497441147681));
#3031 = CARTESIAN_POINT('',(26.685863886555,-0.452066699968,4.6454041364
    ));
#3032 = CARTESIAN_POINT('',(26.868221697215,-2.451074405654,
    3.522651455727));
#3033 = CARTESIAN_POINT('',(27.050579508333,-3.450002145611,
    1.761254821686));
#3034 = CARTESIAN_POINT('',(27.232937319306,-3.449999999999,
    9.819178107488E-14));
#3035 = CARTESIAN_POINT('',(27.4152951303,-3.449991431464,
    -1.761254821684));
#3036 = CARTESIAN_POINT('',(27.597652941266,-2.451113051996,
    -3.522657262682));
#3037 = CARTESIAN_POINT('',(27.780010752395,-0.451994818161,
    -4.645378075746));
#3038 = CARTESIAN_POINT('',(27.96236856304,2.076344072692,
    -4.497502404941));
#3039 = CARTESIAN_POINT('',(28.144726374632,4.222955811298,
    -2.821619411624));
#3040 = CARTESIAN_POINT('',(28.32708418491,4.949710874734,
    -0.197279043085));
#3041 = CARTESIAN_POINT('',(28.509441996513,4.118792286871,
    2.195381803458));
#3042 = CARTESIAN_POINT('',(28.691799807145,2.316522490986,
    3.612551845155));
#3043 = CARTESIAN_POINT('',(28.874157618283,0.306926999783,
    3.861393317919));
#3044 = CARTESIAN_POINT('',(29.056515429244,-1.320257002474,
    3.187382361191));
#3045 = CARTESIAN_POINT('',(29.23887324025,-2.947443617736,2.51337718341
    ));
#3046 = CARTESIAN_POINT('',(29.421231051199,-4.192508158802,
    0.916465291978));
#3047 = CARTESIAN_POINT('',(29.603588862345,-4.464745448605,
    -1.360114749605));
#3048 = CARTESIAN_POINT('',(29.785946672977,-3.360561557282,
    -3.639415766498));
#3049 = CARTESIAN_POINT('',(29.968304484575,-0.99078863806,
    -4.98128796219));
#3050 = CARTESIAN_POINT('',(30.150662294856,1.711917828552,
    -4.648430444763));
#3051 = CARTESIAN_POINT('',(30.333020106448,3.604455266242,
    -2.965135094246));
#3052 = CARTESIAN_POINT('',(30.515377917095,4.224062425275,
    -0.757720267109));
#3053 = CARTESIAN_POINT('',(30.697735728219,3.684915056153,
    1.194124887045));
#3054 = CARTESIAN_POINT('',(30.88009353919,2.439518395098,2.439518395099
    ));
#3055 = CARTESIAN_POINT('',(31.062451350182,1.194116905798,
    3.684907647936));
#3056 = CARTESIAN_POINT('',(31.244809161161,-0.757695309222,
    4.224093139056));
#3057 = CARTESIAN_POINT('',(31.427166972258,-2.965171980494,
    3.604387868538));
#3058 = CARTESIAN_POINT('',(31.609524782952,-4.648407175659,
    1.712015715843));
#3059 = CARTESIAN_POINT('',(31.791882594493,-4.981273217828,
    -0.990891858421));
#3060 = CARTESIAN_POINT('',(31.97424040481,-3.639463905086,
    -3.360479910294));
#3061 = CARTESIAN_POINT('',(32.156598216388,-1.360064028218,
    -4.464792238244));
#3062 = CARTESIAN_POINT('',(32.338956027037,0.916437125946,
    -4.192491146663));
#3063 = CARTESIAN_POINT('',(32.521313838161,2.513383329012,
    -2.947445944039));
#3064 = CARTESIAN_POINT('',(32.703671649132,3.187384387169,
    -1.320257841661));
#3065 = CARTESIAN_POINT('',(32.886029460125,3.861379511284,
    0.306932718675));
#3066 = CARTESIAN_POINT('',(33.068387271099,3.612595752967,
    2.316510589172));
#3067 = CARTESIAN_POINT('',(33.250745082212,2.195297987934,
    4.118798796565));
#3068 = CARTESIAN_POINT('',(33.433102892874,-0.197172133812,
    4.949732895824));
#3069 = CARTESIAN_POINT('',(33.615460704461,-2.82171543947,
    4.222891647537));
#3070 = CARTESIAN_POINT('',(33.797818514725,-4.497441147706,
    2.076434416882));
#3071 = CARTESIAN_POINT('',(33.980176326352,-4.645404136381,
    -0.452074744766));
#3072 = CARTESIAN_POINT('',(34.162534136964,-3.522651455733,
    -2.451067931836));
#3073 = CARTESIAN_POINT('',(34.344891948112,-1.761254821687,
    -3.45000637566));
#3074 = CARTESIAN_POINT('',(34.52724975907,9.596498942721E-13,
    -3.449997807095));
#3075 = DEFINITIONAL_REPRESENTATION('',(#3076),#3080);
#3076 = LINE('',#3077,#3078);
#3077 = CARTESIAN_POINT('',(6.28318530718,0.));
#3078 = VECTOR('',#3079,1.);
#3079 = DIRECTION('',(0.,1.));
#3080 = ( GEOMETRIC_REPRESENTATION_CONTEXT(2) 
PARAMETRIC_REPRESENTATION_CONTEXT() REPRESENTATION_CONTEXT('2D SPACE',''
  ) );
#3081 = PCURVE('',#1947,#3082);
#3082 = DEFINITIONAL_REPRESENTATION('',(#3083),#3087);
#3083 = LINE('',#3084,#3085);
#3084 = CARTESIAN_POINT('',(0.,0.));
#3085 = VECTOR('',#3086,1.);
#3086 = DIRECTION('',(0.,1.));
#3087 = ( GEOMETRIC_REPRESENTATION_CONTEXT(2) 
PARAMETRIC_REPRESENTATION_CONTEXT() REPRESENTATION_CONTEXT('2D SPACE',''
  ) );
#3088 = ORIENTED_EDGE('',*,*,#3089,.F.);
#3089 = EDGE_CURVE('',#1781,#1781,#3090,.T.);
#3090 = SURFACE_CURVE('',#3091,(#3099,#3106),.PCURVE_S1.);
#3091 = ( BOUNDED_CURVE() B_SPLINE_CURVE(6,(#3092,#3093,#3094,#3095,
#3096,#3097,#3098),.UNSPECIFIED.,.T.,.F.) B_SPLINE_CURVE_WITH_KNOTS((1,6
    ,6,1),(-6.28318530718,0.,6.28318530718,12.566370614359),
.UNSPECIFIED.) CURVE() GEOMETRIC_REPRESENTATION_ITEM() 
RATIONAL_B_SPLINE_CURVE((1.669078461068,1.03672962321,1.038346699848,
    0.853534330196,1.038346699848,1.03672962321,1.669078461068)) 
REPRESENTATION_ITEM('') );
#3092 = CARTESIAN_POINT('',(34.52724975907,9.596498942721E-13,
    -3.449997807095));
#3093 = CARTESIAN_POINT('',(34.527253402677,-3.772528807521E-07,
    -4.363846498651));
#3094 = CARTESIAN_POINT('',(33.397252421044,-4.314221939482E-07,
    -4.495064123301));
#3095 = CARTESIAN_POINT('',(32.465235452532,-2.843736964658E-12,
    -3.450006028553));
#3096 = CARTESIAN_POINT('',(33.397244087511,4.314199445214E-07,
    -2.404940501748));
#3097 = CARTESIAN_POINT('',(34.527246115463,3.772547965317E-07,
    -2.536149115538));
#3098 = CARTESIAN_POINT('',(34.52724975907,9.596498942721E-13,
    -3.449997807095));
#3099 = PCURVE('',#1947,#3100);
#3100 = DEFINITIONAL_REPRESENTATION('',(#3101),#3105);
#3101 = LINE('',#3102,#3103);
#3102 = CARTESIAN_POINT('',(0.,86.736177450011));
#3103 = VECTOR('',#3104,1.);
#3104 = DIRECTION('',(1.,0.));
#3105 = ( GEOMETRIC_REPRESENTATION_CONTEXT(2) 
PARAMETRIC_REPRESENTATION_CONTEXT() REPRESENTATION_CONTEXT('2D SPACE',''
  ) );
#3106 = PCURVE('',#3107,#3112);
#3107 = PLANE('',#3108);
#3108 = AXIS2_PLACEMENT_3D('',#3109,#3110,#3111);
#3109 = CARTESIAN_POINT('',(33.977336891854,-5.51016292645E-14,
    -3.449999999653));
#3110 = DIRECTION('',(-1.98724266559E-13,1.,-4.12818710673E-07));
#3111 = DIRECTION('',(1.110223024625E-16,-4.12818710673E-07,-1.));
#3112 = DEFINITIONAL_REPRESENTATION('',(#3113),#3121);
#3113 = ( BOUNDED_CURVE() B_SPLINE_CURVE(6,(#3114,#3115,#3116,#3117,
#3118,#3119,#3120),.UNSPECIFIED.,.T.,.F.) B_SPLINE_CURVE_WITH_KNOTS((1,6
    ,6,1),(-6.28318530718,0.,6.28318530718,12.566370614359),
.UNSPECIFIED.) CURVE() GEOMETRIC_REPRESENTATION_ITEM() 
RATIONAL_B_SPLINE_CURVE((1.669078461068,1.03672962321,1.038346699848,
    0.853534330196,1.038346699848,1.03672962321,1.669078461068)) 
REPRESENTATION_ITEM('') );
#3114 = CARTESIAN_POINT('',(-2.192558019587E-06,-0.549912867216));
#3115 = CARTESIAN_POINT('',(0.913846498999,-0.549916510823));
#3116 = CARTESIAN_POINT('',(1.045064123649,0.580084470809));
#3117 = CARTESIAN_POINT('',(6.028900815913E-06,1.512101439322));
#3118 = CARTESIAN_POINT('',(-1.045059497905,0.580092804343));
#3119 = CARTESIAN_POINT('',(-0.913850884115,-0.54990922361));
#3120 = CARTESIAN_POINT('',(-2.192558019587E-06,-0.549912867216));
#3121 = ( GEOMETRIC_REPRESENTATION_CONTEXT(2) 
PARAMETRIC_REPRESENTATION_CONTEXT() REPRESENTATION_CONTEXT('2D SPACE',''
  ) );
#3122 = ORIENTED_EDGE('',*,*,#1778,.F.);
#3123 = ORIENTED_EDGE('',*,*,#3124,.T.);
#3124 = EDGE_CURVE('',#1779,#1779,#3125,.T.);
#3125 = SURFACE_CURVE('',#3126,(#3134,#3141),.PCURVE_S1.);
#3126 = ( BOUNDED_CURVE() B_SPLINE_CURVE(6,(#3127,#3128,#3129,#3130,
#3131,#3132,#3133),.UNSPECIFIED.,.T.,.F.) B_SPLINE_CURVE_WITH_KNOTS((1,6
    ,6,1),(-6.28318530718,0.,6.28318530718,12.566370614359),
.UNSPECIFIED.) CURVE() GEOMETRIC_REPRESENTATION_ITEM() 
RATIONAL_B_SPLINE_CURVE((1.669078461068,1.03672962321,1.038346699848,
    0.853534330196,1.038346699848,1.03672962321,1.669078461068)) 
REPRESENTATION_ITEM('') );
#3127 = CARTESIAN_POINT('',(5.35,-2.086004979862E-15,-3.45));
#3128 = CARTESIAN_POINT('',(5.35,-1.817990202824E-15,-4.363848691564));
#3129 = CARTESIAN_POINT('',(4.219998495199,-1.076829597713E-15,
    -4.495061810785));
#3130 = CARTESIAN_POINT('',(3.287985693445,-2.305881180442E-15,-3.45));
#3131 = CARTESIAN_POINT('',(4.219998495199,-4.362829542082E-16,
    -2.404938189215));
#3132 = CARTESIAN_POINT('',(5.35,-1.173974112367E-15,-2.536151308436));
#3133 = CARTESIAN_POINT('',(5.35,-2.086004979862E-15,-3.45));
#3134 = PCURVE('',#1947,#3135);
#3135 = DEFINITIONAL_REPRESENTATION('',(#3136),#3140);
#3136 = LINE('',#3137,#3138);
#3137 = CARTESIAN_POINT('',(0.,0.));
#3138 = VECTOR('',#3139,1.);
#3139 = DIRECTION('',(1.,0.));
#3140 = ( GEOMETRIC_REPRESENTATION_CONTEXT(2) 
PARAMETRIC_REPRESENTATION_CONTEXT() REPRESENTATION_CONTEXT('2D SPACE',''
  ) );
#3141 = PCURVE('',#3142,#3147);
#3142 = PLANE('',#3143);
#3143 = AXIS2_PLACEMENT_3D('',#3144,#3145,#3146);
#3144 = CARTESIAN_POINT('',(4.800087132779,-1.606616229818E-15,-3.45));
#3145 = DIRECTION('',(5.703508082682E-16,1.,-3.319546565548E-16));
#3146 = DIRECTION('',(1.,-5.703508082682E-16,1.110223024625E-16));
#3147 = DEFINITIONAL_REPRESENTATION('',(#3148),#3156);
#3148 = ( BOUNDED_CURVE() B_SPLINE_CURVE(6,(#3149,#3150,#3151,#3152,
#3153,#3154,#3155),.UNSPECIFIED.,.T.,.F.) B_SPLINE_CURVE_WITH_KNOTS((1,6
    ,6,1),(-6.28318530718,0.,6.28318530718,12.566370614359),
.UNSPECIFIED.) CURVE() GEOMETRIC_REPRESENTATION_ITEM() 
RATIONAL_B_SPLINE_CURVE((1.669078461068,1.03672962321,1.038346699848,
    0.853534330196,1.038346699848,1.03672962321,1.669078461068)) 
REPRESENTATION_ITEM('') );
#3149 = CARTESIAN_POINT('',(0.549912867221,-3.10862446895E-15));
#3150 = CARTESIAN_POINT('',(0.549912867221,0.913848691564));
#3151 = CARTESIAN_POINT('',(-0.580088637581,1.045061810785));
#3152 = CARTESIAN_POINT('',(-1.512101439334,2.22044604925E-15));
#3153 = CARTESIAN_POINT('',(-0.580088637581,-1.045061810785));
#3154 = CARTESIAN_POINT('',(0.549912867221,-0.913848691564));
#3155 = CARTESIAN_POINT('',(0.549912867221,-3.10862446895E-15));
#3156 = ( GEOMETRIC_REPRESENTATION_CONTEXT(2) 
PARAMETRIC_REPRESENTATION_CONTEXT() REPRESENTATION_CONTEXT('2D SPACE',''
  ) );
#3157 = ADVANCED_FACE('',(#3158),#3142,.F.);
#3158 = FACE_BOUND('',#3159,.F.);
#3159 = EDGE_LOOP('',(#3160));
#3160 = ORIENTED_EDGE('',*,*,#3124,.T.);
#3161 = ADVANCED_FACE('',(#3162),#3107,.T.);
#3162 = FACE_BOUND('',#3163,.T.);
#3163 = EDGE_LOOP('',(#3164));
#3164 = ORIENTED_EDGE('',*,*,#3089,.T.);
#3165 = ( GEOMETRIC_REPRESENTATION_CONTEXT(3) 
GLOBAL_UNCERTAINTY_ASSIGNED_CONTEXT((#3169)) 
GLOBAL_UNIT_ASSIGNED_CONTEXT((#3166,#3167,#3168)) REPRESENTATION_CONTEXT
('Context #1','3D Context with UNIT and UNCERTAINTY') );
#3166 = ( LENGTH_UNIT() NAMED_UNIT(*) SI_UNIT(.MILLI.,.METRE.) );
#3167 = ( NAMED_UNIT(*) PLANE_ANGLE_UNIT() SI_UNIT($,.RADIAN.) );
#3168 = ( NAMED_UNIT(*) SI_UNIT($,.STERADIAN.) SOLID_ANGLE_UNIT() );
#3169 = UNCERTAINTY_MEASURE_WITH_UNIT(LENGTH_MEASURE(5.E-06),#3166,
  'distance_accuracy_value','confusion accuracy');
#3170 = CONTEXT_DEPENDENT_SHAPE_REPRESENTATION(#3171,#3173);
#3171 = ( REPRESENTATION_RELATIONSHIP('','',#1771,#10) 
REPRESENTATION_RELATIONSHIP_WITH_TRANSFORMATION(#3172) 
SHAPE_REPRESENTATION_RELATIONSHIP() );
#3172 = ITEM_DEFINED_TRANSFORMATION('','',#11,#23);
#3173 = PRODUCT_DEFINITION_SHAPE('Placement','Placement of an item',
  #3174);
#3174 = NEXT_ASSEMBLY_USAGE_OCCURRENCE('27','','',#5,#1766,$);
#3175 = PRODUCT_RELATED_PRODUCT_CATEGORY('part',$,(#1768));
ENDSEC;
END-ISO-10303-21;
