ISO-10303-21;
HEADER;
FILE_DESCRIPTION(('Open CASCADE Model'),'2;1');
FILE_NAME('Open CASCADE Shape Model','2026-10-05T09:59:25',('Author'),(
    'Open CASCADE'),'Open CASCADE STEP processor 7.9','Open CASCADE 7.9'
  ,'Unknown');
FILE_SCHEMA(('AUTOMOTIVE_DESIGN { 1 0 10303 214 1 1 1 1 }'));
ENDSEC;
DATA;
#1 = APPLICATION_PROTOCOL_DEFINITION('international standard',
  'automotive_design',2000,#2);
#2 = APPLICATION_CONTEXT(
  'core data for automotive mechanical design processes');
#3 = SHAPE_DEFINITION_REPRESENTATION(#4,#10);
#4 = PRODUCT_DEFINITION_SHAPE('','',#5);
#5 = PRODUCT_DEFINITION('design','',#6,#9);
#6 = PRODUCT_DEFINITION_FORMATION('','',#7);
#7 = PRODUCT('Open CASCADE STEP translator 7.9 1',
  'Open CASCADE STEP translator 7.9 1','',(#8));
#8 = PRODUCT_CONTEXT('',#2,'mechanical');
#9 = PRODUCT_DEFINITION_CONTEXT('part definition',#2,'design');
#10 = ADVANCED_BREP_SHAPE_REPRESENTATION('',(#11,#15),#9947);
#11 = AXIS2_PLACEMENT_3D('',#12,#13,#14);
#12 = CARTESIAN_POINT('',(0.,0.,0.));
#13 = DIRECTION('',(0.,0.,1.));
#14 = DIRECTION('',(1.,0.,-0.));
#15 = MANIFOLD_SOLID_BREP('',#16);
#16 = CLOSED_SHELL('',(#17,#104,#456,#806,#934,#1021,#1289,#1396,#1491,
    #1829,#2173,#2292,#2374,#2645,#2755,#2850,#3193,#3547,#3666,#3718,
    #3800,#4076,#4191,#4278,#4615,#4955,#5073,#5120,#5197,#5460,#5562,
    #5744,#5847,#6421,#6570,#6602,#6678,#6964,#6974,#7009,#7167,#7350,
    #7399,#7448,#7497,#7525,#7532,#7539,#7546,#7553,#7634,#7643,#7670,
    #7677,#7704,#7711,#8285,#8312,#8359,#8369,#8400,#8484,#8512,#8519,
    #8526,#8553,#8560,#8587,#8594,#8766,#8869,#9018,#9028,#9059,#9217,
    #9396,#9445,#9494,#9522,#9529,#9536,#9543,#9550,#9631,#9640,#9667,
    #9674,#9701,#9708,#9718,#9753,#9837,#9865,#9872,#9879,#9906,#9913,
    #9940));
#17 = ADVANCED_FACE('',(#18),#31,.F.);
#18 = FACE_BOUND('',#19,.F.);
#19 = EDGE_LOOP('',(#20,#54,#76,#103));
#20 = ORIENTED_EDGE('',*,*,#21,.F.);
#21 = EDGE_CURVE('',#22,#22,#24,.T.);
#22 = VERTEX_POINT('',#23);
#23 = CARTESIAN_POINT('',(43.88559214402,-19.24469983593,-10.));
#24 = SURFACE_CURVE('',#25,(#30,#42),.PCURVE_S1.);
#25 = CIRCLE('',#26,4.);
#26 = AXIS2_PLACEMENT_3D('',#27,#28,#29);
#27 = CARTESIAN_POINT('',(47.88559214402,-19.24469983593,-10.));
#28 = DIRECTION('',(0.,0.,1.));
#29 = DIRECTION('',(1.,0.,0.));
#30 = PCURVE('',#31,#36);
#31 = CYLINDRICAL_SURFACE('',#32,4.);
#32 = AXIS2_PLACEMENT_3D('',#33,#34,#35);
#33 = CARTESIAN_POINT('',(47.88559214402,-19.24469983593,-17.));
#34 = DIRECTION('',(0.,0.,-1.));
#35 = DIRECTION('',(-1.,0.,0.));
#36 = DEFINITIONAL_REPRESENTATION('',(#37),#41);
#37 = LINE('',#38,#39);
#38 = CARTESIAN_POINT('',(9.424777960769,-7.));
#39 = VECTOR('',#40,1.);
#40 = DIRECTION('',(-1.,0.));
#41 = ( GEOMETRIC_REPRESENTATION_CONTEXT(2) 
PARAMETRIC_REPRESENTATION_CONTEXT() REPRESENTATION_CONTEXT('2D SPACE',''
  ) );
#42 = PCURVE('',#43,#48);
#43 = PLANE('',#44);
#44 = AXIS2_PLACEMENT_3D('',#45,#46,#47);
#45 = CARTESIAN_POINT('',(47.579795924331,-19.7081967668,-10.));
#46 = DIRECTION('',(0.,0.,1.));
#47 = DIRECTION('',(1.,0.,0.));
#48 = DEFINITIONAL_REPRESENTATION('',(#49),#53);
#49 = CIRCLE('',#50,4.);
#50 = AXIS2_PLACEMENT_2D('',#51,#52);
#51 = CARTESIAN_POINT('',(0.305796219689,0.463496930869));
#52 = DIRECTION('',(1.,0.));
#53 = ( GEOMETRIC_REPRESENTATION_CONTEXT(2) 
PARAMETRIC_REPRESENTATION_CONTEXT() REPRESENTATION_CONTEXT('2D SPACE',''
  ) );
#54 = ORIENTED_EDGE('',*,*,#55,.T.);
#55 = EDGE_CURVE('',#22,#56,#58,.T.);
#56 = VERTEX_POINT('',#57);
#57 = CARTESIAN_POINT('',(43.88559214402,-19.24469983593,-17.));
#58 = SEAM_CURVE('',#59,(#62,#69),.PCURVE_S1.);
#59 = B_SPLINE_CURVE_WITH_KNOTS('',1,(#60,#61),.UNSPECIFIED.,.F.,.F.,(2,
    2),(-7.,0.),.PIECEWISE_BEZIER_KNOTS.);
#60 = CARTESIAN_POINT('',(43.88559214402,-19.24469983593,-10.));
#61 = CARTESIAN_POINT('',(43.88559214402,-19.24469983593,-17.));
#62 = PCURVE('',#31,#63);
#63 = DEFINITIONAL_REPRESENTATION('',(#64),#68);
#64 = LINE('',#65,#66);
#65 = CARTESIAN_POINT('',(6.28318530718,0.));
#66 = VECTOR('',#67,1.);
#67 = DIRECTION('',(0.,1.));
#68 = ( GEOMETRIC_REPRESENTATION_CONTEXT(2) 
PARAMETRIC_REPRESENTATION_CONTEXT() REPRESENTATION_CONTEXT('2D SPACE',''
  ) );
#69 = PCURVE('',#31,#70);
#70 = DEFINITIONAL_REPRESENTATION('',(#71),#75);
#71 = LINE('',#72,#73);
#72 = CARTESIAN_POINT('',(0.,0.));
#73 = VECTOR('',#74,1.);
#74 = DIRECTION('',(0.,1.));
#75 = ( GEOMETRIC_REPRESENTATION_CONTEXT(2) 
PARAMETRIC_REPRESENTATION_CONTEXT() REPRESENTATION_CONTEXT('2D SPACE',''
  ) );
#76 = ORIENTED_EDGE('',*,*,#77,.F.);
#77 = EDGE_CURVE('',#56,#56,#78,.T.);
#78 = SURFACE_CURVE('',#79,(#84,#91),.PCURVE_S1.);
#79 = CIRCLE('',#80,4.);
#80 = AXIS2_PLACEMENT_3D('',#81,#82,#83);
#81 = CARTESIAN_POINT('',(47.88559214402,-19.24469983593,-17.));
#82 = DIRECTION('',(0.,0.,-1.));
#83 = DIRECTION('',(-1.,0.,0.));
#84 = PCURVE('',#31,#85);
#85 = DEFINITIONAL_REPRESENTATION('',(#86),#90);
#86 = LINE('',#87,#88);
#87 = CARTESIAN_POINT('',(0.,0.));
#88 = VECTOR('',#89,1.);
#89 = DIRECTION('',(1.,0.));
#90 = ( GEOMETRIC_REPRESENTATION_CONTEXT(2) 
PARAMETRIC_REPRESENTATION_CONTEXT() REPRESENTATION_CONTEXT('2D SPACE',''
  ) );
#91 = PCURVE('',#92,#97);
#92 = PLANE('',#93);
#93 = AXIS2_PLACEMENT_3D('',#94,#95,#96);
#94 = CARTESIAN_POINT('',(47.579795924331,-19.7081967668,-17.));
#95 = DIRECTION('',(0.,0.,-1.));
#96 = DIRECTION('',(-1.,0.,0.));
#97 = DEFINITIONAL_REPRESENTATION('',(#98),#102);
#98 = CIRCLE('',#99,4.);
#99 = AXIS2_PLACEMENT_2D('',#100,#101);
#100 = CARTESIAN_POINT('',(-0.305796219689,0.463496930869));
#101 = DIRECTION('',(1.,0.));
#102 = ( GEOMETRIC_REPRESENTATION_CONTEXT(2) 
PARAMETRIC_REPRESENTATION_CONTEXT() REPRESENTATION_CONTEXT('2D SPACE',''
  ) );
#103 = ORIENTED_EDGE('',*,*,#55,.F.);
#104 = ADVANCED_FACE('',(#105),#120,.F.);
#105 = FACE_BOUND('',#106,.F.);
#106 = EDGE_LOOP('',(#107,#143,#176,#359,#429));
#107 = ORIENTED_EDGE('',*,*,#108,.F.);
#108 = EDGE_CURVE('',#109,#111,#113,.T.);
#109 = VERTEX_POINT('',#110);
#110 = CARTESIAN_POINT('',(39.863857391738,-31.00198177296,-9.));
#111 = VERTEX_POINT('',#112);
#112 = CARTESIAN_POINT('',(40.653240706426,-31.61588240213,-8.));
#113 = SURFACE_CURVE('',#114,(#119,#131),.PCURVE_S1.);
#114 = CIRCLE('',#115,1.);
#115 = AXIS2_PLACEMENT_3D('',#116,#117,#118);
#116 = CARTESIAN_POINT('',(39.863857391738,-31.00198177296,-8.));
#117 = DIRECTION('',(-0.613900629168,-0.789383314688,-0.));
#118 = DIRECTION('',(-0.789383314688,0.613900629168,0.));
#119 = PCURVE('',#120,#125);
#120 = TOROIDAL_SURFACE('',#121,5.25,1.);
#121 = AXIS2_PLACEMENT_3D('',#122,#123,#124);
#122 = CARTESIAN_POINT('',(44.008119793849,-34.22496007609,-8.));
#123 = DIRECTION('',(0.,0.,1.));
#124 = DIRECTION('',(1.,0.,0.));
#125 = DEFINITIONAL_REPRESENTATION('',(#126),#130);
#126 = LINE('',#127,#128);
#127 = CARTESIAN_POINT('',(2.480600138375,6.28318530718));
#128 = VECTOR('',#129,1.);
#129 = DIRECTION('',(2.827159716856E-16,-1.));
#130 = ( GEOMETRIC_REPRESENTATION_CONTEXT(2) 
PARAMETRIC_REPRESENTATION_CONTEXT() REPRESENTATION_CONTEXT('2D SPACE',''
  ) );
#131 = PCURVE('',#132,#137);
#132 = TOROIDAL_SURFACE('',#133,50.5,1.);
#133 = AXIS2_PLACEMENT_3D('',#134,#135,#136);
#134 = CARTESIAN_POINT('',(0.,0.,-8.));
#135 = DIRECTION('',(0.,0.,1.));
#136 = DIRECTION('',(1.,0.,0.));
#137 = DEFINITIONAL_REPRESENTATION('',(#138),#142);
#138 = LINE('',#139,#140);
#139 = CARTESIAN_POINT('',(5.622192791965,3.14159265359));
#140 = VECTOR('',#141,1.);
#141 = DIRECTION('',(0.,1.));
#142 = ( GEOMETRIC_REPRESENTATION_CONTEXT(2) 
PARAMETRIC_REPRESENTATION_CONTEXT() REPRESENTATION_CONTEXT('2D SPACE',''
  ) );
#143 = ORIENTED_EDGE('',*,*,#144,.T.);
#144 = EDGE_CURVE('',#109,#145,#147,.T.);
#145 = VERTEX_POINT('',#146);
#146 = CARTESIAN_POINT('',(49.055489212719,-32.78046641066,-9.));
#147 = SURFACE_CURVE('',#148,(#153,#160),.PCURVE_S1.);
#148 = CIRCLE('',#149,5.25);
#149 = AXIS2_PLACEMENT_3D('',#150,#151,#152);
#150 = CARTESIAN_POINT('',(44.008119793849,-34.22496007609,-9.));
#151 = DIRECTION('',(0.,0.,-1.));
#152 = DIRECTION('',(1.,0.,0.));
#153 = PCURVE('',#120,#154);
#154 = DEFINITIONAL_REPRESENTATION('',(#155),#159);
#155 = LINE('',#156,#157);
#156 = CARTESIAN_POINT('',(6.28318530718,4.712388980385));
#157 = VECTOR('',#158,1.);
#158 = DIRECTION('',(-1.,1.210127576438E-15));
#159 = ( GEOMETRIC_REPRESENTATION_CONTEXT(2) 
PARAMETRIC_REPRESENTATION_CONTEXT() REPRESENTATION_CONTEXT('2D SPACE',''
  ) );
#160 = PCURVE('',#161,#166);
#161 = PLANE('',#162);
#162 = AXIS2_PLACEMENT_3D('',#163,#164,#165);
#163 = CARTESIAN_POINT('',(-47.57979592433,-19.7081967668,-9.));
#164 = DIRECTION('',(0.,0.,1.));
#165 = DIRECTION('',(1.,0.,0.));
#166 = DEFINITIONAL_REPRESENTATION('',(#167),#175);
#167 = ( BOUNDED_CURVE() B_SPLINE_CURVE(2,(#168,#169,#170,#171,#172,#173
,#174),.UNSPECIFIED.,.T.,.F.) B_SPLINE_CURVE_WITH_KNOTS((1,2,2,2,2,1),(
    -2.094395102393,0.,2.094395102393,4.188790204786,6.28318530718,
8.377580409573),.UNSPECIFIED.) CURVE() GEOMETRIC_REPRESENTATION_ITEM() 
RATIONAL_B_SPLINE_CURVE((1.,0.5,1.,0.5,1.,0.5,1.)) REPRESENTATION_ITEM(
  '') );
#168 = CARTESIAN_POINT('',(96.837915718181,-14.51676330929));
#169 = CARTESIAN_POINT('',(96.837915718181,-23.61003004902));
#170 = CARTESIAN_POINT('',(88.962915718181,-19.06339667916));
#171 = CARTESIAN_POINT('',(81.087915718181,-14.51676330929));
#172 = CARTESIAN_POINT('',(88.962915718181,-9.970129939423));
#173 = CARTESIAN_POINT('',(96.837915718181,-5.423496569555));
#174 = CARTESIAN_POINT('',(96.837915718181,-14.51676330929));
#175 = ( GEOMETRIC_REPRESENTATION_CONTEXT(2) 
PARAMETRIC_REPRESENTATION_CONTEXT() REPRESENTATION_CONTEXT('2D SPACE',''
  ) );
#176 = ORIENTED_EDGE('',*,*,#177,.F.);
#177 = EDGE_CURVE('',#178,#145,#180,.T.);
#178 = VERTEX_POINT('',#179);
#179 = CARTESIAN_POINT('',(48.658479926285,-34.22496007609,
    -8.800269972714));
#180 = SURFACE_CURVE('',#181,(#188,#217),.PCURVE_S1.);
#181 = B_SPLINE_CURVE_WITH_KNOTS('',3,(#182,#183,#184,#185,#186,#187),
  .UNSPECIFIED.,.F.,.F.,(4,2,4),(3.03398360233E-03,3.793525396734E-03,
    4.553067191137E-03),.UNSPECIFIED.);
#182 = CARTESIAN_POINT('',(48.658479926286,-34.22496007609,
    -8.800269972714));
#183 = CARTESIAN_POINT('',(48.731360600963,-33.98998215971,
    -8.854879241588));
#184 = CARTESIAN_POINT('',(48.798901316025,-33.75076920704,
    -8.903603279907));
#185 = CARTESIAN_POINT('',(48.929014643204,-33.26873194263,
    -8.975961559079));
#186 = CARTESIAN_POINT('',(48.991720150696,-33.0257653505,-9.));
#187 = CARTESIAN_POINT('',(49.055489212719,-32.78046641066,-9.));
#188 = PCURVE('',#120,#189);
#189 = DEFINITIONAL_REPRESENTATION('',(#190),#216);
#190 = B_SPLINE_CURVE_WITH_KNOTS('',3,(#191,#192,#193,#194,#195,#196,
    #197,#198,#199,#200,#201,#202,#203,#204,#205,#206,#207,#208,#209,
    #210,#211,#212,#213,#214,#215),.UNSPECIFIED.,.F.,.F.,(4,1,1,1,1,1,1,
    1,1,1,1,1,1,1,1,1,1,1,1,1,1,1,4),(3.03398360233E-03,
    3.103032856367E-03,3.172082110403E-03,3.24113136444E-03,
    3.310180618477E-03,3.379229872513E-03,3.44827912655E-03,
    3.517328380587E-03,3.586377634623E-03,3.65542688866E-03,
    3.724476142697E-03,3.793525396734E-03,3.86257465077E-03,
    3.931623904807E-03,4.000673158844E-03,4.06972241288E-03,
    4.138771666917E-03,4.207820920954E-03,4.27687017499E-03,
    4.345919429027E-03,4.414968683064E-03,4.4840179371E-03,
    4.553067191137E-03),.QUASI_UNIFORM_KNOTS.);
#191 = CARTESIAN_POINT('',(0.,4.069337961184));
#192 = CARTESIAN_POINT('',(4.593541862032E-03,4.077617158339));
#193 = CARTESIAN_POINT('',(1.375641519258E-02,4.094281801207));
#194 = CARTESIAN_POINT('',(2.742376436892E-02,4.119603948538));
#195 = CARTESIAN_POINT('',(4.100982503475E-02,4.145257273291));
#196 = CARTESIAN_POINT('',(5.451026268127E-02,4.171249320206));
#197 = CARTESIAN_POINT('',(6.792075402578E-02,4.197588588746));
#198 = CARTESIAN_POINT('',(8.1236998068E-02,4.224284631356));
#199 = CARTESIAN_POINT('',(9.445472654702E-02,4.251347936889));
#200 = CARTESIAN_POINT('',(0.107569721699,4.278789949288));
#201 = CARTESIAN_POINT('',(0.120577803001,4.306622726841));
#202 = CARTESIAN_POINT('',(0.133474927952,4.334859866725));
#203 = CARTESIAN_POINT('',(0.146256864734,4.363512685604));
#204 = CARTESIAN_POINT('',(0.158920460057,4.392604062438));
#205 = CARTESIAN_POINT('',(0.171465008113,4.422153774693));
#206 = CARTESIAN_POINT('',(0.183888810863,4.452174291028));
#207 = CARTESIAN_POINT('',(0.196190441238,4.482684707957));
#208 = CARTESIAN_POINT('',(0.208368410666,4.51370697946));
#209 = CARTESIAN_POINT('',(0.220421263986,4.545266848782));
#210 = CARTESIAN_POINT('',(0.232347559804,4.577393480058));
#211 = CARTESIAN_POINT('',(0.244145880959,4.610119360734));
#212 = CARTESIAN_POINT('',(0.255814838237,4.643480155504));
#213 = CARTESIAN_POINT('',(0.267353070022,4.677514170393));
#214 = CARTESIAN_POINT('',(0.27495719928,4.700680092453));
#215 = CARTESIAN_POINT('',(0.278737036516,4.712388980385));
#216 = ( GEOMETRIC_REPRESENTATION_CONTEXT(2) 
PARAMETRIC_REPRESENTATION_CONTEXT() REPRESENTATION_CONTEXT('2D SPACE',''
  ) );
#217 = PCURVE('',#218,#331);
#218 = B_SPLINE_SURFACE_WITH_KNOTS('',3,3,(
    (#219,#220,#221,#222,#223,#224,#225)
    ,(#226,#227,#228,#229,#230,#231,#232)
    ,(#233,#234,#235,#236,#237,#238,#239)
    ,(#240,#241,#242,#243,#244,#245,#246)
    ,(#247,#248,#249,#250,#251,#252,#253)
    ,(#254,#255,#256,#257,#258,#259,#260)
    ,(#261,#262,#263,#264,#265,#266,#267)
    ,(#268,#269,#270,#271,#272,#273,#274)
    ,(#275,#276,#277,#278,#279,#280,#281)
    ,(#282,#283,#284,#285,#286,#287,#288)
    ,(#289,#290,#291,#292,#293,#294,#295)
    ,(#296,#297,#298,#299,#300,#301,#302)
    ,(#303,#304,#305,#306,#307,#308,#309)
    ,(#310,#311,#312,#313,#314,#315,#316)
    ,(#317,#318,#319,#320,#321,#322,#323)
    ,(#324,#325,#326,#327,#328,#329,#330
    )),.UNSPECIFIED.,.F.,.F.,.F.,(4,3,3,3,3,4),(4,3,4),(-6.071532E-18,
    1.191126083258E-03,1.786689124887E-03,2.382252166516E-03,
    3.573378249773E-03,4.764504333031E-03),(0.,0.5,1.),.UNSPECIFIED.);
#219 = CARTESIAN_POINT('',(49.055489212719,-32.78046641066,-9.));
#220 = CARTESIAN_POINT('',(49.273162043974,-32.92592244521,-9.));
#221 = CARTESIAN_POINT('',(49.489494482349,-33.07048278582,
    -9.10777309639));
#222 = CARTESIAN_POINT('',(49.643412417409,-33.17333573421,
    -9.292893218813));
#223 = CARTESIAN_POINT('',(49.79733035247,-33.2761886826,-9.478013341237
    ));
#224 = CARTESIAN_POINT('',(49.886938182426,-33.33606753627,
    -9.738200612201));
#225 = CARTESIAN_POINT('',(49.886938182426,-33.33606753627,-10.));
#226 = CARTESIAN_POINT('',(48.979384006868,-33.07321850264,-9.));
#227 = CARTESIAN_POINT('',(49.182292398892,-33.21095901103,
    -9.026016522773));
#228 = CARTESIAN_POINT('',(49.368358454419,-33.35263278177,
    -9.145421066437));
#229 = CARTESIAN_POINT('',(49.492126560411,-33.46296999237,
    -9.328027868727));
#230 = CARTESIAN_POINT('',(49.615894666403,-33.57330720297,
    -9.510634671017));
#231 = CARTESIAN_POINT('',(49.676313162928,-33.65126480169,
    -9.754763245007));
#232 = CARTESIAN_POINT('',(49.659255010516,-33.67679207763,-10.));
#233 = CARTESIAN_POINT('',(48.900984293518,-33.3793842827,
    -8.965582583325));
#234 = CARTESIAN_POINT('',(49.079970483696,-33.51373471381,
    -9.014072654045));
#235 = CARTESIAN_POINT('',(49.233554132359,-33.65216209303,
    -9.138752501331));
#236 = CARTESIAN_POINT('',(49.329479136533,-33.76491127287,
    -9.312645600288));
#237 = CARTESIAN_POINT('',(49.425404140707,-33.87766045271,
    -9.486538699245));
#238 = CARTESIAN_POINT('',(49.46306217824,-33.96396899601,
    -9.708483749717));
#239 = CARTESIAN_POINT('',(49.43486010448,-34.00509013694,-9.93116516665
    ));
#240 = CARTESIAN_POINT('',(48.809911768799,-33.70725356515,
    -8.907347993932));
#241 = CARTESIAN_POINT('',(48.960756776074,-33.83587039564,
    -8.970445210291));
#242 = CARTESIAN_POINT('',(49.083248181114,-33.96718458714,
    -9.09412605982));
#243 = CARTESIAN_POINT('',(49.154847209041,-34.07703394639,
    -9.255632906395));
#244 = CARTESIAN_POINT('',(49.226446236968,-34.18688330563,
    -9.41713975297));
#245 = CARTESIAN_POINT('',(49.24679747255,-34.27472254401,
    -9.615670881889));
#246 = CARTESIAN_POINT('',(49.212156229234,-34.3243889861,
    -9.814695987865));
#247 = CARTESIAN_POINT('',(48.76437550644,-33.87118820638,
    -8.878230699236));
#248 = CARTESIAN_POINT('',(48.901149922262,-33.99693823656,
    -8.948631488413));
#249 = CARTESIAN_POINT('',(49.008095205491,-34.1246958342,
    -9.071812839065));
#250 = CARTESIAN_POINT('',(49.067531245295,-34.23309528315,
    -9.227126559448));
#251 = CARTESIAN_POINT('',(49.126967285098,-34.34149473209,
    -9.382440279832));
#252 = CARTESIAN_POINT('',(49.138665119705,-34.430099318,-9.569264447975
    ));
#253 = CARTESIAN_POINT('',(49.100804291611,-34.48403841068,
    -9.756461398472));
#254 = CARTESIAN_POINT('',(48.715747666685,-34.03963438498,
    -8.843106776992));
#255 = CARTESIAN_POINT('',(48.837510666155,-34.16195732204,
    -8.918833218889));
#256 = CARTESIAN_POINT('',(48.929378674553,-34.28523058724,
    -9.039948758013));
#257 = CARTESIAN_POINT('',(48.977637175494,-34.39084963811,
    -9.188144390145));
#258 = CARTESIAN_POINT('',(49.025895676436,-34.49646868898,
    -9.336340022277));
#259 = CARTESIAN_POINT('',(49.030392772147,-34.58409017308,
    -9.511135342813));
#260 = CARTESIAN_POINT('',(48.990535193446,-34.64046603249,
    -9.686213553985));
#261 = CARTESIAN_POINT('',(48.663161777502,-34.20983585664,
    -8.803774964451));
#262 = CARTESIAN_POINT('',(48.770141038997,-34.32773080236,
    -8.882674314855));
#263 = CARTESIAN_POINT('',(48.848158147978,-34.44556290185,
    -9.000406143612));
#264 = CARTESIAN_POINT('',(48.886582928563,-34.5472770108,
    -9.140928968754));
#265 = CARTESIAN_POINT('',(48.925007709148,-34.64899111976,
    -9.281451793896));
#266 = CARTESIAN_POINT('',(48.923738158334,-34.73431722638,
    -9.444392581409));
#267 = CARTESIAN_POINT('',(48.882947258029,-34.79162927154,
    -9.607549928902));
#268 = CARTESIAN_POINT('',(48.61057588832,-34.38003732831,
    -8.764443151909));
#269 = CARTESIAN_POINT('',(48.702771411838,-34.49350428269,
    -8.846515410821));
#270 = CARTESIAN_POINT('',(48.766937621403,-34.60589521645,
    -8.96086352921));
#271 = CARTESIAN_POINT('',(48.795528681631,-34.7037043835,
    -9.093713547362));
#272 = CARTESIAN_POINT('',(48.82411974186,-34.80151355054,
    -9.226563565515));
#273 = CARTESIAN_POINT('',(48.81708354452,-34.88454427968,
    -9.377649820004));
#274 = CARTESIAN_POINT('',(48.775359322612,-34.9427925106,
    -9.528886303819));
#275 = CARTESIAN_POINT('',(48.55376304891,-34.5529381773,-8.720729320697
    ));
#276 = CARTESIAN_POINT('',(48.631325935048,-34.66095660088,
    -8.803867029725));
#277 = CARTESIAN_POINT('',(48.682780265788,-34.76692975096,
    -8.913512375851));
#278 = CARTESIAN_POINT('',(48.702813082396,-34.85970062247,
    -9.038097805591));
#279 = CARTESIAN_POINT('',(48.722845899005,-34.95247149398,
    -9.16268323533));
#280 = CARTESIAN_POINT('',(48.711428554658,-35.03189757343,
    -9.302017628382));
#281 = CARTESIAN_POINT('',(48.669816722654,-35.08960406667,
    -9.441458641395));
#282 = CARTESIAN_POINT('',(48.490860493762,-34.7282153678,
    -8.673597086643));
#283 = CARTESIAN_POINT('',(48.554879720124,-34.82963500204,
    -8.755818199318));
#284 = CARTESIAN_POINT('',(48.595202504142,-34.92833798921,
    -8.859687059081));
#285 = CARTESIAN_POINT('',(48.608098550366,-35.01519323103,
    -8.97559466833));
#286 = CARTESIAN_POINT('',(48.62099459659,-35.10204847285,-9.09150227758
    ));
#287 = CARTESIAN_POINT('',(48.606448477852,-35.17695206691,
    -9.219309979391));
#288 = CARTESIAN_POINT('',(48.565805868116,-35.23297461726,
    -9.347194173286));
#289 = CARTESIAN_POINT('',(48.365055383467,-35.07876974882,
    -8.579332618534));
#290 = CARTESIAN_POINT('',(48.401987290277,-35.16699180437,
    -8.659720538506));
#291 = CARTESIAN_POINT('',(48.420046980848,-35.2511544657,
    -8.752036425541));
#292 = CARTESIAN_POINT('',(48.418669486304,-35.32617844814,
    -8.850588393809));
#293 = CARTESIAN_POINT('',(48.41729199176,-35.40120243059,
    -8.949140362078));
#294 = CARTESIAN_POINT('',(48.396488324241,-35.46706105385,
    -9.053894681408));
#295 = CARTESIAN_POINT('',(48.357784159041,-35.51971571843,
    -9.158665237068));
#296 = CARTESIAN_POINT('',(48.214066825647,-35.43999103122,
    -8.471290913004));
#297 = CARTESIAN_POINT('',(48.228539580461,-35.50995889904,
    -8.541738000409));
#298 = CARTESIAN_POINT('',(48.23083386919,-35.57594953563,
    -8.618178122708));
#299 = CARTESIAN_POINT('',(48.220966987189,-35.6355152433,
    -8.697728799894));
#300 = CARTESIAN_POINT('',(48.211100105188,-35.69508095096,
    -8.77727947708));
#301 = CARTESIAN_POINT('',(48.189074233758,-35.74821170002,
    -8.859927151862));
#302 = CARTESIAN_POINT('',(48.155758538911,-35.79291861745,
    -8.942581826008));
#303 = CARTESIAN_POINT('',(48.027107876977,-35.79761258896,
    -8.356558982286));
#304 = CARTESIAN_POINT('',(48.029909688867,-35.84841198802,
    -8.411899882174));
#305 = CARTESIAN_POINT('',(48.025305377272,-35.89631119195,
    -8.470273542639));
#306 = CARTESIAN_POINT('',(48.013411142009,-35.94010136018,
    -8.530206777396));
#307 = CARTESIAN_POINT('',(48.001516906746,-35.98389152841,
    -8.590140012153));
#308 = CARTESIAN_POINT('',(47.982333770886,-36.02356889436,
    -8.651627666106));
#309 = CARTESIAN_POINT('',(47.956345862584,-36.05813211341,
    -8.713117964572));
#310 = CARTESIAN_POINT('',(47.840148928306,-36.1552341467,
    -8.241827051568));
#311 = CARTESIAN_POINT('',(47.831279797273,-36.18686507699,
    -8.282061763939));
#312 = CARTESIAN_POINT('',(47.819776885354,-36.21667284827,
    -8.32236896257));
#313 = CARTESIAN_POINT('',(47.805855296829,-36.24468747706,
    -8.362684754898));
#314 = CARTESIAN_POINT('',(47.791933708304,-36.27270210585,
    -8.403000547227));
#315 = CARTESIAN_POINT('',(47.775593308014,-36.29892608869,
    -8.44332818035));
#316 = CARTESIAN_POINT('',(47.756933186258,-36.32334560936,
    -8.483654103136));
#317 = CARTESIAN_POINT('',(47.616457939561,-36.5081277541,
    -8.120376805692));
#318 = CARTESIAN_POINT('',(47.607065887384,-36.52020451201,
    -8.14043960664));
#319 = CARTESIAN_POINT('',(47.597673835208,-36.53228126991,
    -8.160502407589));
#320 = CARTESIAN_POINT('',(47.588281783031,-36.54435802782,
    -8.180565208537));
#321 = CARTESIAN_POINT('',(47.578889730855,-36.55643478573,
    -8.200628009486));
#322 = CARTESIAN_POINT('',(47.569497678678,-36.56851154364,
    -8.220690810434));
#323 = CARTESIAN_POINT('',(47.560105626502,-36.58058830155,
    -8.240753611383));
#324 = CARTESIAN_POINT('',(47.362998881273,-36.83403775005,-8.));
#325 = CARTESIAN_POINT('',(47.362998881273,-36.83403775005,-8.));
#326 = CARTESIAN_POINT('',(47.362998881273,-36.83403775005,-8.));
#327 = CARTESIAN_POINT('',(47.362998881273,-36.83403775005,-8.));
#328 = CARTESIAN_POINT('',(47.362998881273,-36.83403775005,-8.));
#329 = CARTESIAN_POINT('',(47.362998881273,-36.83403775005,-8.));
#330 = CARTESIAN_POINT('',(47.362998881273,-36.83403775005,-8.));
#331 = DEFINITIONAL_REPRESENTATION('',(#332),#358);
#332 = B_SPLINE_CURVE_WITH_KNOTS('',3,(#333,#334,#335,#336,#337,#338,
    #339,#340,#341,#342,#343,#344,#345,#346,#347,#348,#349,#350,#351,
    #352,#353,#354,#355,#356,#357),.UNSPECIFIED.,.F.,.F.,(4,1,1,1,1,1,1,
    1,1,1,1,1,1,1,1,1,1,1,1,1,1,1,4),(3.03398360233E-03,
    3.103032856367E-03,3.172082110403E-03,3.24113136444E-03,
    3.310180618477E-03,3.379229872513E-03,3.44827912655E-03,
    3.517328380587E-03,3.586377634623E-03,3.65542688866E-03,
    3.724476142697E-03,3.793525396734E-03,3.86257465077E-03,
    3.931623904807E-03,4.000673158844E-03,4.06972241288E-03,
    4.138771666917E-03,4.207820920954E-03,4.27687017499E-03,
    4.345919429027E-03,4.414968683064E-03,4.4840179371E-03,
    4.553067191137E-03),.QUASI_UNIFORM_KNOTS.);
#333 = CARTESIAN_POINT('',(1.804321606444E-03,0.));
#334 = CARTESIAN_POINT('',(1.779422114504E-03,7.031807219669E-08));
#335 = CARTESIAN_POINT('',(1.72947733172E-03,1.865893234615E-06));
#336 = CARTESIAN_POINT('',(1.654096036403E-03,7.080387609179E-06));
#337 = CARTESIAN_POINT('',(1.578226357127E-03,1.192470430927E-05));
#338 = CARTESIAN_POINT('',(1.501835415468E-03,1.507421761744E-05));
#339 = CARTESIAN_POINT('',(1.424888616551E-03,1.58805580758E-05));
#340 = CARTESIAN_POINT('',(1.347349347108E-03,1.471022022138E-05));
#341 = CARTESIAN_POINT('',(1.269171905039E-03,1.117268470234E-05));
#342 = CARTESIAN_POINT('',(1.19032860613E-03,9.535185849403E-06));
#343 = CARTESIAN_POINT('',(1.110706813841E-03,-2.554945348028E-06));
#344 = CARTESIAN_POINT('',(1.030232376135E-03,6.845955427098E-07));
#345 = CARTESIAN_POINT('',(9.489410154241E-04,-1.834368228111E-07));
#346 = CARTESIAN_POINT('',(8.66825095631E-04,4.915174853453E-08));
#347 = CARTESIAN_POINT('',(7.838766225236E-04,-1.317017132702E-08));
#348 = CARTESIAN_POINT('',(7.00096526468E-04,3.528936773568E-09));
#349 = CARTESIAN_POINT('',(6.154843070876E-04,-9.455757672494E-10));
#350 = CARTESIAN_POINT('',(5.300409544911E-04,2.533662954292E-10));
#351 = CARTESIAN_POINT('',(4.437683431741E-04,-6.788941446733E-11));
#352 = CARTESIAN_POINT('',(3.566696125811E-04,1.819136244014E-11));
#353 = CARTESIAN_POINT('',(2.687492935472E-04,-4.876035293234E-12));
#354 = CARTESIAN_POINT('',(1.80013635465E-04,1.312778732794E-12));
#355 = CARTESIAN_POINT('',(9.047055330856E-05,-3.75079637941E-13));
#356 = CARTESIAN_POINT('',(3.024421781281E-05,-0.));
#357 = CARTESIAN_POINT('',(-6.071532E-18,0.));
#358 = ( GEOMETRIC_REPRESENTATION_CONTEXT(2) 
PARAMETRIC_REPRESENTATION_CONTEXT() REPRESENTATION_CONTEXT('2D SPACE',''
  ) );
#359 = ORIENTED_EDGE('',*,*,#360,.F.);
#360 = EDGE_CURVE('',#361,#178,#363,.T.);
#361 = VERTEX_POINT('',#362);
#362 = CARTESIAN_POINT('',(47.362998881273,-36.83403775005,-8.));
#363 = SURFACE_CURVE('',#364,(#371,#400),.PCURVE_S1.);
#364 = B_SPLINE_CURVE_WITH_KNOTS('',3,(#365,#366,#367,#368,#369,#370),
  .UNSPECIFIED.,.F.,.F.,(4,2,4),(-1.3493375766E-05,1.510245113282E-03,
    3.03398360233E-03),.UNSPECIFIED.);
#365 = CARTESIAN_POINT('',(47.362998881273,-36.83403775005,-8.));
#366 = CARTESIAN_POINT('',(47.662342945649,-36.44912657951,
    -8.142169580958));
#367 = CARTESIAN_POINT('',(47.917613367083,-36.03158274002,
    -8.284460916728));
#368 = CARTESIAN_POINT('',(48.34320588079,-35.15319309784,
    -8.558535524457));
#369 = CARTESIAN_POINT('',(48.512271923076,-34.69635598597,
    -8.690716758585));
#370 = CARTESIAN_POINT('',(48.658479926286,-34.22496007609,
    -8.800269972714));
#371 = PCURVE('',#120,#372);
#372 = DEFINITIONAL_REPRESENTATION('',(#373),#399);
#373 = B_SPLINE_CURVE_WITH_KNOTS('',3,(#374,#375,#376,#377,#378,#379,
    #380,#381,#382,#383,#384,#385,#386,#387,#388,#389,#390,#391,#392,
    #393,#394,#395,#396,#397,#398),.UNSPECIFIED.,.F.,.F.,(4,1,1,1,1,1,1,
    1,1,1,1,1,1,1,1,1,1,1,1,1,1,1,4),(-1.3493375766E-05,
    1.250283050565E-04,2.635499858791E-04,4.020716667016E-04,
    5.405933475242E-04,6.791150283467E-04,8.176367091693E-04,
    9.561583899918E-04,1.094680070814E-03,1.233201751637E-03,
    1.371723432459E-03,1.510245113282E-03,1.648766794105E-03,
    1.787288474927E-03,1.92581015575E-03,2.064331836572E-03,
    2.202853517395E-03,2.341375198217E-03,2.47989687904E-03,
    2.618418559862E-03,2.756940240685E-03,2.895461921507E-03,
    3.03398360233E-03),.UNSPECIFIED.);
#374 = CARTESIAN_POINT('',(-0.660992515215,3.14159265359));
#375 = CARTESIAN_POINT('',(-0.650562429671,3.154517512353));
#376 = CARTESIAN_POINT('',(-0.629707020622,3.180367898736));
#377 = CARTESIAN_POINT('',(-0.598449017721,3.219179376146));
#378 = CARTESIAN_POINT('',(-0.567226612855,3.258059078997));
#379 = CARTESIAN_POINT('',(-0.53605147355,3.297044807681));
#380 = CARTESIAN_POINT('',(-0.50493595873,3.336177351993));
#381 = CARTESIAN_POINT('',(-0.473893176166,3.375500453608));
#382 = CARTESIAN_POINT('',(-0.442936802798,3.415059972216));
#383 = CARTESIAN_POINT('',(-0.412081253817,3.454903266446));
#384 = CARTESIAN_POINT('',(-0.381340646336,3.495077988659));
#385 = CARTESIAN_POINT('',(-0.350732195415,3.535632483163));
#386 = CARTESIAN_POINT('',(-0.320263053451,3.576609827133));
#387 = CARTESIAN_POINT('',(-0.289978919649,3.618065169231));
#388 = CARTESIAN_POINT('',(-0.259911863765,3.660028278887));
#389 = CARTESIAN_POINT('',(-0.230057392527,3.702525956214));
#390 = CARTESIAN_POINT('',(-0.200423146996,3.74560083334));
#391 = CARTESIAN_POINT('',(-0.171015796355,3.789306378141));
#392 = CARTESIAN_POINT('',(-0.141844460123,3.833707867279));
#393 = CARTESIAN_POINT('',(-0.112919674514,3.878881349715));
#394 = CARTESIAN_POINT('',(-8.42535155779E-02,3.924912690471));
#395 = CARTESIAN_POINT('',(-5.585942239029E-02,3.971896203776));
#396 = CARTESIAN_POINT('',(-2.77519463905E-02,4.019932569569));
#397 = CARTESIAN_POINT('',(-9.215310867797E-03,4.052729183642));
#398 = CARTESIAN_POINT('',(0.,4.069337961184));
#399 = ( GEOMETRIC_REPRESENTATION_CONTEXT(2) 
PARAMETRIC_REPRESENTATION_CONTEXT() REPRESENTATION_CONTEXT('2D SPACE',''
  ) );
#400 = PCURVE('',#218,#401);
#401 = DEFINITIONAL_REPRESENTATION('',(#402),#428);
#402 = B_SPLINE_CURVE_WITH_KNOTS('',3,(#403,#404,#405,#406,#407,#408,
    #409,#410,#411,#412,#413,#414,#415,#416,#417,#418,#419,#420,#421,
    #422,#423,#424,#425,#426,#427),.UNSPECIFIED.,.F.,.F.,(4,1,1,1,1,1,1,
    1,1,1,1,1,1,1,1,1,1,1,1,1,1,1,4),(-1.3493375766E-05,
    1.250283050565E-04,2.635499858791E-04,4.020716667016E-04,
    5.405933475242E-04,6.791150283467E-04,8.176367091693E-04,
    9.561583899918E-04,1.094680070814E-03,1.233201751637E-03,
    1.371723432459E-03,1.510245113282E-03,1.648766794105E-03,
    1.787288474927E-03,1.92581015575E-03,2.064331836572E-03,
    2.202853517395E-03,2.341375198217E-03,2.47989687904E-03,
    2.618418559862E-03,2.756940240685E-03,2.895461921507E-03,
    3.03398360233E-03),.UNSPECIFIED.);
#403 = CARTESIAN_POINT('',(4.764504333031E-03,1.325403367729E-04));
#404 = CARTESIAN_POINT('',(4.721875235686E-03,9.452411812494E-05));
#405 = CARTESIAN_POINT('',(4.636702139608E-03,1.101530847328E-04));
#406 = CARTESIAN_POINT('',(4.509078218517E-03,2.67920046885E-04));
#407 = CARTESIAN_POINT('',(4.381470477174E-03,3.494209364018E-04));
#408 = CARTESIAN_POINT('',(4.253759268921E-03,3.888172673244E-04));
#409 = CARTESIAN_POINT('',(4.125822997173E-03,3.692422737353E-04));
#410 = CARTESIAN_POINT('',(3.997536579636E-03,3.008295286789E-04));
#411 = CARTESIAN_POINT('',(3.868769996859E-03,1.991677662396E-04));
#412 = CARTESIAN_POINT('',(3.739385526096E-03,9.018446290391E-05));
#413 = CARTESIAN_POINT('',(3.609239191633E-03,1.090852385254E-05));
#414 = CARTESIAN_POINT('',(3.478165399496E-03,2.225002477332E-06));
#415 = CARTESIAN_POINT('',(3.34602701803E-03,-4.118830011583E-05));
#416 = CARTESIAN_POINT('',(3.212874568469E-03,8.68194856152E-06));
#417 = CARTESIAN_POINT('',(3.078707812558E-03,1.367874598518E-04));
#418 = CARTESIAN_POINT('',(2.943395083053E-03,2.54174698441E-04));
#419 = CARTESIAN_POINT('',(2.806825769985E-03,3.323456476838E-04));
#420 = CARTESIAN_POINT('',(2.668865415757E-03,3.55677673089E-04));
#421 = CARTESIAN_POINT('',(2.529372036789E-03,3.255078690105E-04));
#422 = CARTESIAN_POINT('',(2.388163357666E-03,2.551689059551E-04));
#423 = CARTESIAN_POINT('',(2.245117208753E-03,1.589653267293E-04));
#424 = CARTESIAN_POINT('',(2.100244521127E-03,6.829325137606E-05));
#425 = CARTESIAN_POINT('',(1.953449262033E-03,1.092452668176E-05));
#426 = CARTESIAN_POINT('',(1.854260059123E-03,-1.869075259517E-06));
#427 = CARTESIAN_POINT('',(1.804321606444E-03,0.));
#428 = ( GEOMETRIC_REPRESENTATION_CONTEXT(2) 
PARAMETRIC_REPRESENTATION_CONTEXT() REPRESENTATION_CONTEXT('2D SPACE',''
  ) );
#429 = ORIENTED_EDGE('',*,*,#430,.T.);
#430 = EDGE_CURVE('',#361,#111,#431,.T.);
#431 = SURFACE_CURVE('',#432,(#437,#444),.PCURVE_S1.);
#432 = CIRCLE('',#433,4.25);
#433 = AXIS2_PLACEMENT_3D('',#434,#435,#436);
#434 = CARTESIAN_POINT('',(44.008119793849,-34.22496007609,-8.));
#435 = DIRECTION('',(0.,0.,1.));
#436 = DIRECTION('',(1.,0.,0.));
#437 = PCURVE('',#120,#438);
#438 = DEFINITIONAL_REPRESENTATION('',(#439),#443);
#439 = LINE('',#440,#441);
#440 = CARTESIAN_POINT('',(-6.28318530718,3.14159265359));
#441 = VECTOR('',#442,1.);
#442 = DIRECTION('',(1.,5.654319433713E-16));
#443 = ( GEOMETRIC_REPRESENTATION_CONTEXT(2) 
PARAMETRIC_REPRESENTATION_CONTEXT() REPRESENTATION_CONTEXT('2D SPACE',''
  ) );
#444 = PCURVE('',#445,#450);
#445 = CYLINDRICAL_SURFACE('',#446,4.25);
#446 = AXIS2_PLACEMENT_3D('',#447,#448,#449);
#447 = CARTESIAN_POINT('',(44.008119793849,-34.22496007609,27.));
#448 = DIRECTION('',(0.,0.,-1.));
#449 = DIRECTION('',(1.,0.,0.));
#450 = DEFINITIONAL_REPRESENTATION('',(#451),#455);
#451 = LINE('',#452,#453);
#452 = CARTESIAN_POINT('',(12.566370614359,35.));
#453 = VECTOR('',#454,1.);
#454 = DIRECTION('',(-1.,0.));
#455 = ( GEOMETRIC_REPRESENTATION_CONTEXT(2) 
PARAMETRIC_REPRESENTATION_CONTEXT() REPRESENTATION_CONTEXT('2D SPACE',''
  ) );
#456 = ADVANCED_FACE('',(#457),#472,.F.);
#457 = FACE_BOUND('',#458,.F.);
#458 = EDGE_LOOP('',(#459,#495,#524,#553,#738));
#459 = ORIENTED_EDGE('',*,*,#460,.T.);
#460 = EDGE_CURVE('',#461,#463,#465,.T.);
#461 = VERTEX_POINT('',#462);
#462 = CARTESIAN_POINT('',(49.055489212719,-32.78046641066,-18.));
#463 = VERTEX_POINT('',#464);
#464 = CARTESIAN_POINT('',(39.863857391738,-31.00198177296,-18.));
#465 = SURFACE_CURVE('',#466,(#471,#483),.PCURVE_S1.);
#466 = CIRCLE('',#467,5.25);
#467 = AXIS2_PLACEMENT_3D('',#468,#469,#470);
#468 = CARTESIAN_POINT('',(44.008119793849,-34.22496007609,-18.));
#469 = DIRECTION('',(0.,0.,1.));
#470 = DIRECTION('',(1.,0.,0.));
#471 = PCURVE('',#472,#477);
#472 = TOROIDAL_SURFACE('',#473,5.25,1.);
#473 = AXIS2_PLACEMENT_3D('',#474,#475,#476);
#474 = CARTESIAN_POINT('',(44.008119793849,-34.22496007609,-19.));
#475 = DIRECTION('',(0.,0.,1.));
#476 = DIRECTION('',(1.,0.,0.));
#477 = DEFINITIONAL_REPRESENTATION('',(#478),#482);
#478 = LINE('',#479,#480);
#479 = CARTESIAN_POINT('',(0.,1.570796326795));
#480 = VECTOR('',#481,1.);
#481 = DIRECTION('',(1.,2.420255152875E-15));
#482 = ( GEOMETRIC_REPRESENTATION_CONTEXT(2) 
PARAMETRIC_REPRESENTATION_CONTEXT() REPRESENTATION_CONTEXT('2D SPACE',''
  ) );
#483 = PCURVE('',#484,#489);
#484 = PLANE('',#485);
#485 = AXIS2_PLACEMENT_3D('',#486,#487,#488);
#486 = CARTESIAN_POINT('',(-47.57979592433,-19.7081967668,-18.));
#487 = DIRECTION('',(0.,0.,1.));
#488 = DIRECTION('',(1.,0.,0.));
#489 = DEFINITIONAL_REPRESENTATION('',(#490),#494);
#490 = CIRCLE('',#491,5.25);
#491 = AXIS2_PLACEMENT_2D('',#492,#493);
#492 = CARTESIAN_POINT('',(91.587915718181,-14.51676330929));
#493 = DIRECTION('',(1.,0.));
#494 = ( GEOMETRIC_REPRESENTATION_CONTEXT(2) 
PARAMETRIC_REPRESENTATION_CONTEXT() REPRESENTATION_CONTEXT('2D SPACE',''
  ) );
#495 = ORIENTED_EDGE('',*,*,#496,.F.);
#496 = EDGE_CURVE('',#497,#463,#499,.T.);
#497 = VERTEX_POINT('',#498);
#498 = CARTESIAN_POINT('',(40.653240706426,-31.61588240213,-19.));
#499 = SURFACE_CURVE('',#500,(#505,#512),.PCURVE_S1.);
#500 = CIRCLE('',#501,1.);
#501 = AXIS2_PLACEMENT_3D('',#502,#503,#504);
#502 = CARTESIAN_POINT('',(39.863857391738,-31.00198177296,-19.));
#503 = DIRECTION('',(-0.613900629168,-0.789383314688,-0.));
#504 = DIRECTION('',(-0.789383314688,0.613900629168,0.));
#505 = PCURVE('',#472,#506);
#506 = DEFINITIONAL_REPRESENTATION('',(#507),#511);
#507 = LINE('',#508,#509);
#508 = CARTESIAN_POINT('',(2.480600138375,6.28318530718));
#509 = VECTOR('',#510,1.);
#510 = DIRECTION('',(-2.827159716856E-16,-1.));
#511 = ( GEOMETRIC_REPRESENTATION_CONTEXT(2) 
PARAMETRIC_REPRESENTATION_CONTEXT() REPRESENTATION_CONTEXT('2D SPACE',''
  ) );
#512 = PCURVE('',#513,#518);
#513 = TOROIDAL_SURFACE('',#514,50.5,1.);
#514 = AXIS2_PLACEMENT_3D('',#515,#516,#517);
#515 = CARTESIAN_POINT('',(0.,0.,-19.));
#516 = DIRECTION('',(0.,0.,1.));
#517 = DIRECTION('',(1.,0.,0.));
#518 = DEFINITIONAL_REPRESENTATION('',(#519),#523);
#519 = LINE('',#520,#521);
#520 = CARTESIAN_POINT('',(5.622192791965,-3.14159265359));
#521 = VECTOR('',#522,1.);
#522 = DIRECTION('',(0.,1.));
#523 = ( GEOMETRIC_REPRESENTATION_CONTEXT(2) 
PARAMETRIC_REPRESENTATION_CONTEXT() REPRESENTATION_CONTEXT('2D SPACE',''
  ) );
#524 = ORIENTED_EDGE('',*,*,#525,.T.);
#525 = EDGE_CURVE('',#497,#526,#528,.T.);
#526 = VERTEX_POINT('',#527);
#527 = CARTESIAN_POINT('',(47.362998881273,-36.83403775005,-19.));
#528 = SURFACE_CURVE('',#529,(#534,#541),.PCURVE_S1.);
#529 = CIRCLE('',#530,4.25);
#530 = AXIS2_PLACEMENT_3D('',#531,#532,#533);
#531 = CARTESIAN_POINT('',(44.008119793849,-34.22496007609,-19.));
#532 = DIRECTION('',(0.,0.,-1.));
#533 = DIRECTION('',(1.,0.,0.));
#534 = PCURVE('',#472,#535);
#535 = DEFINITIONAL_REPRESENTATION('',(#536),#540);
#536 = LINE('',#537,#538);
#537 = CARTESIAN_POINT('',(6.28318530718,3.14159265359));
#538 = VECTOR('',#539,1.);
#539 = DIRECTION('',(-1.,-2.827159716856E-16));
#540 = ( GEOMETRIC_REPRESENTATION_CONTEXT(2) 
PARAMETRIC_REPRESENTATION_CONTEXT() REPRESENTATION_CONTEXT('2D SPACE',''
  ) );
#541 = PCURVE('',#542,#547);
#542 = CYLINDRICAL_SURFACE('',#543,4.25);
#543 = AXIS2_PLACEMENT_3D('',#544,#545,#546);
#544 = CARTESIAN_POINT('',(44.008119793849,-34.22496007609,-27.));
#545 = DIRECTION('',(0.,0.,1.));
#546 = DIRECTION('',(1.,0.,0.));
#547 = DEFINITIONAL_REPRESENTATION('',(#548),#552);
#548 = LINE('',#549,#550);
#549 = CARTESIAN_POINT('',(6.28318530718,8.));
#550 = VECTOR('',#551,1.);
#551 = DIRECTION('',(-1.,0.));
#552 = ( GEOMETRIC_REPRESENTATION_CONTEXT(2) 
PARAMETRIC_REPRESENTATION_CONTEXT() REPRESENTATION_CONTEXT('2D SPACE',''
  ) );
#553 = ORIENTED_EDGE('',*,*,#554,.F.);
#554 = EDGE_CURVE('',#555,#526,#557,.T.);
#555 = VERTEX_POINT('',#556);
#556 = CARTESIAN_POINT('',(48.658479926285,-34.22496007609,
    -18.19973002728));
#557 = SURFACE_CURVE('',#558,(#567,#596),.PCURVE_S1.);
#558 = B_SPLINE_CURVE_WITH_KNOTS('',3,(#559,#560,#561,#562,#563,#564,
    #565,#566),.UNSPECIFIED.,.F.,.F.,(4,2,2,4),(1.512347113947E-03,
    3.029358404303E-03,3.787864049481E-03,4.546369694659E-03),
  .UNSPECIFIED.);
#559 = CARTESIAN_POINT('',(48.658479926286,-34.22496007609,
    -18.19973002728));
#560 = CARTESIAN_POINT('',(48.512269039492,-34.69636528306,
    -18.30928540207));
#561 = CARTESIAN_POINT('',(48.34319917784,-35.1532111269,-18.44146960692
    ));
#562 = CARTESIAN_POINT('',(48.023995961001,-35.81201529395,
    -18.64703002787));
#563 = CARTESIAN_POINT('',(47.907073570555,-36.02649804042,
    -18.71704052735));
#564 = CARTESIAN_POINT('',(47.651635278964,-36.44090993559,
    -18.85784090007));
#565 = CARTESIAN_POINT('',(47.512010121923,-36.64243184271,
    -18.92922904389));
#566 = CARTESIAN_POINT('',(47.362998881273,-36.83403775005,-19.));
#567 = PCURVE('',#472,#568);
#568 = DEFINITIONAL_REPRESENTATION('',(#569),#595);
#569 = B_SPLINE_CURVE_WITH_KNOTS('',3,(#570,#571,#572,#573,#574,#575,
    #576,#577,#578,#579,#580,#581,#582,#583,#584,#585,#586,#587,#588,
    #589,#590,#591,#592,#593,#594),.UNSPECIFIED.,.F.,.F.,(4,1,1,1,1,1,1,
    1,1,1,1,1,1,1,1,1,1,1,1,1,1,1,4),(1.512347113947E-03,
    1.650257231252E-03,1.788167348557E-03,1.926077465862E-03,
    2.063987583167E-03,2.201897700472E-03,2.339807817778E-03,
    2.477717935083E-03,2.615628052388E-03,2.753538169693E-03,
    2.891448286998E-03,3.029358404303E-03,3.167268521608E-03,
    3.305178638913E-03,3.443088756218E-03,3.580998873523E-03,
    3.718908990828E-03,3.856819108134E-03,3.994729225439E-03,
    4.132639342744E-03,4.270549460049E-03,4.408459577354E-03,
    4.546369694659E-03),.QUASI_UNIFORM_KNOTS.);
#570 = CARTESIAN_POINT('',(0.,2.213847345996));
#571 = CARTESIAN_POINT('',(-9.215492620255E-03,2.230456451111));
#572 = CARTESIAN_POINT('',(-2.775249585182E-02,2.263253703313));
#573 = CARTESIAN_POINT('',(-5.586053514489E-02,2.311290981395));
#574 = CARTESIAN_POINT('',(-8.425520237583E-02,2.358275368177));
#575 = CARTESIAN_POINT('',(-0.112921945468,2.404307549867));
#576 = CARTESIAN_POINT('',(-0.14184732389,2.449481845234));
#577 = CARTESIAN_POINT('',(-0.17101926362,2.493884128146));
#578 = CARTESIAN_POINT('',(-0.200427217982,2.537590437463));
#579 = CARTESIAN_POINT('',(-0.230062104178,2.580666107014));
#580 = CARTESIAN_POINT('',(-0.259917114263,2.623164407013));
#581 = CARTESIAN_POINT('',(-0.289985123984,2.665128718999));
#582 = CARTESIAN_POINT('',(-0.320268697441,2.70658305398));
#583 = CARTESIAN_POINT('',(-0.350742964894,2.747567594391));
#584 = CARTESIAN_POINT('',(-0.381362815989,2.788142163743));
#585 = CARTESIAN_POINT('',(-0.412112968879,2.828340184456));
#586 = CARTESIAN_POINT('',(-0.442970108172,2.868201057015));
#587 = CARTESIAN_POINT('',(-0.473916410908,2.907763987442));
#588 = CARTESIAN_POINT('',(-0.504924469986,2.94705174639));
#589 = CARTESIAN_POINT('',(-0.536069126196,2.986223440133));
#590 = CARTESIAN_POINT('',(-0.567293051444,3.025258815309));
#591 = CARTESIAN_POINT('',(-0.598554694075,3.06416623721));
#592 = CARTESIAN_POINT('',(-0.629807973421,3.10294986885));
#593 = CARTESIAN_POINT('',(-0.650608472833,3.128724847386));
#594 = CARTESIAN_POINT('',(-0.660992515215,3.14159265359));
#595 = ( GEOMETRIC_REPRESENTATION_CONTEXT(2) 
PARAMETRIC_REPRESENTATION_CONTEXT() REPRESENTATION_CONTEXT('2D SPACE',''
  ) );
#596 = PCURVE('',#597,#710);
#597 = B_SPLINE_SURFACE_WITH_KNOTS('',3,3,(
    (#598,#599,#600,#601,#602,#603,#604)
    ,(#605,#606,#607,#608,#609,#610,#611)
    ,(#612,#613,#614,#615,#616,#617,#618)
    ,(#619,#620,#621,#622,#623,#624,#625)
    ,(#626,#627,#628,#629,#630,#631,#632)
    ,(#633,#634,#635,#636,#637,#638,#639)
    ,(#640,#641,#642,#643,#644,#645,#646)
    ,(#647,#648,#649,#650,#651,#652,#653)
    ,(#654,#655,#656,#657,#658,#659,#660)
    ,(#661,#662,#663,#664,#665,#666,#667)
    ,(#668,#669,#670,#671,#672,#673,#674)
    ,(#675,#676,#677,#678,#679,#680,#681)
    ,(#682,#683,#684,#685,#686,#687,#688)
    ,(#689,#690,#691,#692,#693,#694,#695)
    ,(#696,#697,#698,#699,#700,#701,#702)
    ,(#703,#704,#705,#706,#707,#708,#709
    )),.UNSPECIFIED.,.F.,.F.,.F.,(4,3,3,3,3,4),(4,3,4),(0.,
    1.191126083258E-03,1.786689124887E-03,2.382252166516E-03,
    3.573378249773E-03,4.764504333031E-03),(0.,0.5,1.),.UNSPECIFIED.);
#598 = CARTESIAN_POINT('',(49.886938182426,-33.33606753627,-17.));
#599 = CARTESIAN_POINT('',(49.886938182426,-33.33606753627,
    -17.26179938779));
#600 = CARTESIAN_POINT('',(49.79733035247,-33.2761886826,-17.52198665876
    ));
#601 = CARTESIAN_POINT('',(49.643412417409,-33.17333573421,
    -17.70710678118));
#602 = CARTESIAN_POINT('',(49.489494482349,-33.07048278582,
    -17.89222690361));
#603 = CARTESIAN_POINT('',(49.273162043974,-32.92592244521,-18.));
#604 = CARTESIAN_POINT('',(49.055489212719,-32.78046641066,-18.));
#605 = CARTESIAN_POINT('',(49.659255010516,-33.67679207763,-17.));
#606 = CARTESIAN_POINT('',(49.676313162928,-33.65126480169,
    -17.24523675499));
#607 = CARTESIAN_POINT('',(49.615894666403,-33.57330720297,
    -17.48936532898));
#608 = CARTESIAN_POINT('',(49.492126560411,-33.46296999237,
    -17.67197213127));
#609 = CARTESIAN_POINT('',(49.368358454419,-33.35263278177,
    -17.85457893356));
#610 = CARTESIAN_POINT('',(49.182292398892,-33.21095901103,
    -17.97398347722));
#611 = CARTESIAN_POINT('',(48.979384006868,-33.07321850264,-18.));
#612 = CARTESIAN_POINT('',(49.43486010448,-34.00509013694,
    -17.06883483335));
#613 = CARTESIAN_POINT('',(49.46306217824,-33.96396899601,
    -17.29151625028));
#614 = CARTESIAN_POINT('',(49.425404140707,-33.87766045271,
    -17.51346130075));
#615 = CARTESIAN_POINT('',(49.329479136533,-33.76491127287,
    -17.68735439971));
#616 = CARTESIAN_POINT('',(49.233554132359,-33.65216209303,
    -17.86124749866));
#617 = CARTESIAN_POINT('',(49.079970483696,-33.51373471381,
    -17.98592734595));
#618 = CARTESIAN_POINT('',(48.900984293518,-33.3793842827,
    -18.03441741667));
#619 = CARTESIAN_POINT('',(49.212156229234,-34.3243889861,
    -17.18530401213));
#620 = CARTESIAN_POINT('',(49.24679747255,-34.27472254401,
    -17.38432911811));
#621 = CARTESIAN_POINT('',(49.226446236968,-34.18688330563,
    -17.58286024703));
#622 = CARTESIAN_POINT('',(49.154847209041,-34.07703394639,
    -17.7443670936));
#623 = CARTESIAN_POINT('',(49.083248181114,-33.96718458714,
    -17.90587394018));
#624 = CARTESIAN_POINT('',(48.960756776074,-33.83587039564,
    -18.0295547897));
#625 = CARTESIAN_POINT('',(48.809911768799,-33.70725356515,
    -18.09265200606));
#626 = CARTESIAN_POINT('',(49.100804291611,-34.48403841068,
    -17.24353860152));
#627 = CARTESIAN_POINT('',(49.138665119705,-34.430099318,-17.43073555202
    ));
#628 = CARTESIAN_POINT('',(49.126967285098,-34.34149473209,
    -17.61755972016));
#629 = CARTESIAN_POINT('',(49.067531245295,-34.23309528315,
    -17.77287344055));
#630 = CARTESIAN_POINT('',(49.008095205491,-34.1246958342,
    -17.92818716093));
#631 = CARTESIAN_POINT('',(48.901149922262,-33.99693823656,
    -18.05136851158));
#632 = CARTESIAN_POINT('',(48.76437550644,-33.87118820638,
    -18.12176930076));
#633 = CARTESIAN_POINT('',(48.990535193446,-34.64046603249,
    -17.31378644601));
#634 = CARTESIAN_POINT('',(49.030392772147,-34.58409017308,
    -17.48886465718));
#635 = CARTESIAN_POINT('',(49.025895676436,-34.49646868898,
    -17.66365997772));
#636 = CARTESIAN_POINT('',(48.977637175494,-34.39084963811,
    -17.81185560985));
#637 = CARTESIAN_POINT('',(48.929378674553,-34.28523058724,
    -17.96005124198));
#638 = CARTESIAN_POINT('',(48.837510666155,-34.16195732204,
    -18.08116678111));
#639 = CARTESIAN_POINT('',(48.715747666685,-34.03963438498,-18.156893223
    ));
#640 = CARTESIAN_POINT('',(48.882947258029,-34.79162927154,
    -17.39245007109));
#641 = CARTESIAN_POINT('',(48.923738158334,-34.73431722638,
    -17.55560741859));
#642 = CARTESIAN_POINT('',(48.925007709148,-34.64899111976,
    -17.7185482061));
#643 = CARTESIAN_POINT('',(48.886582928563,-34.5472770108,
    -17.85907103124));
#644 = CARTESIAN_POINT('',(48.848158147978,-34.44556290185,
    -17.99959385638));
#645 = CARTESIAN_POINT('',(48.770141038997,-34.32773080236,
    -18.11732568514));
#646 = CARTESIAN_POINT('',(48.663161777502,-34.20983585664,
    -18.19622503554));
#647 = CARTESIAN_POINT('',(48.775359322612,-34.9427925106,
    -17.47111369618));
#648 = CARTESIAN_POINT('',(48.81708354452,-34.88454427968,
    -17.62235017999));
#649 = CARTESIAN_POINT('',(48.82411974186,-34.80151355054,
    -17.77343643448));
#650 = CARTESIAN_POINT('',(48.795528681631,-34.7037043835,
    -17.90628645263));
#651 = CARTESIAN_POINT('',(48.766937621403,-34.60589521645,
    -18.03913647079));
#652 = CARTESIAN_POINT('',(48.702771411838,-34.49350428269,
    -18.15348458917));
#653 = CARTESIAN_POINT('',(48.61057588832,-34.38003732831,
    -18.23555684809));
#654 = CARTESIAN_POINT('',(48.669816722654,-35.08960406667,
    -17.5585413586));
#655 = CARTESIAN_POINT('',(48.711428554658,-35.03189757343,
    -17.69798237161));
#656 = CARTESIAN_POINT('',(48.722845899005,-34.95247149398,
    -17.83731676467));
#657 = CARTESIAN_POINT('',(48.702813082396,-34.85970062247,
    -17.9619021944));
#658 = CARTESIAN_POINT('',(48.682780265788,-34.76692975096,
    -18.08648762414));
#659 = CARTESIAN_POINT('',(48.631325935048,-34.66095660088,
    -18.19613297027));
#660 = CARTESIAN_POINT('',(48.55376304891,-34.5529381773,-18.2792706793)
  );
#661 = CARTESIAN_POINT('',(48.565805868116,-35.23297461726,
    -17.65280582671));
#662 = CARTESIAN_POINT('',(48.606448477852,-35.17695206691,
    -17.7806900206));
#663 = CARTESIAN_POINT('',(48.62099459659,-35.10204847285,
    -17.90849772242));
#664 = CARTESIAN_POINT('',(48.608098550366,-35.01519323103,
    -18.02440533167));
#665 = CARTESIAN_POINT('',(48.595202504142,-34.92833798921,
    -18.14031294091));
#666 = CARTESIAN_POINT('',(48.554879720124,-34.82963500204,
    -18.24418180068));
#667 = CARTESIAN_POINT('',(48.490860493762,-34.7282153678,
    -18.32640291335));
#668 = CARTESIAN_POINT('',(48.357784159041,-35.51971571843,
    -17.84133476293));
#669 = CARTESIAN_POINT('',(48.396488324241,-35.46706105385,
    -17.94610531859));
#670 = CARTESIAN_POINT('',(48.41729199176,-35.40120243059,
    -18.05085963792));
#671 = CARTESIAN_POINT('',(48.418669486304,-35.32617844814,
    -18.14941160619));
#672 = CARTESIAN_POINT('',(48.420046980848,-35.2511544657,
    -18.24796357445));
#673 = CARTESIAN_POINT('',(48.401987290277,-35.16699180437,
    -18.34027946149));
#674 = CARTESIAN_POINT('',(48.365055383467,-35.07876974882,
    -18.42066738146));
#675 = CARTESIAN_POINT('',(48.155758538911,-35.79291861745,
    -18.05741817399));
#676 = CARTESIAN_POINT('',(48.189074233758,-35.74821170002,
    -18.14007284813));
#677 = CARTESIAN_POINT('',(48.211100105188,-35.69508095096,
    -18.22272052292));
#678 = CARTESIAN_POINT('',(48.220966987189,-35.6355152433,-18.3022712001
    ));
#679 = CARTESIAN_POINT('',(48.23083386919,-35.57594953563,
    -18.38182187729));
#680 = CARTESIAN_POINT('',(48.228539580461,-35.50995889904,
    -18.45826199959));
#681 = CARTESIAN_POINT('',(48.214066825647,-35.43999103122,
    -18.52870908699));
#682 = CARTESIAN_POINT('',(47.956345862584,-36.05813211341,
    -18.28688203542));
#683 = CARTESIAN_POINT('',(47.982333770886,-36.02356889436,
    -18.34837233389));
#684 = CARTESIAN_POINT('',(48.001516906746,-35.98389152841,
    -18.40985998784));
#685 = CARTESIAN_POINT('',(48.013411142009,-35.94010136018,
    -18.4697932226));
#686 = CARTESIAN_POINT('',(48.025305377272,-35.89631119195,
    -18.52972645736));
#687 = CARTESIAN_POINT('',(48.029909688867,-35.84841198802,
    -18.58810011782));
#688 = CARTESIAN_POINT('',(48.027107876977,-35.79761258896,
    -18.64344101771));
#689 = CARTESIAN_POINT('',(47.756933186258,-36.32334560936,
    -18.51634589686));
#690 = CARTESIAN_POINT('',(47.775593308014,-36.29892608869,
    -18.55667181965));
#691 = CARTESIAN_POINT('',(47.791933708304,-36.27270210585,
    -18.59699945277));
#692 = CARTESIAN_POINT('',(47.805855296829,-36.24468747706,
    -18.6373152451));
#693 = CARTESIAN_POINT('',(47.819776885354,-36.21667284827,
    -18.67763103743));
#694 = CARTESIAN_POINT('',(47.831279797273,-36.18686507699,
    -18.71793823606));
#695 = CARTESIAN_POINT('',(47.840148928306,-36.1552341467,
    -18.75817294843));
#696 = CARTESIAN_POINT('',(47.560105626502,-36.58058830155,
    -18.75924638861));
#697 = CARTESIAN_POINT('',(47.569497678678,-36.56851154364,
    -18.77930918956));
#698 = CARTESIAN_POINT('',(47.578889730855,-36.55643478573,
    -18.79937199051));
#699 = CARTESIAN_POINT('',(47.588281783031,-36.54435802782,
    -18.81943479146));
#700 = CARTESIAN_POINT('',(47.597673835208,-36.53228126991,
    -18.83949759241));
#701 = CARTESIAN_POINT('',(47.607065887384,-36.52020451201,
    -18.85956039336));
#702 = CARTESIAN_POINT('',(47.616457939561,-36.5081277541,-18.8796231943
    ));
#703 = CARTESIAN_POINT('',(47.362998881273,-36.83403775005,-19.));
#704 = CARTESIAN_POINT('',(47.362998881273,-36.83403775005,-19.));
#705 = CARTESIAN_POINT('',(47.362998881273,-36.83403775005,-19.));
#706 = CARTESIAN_POINT('',(47.362998881273,-36.83403775005,-19.));
#707 = CARTESIAN_POINT('',(47.362998881273,-36.83403775005,-19.));
#708 = CARTESIAN_POINT('',(47.362998881273,-36.83403775005,-19.));
#709 = CARTESIAN_POINT('',(47.362998881273,-36.83403775005,-19.));
#710 = DEFINITIONAL_REPRESENTATION('',(#711),#737);
#711 = B_SPLINE_CURVE_WITH_KNOTS('',3,(#712,#713,#714,#715,#716,#717,
    #718,#719,#720,#721,#722,#723,#724,#725,#726,#727,#728,#729,#730,
    #731,#732,#733,#734,#735,#736),.UNSPECIFIED.,.F.,.F.,(4,1,1,1,1,1,1,
    1,1,1,1,1,1,1,1,1,1,1,1,1,1,1,4),(1.512347113947E-03,
    1.650257231252E-03,1.788167348557E-03,1.926077465862E-03,
    2.063987583167E-03,2.201897700472E-03,2.339807817778E-03,
    2.477717935083E-03,2.615628052388E-03,2.753538169693E-03,
    2.891448286998E-03,3.029358404303E-03,3.167268521608E-03,
    3.305178638913E-03,3.443088756218E-03,3.580998873523E-03,
    3.718908990828E-03,3.856819108134E-03,3.994729225439E-03,
    4.132639342744E-03,4.270549460049E-03,4.408459577354E-03,
    4.546369694659E-03),.QUASI_UNIFORM_KNOTS.);
#712 = CARTESIAN_POINT('',(1.804321606444E-03,1.));
#713 = CARTESIAN_POINT('',(1.854261044054E-03,1.000001869206));
#714 = CARTESIAN_POINT('',(1.953452189444E-03,0.999989074547));
#715 = CARTESIAN_POINT('',(2.100250284885E-03,0.999931701329));
#716 = CARTESIAN_POINT('',(2.245125734582E-03,0.999841022055));
#717 = CARTESIAN_POINT('',(2.38817458026E-03,0.999744811749));
#718 = CARTESIAN_POINT('',(2.529385876521E-03,0.999674466854));
#719 = CARTESIAN_POINT('',(2.668881837135E-03,0.999644294228));
#720 = CARTESIAN_POINT('',(2.80684469546E-03,0.999667625875));
#721 = CARTESIAN_POINT('',(2.943416607583E-03,0.999745804997));
#722 = CARTESIAN_POINT('',(3.07873142503E-03,0.99986318674));
#723 = CARTESIAN_POINT('',(3.212902046E-03,0.99999135086));
#724 = CARTESIAN_POINT('',(3.346051622808E-03,1.000041039902));
#725 = CARTESIAN_POINT('',(3.478212193359E-03,0.999998312705));
#726 = CARTESIAN_POINT('',(3.609337261141E-03,1.00000146758));
#727 = CARTESIAN_POINT('',(3.739529524587E-03,0.999952395529));
#728 = CARTESIAN_POINT('',(3.868928927828E-03,0.999895757724));
#729 = CARTESIAN_POINT('',(3.997662392315E-03,0.999867334818));
#730 = CARTESIAN_POINT('',(4.125810393101E-03,0.999867591347));
#731 = CARTESIAN_POINT('',(4.253868158825E-03,0.999922397249));
#732 = CARTESIAN_POINT('',(4.381772014292E-03,0.99999338077));
#733 = CARTESIAN_POINT('',(4.509527076245E-03,1.00005720356));
#734 = CARTESIAN_POINT('',(4.637118714996E-03,1.000060237432));
#735 = CARTESIAN_POINT('',(4.722063255315E-03,1.000057662697));
#736 = CARTESIAN_POINT('',(4.764504333031E-03,1.000059088103));
#737 = ( GEOMETRIC_REPRESENTATION_CONTEXT(2) 
PARAMETRIC_REPRESENTATION_CONTEXT() REPRESENTATION_CONTEXT('2D SPACE',''
  ) );
#738 = ORIENTED_EDGE('',*,*,#739,.F.);
#739 = EDGE_CURVE('',#461,#555,#740,.T.);
#740 = SURFACE_CURVE('',#741,(#748,#777),.PCURVE_S1.);
#741 = B_SPLINE_CURVE_WITH_KNOTS('',3,(#742,#743,#744,#745,#746,#747),
  .UNSPECIFIED.,.F.,.F.,(4,2,4),(0.,7.56173556973E-04,1.512347113947E-03
    ),.UNSPECIFIED.);
#742 = CARTESIAN_POINT('',(49.055489212719,-32.78046641066,-18.));
#743 = CARTESIAN_POINT('',(48.991720150696,-33.0257653505,-18.));
#744 = CARTESIAN_POINT('',(48.929014643204,-33.26873194263,
    -18.02403844092));
#745 = CARTESIAN_POINT('',(48.798901316025,-33.75076920704,
    -18.09639672009));
#746 = CARTESIAN_POINT('',(48.731360600963,-33.98998215971,
    -18.14512075841));
#747 = CARTESIAN_POINT('',(48.658479926286,-34.22496007609,
    -18.19973002728));
#748 = PCURVE('',#472,#749);
#749 = DEFINITIONAL_REPRESENTATION('',(#750),#776);
#750 = B_SPLINE_CURVE_WITH_KNOTS('',3,(#751,#752,#753,#754,#755,#756,
    #757,#758,#759,#760,#761,#762,#763,#764,#765,#766,#767,#768,#769,
    #770,#771,#772,#773,#774,#775),.UNSPECIFIED.,.F.,.F.,(4,1,1,1,1,1,1,
    1,1,1,1,1,1,1,1,1,1,1,1,1,1,1,4),(0.,6.874305063395E-05,
    1.374861012679E-04,2.062291519019E-04,2.749722025358E-04,
    3.437152531698E-04,4.124583038037E-04,4.812013544377E-04,
    5.499444050716E-04,6.186874557056E-04,6.874305063395E-04,
    7.561735569735E-04,8.249166076075E-04,8.936596582414E-04,
    9.624027088754E-04,1.031145759509E-03,1.099888810143E-03,
    1.168631860777E-03,1.237374911411E-03,1.306117962045E-03,
    1.374861012679E-03,1.443604063313E-03,1.512347113947E-03),
  .QUASI_UNIFORM_KNOTS.);
#751 = CARTESIAN_POINT('',(0.278737036516,1.570796326795));
#752 = CARTESIAN_POINT('',(0.27495719928,1.582505214727));
#753 = CARTESIAN_POINT('',(0.267353070022,1.605671136787));
#754 = CARTESIAN_POINT('',(0.255814838237,1.639705151676));
#755 = CARTESIAN_POINT('',(0.244145880959,1.673065946446));
#756 = CARTESIAN_POINT('',(0.232347559804,1.705791827122));
#757 = CARTESIAN_POINT('',(0.220421263986,1.737918458398));
#758 = CARTESIAN_POINT('',(0.208368410666,1.769478327719));
#759 = CARTESIAN_POINT('',(0.196190441238,1.800500599223));
#760 = CARTESIAN_POINT('',(0.183888810863,1.831011016152));
#761 = CARTESIAN_POINT('',(0.171465008113,1.861031532486));
#762 = CARTESIAN_POINT('',(0.158920460057,1.890581244741));
#763 = CARTESIAN_POINT('',(0.146256864734,1.919672621576));
#764 = CARTESIAN_POINT('',(0.133474927952,1.948325440454));
#765 = CARTESIAN_POINT('',(0.120577803001,1.976562580338));
#766 = CARTESIAN_POINT('',(0.107569721699,2.004395357892));
#767 = CARTESIAN_POINT('',(9.445472654702E-02,2.031837370291));
#768 = CARTESIAN_POINT('',(8.123699806801E-02,2.058900675823));
#769 = CARTESIAN_POINT('',(6.792075402578E-02,2.085596718434));
#770 = CARTESIAN_POINT('',(5.451026268127E-02,2.111935986973));
#771 = CARTESIAN_POINT('',(4.100982503475E-02,2.137928033889));
#772 = CARTESIAN_POINT('',(2.742376436892E-02,2.163581358642));
#773 = CARTESIAN_POINT('',(1.375641519258E-02,2.188903505973));
#774 = CARTESIAN_POINT('',(4.593541862032E-03,2.205568148841));
#775 = CARTESIAN_POINT('',(0.,2.213847345996));
#776 = ( GEOMETRIC_REPRESENTATION_CONTEXT(2) 
PARAMETRIC_REPRESENTATION_CONTEXT() REPRESENTATION_CONTEXT('2D SPACE',''
  ) );
#777 = PCURVE('',#597,#778);
#778 = DEFINITIONAL_REPRESENTATION('',(#779),#805);
#779 = B_SPLINE_CURVE_WITH_KNOTS('',3,(#780,#781,#782,#783,#784,#785,
    #786,#787,#788,#789,#790,#791,#792,#793,#794,#795,#796,#797,#798,
    #799,#800,#801,#802,#803,#804),.UNSPECIFIED.,.F.,.F.,(4,1,1,1,1,1,1,
    1,1,1,1,1,1,1,1,1,1,1,1,1,1,1,4),(0.,6.874305063395E-05,
    1.374861012679E-04,2.062291519019E-04,2.749722025358E-04,
    3.437152531698E-04,4.124583038037E-04,4.812013544377E-04,
    5.499444050716E-04,6.186874557056E-04,6.874305063395E-04,
    7.561735569735E-04,8.249166076075E-04,8.936596582414E-04,
    9.624027088754E-04,1.031145759509E-03,1.099888810143E-03,
    1.168631860777E-03,1.237374911411E-03,1.306117962045E-03,
    1.374861012679E-03,1.443604063313E-03,1.512347113947E-03),
  .QUASI_UNIFORM_KNOTS.);
#780 = CARTESIAN_POINT('',(0.,1.));
#781 = CARTESIAN_POINT('',(3.024421781282E-05,1.));
#782 = CARTESIAN_POINT('',(9.047055330866E-05,1.));
#783 = CARTESIAN_POINT('',(1.800136354648E-04,0.999999999999));
#784 = CARTESIAN_POINT('',(2.687492935481E-04,1.000000000005));
#785 = CARTESIAN_POINT('',(3.566696125777E-04,0.999999999982));
#786 = CARTESIAN_POINT('',(4.43768343187E-04,1.000000000068));
#787 = CARTESIAN_POINT('',(5.300409544876E-04,0.999999999747));
#788 = CARTESIAN_POINT('',(6.154843070886E-04,1.000000000946));
#789 = CARTESIAN_POINT('',(7.000965264677E-04,0.999999996471));
#790 = CARTESIAN_POINT('',(7.838766225237E-04,1.00000001317));
#791 = CARTESIAN_POINT('',(8.66825095631E-04,0.999999950848));
#792 = CARTESIAN_POINT('',(9.489410154241E-04,1.000000183437));
#793 = CARTESIAN_POINT('',(1.030232376136E-03,0.999999315404));
#794 = CARTESIAN_POINT('',(1.110706813841E-03,1.000002554945));
#795 = CARTESIAN_POINT('',(1.19032860613E-03,0.999990464814));
#796 = CARTESIAN_POINT('',(1.269171905039E-03,0.999988827315));
#797 = CARTESIAN_POINT('',(1.347349347108E-03,0.99998528978));
#798 = CARTESIAN_POINT('',(1.424888616551E-03,0.999984119442));
#799 = CARTESIAN_POINT('',(1.501835415468E-03,0.999984925782));
#800 = CARTESIAN_POINT('',(1.578226357127E-03,0.999988075296));
#801 = CARTESIAN_POINT('',(1.654096036403E-03,0.999992919612));
#802 = CARTESIAN_POINT('',(1.72947733172E-03,0.999998134107));
#803 = CARTESIAN_POINT('',(1.779422114504E-03,0.999999929682));
#804 = CARTESIAN_POINT('',(1.804321606444E-03,1.));
#805 = ( GEOMETRIC_REPRESENTATION_CONTEXT(2) 
PARAMETRIC_REPRESENTATION_CONTEXT() REPRESENTATION_CONTEXT('2D SPACE',''
  ) );
#806 = ADVANCED_FACE('',(#807),#822,.T.);
#807 = FACE_BOUND('',#808,.T.);
#808 = EDGE_LOOP('',(#809,#849,#878,#907));
#809 = ORIENTED_EDGE('',*,*,#810,.F.);
#810 = EDGE_CURVE('',#811,#813,#815,.T.);
#811 = VERTEX_POINT('',#812);
#812 = CARTESIAN_POINT('',(46.454137052761,-36.37324773351,-27.));
#813 = VERTEX_POINT('',#814);
#814 = CARTESIAN_POINT('',(46.770212780924,-39.16053110501,-27.));
#815 = SURFACE_CURVE('',#816,(#821,#833),.PCURVE_S1.);
#816 = CIRCLE('',#817,2.);
#817 = AXIS2_PLACEMENT_3D('',#818,#819,#820);
#818 = CARTESIAN_POINT('',(48.028853563024,-37.6062391821,-27.));
#819 = DIRECTION('',(0.,0.,1.));
#820 = DIRECTION('',(-1.,0.,0.));
#821 = PCURVE('',#822,#827);
#822 = TOROIDAL_SURFACE('',#823,2.,1.);
#823 = AXIS2_PLACEMENT_3D('',#824,#825,#826);
#824 = CARTESIAN_POINT('',(48.028853563024,-37.6062391821,-26.));
#825 = DIRECTION('',(0.,0.,-1.));
#826 = DIRECTION('',(-1.,0.,0.));
#827 = DEFINITIONAL_REPRESENTATION('',(#828),#832);
#828 = LINE('',#829,#830);
#829 = CARTESIAN_POINT('',(12.566370614359,1.570796326795));
#830 = VECTOR('',#831,1.);
#831 = DIRECTION('',(-1.,-1.857035429592E-15));
#832 = ( GEOMETRIC_REPRESENTATION_CONTEXT(2) 
PARAMETRIC_REPRESENTATION_CONTEXT() REPRESENTATION_CONTEXT('2D SPACE',''
  ) );
#833 = PCURVE('',#834,#839);
#834 = PLANE('',#835);
#835 = AXIS2_PLACEMENT_3D('',#836,#837,#838);
#836 = CARTESIAN_POINT('',(0.,0.,-27.));
#837 = DIRECTION('',(0.,0.,-1.));
#838 = DIRECTION('',(-1.,0.,0.));
#839 = DEFINITIONAL_REPRESENTATION('',(#840),#848);
#840 = ( BOUNDED_CURVE() B_SPLINE_CURVE(2,(#841,#842,#843,#844,#845,#846
,#847),.UNSPECIFIED.,.T.,.F.) B_SPLINE_CURVE_WITH_KNOTS((1,2,2,2,2,1),(
    -2.094395102393,0.,2.094395102393,4.188790204786,6.28318530718,
8.377580409573),.UNSPECIFIED.) CURVE() GEOMETRIC_REPRESENTATION_ITEM() 
RATIONAL_B_SPLINE_CURVE((1.,0.5,1.,0.5,1.,0.5,1.)) REPRESENTATION_ITEM(
  '') );
#841 = CARTESIAN_POINT('',(-46.02885356302,-37.6062391821));
#842 = CARTESIAN_POINT('',(-46.02885356302,-41.07034079724));
#843 = CARTESIAN_POINT('',(-49.02885356302,-39.33828998967));
#844 = CARTESIAN_POINT('',(-52.02885356302,-37.6062391821));
#845 = CARTESIAN_POINT('',(-49.02885356302,-35.87418837453));
#846 = CARTESIAN_POINT('',(-46.02885356302,-34.14213756696));
#847 = CARTESIAN_POINT('',(-46.02885356302,-37.6062391821));
#848 = ( GEOMETRIC_REPRESENTATION_CONTEXT(2) 
PARAMETRIC_REPRESENTATION_CONTEXT() REPRESENTATION_CONTEXT('2D SPACE',''
  ) );
#849 = ORIENTED_EDGE('',*,*,#850,.T.);
#850 = EDGE_CURVE('',#811,#851,#853,.T.);
#851 = VERTEX_POINT('',#852);
#852 = CARTESIAN_POINT('',(47.241495307892,-36.9897434578,-26.));
#853 = SURFACE_CURVE('',#854,(#859,#866),.PCURVE_S1.);
#854 = CIRCLE('',#855,1.);
#855 = AXIS2_PLACEMENT_3D('',#856,#857,#858);
#856 = CARTESIAN_POINT('',(46.454137052761,-36.37324773351,-26.));
#857 = DIRECTION('',(-0.616495724297,-0.787358255132,-0.));
#858 = DIRECTION('',(-0.787358255132,0.616495724297,0.));
#859 = PCURVE('',#822,#860);
#860 = DEFINITIONAL_REPRESENTATION('',(#861),#865);
#861 = LINE('',#862,#863);
#862 = CARTESIAN_POINT('',(6.94746953847,-2.22044604925E-14));
#863 = VECTOR('',#864,1.);
#864 = DIRECTION('',(7.774689221355E-16,1.));
#865 = ( GEOMETRIC_REPRESENTATION_CONTEXT(2) 
PARAMETRIC_REPRESENTATION_CONTEXT() REPRESENTATION_CONTEXT('2D SPACE',''
  ) );
#866 = PCURVE('',#867,#872);
#867 = TOROIDAL_SURFACE('',#868,59.,1.);
#868 = AXIS2_PLACEMENT_3D('',#869,#870,#871);
#869 = CARTESIAN_POINT('',(0.,0.,-26.));
#870 = DIRECTION('',(0.,0.,-1.));
#871 = DIRECTION('',(-1.,0.,0.));
#872 = DEFINITIONAL_REPRESENTATION('',(#873),#877);
#873 = LINE('',#874,#875);
#874 = CARTESIAN_POINT('',(3.80587688488,3.14159265359));
#875 = VECTOR('',#876,1.);
#876 = DIRECTION('',(0.,-1.));
#877 = ( GEOMETRIC_REPRESENTATION_CONTEXT(2) 
PARAMETRIC_REPRESENTATION_CONTEXT() REPRESENTATION_CONTEXT('2D SPACE',''
  ) );
#878 = ORIENTED_EDGE('',*,*,#879,.F.);
#879 = EDGE_CURVE('',#880,#851,#882,.T.);
#880 = VERTEX_POINT('',#881);
#881 = CARTESIAN_POINT('',(47.399533171974,-38.38338514356,-26.));
#882 = SURFACE_CURVE('',#883,(#888,#895),.PCURVE_S1.);
#883 = CIRCLE('',#884,1.);
#884 = AXIS2_PLACEMENT_3D('',#885,#886,#887);
#885 = CARTESIAN_POINT('',(48.028853563024,-37.6062391821,-26.));
#886 = DIRECTION('',(0.,0.,-1.));
#887 = DIRECTION('',(-1.,0.,0.));
#888 = PCURVE('',#822,#889);
#889 = DEFINITIONAL_REPRESENTATION('',(#890),#894);
#890 = LINE('',#891,#892);
#891 = CARTESIAN_POINT('',(0.,3.14159265359));
#892 = VECTOR('',#893,1.);
#893 = DIRECTION('',(1.,0.));
#894 = ( GEOMETRIC_REPRESENTATION_CONTEXT(2) 
PARAMETRIC_REPRESENTATION_CONTEXT() REPRESENTATION_CONTEXT('2D SPACE',''
  ) );
#895 = PCURVE('',#896,#901);
#896 = CYLINDRICAL_SURFACE('',#897,1.);
#897 = AXIS2_PLACEMENT_3D('',#898,#899,#900);
#898 = CARTESIAN_POINT('',(48.028853563024,-37.6062391821,18.));
#899 = DIRECTION('',(0.,0.,-1.));
#900 = DIRECTION('',(1.,0.,0.));
#901 = DEFINITIONAL_REPRESENTATION('',(#902),#906);
#902 = LINE('',#903,#904);
#903 = CARTESIAN_POINT('',(-3.14159265359,44.));
#904 = VECTOR('',#905,1.);
#905 = DIRECTION('',(1.,0.));
#906 = ( GEOMETRIC_REPRESENTATION_CONTEXT(2) 
PARAMETRIC_REPRESENTATION_CONTEXT() REPRESENTATION_CONTEXT('2D SPACE',''
  ) );
#907 = ORIENTED_EDGE('',*,*,#908,.F.);
#908 = EDGE_CURVE('',#813,#880,#909,.T.);
#909 = SURFACE_CURVE('',#910,(#915,#922),.PCURVE_S1.);
#910 = CIRCLE('',#911,1.);
#911 = AXIS2_PLACEMENT_3D('',#912,#913,#914);
#912 = CARTESIAN_POINT('',(46.770212780924,-39.16053110501,-26.));
#913 = DIRECTION('',(0.777145961457,-0.62932039105,0.));
#914 = DIRECTION('',(-0.62932039105,-0.777145961457,0.));
#915 = PCURVE('',#822,#916);
#916 = DEFINITIONAL_REPRESENTATION('',(#917),#921);
#917 = LINE('',#918,#919);
#918 = CARTESIAN_POINT('',(5.393067388662,2.22044604925E-16));
#919 = VECTOR('',#920,1.);
#920 = DIRECTION('',(-3.392591660228E-15,1.));
#921 = ( GEOMETRIC_REPRESENTATION_CONTEXT(2) 
PARAMETRIC_REPRESENTATION_CONTEXT() REPRESENTATION_CONTEXT('2D SPACE',''
  ) );
#922 = PCURVE('',#923,#928);
#923 = CYLINDRICAL_SURFACE('',#924,1.);
#924 = AXIS2_PLACEMENT_3D('',#925,#926,#927);
#925 = CARTESIAN_POINT('',(-0.62932039105,-0.777145961457,-26.));
#926 = DIRECTION('',(-0.777145961457,0.62932039105,0.));
#927 = DIRECTION('',(0.62932039105,0.777145961457,0.));
#928 = DEFINITIONAL_REPRESENTATION('',(#929),#933);
#929 = LINE('',#930,#931);
#930 = CARTESIAN_POINT('',(3.14159265359,-60.9918027279));
#931 = VECTOR('',#932,1.);
#932 = DIRECTION('',(-1.,-4.52345554697E-15));
#933 = ( GEOMETRIC_REPRESENTATION_CONTEXT(2) 
PARAMETRIC_REPRESENTATION_CONTEXT() REPRESENTATION_CONTEXT('2D SPACE',''
  ) );
#934 = ADVANCED_FACE('',(#935),#542,.T.);
#935 = FACE_BOUND('',#936,.T.);
#936 = EDGE_LOOP('',(#937,#968,#994,#995));
#937 = ORIENTED_EDGE('',*,*,#938,.T.);
#938 = EDGE_CURVE('',#939,#941,#943,.T.);
#939 = VERTEX_POINT('',#940);
#940 = CARTESIAN_POINT('',(47.362998881273,-36.83403775005,-26.));
#941 = VERTEX_POINT('',#942);
#942 = CARTESIAN_POINT('',(40.653240706426,-31.61588240213,-26.));
#943 = SURFACE_CURVE('',#944,(#949,#956),.PCURVE_S1.);
#944 = CIRCLE('',#945,4.25);
#945 = AXIS2_PLACEMENT_3D('',#946,#947,#948);
#946 = CARTESIAN_POINT('',(44.008119793849,-34.22496007609,-26.));
#947 = DIRECTION('',(0.,0.,1.));
#948 = DIRECTION('',(-1.,0.,0.));
#949 = PCURVE('',#542,#950);
#950 = DEFINITIONAL_REPRESENTATION('',(#951),#955);
#951 = LINE('',#952,#953);
#952 = CARTESIAN_POINT('',(-3.14159265359,1.));
#953 = VECTOR('',#954,1.);
#954 = DIRECTION('',(1.,0.));
#955 = ( GEOMETRIC_REPRESENTATION_CONTEXT(2) 
PARAMETRIC_REPRESENTATION_CONTEXT() REPRESENTATION_CONTEXT('2D SPACE',''
  ) );
#956 = PCURVE('',#957,#962);
#957 = TOROIDAL_SURFACE('',#958,3.25,1.);
#958 = AXIS2_PLACEMENT_3D('',#959,#960,#961);
#959 = CARTESIAN_POINT('',(44.008119793849,-34.22496007609,-26.));
#960 = DIRECTION('',(0.,0.,-1.));
#961 = DIRECTION('',(-1.,0.,0.));
#962 = DEFINITIONAL_REPRESENTATION('',(#963),#967);
#963 = LINE('',#964,#965);
#964 = CARTESIAN_POINT('',(6.28318530718,0.));
#965 = VECTOR('',#966,1.);
#966 = DIRECTION('',(-1.,0.));
#967 = ( GEOMETRIC_REPRESENTATION_CONTEXT(2) 
PARAMETRIC_REPRESENTATION_CONTEXT() REPRESENTATION_CONTEXT('2D SPACE',''
  ) );
#968 = ORIENTED_EDGE('',*,*,#969,.T.);
#969 = EDGE_CURVE('',#941,#497,#970,.T.);
#970 = SURFACE_CURVE('',#971,(#975,#982),.PCURVE_S1.);
#971 = LINE('',#972,#973);
#972 = CARTESIAN_POINT('',(40.653240706426,-31.61588240213,-26.));
#973 = VECTOR('',#974,1.);
#974 = DIRECTION('',(0.,0.,1.));
#975 = PCURVE('',#542,#976);
#976 = DEFINITIONAL_REPRESENTATION('',(#977),#981);
#977 = LINE('',#978,#979);
#978 = CARTESIAN_POINT('',(2.480600138375,1.));
#979 = VECTOR('',#980,1.);
#980 = DIRECTION('',(0.,1.));
#981 = ( GEOMETRIC_REPRESENTATION_CONTEXT(2) 
PARAMETRIC_REPRESENTATION_CONTEXT() REPRESENTATION_CONTEXT('2D SPACE',''
  ) );
#982 = PCURVE('',#983,#988);
#983 = CYLINDRICAL_SURFACE('',#984,51.5);
#984 = AXIS2_PLACEMENT_3D('',#985,#986,#987);
#985 = CARTESIAN_POINT('',(0.,0.,-27.));
#986 = DIRECTION('',(0.,0.,1.));
#987 = DIRECTION('',(-1.,0.,0.));
#988 = DEFINITIONAL_REPRESENTATION('',(#989),#993);
#989 = LINE('',#990,#991);
#990 = CARTESIAN_POINT('',(2.480600138375,1.));
#991 = VECTOR('',#992,1.);
#992 = DIRECTION('',(0.,1.));
#993 = ( GEOMETRIC_REPRESENTATION_CONTEXT(2) 
PARAMETRIC_REPRESENTATION_CONTEXT() REPRESENTATION_CONTEXT('2D SPACE',''
  ) );
#994 = ORIENTED_EDGE('',*,*,#525,.T.);
#995 = ORIENTED_EDGE('',*,*,#996,.F.);
#996 = EDGE_CURVE('',#939,#526,#997,.T.);
#997 = SURFACE_CURVE('',#998,(#1002,#1009),.PCURVE_S1.);
#998 = LINE('',#999,#1000);
#999 = CARTESIAN_POINT('',(47.362998881273,-36.83403775005,-26.));
#1000 = VECTOR('',#1001,1.);
#1001 = DIRECTION('',(0.,0.,1.));
#1002 = PCURVE('',#542,#1003);
#1003 = DEFINITIONAL_REPRESENTATION('',(#1004),#1008);
#1004 = LINE('',#1005,#1006);
#1005 = CARTESIAN_POINT('',(-0.660992515215,1.));
#1006 = VECTOR('',#1007,1.);
#1007 = DIRECTION('',(0.,1.));
#1008 = ( GEOMETRIC_REPRESENTATION_CONTEXT(2) 
PARAMETRIC_REPRESENTATION_CONTEXT() REPRESENTATION_CONTEXT('2D SPACE',''
  ) );
#1009 = PCURVE('',#1010,#1015);
#1010 = CYLINDRICAL_SURFACE('',#1011,60.);
#1011 = AXIS2_PLACEMENT_3D('',#1012,#1013,#1014);
#1012 = CARTESIAN_POINT('',(0.,0.,18.));
#1013 = DIRECTION('',(0.,0.,-1.));
#1014 = DIRECTION('',(1.,0.,0.));
#1015 = DEFINITIONAL_REPRESENTATION('',(#1016),#1020);
#1016 = LINE('',#1017,#1018);
#1017 = CARTESIAN_POINT('',(0.660992515215,44.));
#1018 = VECTOR('',#1019,1.);
#1019 = DIRECTION('',(0.,-1.));
#1020 = ( GEOMETRIC_REPRESENTATION_CONTEXT(2) 
PARAMETRIC_REPRESENTATION_CONTEXT() REPRESENTATION_CONTEXT('2D SPACE',''
  ) );
#1021 = ADVANCED_FACE('',(#1022),#1043,.F.);
#1022 = FACE_BOUND('',#1023,.F.);
#1023 = EDGE_LOOP('',(#1024,#1110,#1158,#1182,#1267));
#1024 = ORIENTED_EDGE('',*,*,#1025,.F.);
#1025 = EDGE_CURVE('',#1026,#1028,#1030,.T.);
#1026 = VERTEX_POINT('',#1027);
#1027 = CARTESIAN_POINT('',(38.579795924331,-19.7081967668,
    -17.73525335373));
#1028 = VERTEX_POINT('',#1029);
#1029 = CARTESIAN_POINT('',(38.61447983819,-18.91882519677,-17.));
#1030 = SURFACE_CURVE('',#1031,(#1042,#1076),.PCURVE_S1.);
#1031 = B_SPLINE_CURVE_WITH_KNOTS('',3,(#1032,#1033,#1034,#1035,#1036,
    #1037,#1038,#1039,#1040,#1041),.UNSPECIFIED.,.F.,.F.,(4,3,3,4),(
    1.313517798843E-03,1.873907887108E-03,2.234027273692E-03,
    2.434297975373E-03),.UNSPECIFIED.);
#1032 = CARTESIAN_POINT('',(38.579795924331,-19.7081967668,
    -17.73525335373));
#1033 = CARTESIAN_POINT('',(38.579795924331,-19.53506020694,
    -17.66264530595));
#1034 = CARTESIAN_POINT('',(38.585055509409,-19.36579757648,
    -17.5754212312));
#1035 = CARTESIAN_POINT('',(38.59328035897,-19.21571530165,
    -17.46074845494));
#1036 = CARTESIAN_POINT('',(38.598565833928,-19.11926902631,
    -17.38705712687));
#1037 = CARTESIAN_POINT('',(38.605226965948,-19.02958202875,
    -17.3023450526));
#1038 = CARTESIAN_POINT('',(38.610004614307,-18.97141738692,
    -17.19475690247));
#1039 = CARTESIAN_POINT('',(38.612661574817,-18.93907068729,
    -17.13492464927));
#1040 = CARTESIAN_POINT('',(38.61447983819,-18.91882519677,
    -17.06851480961));
#1041 = CARTESIAN_POINT('',(38.61447983819,-18.91882519677,-17.));
#1042 = PCURVE('',#1043,#1048);
#1043 = CYLINDRICAL_SURFACE('',#1044,9.);
#1044 = AXIS2_PLACEMENT_3D('',#1045,#1046,#1047);
#1045 = CARTESIAN_POINT('',(47.579795924331,-19.7081967668,-17.));
#1046 = DIRECTION('',(0.,0.,-1.));
#1047 = DIRECTION('',(-1.,0.,0.));
#1048 = DEFINITIONAL_REPRESENTATION('',(#1049),#1075);
#1049 = B_SPLINE_CURVE_WITH_KNOTS('',3,(#1050,#1051,#1052,#1053,#1054,
    #1055,#1056,#1057,#1058,#1059,#1060,#1061,#1062,#1063,#1064,#1065,
    #1066,#1067,#1068,#1069,#1070,#1071,#1072,#1073,#1074),
  .UNSPECIFIED.,.F.,.F.,(4,1,1,1,1,1,1,1,1,1,1,1,1,1,1,1,1,1,1,1,1,1,4),
  (1.313517798843E-03,1.364462352322E-03,1.4154069058E-03,
    1.466351459279E-03,1.517296012758E-03,1.568240566236E-03,
    1.619185119715E-03,1.670129673193E-03,1.721074226672E-03,
    1.772018780151E-03,1.822963333629E-03,1.873907887108E-03,
    1.924852440587E-03,1.975796994065E-03,2.026741547544E-03,
    2.077686101023E-03,2.128630654501E-03,2.17957520798E-03,
    2.230519761458E-03,2.281464314937E-03,2.332408868416E-03,
    2.383353421894E-03,2.434297975373E-03),.QUASI_UNIFORM_KNOTS.);
#1050 = CARTESIAN_POINT('',(6.28318530718,0.735253353734));
#1051 = CARTESIAN_POINT('',(6.284934159807,0.728652622118));
#1052 = CARTESIAN_POINT('',(6.288424756208,0.715209571656));
#1053 = CARTESIAN_POINT('',(6.293631794826,0.694262386064));
#1054 = CARTESIAN_POINT('',(6.298802454552,0.67247474213));
#1055 = CARTESIAN_POINT('',(6.303929189672,0.649788792219));
#1056 = CARTESIAN_POINT('',(6.309004440862,0.626146685689));
#1057 = CARTESIAN_POINT('',(6.314020640937,0.601490583128));
#1058 = CARTESIAN_POINT('',(6.318970195591,0.575762603202));
#1059 = CARTESIAN_POINT('',(6.323845567133,0.548905021047));
#1060 = CARTESIAN_POINT('',(6.328638970537,0.520859527833));
#1061 = CARTESIAN_POINT('',(6.333343516311,0.49156999412));
#1062 = CARTESIAN_POINT('',(6.337948952676,0.460972156882));
#1063 = CARTESIAN_POINT('',(6.342457562375,0.429032108042));
#1064 = CARTESIAN_POINT('',(6.34683230794,0.395572439409));
#1065 = CARTESIAN_POINT('',(6.351023661139,0.360385257063));
#1066 = CARTESIAN_POINT('',(6.354985102113,0.323271258406));
#1067 = CARTESIAN_POINT('',(6.358670364831,0.284027261285));
#1068 = CARTESIAN_POINT('',(6.36202901301,0.242457010447));
#1069 = CARTESIAN_POINT('',(6.365026935566,0.198340422595));
#1070 = CARTESIAN_POINT('',(6.367568817682,0.151545799705));
#1071 = CARTESIAN_POINT('',(6.369487738699,0.10263322205));
#1072 = CARTESIAN_POINT('',(6.37071401281,5.201334373614E-02));
#1073 = CARTESIAN_POINT('',(6.371006101398,1.742869203016E-02));
#1074 = CARTESIAN_POINT('',(6.371006102078,0.));
#1075 = ( GEOMETRIC_REPRESENTATION_CONTEXT(2) 
PARAMETRIC_REPRESENTATION_CONTEXT() REPRESENTATION_CONTEXT('2D SPACE',''
  ) );
#1076 = PCURVE('',#1077,#1082);
#1077 = TOROIDAL_SURFACE('',#1078,44.,1.);
#1078 = AXIS2_PLACEMENT_3D('',#1079,#1080,#1081);
#1079 = CARTESIAN_POINT('',(0.,0.,-17.));
#1080 = DIRECTION('',(0.,0.,1.));
#1081 = DIRECTION('',(1.,0.,0.));
#1082 = DEFINITIONAL_REPRESENTATION('',(#1083),#1109);
#1083 = B_SPLINE_CURVE_WITH_KNOTS('',3,(#1084,#1085,#1086,#1087,#1088,
    #1089,#1090,#1091,#1092,#1093,#1094,#1095,#1096,#1097,#1098,#1099,
    #1100,#1101,#1102,#1103,#1104,#1105,#1106,#1107,#1108),
  .UNSPECIFIED.,.F.,.F.,(4,1,1,1,1,1,1,1,1,1,1,1,1,1,1,1,1,1,1,1,1,1,4),
  (1.313517798843E-03,1.364462352322E-03,1.4154069058E-03,
    1.466351459279E-03,1.517296012758E-03,1.568240566236E-03,
    1.619185119715E-03,1.670129673193E-03,1.721074226672E-03,
    1.772018780151E-03,1.822963333629E-03,1.873907887108E-03,
    1.924852440587E-03,1.975796994065E-03,2.026741547544E-03,
    2.077686101023E-03,2.128630654501E-03,2.17957520798E-03,
    2.230519761458E-03,2.281464314937E-03,2.332408868416E-03,
    2.383353421894E-03,2.434297975373E-03),.QUASI_UNIFORM_KNOTS.);
#1084 = CARTESIAN_POINT('',(5.810901423708,3.967633051372));
#1085 = CARTESIAN_POINT('',(5.811224968431,3.957894035282));
#1086 = CARTESIAN_POINT('',(5.811871976934,3.938342284701));
#1087 = CARTESIAN_POINT('',(5.812840688359,3.908743677531));
#1088 = CARTESIAN_POINT('',(5.813806041812,3.87882626985));
#1089 = CARTESIAN_POINT('',(5.814766474148,3.848535218346));
#1090 = CARTESIAN_POINT('',(5.815720417893,3.817811497603));
#1091 = CARTESIAN_POINT('',(5.816666301974,3.786591614721));
#1092 = CARTESIAN_POINT('',(5.817602547746,3.754808202933));
#1093 = CARTESIAN_POINT('',(5.818527585391,3.722390556336));
#1094 = CARTESIAN_POINT('',(5.819439793635,3.689264965025));
#1095 = CARTESIAN_POINT('',(5.820337725885,3.65535649289));
#1096 = CARTESIAN_POINT('',(5.821219267493,3.620585937649));
#1097 = CARTESIAN_POINT('',(5.822084782163,3.584885564404));
#1098 = CARTESIAN_POINT('',(5.822926855426,3.548109301846));
#1099 = CARTESIAN_POINT('',(5.823735587175,3.510077518411));
#1100 = CARTESIAN_POINT('',(5.824501660176,3.470594036887));
#1101 = CARTESIAN_POINT('',(5.825215794289,3.429441177514));
#1102 = CARTESIAN_POINT('',(5.825867879811,3.386395112717));
#1103 = CARTESIAN_POINT('',(5.826451012067,3.341186790883));
#1104 = CARTESIAN_POINT('',(5.826946245319,3.29366742429));
#1105 = CARTESIAN_POINT('',(5.827320534334,3.244369085619));
#1106 = CARTESIAN_POINT('',(5.827559968833,3.193608126712));
#1107 = CARTESIAN_POINT('',(5.827617061468,3.159018902232));
#1108 = CARTESIAN_POINT('',(5.827617057915,3.14159265359));
#1109 = ( GEOMETRIC_REPRESENTATION_CONTEXT(2) 
PARAMETRIC_REPRESENTATION_CONTEXT() REPRESENTATION_CONTEXT('2D SPACE',''
  ) );
#1110 = ORIENTED_EDGE('',*,*,#1111,.F.);
#1111 = EDGE_CURVE('',#1112,#1026,#1114,.T.);
#1112 = VERTEX_POINT('',#1113);
#1113 = CARTESIAN_POINT('',(38.671357462827,-20.9887139192,-18.));
#1114 = SURFACE_CURVE('',#1115,(#1123,#1152),.PCURVE_S1.);
#1115 = B_SPLINE_CURVE_WITH_KNOTS('',3,(#1116,#1117,#1118,#1119,#1120,
    #1121,#1122),.UNSPECIFIED.,.F.,.F.,(4,3,4),(3.469447E-18,
    9.69061532295E-04,1.313517798843E-03),.UNSPECIFIED.);
#1116 = CARTESIAN_POINT('',(38.671357462827,-20.9887139192,-18.));
#1117 = CARTESIAN_POINT('',(38.624761503753,-20.66455017552,-18.));
#1118 = CARTESIAN_POINT('',(38.597029840705,-20.3462503418,
    -17.94657602867));
#1119 = CARTESIAN_POINT('',(38.58571991071,-20.03468820803,
    -17.8523113948));
#1120 = CARTESIAN_POINT('',(38.581699757055,-19.92394237217,
    -17.81880470531));
#1121 = CARTESIAN_POINT('',(38.579795924331,-19.81461901491,
    -17.77988350973));
#1122 = CARTESIAN_POINT('',(38.579795924331,-19.7081967668,
    -17.73525335373));
#1123 = PCURVE('',#1043,#1124);
#1124 = DEFINITIONAL_REPRESENTATION('',(#1125),#1151);
#1125 = B_SPLINE_CURVE_WITH_KNOTS('',3,(#1126,#1127,#1128,#1129,#1130,
    #1131,#1132,#1133,#1134,#1135,#1136,#1137,#1138,#1139,#1140,#1141,
    #1142,#1143,#1144,#1145,#1146,#1147,#1148,#1149,#1150),
  .UNSPECIFIED.,.F.,.F.,(4,1,1,1,1,1,1,1,1,1,1,1,1,1,1,1,1,1,1,1,1,1,4),
  (3.469447E-18,5.970535449287E-05,1.194107089857E-04,1.791160634786E-04
    ,2.388214179715E-04,2.985267724643E-04,3.582321269572E-04,
    4.1793748145E-04,4.776428359429E-04,5.373481904358E-04,
    5.970535449286E-04,6.567588994215E-04,7.164642539144E-04,
    7.761696084072E-04,8.358749629001E-04,8.95580317393E-04,
    9.552856718858E-04,1.014991026379E-03,1.074696380872E-03,
    1.134401735364E-03,1.194107089857E-03,1.25381244435E-03,
    1.313517798843E-03),.QUASI_UNIFORM_KNOTS.);
#1126 = CARTESIAN_POINT('',(6.140421157193,1.));
#1127 = CARTESIAN_POINT('',(6.142663100897,1.));
#1128 = CARTESIAN_POINT('',(6.14713982957,0.999594407404));
#1129 = CARTESIAN_POINT('',(6.153833660267,0.997786898331));
#1130 = CARTESIAN_POINT('',(6.160506444476,0.994797926688));
#1131 = CARTESIAN_POINT('',(6.167158391274,0.990645150082));
#1132 = CARTESIAN_POINT('',(6.173789705264,0.985346226123));
#1133 = CARTESIAN_POINT('',(6.180400585905,0.978918812421));
#1134 = CARTESIAN_POINT('',(6.186991227641,0.971380566573));
#1135 = CARTESIAN_POINT('',(6.193561819836,0.962749146235));
#1136 = CARTESIAN_POINT('',(6.200112546677,0.953042208838));
#1137 = CARTESIAN_POINT('',(6.206643587433,0.942277412655));
#1138 = CARTESIAN_POINT('',(6.213155115332,0.930472412809));
#1139 = CARTESIAN_POINT('',(6.219647301626,0.917644876192));
#1140 = CARTESIAN_POINT('',(6.226120300299,0.903812425758));
#1141 = CARTESIAN_POINT('',(6.232574305043,0.888992848458));
#1142 = CARTESIAN_POINT('',(6.23900933652,0.873203319184));
#1143 = CARTESIAN_POINT('',(6.245426036234,0.856463297064));
#1144 = CARTESIAN_POINT('',(6.251822703699,0.838783716347));
#1145 = CARTESIAN_POINT('',(6.258183738146,0.820113683358));
#1146 = CARTESIAN_POINT('',(6.264506695554,0.800453295293));
#1147 = CARTESIAN_POINT('',(6.270786063921,0.779790860237));
#1148 = CARTESIAN_POINT('',(6.277017140262,0.758117846246));
#1149 = CARTESIAN_POINT('',(6.281135706589,0.742989195824));
#1150 = CARTESIAN_POINT('',(6.28318530718,0.735253353734));
#1151 = ( GEOMETRIC_REPRESENTATION_CONTEXT(2) 
PARAMETRIC_REPRESENTATION_CONTEXT() REPRESENTATION_CONTEXT('2D SPACE',''
  ) );
#1152 = PCURVE('',#1077,#1153);
#1153 = DEFINITIONAL_REPRESENTATION('',(#1154),#1157);
#1154 = B_SPLINE_CURVE_WITH_KNOTS('',1,(#1155,#1156),.UNSPECIFIED.,.F.,
  .F.,(2,2),(3.469447E-18,1.313517798843E-03),.PIECEWISE_BEZIER_KNOTS.);
#1155 = CARTESIAN_POINT('',(5.785928652625,4.712388980385));
#1156 = CARTESIAN_POINT('',(5.810901423708,3.967633051372));
#1157 = ( GEOMETRIC_REPRESENTATION_CONTEXT(2) 
PARAMETRIC_REPRESENTATION_CONTEXT() REPRESENTATION_CONTEXT('2D SPACE',''
  ) );
#1158 = ORIENTED_EDGE('',*,*,#1159,.T.);
#1159 = EDGE_CURVE('',#1112,#1160,#1162,.T.);
#1160 = VERTEX_POINT('',#1161);
#1161 = CARTESIAN_POINT('',(52.251223950751,-27.40090501513,-18.));
#1162 = SURFACE_CURVE('',#1163,(#1168,#1175),.PCURVE_S1.);
#1163 = CIRCLE('',#1164,9.);
#1164 = AXIS2_PLACEMENT_3D('',#1165,#1166,#1167);
#1165 = CARTESIAN_POINT('',(47.579795924331,-19.7081967668,-18.));
#1166 = DIRECTION('',(0.,0.,1.));
#1167 = DIRECTION('',(1.,0.,0.));
#1168 = PCURVE('',#1043,#1169);
#1169 = DEFINITIONAL_REPRESENTATION('',(#1170),#1174);
#1170 = LINE('',#1171,#1172);
#1171 = CARTESIAN_POINT('',(9.424777960769,1.));
#1172 = VECTOR('',#1173,1.);
#1173 = DIRECTION('',(-1.,0.));
#1174 = ( GEOMETRIC_REPRESENTATION_CONTEXT(2) 
PARAMETRIC_REPRESENTATION_CONTEXT() REPRESENTATION_CONTEXT('2D SPACE',''
  ) );
#1175 = PCURVE('',#484,#1176);
#1176 = DEFINITIONAL_REPRESENTATION('',(#1177),#1181);
#1177 = CIRCLE('',#1178,9.);
#1178 = AXIS2_PLACEMENT_2D('',#1179,#1180);
#1179 = CARTESIAN_POINT('',(95.159591848663,-2.48689957516E-14));
#1180 = DIRECTION('',(1.,0.));
#1181 = ( GEOMETRIC_REPRESENTATION_CONTEXT(2) 
PARAMETRIC_REPRESENTATION_CONTEXT() REPRESENTATION_CONTEXT('2D SPACE',''
  ) );
#1182 = ORIENTED_EDGE('',*,*,#1183,.F.);
#1183 = EDGE_CURVE('',#1184,#1160,#1186,.T.);
#1184 = VERTEX_POINT('',#1185);
#1185 = CARTESIAN_POINT('',(54.132875781272,-25.8772440505,-17.));
#1186 = SURFACE_CURVE('',#1187,(#1204,#1233),.PCURVE_S1.);
#1187 = B_SPLINE_CURVE_WITH_KNOTS('',3,(#1188,#1189,#1190,#1191,#1192,
    #1193,#1194,#1195,#1196,#1197,#1198,#1199,#1200,#1201,#1202,#1203),
  .UNSPECIFIED.,.F.,.F.,(4,3,3,3,3,4),(2.110382E-17,3.08611272894E-04,
    7.44097986747E-04,1.547921482591E-03,2.695941603237E-03,
    2.791994503672E-03),.UNSPECIFIED.);
#1188 = CARTESIAN_POINT('',(54.132875781272,-25.8772440505,-17.));
#1189 = CARTESIAN_POINT('',(54.132875781272,-25.8772440505,
    -17.10482079805));
#1190 = CARTESIAN_POINT('',(54.094725435241,-25.91790994473,
    -17.19959458492));
#1191 = CARTESIAN_POINT('',(54.046316300588,-25.96791834395,
    -17.27609686212));
#1192 = CARTESIAN_POINT('',(53.978005331994,-26.03848606248,
    -17.38405055086));
#1193 = CARTESIAN_POINT('',(53.890412166116,-26.12630242614,
    -17.46435599014));
#1194 = CARTESIAN_POINT('',(53.799102801374,-26.21359621412,
    -17.53381374725));
#1195 = CARTESIAN_POINT('',(53.630563531552,-26.37472351281,
    -17.66201921335));
#1196 = CARTESIAN_POINT('',(53.442638789186,-26.541400368,-17.7533275227
    ));
#1197 = CARTESIAN_POINT('',(53.243593488244,-26.70258002446,
    -17.82555722605));
#1198 = CARTESIAN_POINT('',(52.959317137052,-26.93277669027,
    -17.92871563482));
#1199 = CARTESIAN_POINT('',(52.656152762492,-27.14967326004,
    -17.98930128008));
#1200 = CARTESIAN_POINT('',(52.332829505872,-27.35075339222,
    -17.99879696907));
#1201 = CARTESIAN_POINT('',(52.305777596226,-27.36757742654,
    -17.9995914573));
#1202 = CARTESIAN_POINT('',(52.278576622711,-27.38429499506,-18.));
#1203 = CARTESIAN_POINT('',(52.251223950751,-27.40090501513,-18.));
#1204 = PCURVE('',#1043,#1205);
#1205 = DEFINITIONAL_REPRESENTATION('',(#1206),#1232);
#1206 = B_SPLINE_CURVE_WITH_KNOTS('',3,(#1207,#1208,#1209,#1210,#1211,
    #1212,#1213,#1214,#1215,#1216,#1217,#1218,#1219,#1220,#1221,#1222,
    #1223,#1224,#1225,#1226,#1227,#1228,#1229,#1230,#1231),
  .UNSPECIFIED.,.F.,.F.,(4,1,1,1,1,1,1,1,1,1,1,1,1,1,1,1,1,1,1,1,1,1,4),
  (2.110382E-17,1.26908841076E-04,2.53817682152E-04,3.80726523228E-04,
    5.07635364304E-04,6.3454420538E-04,7.61453046456E-04,
    8.88361887532E-04,1.015270728608E-03,1.142179569684E-03,
    1.26908841076E-03,1.395997251836E-03,1.522906092912E-03,
    1.649814933988E-03,1.776723775064E-03,1.90363261614E-03,
    2.030541457216E-03,2.157450298292E-03,2.284359139368E-03,
    2.411267980444E-03,2.53817682152E-03,2.665085662596E-03,
    2.791994503672E-03),.QUASI_UNIFORM_KNOTS.);
#1207 = CARTESIAN_POINT('',(3.896813788536,0.));
#1208 = CARTESIAN_POINT('',(3.896817330729,4.320497193309E-02));
#1209 = CARTESIAN_POINT('',(3.89890154701,0.125837514463));
#1210 = CARTESIAN_POINT('',(3.906416329064,0.236637177504));
#1211 = CARTESIAN_POINT('',(3.916202098527,0.329611324131));
#1212 = CARTESIAN_POINT('',(3.927102247775,0.410091554896));
#1213 = CARTESIAN_POINT('',(3.938897903974,0.480337923472));
#1214 = CARTESIAN_POINT('',(3.951112976467,0.542959196135));
#1215 = CARTESIAN_POINT('',(3.963556841913,0.600223928549));
#1216 = CARTESIAN_POINT('',(3.976275994028,0.652420722737));
#1217 = CARTESIAN_POINT('',(3.989215360235,0.700005602909));
#1218 = CARTESIAN_POINT('',(4.002347501626,0.743390329804));
#1219 = CARTESIAN_POINT('',(4.015636799744,0.782996295853));
#1220 = CARTESIAN_POINT('',(4.029053844253,0.819250630192));
#1221 = CARTESIAN_POINT('',(4.042554058117,0.852547883437));
#1222 = CARTESIAN_POINT('',(4.056099745454,0.882635124959));
#1223 = CARTESIAN_POINT('',(4.069702349441,0.909485236464));
#1224 = CARTESIAN_POINT('',(4.083361398626,0.933017901943));
#1225 = CARTESIAN_POINT('',(4.097079699733,0.953167288448));
#1226 = CARTESIAN_POINT('',(4.11085929823,0.969862828503));
#1227 = CARTESIAN_POINT('',(4.124702431302,0.983038409681));
#1228 = CARTESIAN_POINT('',(4.138611742416,0.992614833888));
#1229 = CARTESIAN_POINT('',(4.152588455967,0.998560790651));
#1230 = CARTESIAN_POINT('',(4.161955784554,0.999964600003));
#1231 = CARTESIAN_POINT('',(4.166652705718,1.));
#1232 = ( GEOMETRIC_REPRESENTATION_CONTEXT(2) 
PARAMETRIC_REPRESENTATION_CONTEXT() REPRESENTATION_CONTEXT('2D SPACE',''
  ) );
#1233 = PCURVE('',#1234,#1239);
#1234 = TOROIDAL_SURFACE('',#1235,59.,1.);
#1235 = AXIS2_PLACEMENT_3D('',#1236,#1237,#1238);
#1236 = CARTESIAN_POINT('',(0.,0.,-17.));
#1237 = DIRECTION('',(0.,0.,1.));
#1238 = DIRECTION('',(1.,0.,0.));
#1239 = DEFINITIONAL_REPRESENTATION('',(#1240),#1266);
#1240 = B_SPLINE_CURVE_WITH_KNOTS('',3,(#1241,#1242,#1243,#1244,#1245,
    #1246,#1247,#1248,#1249,#1250,#1251,#1252,#1253,#1254,#1255,#1256,
    #1257,#1258,#1259,#1260,#1261,#1262,#1263,#1264,#1265),
  .UNSPECIFIED.,.F.,.F.,(4,1,1,1,1,1,1,1,1,1,1,1,1,1,1,1,1,1,1,1,1,1,4),
  (2.110382E-17,1.26908841076E-04,2.53817682152E-04,3.80726523228E-04,
    5.07635364304E-04,6.3454420538E-04,7.61453046456E-04,
    8.88361887532E-04,1.015270728608E-03,1.142179569684E-03,
    1.26908841076E-03,1.395997251836E-03,1.522906092912E-03,
    1.649814933988E-03,1.776723775064E-03,1.90363261614E-03,
    2.030541457216E-03,2.157450298292E-03,2.284359139368E-03,
    2.411267980444E-03,2.53817682152E-03,2.665085662596E-03,
    2.791994503672E-03),.QUASI_UNIFORM_KNOTS.);
#1241 = CARTESIAN_POINT('',(5.837266081923,6.28318530718));
#1242 = CARTESIAN_POINT('',(5.837265575004,6.240067289371));
#1243 = CARTESIAN_POINT('',(5.836967653704,6.157269127005));
#1244 = CARTESIAN_POINT('',(5.835895153378,6.044733800623));
#1245 = CARTESIAN_POINT('',(5.834501484308,5.947787655965));
#1246 = CARTESIAN_POINT('',(5.832953386465,5.861331572612));
#1247 = CARTESIAN_POINT('',(5.831282338497,5.782775995671));
#1248 = CARTESIAN_POINT('',(5.829557216165,5.709715196776));
#1249 = CARTESIAN_POINT('',(5.827806017102,5.640125771866));
#1250 = CARTESIAN_POINT('',(5.826022262027,5.573422016711));
#1251 = CARTESIAN_POINT('',(5.824214179484,5.508996849324));
#1252 = CARTESIAN_POINT('',(5.822386043351,5.446276372656));
#1253 = CARTESIAN_POINT('',(5.820543343035,5.384736605582));
#1254 = CARTESIAN_POINT('',(5.818690775765,5.323891192518));
#1255 = CARTESIAN_POINT('',(5.816835117144,5.263407087302));
#1256 = CARTESIAN_POINT('',(5.814981591371,5.203392287502));
#1257 = CARTESIAN_POINT('',(5.813129054746,5.143598527475));
#1258 = CARTESIAN_POINT('',(5.811277919563,5.083835882092));
#1259 = CARTESIAN_POINT('',(5.809428179715,5.023876134802));
#1260 = CARTESIAN_POINT('',(5.807579935516,4.963483894182));
#1261 = CARTESIAN_POINT('',(5.805733268872,4.902414332377));
#1262 = CARTESIAN_POINT('',(5.803888217844,4.840417991838));
#1263 = CARTESIAN_POINT('',(5.802045003284,4.777253886256));
#1264 = CARTESIAN_POINT('',(5.800817099628,4.734196452106));
#1265 = CARTESIAN_POINT('',(5.800203327998,4.712388980385));
#1266 = ( GEOMETRIC_REPRESENTATION_CONTEXT(2) 
PARAMETRIC_REPRESENTATION_CONTEXT() REPRESENTATION_CONTEXT('2D SPACE',''
  ) );
#1267 = ORIENTED_EDGE('',*,*,#1268,.T.);
#1268 = EDGE_CURVE('',#1184,#1028,#1269,.T.);
#1269 = SURFACE_CURVE('',#1270,(#1275,#1282),.PCURVE_S1.);
#1270 = CIRCLE('',#1271,9.);
#1271 = AXIS2_PLACEMENT_3D('',#1272,#1273,#1274);
#1272 = CARTESIAN_POINT('',(47.579795924331,-19.7081967668,-17.));
#1273 = DIRECTION('',(0.,0.,-1.));
#1274 = DIRECTION('',(-1.,0.,0.));
#1275 = PCURVE('',#1043,#1276);
#1276 = DEFINITIONAL_REPRESENTATION('',(#1277),#1281);
#1277 = LINE('',#1278,#1279);
#1278 = CARTESIAN_POINT('',(-4.440892098501E-16,0.));
#1279 = VECTOR('',#1280,1.);
#1280 = DIRECTION('',(1.,0.));
#1281 = ( GEOMETRIC_REPRESENTATION_CONTEXT(2) 
PARAMETRIC_REPRESENTATION_CONTEXT() REPRESENTATION_CONTEXT('2D SPACE',''
  ) );
#1282 = PCURVE('',#92,#1283);
#1283 = DEFINITIONAL_REPRESENTATION('',(#1284),#1288);
#1284 = CIRCLE('',#1285,9.);
#1285 = AXIS2_PLACEMENT_2D('',#1286,#1287);
#1286 = CARTESIAN_POINT('',(0.,0.));
#1287 = DIRECTION('',(1.,0.));
#1288 = ( GEOMETRIC_REPRESENTATION_CONTEXT(2) 
PARAMETRIC_REPRESENTATION_CONTEXT() REPRESENTATION_CONTEXT('2D SPACE',''
  ) );
#1289 = ADVANCED_FACE('',(#1290),#1305,.T.);
#1290 = FACE_BOUND('',#1291,.T.);
#1291 = EDGE_LOOP('',(#1292,#1323,#1351,#1375));
#1292 = ORIENTED_EDGE('',*,*,#1293,.F.);
#1293 = EDGE_CURVE('',#1294,#1296,#1298,.T.);
#1294 = VERTEX_POINT('',#1295);
#1295 = CARTESIAN_POINT('',(39.726819897985,-16.45538759169,-17.));
#1296 = VERTEX_POINT('',#1297);
#1297 = CARTESIAN_POINT('',(55.432771950677,-22.9610059419,-17.));
#1298 = SURFACE_CURVE('',#1299,(#1304,#1316),.PCURVE_S1.);
#1299 = CIRCLE('',#1300,8.5);
#1300 = AXIS2_PLACEMENT_3D('',#1301,#1302,#1303);
#1301 = CARTESIAN_POINT('',(47.579795924331,-19.7081967668,-17.));
#1302 = DIRECTION('',(0.,0.,-1.));
#1303 = DIRECTION('',(-1.,0.,0.));
#1304 = PCURVE('',#1305,#1310);
#1305 = CYLINDRICAL_SURFACE('',#1306,8.5);
#1306 = AXIS2_PLACEMENT_3D('',#1307,#1308,#1309);
#1307 = CARTESIAN_POINT('',(47.579795924331,-19.7081967668,-18.));
#1308 = DIRECTION('',(0.,0.,1.));
#1309 = DIRECTION('',(1.,0.,0.));
#1310 = DEFINITIONAL_REPRESENTATION('',(#1311),#1315);
#1311 = LINE('',#1312,#1313);
#1312 = CARTESIAN_POINT('',(3.14159265359,1.));
#1313 = VECTOR('',#1314,1.);
#1314 = DIRECTION('',(-1.,0.));
#1315 = ( GEOMETRIC_REPRESENTATION_CONTEXT(2) 
PARAMETRIC_REPRESENTATION_CONTEXT() REPRESENTATION_CONTEXT('2D SPACE',''
  ) );
#1316 = PCURVE('',#92,#1317);
#1317 = DEFINITIONAL_REPRESENTATION('',(#1318),#1322);
#1318 = CIRCLE('',#1319,8.5);
#1319 = AXIS2_PLACEMENT_2D('',#1320,#1321);
#1320 = CARTESIAN_POINT('',(0.,0.));
#1321 = DIRECTION('',(1.,0.));
#1322 = ( GEOMETRIC_REPRESENTATION_CONTEXT(2) 
PARAMETRIC_REPRESENTATION_CONTEXT() REPRESENTATION_CONTEXT('2D SPACE',''
  ) );
#1323 = ORIENTED_EDGE('',*,*,#1324,.T.);
#1324 = EDGE_CURVE('',#1294,#1325,#1327,.T.);
#1325 = VERTEX_POINT('',#1326);
#1326 = CARTESIAN_POINT('',(39.726819897985,-16.45538759169,-10.));
#1327 = SURFACE_CURVE('',#1328,(#1332,#1339),.PCURVE_S1.);
#1328 = LINE('',#1329,#1330);
#1329 = CARTESIAN_POINT('',(39.726819897985,-16.45538759169,-17.));
#1330 = VECTOR('',#1331,1.);
#1331 = DIRECTION('',(0.,0.,1.));
#1332 = PCURVE('',#1305,#1333);
#1333 = DEFINITIONAL_REPRESENTATION('',(#1334),#1338);
#1334 = LINE('',#1335,#1336);
#1335 = CARTESIAN_POINT('',(2.748893571891,1.));
#1336 = VECTOR('',#1337,1.);
#1337 = DIRECTION('',(0.,1.));
#1338 = ( GEOMETRIC_REPRESENTATION_CONTEXT(2) 
PARAMETRIC_REPRESENTATION_CONTEXT() REPRESENTATION_CONTEXT('2D SPACE',''
  ) );
#1339 = PCURVE('',#1340,#1345);
#1340 = CYLINDRICAL_SURFACE('',#1341,43.);
#1341 = AXIS2_PLACEMENT_3D('',#1342,#1343,#1344);
#1342 = CARTESIAN_POINT('',(0.,0.,-18.));
#1343 = DIRECTION('',(0.,0.,1.));
#1344 = DIRECTION('',(-1.,0.,0.));
#1345 = DEFINITIONAL_REPRESENTATION('',(#1346),#1350);
#1346 = LINE('',#1347,#1348);
#1347 = CARTESIAN_POINT('',(2.748893571891,1.));
#1348 = VECTOR('',#1349,1.);
#1349 = DIRECTION('',(0.,1.));
#1350 = ( GEOMETRIC_REPRESENTATION_CONTEXT(2) 
PARAMETRIC_REPRESENTATION_CONTEXT() REPRESENTATION_CONTEXT('2D SPACE',''
  ) );
#1351 = ORIENTED_EDGE('',*,*,#1352,.F.);
#1352 = EDGE_CURVE('',#1353,#1325,#1355,.T.);
#1353 = VERTEX_POINT('',#1354);
#1354 = CARTESIAN_POINT('',(55.432771950677,-22.9610059419,-10.));
#1355 = SURFACE_CURVE('',#1356,(#1361,#1368),.PCURVE_S1.);
#1356 = CIRCLE('',#1357,8.5);
#1357 = AXIS2_PLACEMENT_3D('',#1358,#1359,#1360);
#1358 = CARTESIAN_POINT('',(47.579795924331,-19.7081967668,-10.));
#1359 = DIRECTION('',(0.,0.,1.));
#1360 = DIRECTION('',(1.,0.,0.));
#1361 = PCURVE('',#1305,#1362);
#1362 = DEFINITIONAL_REPRESENTATION('',(#1363),#1367);
#1363 = LINE('',#1364,#1365);
#1364 = CARTESIAN_POINT('',(-6.28318530718,8.));
#1365 = VECTOR('',#1366,1.);
#1366 = DIRECTION('',(1.,0.));
#1367 = ( GEOMETRIC_REPRESENTATION_CONTEXT(2) 
PARAMETRIC_REPRESENTATION_CONTEXT() REPRESENTATION_CONTEXT('2D SPACE',''
  ) );
#1368 = PCURVE('',#43,#1369);
#1369 = DEFINITIONAL_REPRESENTATION('',(#1370),#1374);
#1370 = CIRCLE('',#1371,8.5);
#1371 = AXIS2_PLACEMENT_2D('',#1372,#1373);
#1372 = CARTESIAN_POINT('',(0.,0.));
#1373 = DIRECTION('',(1.,0.));
#1374 = ( GEOMETRIC_REPRESENTATION_CONTEXT(2) 
PARAMETRIC_REPRESENTATION_CONTEXT() REPRESENTATION_CONTEXT('2D SPACE',''
  ) );
#1375 = ORIENTED_EDGE('',*,*,#1376,.F.);
#1376 = EDGE_CURVE('',#1296,#1353,#1377,.T.);
#1377 = SURFACE_CURVE('',#1378,(#1382,#1389),.PCURVE_S1.);
#1378 = LINE('',#1379,#1380);
#1379 = CARTESIAN_POINT('',(55.432771950677,-22.9610059419,-17.));
#1380 = VECTOR('',#1381,1.);
#1381 = DIRECTION('',(0.,0.,1.));
#1382 = PCURVE('',#1305,#1383);
#1383 = DEFINITIONAL_REPRESENTATION('',(#1384),#1388);
#1384 = LINE('',#1385,#1386);
#1385 = CARTESIAN_POINT('',(-0.392699081699,1.));
#1386 = VECTOR('',#1387,1.);
#1387 = DIRECTION('',(0.,1.));
#1388 = ( GEOMETRIC_REPRESENTATION_CONTEXT(2) 
PARAMETRIC_REPRESENTATION_CONTEXT() REPRESENTATION_CONTEXT('2D SPACE',''
  ) );
#1389 = PCURVE('',#1010,#1390);
#1390 = DEFINITIONAL_REPRESENTATION('',(#1391),#1395);
#1391 = LINE('',#1392,#1393);
#1392 = CARTESIAN_POINT('',(0.392699081699,35.));
#1393 = VECTOR('',#1394,1.);
#1394 = DIRECTION('',(0.,-1.));
#1395 = ( GEOMETRIC_REPRESENTATION_CONTEXT(2) 
PARAMETRIC_REPRESENTATION_CONTEXT() REPRESENTATION_CONTEXT('2D SPACE',''
  ) );
#1396 = ADVANCED_FACE('',(#1397),#1410,.F.);
#1397 = FACE_BOUND('',#1398,.F.);
#1398 = EDGE_LOOP('',(#1399,#1437,#1459,#1490));
#1399 = ORIENTED_EDGE('',*,*,#1400,.T.);
#1400 = EDGE_CURVE('',#1401,#1401,#1403,.T.);
#1401 = VERTEX_POINT('',#1402);
#1402 = CARTESIAN_POINT('',(-43.88559214402,-19.24469983593,-10.));
#1403 = SURFACE_CURVE('',#1404,(#1409,#1421),.PCURVE_S1.);
#1404 = CIRCLE('',#1405,4.);
#1405 = AXIS2_PLACEMENT_3D('',#1406,#1407,#1408);
#1406 = CARTESIAN_POINT('',(-47.88559214402,-19.24469983593,-10.));
#1407 = DIRECTION('',(0.,0.,-1.));
#1408 = DIRECTION('',(-1.,0.,0.));
#1409 = PCURVE('',#1410,#1415);
#1410 = CYLINDRICAL_SURFACE('',#1411,4.);
#1411 = AXIS2_PLACEMENT_3D('',#1412,#1413,#1414);
#1412 = CARTESIAN_POINT('',(-47.88559214402,-19.24469983593,-17.));
#1413 = DIRECTION('',(0.,0.,-1.));
#1414 = DIRECTION('',(1.,0.,0.));
#1415 = DEFINITIONAL_REPRESENTATION('',(#1416),#1420);
#1416 = LINE('',#1417,#1418);
#1417 = CARTESIAN_POINT('',(-3.14159265359,-7.));
#1418 = VECTOR('',#1419,1.);
#1419 = DIRECTION('',(1.,0.));
#1420 = ( GEOMETRIC_REPRESENTATION_CONTEXT(2) 
PARAMETRIC_REPRESENTATION_CONTEXT() REPRESENTATION_CONTEXT('2D SPACE',''
  ) );
#1421 = PCURVE('',#1422,#1427);
#1422 = PLANE('',#1423);
#1423 = AXIS2_PLACEMENT_3D('',#1424,#1425,#1426);
#1424 = CARTESIAN_POINT('',(-47.57979592433,-19.7081967668,-10.));
#1425 = DIRECTION('',(0.,0.,1.));
#1426 = DIRECTION('',(1.,0.,0.));
#1427 = DEFINITIONAL_REPRESENTATION('',(#1428),#1436);
#1428 = ( BOUNDED_CURVE() B_SPLINE_CURVE(2,(#1429,#1430,#1431,#1432,
#1433,#1434,#1435),.UNSPECIFIED.,.T.,.F.) B_SPLINE_CURVE_WITH_KNOTS((1,2
    ,2,2,2,1),(-2.094395102393,0.,2.094395102393,4.188790204786,
6.28318530718,8.377580409573),.UNSPECIFIED.) CURVE() 
GEOMETRIC_REPRESENTATION_ITEM() RATIONAL_B_SPLINE_CURVE((1.,0.5,1.,0.5,
1.,0.5,1.)) REPRESENTATION_ITEM('') );
#1429 = CARTESIAN_POINT('',(-4.305796219689,0.463496930869));
#1430 = CARTESIAN_POINT('',(-4.305796219689,7.391700161145));
#1431 = CARTESIAN_POINT('',(1.694203780311,3.927598546007));
#1432 = CARTESIAN_POINT('',(7.694203780311,0.463496930869));
#1433 = CARTESIAN_POINT('',(1.694203780311,-3.000604684268));
#1434 = CARTESIAN_POINT('',(-4.305796219689,-6.464706299406));
#1435 = CARTESIAN_POINT('',(-4.305796219689,0.463496930869));
#1436 = ( GEOMETRIC_REPRESENTATION_CONTEXT(2) 
PARAMETRIC_REPRESENTATION_CONTEXT() REPRESENTATION_CONTEXT('2D SPACE',''
  ) );
#1437 = ORIENTED_EDGE('',*,*,#1438,.T.);
#1438 = EDGE_CURVE('',#1401,#1439,#1441,.T.);
#1439 = VERTEX_POINT('',#1440);
#1440 = CARTESIAN_POINT('',(-43.88559214402,-19.24469983593,-17.));
#1441 = SEAM_CURVE('',#1442,(#1445,#1452),.PCURVE_S1.);
#1442 = B_SPLINE_CURVE_WITH_KNOTS('',1,(#1443,#1444),.UNSPECIFIED.,.F.,
  .F.,(2,2),(-7.,0.),.PIECEWISE_BEZIER_KNOTS.);
#1443 = CARTESIAN_POINT('',(-43.88559214402,-19.24469983593,-10.));
#1444 = CARTESIAN_POINT('',(-43.88559214402,-19.24469983593,-17.));
#1445 = PCURVE('',#1410,#1446);
#1446 = DEFINITIONAL_REPRESENTATION('',(#1447),#1451);
#1447 = LINE('',#1448,#1449);
#1448 = CARTESIAN_POINT('',(6.28318530718,0.));
#1449 = VECTOR('',#1450,1.);
#1450 = DIRECTION('',(0.,1.));
#1451 = ( GEOMETRIC_REPRESENTATION_CONTEXT(2) 
PARAMETRIC_REPRESENTATION_CONTEXT() REPRESENTATION_CONTEXT('2D SPACE',''
  ) );
#1452 = PCURVE('',#1410,#1453);
#1453 = DEFINITIONAL_REPRESENTATION('',(#1454),#1458);
#1454 = LINE('',#1455,#1456);
#1455 = CARTESIAN_POINT('',(0.,0.));
#1456 = VECTOR('',#1457,1.);
#1457 = DIRECTION('',(0.,1.));
#1458 = ( GEOMETRIC_REPRESENTATION_CONTEXT(2) 
PARAMETRIC_REPRESENTATION_CONTEXT() REPRESENTATION_CONTEXT('2D SPACE',''
  ) );
#1459 = ORIENTED_EDGE('',*,*,#1460,.T.);
#1460 = EDGE_CURVE('',#1439,#1439,#1461,.T.);
#1461 = SURFACE_CURVE('',#1462,(#1467,#1474),.PCURVE_S1.);
#1462 = CIRCLE('',#1463,4.);
#1463 = AXIS2_PLACEMENT_3D('',#1464,#1465,#1466);
#1464 = CARTESIAN_POINT('',(-47.88559214402,-19.24469983593,-17.));
#1465 = DIRECTION('',(0.,0.,1.));
#1466 = DIRECTION('',(1.,0.,0.));
#1467 = PCURVE('',#1410,#1468);
#1468 = DEFINITIONAL_REPRESENTATION('',(#1469),#1473);
#1469 = LINE('',#1470,#1471);
#1470 = CARTESIAN_POINT('',(6.28318530718,0.));
#1471 = VECTOR('',#1472,1.);
#1472 = DIRECTION('',(-1.,0.));
#1473 = ( GEOMETRIC_REPRESENTATION_CONTEXT(2) 
PARAMETRIC_REPRESENTATION_CONTEXT() REPRESENTATION_CONTEXT('2D SPACE',''
  ) );
#1474 = PCURVE('',#1475,#1480);
#1475 = PLANE('',#1476);
#1476 = AXIS2_PLACEMENT_3D('',#1477,#1478,#1479);
#1477 = CARTESIAN_POINT('',(-47.57979592433,-19.7081967668,-17.));
#1478 = DIRECTION('',(0.,0.,-1.));
#1479 = DIRECTION('',(-1.,0.,0.));
#1480 = DEFINITIONAL_REPRESENTATION('',(#1481),#1489);
#1481 = ( BOUNDED_CURVE() B_SPLINE_CURVE(2,(#1482,#1483,#1484,#1485,
#1486,#1487,#1488),.UNSPECIFIED.,.T.,.F.) B_SPLINE_CURVE_WITH_KNOTS((1,2
    ,2,2,2,1),(-2.094395102393,0.,2.094395102393,4.188790204786,
6.28318530718,8.377580409573),.UNSPECIFIED.) CURVE() 
GEOMETRIC_REPRESENTATION_ITEM() RATIONAL_B_SPLINE_CURVE((1.,0.5,1.,0.5,
1.,0.5,1.)) REPRESENTATION_ITEM('') );
#1482 = CARTESIAN_POINT('',(-3.694203780311,0.463496930869));
#1483 = CARTESIAN_POINT('',(-3.694203780311,7.391700161145));
#1484 = CARTESIAN_POINT('',(2.305796219689,3.927598546007));
#1485 = CARTESIAN_POINT('',(8.305796219689,0.463496930869));
#1486 = CARTESIAN_POINT('',(2.305796219689,-3.000604684268));
#1487 = CARTESIAN_POINT('',(-3.694203780311,-6.464706299406));
#1488 = CARTESIAN_POINT('',(-3.694203780311,0.463496930869));
#1489 = ( GEOMETRIC_REPRESENTATION_CONTEXT(2) 
PARAMETRIC_REPRESENTATION_CONTEXT() REPRESENTATION_CONTEXT('2D SPACE',''
  ) );
#1490 = ORIENTED_EDGE('',*,*,#1438,.F.);
#1491 = ADVANCED_FACE('',(#1492),#1509,.F.);
#1492 = FACE_BOUND('',#1493,.F.);
#1493 = EDGE_LOOP('',(#1494,#1684,#1754,#1778,#1802));
#1494 = ORIENTED_EDGE('',*,*,#1495,.T.);
#1495 = EDGE_CURVE('',#1496,#1498,#1500,.T.);
#1496 = VERTEX_POINT('',#1497);
#1497 = CARTESIAN_POINT('',(-47.36299888127,-36.83403775005,-8.));
#1498 = VERTEX_POINT('',#1499);
#1499 = CARTESIAN_POINT('',(-48.65847992628,-34.22496007609,
    -8.800269972714));
#1500 = SURFACE_CURVE('',#1501,(#1508,#1542),.PCURVE_S1.);
#1501 = B_SPLINE_CURVE_WITH_KNOTS('',3,(#1502,#1503,#1504,#1505,#1506,
    #1507),.UNSPECIFIED.,.F.,.F.,(4,2,4),(-1.3493375766E-05,
    1.510245113282E-03,3.03398360233E-03),.UNSPECIFIED.);
#1502 = CARTESIAN_POINT('',(-47.36299888127,-36.83403775005,-8.));
#1503 = CARTESIAN_POINT('',(-47.66234294564,-36.44912657951,
    -8.142169580958));
#1504 = CARTESIAN_POINT('',(-47.91761336708,-36.03158274002,
    -8.284460916728));
#1505 = CARTESIAN_POINT('',(-48.34320588079,-35.15319309784,
    -8.558535524457));
#1506 = CARTESIAN_POINT('',(-48.51227192307,-34.69635598597,
    -8.690716758585));
#1507 = CARTESIAN_POINT('',(-48.65847992628,-34.22496007609,
    -8.800269972714));
#1508 = PCURVE('',#1509,#1514);
#1509 = TOROIDAL_SURFACE('',#1510,5.25,1.);
#1510 = AXIS2_PLACEMENT_3D('',#1511,#1512,#1513);
#1511 = CARTESIAN_POINT('',(-44.00811979384,-34.22496007609,-8.));
#1512 = DIRECTION('',(0.,0.,1.));
#1513 = DIRECTION('',(1.,0.,0.));
#1514 = DEFINITIONAL_REPRESENTATION('',(#1515),#1541);
#1515 = B_SPLINE_CURVE_WITH_KNOTS('',3,(#1516,#1517,#1518,#1519,#1520,
    #1521,#1522,#1523,#1524,#1525,#1526,#1527,#1528,#1529,#1530,#1531,
    #1532,#1533,#1534,#1535,#1536,#1537,#1538,#1539,#1540),
  .UNSPECIFIED.,.F.,.F.,(4,1,1,1,1,1,1,1,1,1,1,1,1,1,1,1,1,1,1,1,1,1,4),
  (-1.3493375766E-05,1.250283050565E-04,2.635499858791E-04,
    4.020716667016E-04,5.405933475242E-04,6.791150283467E-04,
    8.176367091693E-04,9.561583899918E-04,1.094680070814E-03,
    1.233201751637E-03,1.371723432459E-03,1.510245113282E-03,
    1.648766794105E-03,1.787288474927E-03,1.92581015575E-03,
    2.064331836572E-03,2.202853517395E-03,2.341375198217E-03,
    2.47989687904E-03,2.618418559862E-03,2.756940240685E-03,
    2.895461921507E-03,3.03398360233E-03),.UNSPECIFIED.);
#1516 = CARTESIAN_POINT('',(3.802585168805,3.14159265359));
#1517 = CARTESIAN_POINT('',(3.79215508326,3.154517512353));
#1518 = CARTESIAN_POINT('',(3.771299674212,3.180367898736));
#1519 = CARTESIAN_POINT('',(3.740041671311,3.219179376146));
#1520 = CARTESIAN_POINT('',(3.708819266445,3.258059078997));
#1521 = CARTESIAN_POINT('',(3.677644127139,3.297044807681));
#1522 = CARTESIAN_POINT('',(3.64652861232,3.336177351993));
#1523 = CARTESIAN_POINT('',(3.615485829756,3.375500453608));
#1524 = CARTESIAN_POINT('',(3.584529456388,3.415059972216));
#1525 = CARTESIAN_POINT('',(3.553673907407,3.454903266446));
#1526 = CARTESIAN_POINT('',(3.522933299926,3.495077988659));
#1527 = CARTESIAN_POINT('',(3.492324849005,3.535632483163));
#1528 = CARTESIAN_POINT('',(3.461855707041,3.576609827133));
#1529 = CARTESIAN_POINT('',(3.431571573239,3.618065169231));
#1530 = CARTESIAN_POINT('',(3.401504517355,3.660028278887));
#1531 = CARTESIAN_POINT('',(3.371650046116,3.702525956214));
#1532 = CARTESIAN_POINT('',(3.342015800586,3.74560083334));
#1533 = CARTESIAN_POINT('',(3.312608449945,3.789306378141));
#1534 = CARTESIAN_POINT('',(3.283437113713,3.833707867279));
#1535 = CARTESIAN_POINT('',(3.254512328104,3.878881349715));
#1536 = CARTESIAN_POINT('',(3.225846169168,3.924912690471));
#1537 = CARTESIAN_POINT('',(3.19745207598,3.971896203776));
#1538 = CARTESIAN_POINT('',(3.16934459998,4.019932569569));
#1539 = CARTESIAN_POINT('',(3.150807964458,4.052729183642));
#1540 = CARTESIAN_POINT('',(3.14159265359,4.069337961184));
#1541 = ( GEOMETRIC_REPRESENTATION_CONTEXT(2) 
PARAMETRIC_REPRESENTATION_CONTEXT() REPRESENTATION_CONTEXT('2D SPACE',''
  ) );
#1542 = PCURVE('',#1543,#1656);
#1543 = B_SPLINE_SURFACE_WITH_KNOTS('',3,3,(
    (#1544,#1545,#1546,#1547,#1548,#1549,#1550)
    ,(#1551,#1552,#1553,#1554,#1555,#1556,#1557)
    ,(#1558,#1559,#1560,#1561,#1562,#1563,#1564)
    ,(#1565,#1566,#1567,#1568,#1569,#1570,#1571)
    ,(#1572,#1573,#1574,#1575,#1576,#1577,#1578)
    ,(#1579,#1580,#1581,#1582,#1583,#1584,#1585)
    ,(#1586,#1587,#1588,#1589,#1590,#1591,#1592)
    ,(#1593,#1594,#1595,#1596,#1597,#1598,#1599)
    ,(#1600,#1601,#1602,#1603,#1604,#1605,#1606)
    ,(#1607,#1608,#1609,#1610,#1611,#1612,#1613)
    ,(#1614,#1615,#1616,#1617,#1618,#1619,#1620)
    ,(#1621,#1622,#1623,#1624,#1625,#1626,#1627)
    ,(#1628,#1629,#1630,#1631,#1632,#1633,#1634)
    ,(#1635,#1636,#1637,#1638,#1639,#1640,#1641)
    ,(#1642,#1643,#1644,#1645,#1646,#1647,#1648)
    ,(#1649,#1650,#1651,#1652,#1653,#1654,#1655
  )),.UNSPECIFIED.,.F.,.F.,.F.,(4,3,3,3,3,4),(4,3,4),(-6.071532E-18,
    1.191126083258E-03,1.786689124887E-03,2.382252166516E-03,
    3.573378249773E-03,4.764504333031E-03),(0.,0.5,1.),.UNSPECIFIED.);
#1544 = CARTESIAN_POINT('',(-49.88693818242,-33.33606753627,-10.));
#1545 = CARTESIAN_POINT('',(-49.88693818242,-33.33606753627,
    -9.738200612201));
#1546 = CARTESIAN_POINT('',(-49.79733035247,-33.2761886826,
    -9.478013341237));
#1547 = CARTESIAN_POINT('',(-49.6434124174,-33.17333573421,
    -9.292893218813));
#1548 = CARTESIAN_POINT('',(-49.48949448234,-33.07048278582,
    -9.10777309639));
#1549 = CARTESIAN_POINT('',(-49.27316204397,-32.92592244521,-9.));
#1550 = CARTESIAN_POINT('',(-49.05548921271,-32.78046641066,-9.));
#1551 = CARTESIAN_POINT('',(-49.65925501051,-33.67679207763,-10.));
#1552 = CARTESIAN_POINT('',(-49.67631316292,-33.65126480169,
    -9.754763245007));
#1553 = CARTESIAN_POINT('',(-49.6158946664,-33.57330720297,
    -9.510634671017));
#1554 = CARTESIAN_POINT('',(-49.49212656041,-33.46296999237,
    -9.328027868727));
#1555 = CARTESIAN_POINT('',(-49.36835845441,-33.35263278177,
    -9.145421066437));
#1556 = CARTESIAN_POINT('',(-49.18229239889,-33.21095901103,
    -9.026016522773));
#1557 = CARTESIAN_POINT('',(-48.97938400686,-33.07321850264,-9.));
#1558 = CARTESIAN_POINT('',(-49.43486010448,-34.00509013694,
    -9.93116516665));
#1559 = CARTESIAN_POINT('',(-49.46306217824,-33.96396899601,
    -9.708483749717));
#1560 = CARTESIAN_POINT('',(-49.4254041407,-33.87766045271,
    -9.486538699245));
#1561 = CARTESIAN_POINT('',(-49.32947913653,-33.76491127287,
    -9.312645600288));
#1562 = CARTESIAN_POINT('',(-49.23355413235,-33.65216209303,
    -9.138752501331));
#1563 = CARTESIAN_POINT('',(-49.07997048369,-33.51373471381,
    -9.014072654045));
#1564 = CARTESIAN_POINT('',(-48.90098429351,-33.3793842827,
    -8.965582583325));
#1565 = CARTESIAN_POINT('',(-49.21215622923,-34.3243889861,
    -9.814695987865));
#1566 = CARTESIAN_POINT('',(-49.24679747255,-34.27472254401,
    -9.615670881889));
#1567 = CARTESIAN_POINT('',(-49.22644623696,-34.18688330563,
    -9.41713975297));
#1568 = CARTESIAN_POINT('',(-49.15484720904,-34.07703394639,
    -9.255632906395));
#1569 = CARTESIAN_POINT('',(-49.08324818111,-33.96718458714,
    -9.09412605982));
#1570 = CARTESIAN_POINT('',(-48.96075677607,-33.83587039564,
    -8.970445210291));
#1571 = CARTESIAN_POINT('',(-48.8099117688,-33.70725356515,
    -8.907347993932));
#1572 = CARTESIAN_POINT('',(-49.10080429161,-34.48403841068,
    -9.756461398472));
#1573 = CARTESIAN_POINT('',(-49.1386651197,-34.430099318,-9.569264447975
    ));
#1574 = CARTESIAN_POINT('',(-49.12696728509,-34.34149473209,
    -9.382440279832));
#1575 = CARTESIAN_POINT('',(-49.06753124529,-34.23309528315,
    -9.227126559448));
#1576 = CARTESIAN_POINT('',(-49.00809520549,-34.1246958342,
    -9.071812839065));
#1577 = CARTESIAN_POINT('',(-48.90114992226,-33.99693823656,
    -8.948631488413));
#1578 = CARTESIAN_POINT('',(-48.76437550644,-33.87118820638,
    -8.878230699236));
#1579 = CARTESIAN_POINT('',(-48.99053519344,-34.64046603249,
    -9.686213553985));
#1580 = CARTESIAN_POINT('',(-49.03039277214,-34.58409017308,
    -9.511135342813));
#1581 = CARTESIAN_POINT('',(-49.02589567643,-34.49646868898,
    -9.336340022277));
#1582 = CARTESIAN_POINT('',(-48.97763717549,-34.39084963811,
    -9.188144390145));
#1583 = CARTESIAN_POINT('',(-48.92937867455,-34.28523058724,
    -9.039948758013));
#1584 = CARTESIAN_POINT('',(-48.83751066615,-34.16195732204,
    -8.918833218889));
#1585 = CARTESIAN_POINT('',(-48.71574766668,-34.03963438498,
    -8.843106776992));
#1586 = CARTESIAN_POINT('',(-48.88294725802,-34.79162927154,
    -9.607549928902));
#1587 = CARTESIAN_POINT('',(-48.92373815833,-34.73431722638,
    -9.444392581409));
#1588 = CARTESIAN_POINT('',(-48.92500770914,-34.64899111976,
    -9.281451793896));
#1589 = CARTESIAN_POINT('',(-48.88658292856,-34.5472770108,
    -9.140928968754));
#1590 = CARTESIAN_POINT('',(-48.84815814797,-34.44556290185,
    -9.000406143612));
#1591 = CARTESIAN_POINT('',(-48.77014103899,-34.32773080236,
    -8.882674314855));
#1592 = CARTESIAN_POINT('',(-48.6631617775,-34.20983585664,
    -8.803774964451));
#1593 = CARTESIAN_POINT('',(-48.77535932261,-34.9427925106,
    -9.528886303819));
#1594 = CARTESIAN_POINT('',(-48.81708354452,-34.88454427968,
    -9.377649820004));
#1595 = CARTESIAN_POINT('',(-48.82411974186,-34.80151355054,
    -9.226563565515));
#1596 = CARTESIAN_POINT('',(-48.79552868163,-34.7037043835,
    -9.093713547362));
#1597 = CARTESIAN_POINT('',(-48.7669376214,-34.60589521645,
    -8.96086352921));
#1598 = CARTESIAN_POINT('',(-48.70277141183,-34.49350428269,
    -8.846515410821));
#1599 = CARTESIAN_POINT('',(-48.61057588832,-34.38003732831,
    -8.764443151909));
#1600 = CARTESIAN_POINT('',(-48.66981672265,-35.08960406667,
    -9.441458641395));
#1601 = CARTESIAN_POINT('',(-48.71142855465,-35.03189757343,
    -9.302017628382));
#1602 = CARTESIAN_POINT('',(-48.722845899,-34.95247149398,-9.16268323533
    ));
#1603 = CARTESIAN_POINT('',(-48.70281308239,-34.85970062247,
    -9.038097805591));
#1604 = CARTESIAN_POINT('',(-48.68278026578,-34.76692975096,
    -8.913512375851));
#1605 = CARTESIAN_POINT('',(-48.63132593504,-34.66095660088,
    -8.803867029725));
#1606 = CARTESIAN_POINT('',(-48.55376304891,-34.5529381773,
    -8.720729320697));
#1607 = CARTESIAN_POINT('',(-48.56580586811,-35.23297461726,
    -9.347194173286));
#1608 = CARTESIAN_POINT('',(-48.60644847785,-35.17695206691,
    -9.219309979391));
#1609 = CARTESIAN_POINT('',(-48.62099459659,-35.10204847285,
    -9.09150227758));
#1610 = CARTESIAN_POINT('',(-48.60809855036,-35.01519323103,
    -8.97559466833));
#1611 = CARTESIAN_POINT('',(-48.59520250414,-34.92833798921,
    -8.859687059081));
#1612 = CARTESIAN_POINT('',(-48.55487972012,-34.82963500204,
    -8.755818199318));
#1613 = CARTESIAN_POINT('',(-48.49086049376,-34.7282153678,
    -8.673597086643));
#1614 = CARTESIAN_POINT('',(-48.35778415904,-35.51971571843,
    -9.158665237068));
#1615 = CARTESIAN_POINT('',(-48.39648832424,-35.46706105385,
    -9.053894681408));
#1616 = CARTESIAN_POINT('',(-48.41729199176,-35.40120243059,
    -8.949140362078));
#1617 = CARTESIAN_POINT('',(-48.4186694863,-35.32617844814,
    -8.850588393809));
#1618 = CARTESIAN_POINT('',(-48.42004698084,-35.2511544657,
    -8.752036425541));
#1619 = CARTESIAN_POINT('',(-48.40198729027,-35.16699180437,
    -8.659720538506));
#1620 = CARTESIAN_POINT('',(-48.36505538346,-35.07876974882,
    -8.579332618534));
#1621 = CARTESIAN_POINT('',(-48.15575853891,-35.79291861745,
    -8.942581826008));
#1622 = CARTESIAN_POINT('',(-48.18907423375,-35.74821170002,
    -8.859927151862));
#1623 = CARTESIAN_POINT('',(-48.21110010518,-35.69508095096,
    -8.77727947708));
#1624 = CARTESIAN_POINT('',(-48.22096698718,-35.6355152433,
    -8.697728799894));
#1625 = CARTESIAN_POINT('',(-48.23083386919,-35.57594953563,
    -8.618178122708));
#1626 = CARTESIAN_POINT('',(-48.22853958046,-35.50995889904,
    -8.541738000409));
#1627 = CARTESIAN_POINT('',(-48.21406682564,-35.43999103122,
    -8.471290913004));
#1628 = CARTESIAN_POINT('',(-47.95634586258,-36.05813211341,
    -8.713117964572));
#1629 = CARTESIAN_POINT('',(-47.98233377088,-36.02356889436,
    -8.651627666106));
#1630 = CARTESIAN_POINT('',(-48.00151690674,-35.98389152841,
    -8.590140012153));
#1631 = CARTESIAN_POINT('',(-48.013411142,-35.94010136018,
    -8.530206777396));
#1632 = CARTESIAN_POINT('',(-48.02530537727,-35.89631119195,
    -8.470273542639));
#1633 = CARTESIAN_POINT('',(-48.02990968886,-35.84841198802,
    -8.411899882174));
#1634 = CARTESIAN_POINT('',(-48.02710787697,-35.79761258896,
    -8.356558982286));
#1635 = CARTESIAN_POINT('',(-47.75693318625,-36.32334560936,
    -8.483654103136));
#1636 = CARTESIAN_POINT('',(-47.77559330801,-36.29892608869,
    -8.44332818035));
#1637 = CARTESIAN_POINT('',(-47.7919337083,-36.27270210585,
    -8.403000547227));
#1638 = CARTESIAN_POINT('',(-47.80585529682,-36.24468747706,
    -8.362684754898));
#1639 = CARTESIAN_POINT('',(-47.81977688535,-36.21667284827,
    -8.322368962569));
#1640 = CARTESIAN_POINT('',(-47.83127979727,-36.18686507699,
    -8.282061763939));
#1641 = CARTESIAN_POINT('',(-47.8401489283,-36.1552341467,
    -8.241827051568));
#1642 = CARTESIAN_POINT('',(-47.5601056265,-36.58058830155,
    -8.240753611383));
#1643 = CARTESIAN_POINT('',(-47.56949767867,-36.56851154364,
    -8.220690810434));
#1644 = CARTESIAN_POINT('',(-47.57888973085,-36.55643478573,
    -8.200628009486));
#1645 = CARTESIAN_POINT('',(-47.58828178303,-36.54435802782,
    -8.180565208537));
#1646 = CARTESIAN_POINT('',(-47.5976738352,-36.53228126991,
    -8.160502407589));
#1647 = CARTESIAN_POINT('',(-47.60706588738,-36.52020451201,
    -8.14043960664));
#1648 = CARTESIAN_POINT('',(-47.61645793956,-36.5081277541,
    -8.120376805692));
#1649 = CARTESIAN_POINT('',(-47.36299888127,-36.83403775005,-8.));
#1650 = CARTESIAN_POINT('',(-47.36299888127,-36.83403775005,-8.));
#1651 = CARTESIAN_POINT('',(-47.36299888127,-36.83403775005,-8.));
#1652 = CARTESIAN_POINT('',(-47.36299888127,-36.83403775005,-8.));
#1653 = CARTESIAN_POINT('',(-47.36299888127,-36.83403775005,-8.));
#1654 = CARTESIAN_POINT('',(-47.36299888127,-36.83403775005,-8.));
#1655 = CARTESIAN_POINT('',(-47.36299888127,-36.83403775005,-8.));
#1656 = DEFINITIONAL_REPRESENTATION('',(#1657),#1683);
#1657 = B_SPLINE_CURVE_WITH_KNOTS('',3,(#1658,#1659,#1660,#1661,#1662,
    #1663,#1664,#1665,#1666,#1667,#1668,#1669,#1670,#1671,#1672,#1673,
    #1674,#1675,#1676,#1677,#1678,#1679,#1680,#1681,#1682),
  .UNSPECIFIED.,.F.,.F.,(4,1,1,1,1,1,1,1,1,1,1,1,1,1,1,1,1,1,1,1,1,1,4),
  (-1.3493375766E-05,1.250283050565E-04,2.635499858791E-04,
    4.020716667016E-04,5.405933475242E-04,6.791150283467E-04,
    8.176367091693E-04,9.561583899918E-04,1.094680070814E-03,
    1.233201751637E-03,1.371723432459E-03,1.510245113282E-03,
    1.648766794105E-03,1.787288474927E-03,1.92581015575E-03,
    2.064331836572E-03,2.202853517395E-03,2.341375198217E-03,
    2.47989687904E-03,2.618418559862E-03,2.756940240685E-03,
    2.895461921507E-03,3.03398360233E-03),.UNSPECIFIED.);
#1658 = CARTESIAN_POINT('',(4.764504333031E-03,0.999867459663));
#1659 = CARTESIAN_POINT('',(4.721875235686E-03,0.999905475882));
#1660 = CARTESIAN_POINT('',(4.636702139608E-03,0.999889846915));
#1661 = CARTESIAN_POINT('',(4.509078218517E-03,0.999732079953));
#1662 = CARTESIAN_POINT('',(4.381470477174E-03,0.999650579064));
#1663 = CARTESIAN_POINT('',(4.253759268921E-03,0.999611182733));
#1664 = CARTESIAN_POINT('',(4.125822997173E-03,0.999630757726));
#1665 = CARTESIAN_POINT('',(3.997536579636E-03,0.999699170471));
#1666 = CARTESIAN_POINT('',(3.868769996859E-03,0.999800832234));
#1667 = CARTESIAN_POINT('',(3.739385526096E-03,0.999909815537));
#1668 = CARTESIAN_POINT('',(3.609239191633E-03,0.999989091476));
#1669 = CARTESIAN_POINT('',(3.478165399496E-03,0.999997774997));
#1670 = CARTESIAN_POINT('',(3.34602701803E-03,1.0000411883));
#1671 = CARTESIAN_POINT('',(3.212874568469E-03,0.999991318051));
#1672 = CARTESIAN_POINT('',(3.078707812558E-03,0.99986321254));
#1673 = CARTESIAN_POINT('',(2.943395083053E-03,0.999745825302));
#1674 = CARTESIAN_POINT('',(2.806825769985E-03,0.999667654352));
#1675 = CARTESIAN_POINT('',(2.668865415757E-03,0.999644322327));
#1676 = CARTESIAN_POINT('',(2.529372036789E-03,0.999674492131));
#1677 = CARTESIAN_POINT('',(2.388163357666E-03,0.999744831094));
#1678 = CARTESIAN_POINT('',(2.245117208753E-03,0.999841034673));
#1679 = CARTESIAN_POINT('',(2.100244521127E-03,0.999931706749));
#1680 = CARTESIAN_POINT('',(1.953449262033E-03,0.999989075473));
#1681 = CARTESIAN_POINT('',(1.854260059123E-03,1.000001869075));
#1682 = CARTESIAN_POINT('',(1.804321606444E-03,1.));
#1683 = ( GEOMETRIC_REPRESENTATION_CONTEXT(2) 
PARAMETRIC_REPRESENTATION_CONTEXT() REPRESENTATION_CONTEXT('2D SPACE',''
  ) );
#1684 = ORIENTED_EDGE('',*,*,#1685,.T.);
#1685 = EDGE_CURVE('',#1498,#1686,#1688,.T.);
#1686 = VERTEX_POINT('',#1687);
#1687 = CARTESIAN_POINT('',(-49.05548921271,-32.78046641066,-9.));
#1688 = SURFACE_CURVE('',#1689,(#1696,#1725),.PCURVE_S1.);
#1689 = B_SPLINE_CURVE_WITH_KNOTS('',3,(#1690,#1691,#1692,#1693,#1694,
    #1695),.UNSPECIFIED.,.F.,.F.,(4,2,4),(3.03398360233E-03,
    3.793525396734E-03,4.553067191137E-03),.UNSPECIFIED.);
#1690 = CARTESIAN_POINT('',(-48.65847992628,-34.22496007609,
    -8.800269972714));
#1691 = CARTESIAN_POINT('',(-48.73136060096,-33.98998215971,
    -8.854879241588));
#1692 = CARTESIAN_POINT('',(-48.79890131602,-33.75076920704,
    -8.903603279907));
#1693 = CARTESIAN_POINT('',(-48.9290146432,-33.26873194263,
    -8.975961559079));
#1694 = CARTESIAN_POINT('',(-48.99172015069,-33.0257653505,-9.));
#1695 = CARTESIAN_POINT('',(-49.05548921271,-32.78046641066,-9.));
#1696 = PCURVE('',#1509,#1697);
#1697 = DEFINITIONAL_REPRESENTATION('',(#1698),#1724);
#1698 = B_SPLINE_CURVE_WITH_KNOTS('',3,(#1699,#1700,#1701,#1702,#1703,
    #1704,#1705,#1706,#1707,#1708,#1709,#1710,#1711,#1712,#1713,#1714,
    #1715,#1716,#1717,#1718,#1719,#1720,#1721,#1722,#1723),
  .UNSPECIFIED.,.F.,.F.,(4,1,1,1,1,1,1,1,1,1,1,1,1,1,1,1,1,1,1,1,1,1,4),
  (3.03398360233E-03,3.103032856367E-03,3.172082110403E-03,
    3.24113136444E-03,3.310180618477E-03,3.379229872513E-03,
    3.44827912655E-03,3.517328380587E-03,3.586377634623E-03,
    3.65542688866E-03,3.724476142697E-03,3.793525396734E-03,
    3.86257465077E-03,3.931623904807E-03,4.000673158844E-03,
    4.06972241288E-03,4.138771666917E-03,4.207820920954E-03,
    4.27687017499E-03,4.345919429027E-03,4.414968683064E-03,
    4.4840179371E-03,4.553067191137E-03),.QUASI_UNIFORM_KNOTS.);
#1699 = CARTESIAN_POINT('',(3.14159265359,4.069337961184));
#1700 = CARTESIAN_POINT('',(3.136999111728,4.077617158339));
#1701 = CARTESIAN_POINT('',(3.127836238397,4.094281801207));
#1702 = CARTESIAN_POINT('',(3.114168889221,4.119603948538));
#1703 = CARTESIAN_POINT('',(3.100582828555,4.145257273291));
#1704 = CARTESIAN_POINT('',(3.087082390909,4.171249320206));
#1705 = CARTESIAN_POINT('',(3.073671899564,4.197588588746));
#1706 = CARTESIAN_POINT('',(3.060355655522,4.224284631356));
#1707 = CARTESIAN_POINT('',(3.047137927043,4.251347936889));
#1708 = CARTESIAN_POINT('',(3.034022931891,4.278789949288));
#1709 = CARTESIAN_POINT('',(3.021014850589,4.306622726841));
#1710 = CARTESIAN_POINT('',(3.008117725638,4.334859866725));
#1711 = CARTESIAN_POINT('',(2.995335788856,4.363512685604));
#1712 = CARTESIAN_POINT('',(2.982672193532,4.392604062438));
#1713 = CARTESIAN_POINT('',(2.970127645477,4.422153774693));
#1714 = CARTESIAN_POINT('',(2.957703842727,4.452174291028));
#1715 = CARTESIAN_POINT('',(2.945402212351,4.482684707957));
#1716 = CARTESIAN_POINT('',(2.933224242924,4.51370697946));
#1717 = CARTESIAN_POINT('',(2.921171389604,4.545266848782));
#1718 = CARTESIAN_POINT('',(2.909245093786,4.577393480058));
#1719 = CARTESIAN_POINT('',(2.897446772631,4.610119360734));
#1720 = CARTESIAN_POINT('',(2.885777815353,4.643480155504));
#1721 = CARTESIAN_POINT('',(2.874239583568,4.677514170393));
#1722 = CARTESIAN_POINT('',(2.866635454309,4.700680092453));
#1723 = CARTESIAN_POINT('',(2.862855617074,4.712388980385));
#1724 = ( GEOMETRIC_REPRESENTATION_CONTEXT(2) 
PARAMETRIC_REPRESENTATION_CONTEXT() REPRESENTATION_CONTEXT('2D SPACE',''
  ) );
#1725 = PCURVE('',#1543,#1726);
#1726 = DEFINITIONAL_REPRESENTATION('',(#1727),#1753);
#1727 = B_SPLINE_CURVE_WITH_KNOTS('',3,(#1728,#1729,#1730,#1731,#1732,
    #1733,#1734,#1735,#1736,#1737,#1738,#1739,#1740,#1741,#1742,#1743,
    #1744,#1745,#1746,#1747,#1748,#1749,#1750,#1751,#1752),
  .UNSPECIFIED.,.F.,.F.,(4,1,1,1,1,1,1,1,1,1,1,1,1,1,1,1,1,1,1,1,1,1,4),
  (3.03398360233E-03,3.103032856367E-03,3.172082110403E-03,
    3.24113136444E-03,3.310180618477E-03,3.379229872513E-03,
    3.44827912655E-03,3.517328380587E-03,3.586377634623E-03,
    3.65542688866E-03,3.724476142697E-03,3.793525396734E-03,
    3.86257465077E-03,3.931623904807E-03,4.000673158844E-03,
    4.06972241288E-03,4.138771666917E-03,4.207820920954E-03,
    4.27687017499E-03,4.345919429027E-03,4.414968683064E-03,
    4.4840179371E-03,4.553067191137E-03),.QUASI_UNIFORM_KNOTS.);
#1728 = CARTESIAN_POINT('',(1.804321606444E-03,1.));
#1729 = CARTESIAN_POINT('',(1.779422114504E-03,0.999999929682));
#1730 = CARTESIAN_POINT('',(1.729477331725E-03,0.999998134121));
#1731 = CARTESIAN_POINT('',(1.654096036385E-03,0.999992919563));
#1732 = CARTESIAN_POINT('',(1.578226357196E-03,0.99998807548));
#1733 = CARTESIAN_POINT('',(1.501835415211E-03,0.999984925094));
#1734 = CARTESIAN_POINT('',(1.424888617509E-03,0.99998412201));
#1735 = CARTESIAN_POINT('',(1.347349343534E-03,0.999985280194));
#1736 = CARTESIAN_POINT('',(1.269171918378E-03,0.999988863089));
#1737 = CARTESIAN_POINT('',(1.190328556348E-03,0.999990331306));
#1738 = CARTESIAN_POINT('',(1.110706999629E-03,1.000003053203));
#1739 = CARTESIAN_POINT('',(1.030247972001E-03,1.000029514675));
#1740 = CARTESIAN_POINT('',(9.48972446585E-04,1.00005915483));
#1741 = CARTESIAN_POINT('',(8.668695806404E-04,1.000081173883));
#1742 = CARTESIAN_POINT('',(7.839286298514E-04,1.000092539759));
#1743 = CARTESIAN_POINT('',(7.001519887895E-04,1.000096247267));
#1744 = CARTESIAN_POINT('',(6.155392652436E-04,1.000093098534));
#1745 = CARTESIAN_POINT('',(5.300918493052E-04,1.000084219825));
#1746 = CARTESIAN_POINT('',(4.438120282024E-04,1.000070671934));
#1747 = CARTESIAN_POINT('',(3.567036095429E-04,1.000053811275));
#1748 = CARTESIAN_POINT('',(2.687721406999E-04,1.00003540884));
#1749 = CARTESIAN_POINT('',(1.800253855727E-04,1.000017830597));
#1750 = CARTESIAN_POINT('',(9.047328383765E-05,1.000004044941));
#1751 = CARTESIAN_POINT('',(3.024427452414E-05,1.000000066061));
#1752 = CARTESIAN_POINT('',(-6.071532E-18,1.));
#1753 = ( GEOMETRIC_REPRESENTATION_CONTEXT(2) 
PARAMETRIC_REPRESENTATION_CONTEXT() REPRESENTATION_CONTEXT('2D SPACE',''
  ) );
#1754 = ORIENTED_EDGE('',*,*,#1755,.F.);
#1755 = EDGE_CURVE('',#1756,#1686,#1758,.T.);
#1756 = VERTEX_POINT('',#1757);
#1757 = CARTESIAN_POINT('',(-39.86385739173,-31.00198177296,-9.));
#1758 = SURFACE_CURVE('',#1759,(#1764,#1771),.PCURVE_S1.);
#1759 = CIRCLE('',#1760,5.25);
#1760 = AXIS2_PLACEMENT_3D('',#1761,#1762,#1763);
#1761 = CARTESIAN_POINT('',(-44.00811979384,-34.22496007609,-9.));
#1762 = DIRECTION('',(0.,0.,1.));
#1763 = DIRECTION('',(-1.,0.,0.));
#1764 = PCURVE('',#1509,#1765);
#1765 = DEFINITIONAL_REPRESENTATION('',(#1766),#1770);
#1766 = LINE('',#1767,#1768);
#1767 = CARTESIAN_POINT('',(-3.14159265359,4.712388980385));
#1768 = VECTOR('',#1769,1.);
#1769 = DIRECTION('',(1.,1.210127576438E-15));
#1770 = ( GEOMETRIC_REPRESENTATION_CONTEXT(2) 
PARAMETRIC_REPRESENTATION_CONTEXT() REPRESENTATION_CONTEXT('2D SPACE',''
  ) );
#1771 = PCURVE('',#161,#1772);
#1772 = DEFINITIONAL_REPRESENTATION('',(#1773),#1777);
#1773 = CIRCLE('',#1774,5.25);
#1774 = AXIS2_PLACEMENT_2D('',#1775,#1776);
#1775 = CARTESIAN_POINT('',(3.571676130482,-14.51676330929));
#1776 = DIRECTION('',(-1.,0.));
#1777 = ( GEOMETRIC_REPRESENTATION_CONTEXT(2) 
PARAMETRIC_REPRESENTATION_CONTEXT() REPRESENTATION_CONTEXT('2D SPACE',''
  ) );
#1778 = ORIENTED_EDGE('',*,*,#1779,.T.);
#1779 = EDGE_CURVE('',#1756,#1780,#1782,.T.);
#1780 = VERTEX_POINT('',#1781);
#1781 = CARTESIAN_POINT('',(-40.65324070642,-31.61588240213,-8.));
#1782 = SURFACE_CURVE('',#1783,(#1788,#1795),.PCURVE_S1.);
#1783 = CIRCLE('',#1784,1.);
#1784 = AXIS2_PLACEMENT_3D('',#1785,#1786,#1787);
#1785 = CARTESIAN_POINT('',(-39.86385739173,-31.00198177296,-8.));
#1786 = DIRECTION('',(-0.613900629168,0.789383314688,0.));
#1787 = DIRECTION('',(0.789383314688,0.613900629168,0.));
#1788 = PCURVE('',#1509,#1789);
#1789 = DEFINITIONAL_REPRESENTATION('',(#1790),#1794);
#1790 = LINE('',#1791,#1792);
#1791 = CARTESIAN_POINT('',(0.660992515215,6.28318530718));
#1792 = VECTOR('',#1793,1.);
#1793 = DIRECTION('',(-2.827159716856E-16,-1.));
#1794 = ( GEOMETRIC_REPRESENTATION_CONTEXT(2) 
PARAMETRIC_REPRESENTATION_CONTEXT() REPRESENTATION_CONTEXT('2D SPACE',''
  ) );
#1795 = PCURVE('',#132,#1796);
#1796 = DEFINITIONAL_REPRESENTATION('',(#1797),#1801);
#1797 = LINE('',#1798,#1799);
#1798 = CARTESIAN_POINT('',(3.802585168805,3.14159265359));
#1799 = VECTOR('',#1800,1.);
#1800 = DIRECTION('',(0.,1.));
#1801 = ( GEOMETRIC_REPRESENTATION_CONTEXT(2) 
PARAMETRIC_REPRESENTATION_CONTEXT() REPRESENTATION_CONTEXT('2D SPACE',''
  ) );
#1802 = ORIENTED_EDGE('',*,*,#1803,.F.);
#1803 = EDGE_CURVE('',#1496,#1780,#1804,.T.);
#1804 = SURFACE_CURVE('',#1805,(#1810,#1817),.PCURVE_S1.);
#1805 = CIRCLE('',#1806,4.25);
#1806 = AXIS2_PLACEMENT_3D('',#1807,#1808,#1809);
#1807 = CARTESIAN_POINT('',(-44.00811979384,-34.22496007609,-8.));
#1808 = DIRECTION('',(0.,0.,-1.));
#1809 = DIRECTION('',(-1.,0.,0.));
#1810 = PCURVE('',#1509,#1811);
#1811 = DEFINITIONAL_REPRESENTATION('',(#1812),#1816);
#1812 = LINE('',#1813,#1814);
#1813 = CARTESIAN_POINT('',(9.424777960769,3.14159265359));
#1814 = VECTOR('',#1815,1.);
#1815 = DIRECTION('',(-1.,7.067899292141E-16));
#1816 = ( GEOMETRIC_REPRESENTATION_CONTEXT(2) 
PARAMETRIC_REPRESENTATION_CONTEXT() REPRESENTATION_CONTEXT('2D SPACE',''
  ) );
#1817 = PCURVE('',#1818,#1823);
#1818 = CYLINDRICAL_SURFACE('',#1819,4.25);
#1819 = AXIS2_PLACEMENT_3D('',#1820,#1821,#1822);
#1820 = CARTESIAN_POINT('',(-44.00811979384,-34.22496007609,27.));
#1821 = DIRECTION('',(0.,0.,-1.));
#1822 = DIRECTION('',(-1.,0.,0.));
#1823 = DEFINITIONAL_REPRESENTATION('',(#1824),#1828);
#1824 = LINE('',#1825,#1826);
#1825 = CARTESIAN_POINT('',(-6.28318530718,35.));
#1826 = VECTOR('',#1827,1.);
#1827 = DIRECTION('',(1.,0.));
#1828 = ( GEOMETRIC_REPRESENTATION_CONTEXT(2) 
PARAMETRIC_REPRESENTATION_CONTEXT() REPRESENTATION_CONTEXT('2D SPACE',''
  ) );
#1829 = ADVANCED_FACE('',(#1830),#1845,.F.);
#1830 = FACE_BOUND('',#1831,.F.);
#1831 = EDGE_LOOP('',(#1832,#1868,#1892,#1920,#2103));
#1832 = ORIENTED_EDGE('',*,*,#1833,.F.);
#1833 = EDGE_CURVE('',#1834,#1836,#1838,.T.);
#1834 = VERTEX_POINT('',#1835);
#1835 = CARTESIAN_POINT('',(-40.65324070642,-31.61588240213,-19.));
#1836 = VERTEX_POINT('',#1837);
#1837 = CARTESIAN_POINT('',(-47.36299888127,-36.83403775005,-19.));
#1838 = SURFACE_CURVE('',#1839,(#1844,#1856),.PCURVE_S1.);
#1839 = CIRCLE('',#1840,4.25);
#1840 = AXIS2_PLACEMENT_3D('',#1841,#1842,#1843);
#1841 = CARTESIAN_POINT('',(-44.00811979384,-34.22496007609,-19.));
#1842 = DIRECTION('',(0.,0.,1.));
#1843 = DIRECTION('',(-1.,0.,0.));
#1844 = PCURVE('',#1845,#1850);
#1845 = TOROIDAL_SURFACE('',#1846,5.25,1.);
#1846 = AXIS2_PLACEMENT_3D('',#1847,#1848,#1849);
#1847 = CARTESIAN_POINT('',(-44.00811979384,-34.22496007609,-19.));
#1848 = DIRECTION('',(0.,0.,1.));
#1849 = DIRECTION('',(1.,0.,0.));
#1850 = DEFINITIONAL_REPRESENTATION('',(#1851),#1855);
#1851 = LINE('',#1852,#1853);
#1852 = CARTESIAN_POINT('',(-3.14159265359,3.14159265359));
#1853 = VECTOR('',#1854,1.);
#1854 = DIRECTION('',(1.,-7.067899292141E-16));
#1855 = ( GEOMETRIC_REPRESENTATION_CONTEXT(2) 
PARAMETRIC_REPRESENTATION_CONTEXT() REPRESENTATION_CONTEXT('2D SPACE',''
  ) );
#1856 = PCURVE('',#1857,#1862);
#1857 = CYLINDRICAL_SURFACE('',#1858,4.25);
#1858 = AXIS2_PLACEMENT_3D('',#1859,#1860,#1861);
#1859 = CARTESIAN_POINT('',(-44.00811979384,-34.22496007609,-27.));
#1860 = DIRECTION('',(0.,0.,1.));
#1861 = DIRECTION('',(-1.,0.,0.));
#1862 = DEFINITIONAL_REPRESENTATION('',(#1863),#1867);
#1863 = LINE('',#1864,#1865);
#1864 = CARTESIAN_POINT('',(0.,8.));
#1865 = VECTOR('',#1866,1.);
#1866 = DIRECTION('',(1.,0.));
#1867 = ( GEOMETRIC_REPRESENTATION_CONTEXT(2) 
PARAMETRIC_REPRESENTATION_CONTEXT() REPRESENTATION_CONTEXT('2D SPACE',''
  ) );
#1868 = ORIENTED_EDGE('',*,*,#1869,.T.);
#1869 = EDGE_CURVE('',#1834,#1870,#1872,.T.);
#1870 = VERTEX_POINT('',#1871);
#1871 = CARTESIAN_POINT('',(-39.86385739173,-31.00198177296,-18.));
#1872 = SURFACE_CURVE('',#1873,(#1878,#1885),.PCURVE_S1.);
#1873 = CIRCLE('',#1874,1.);
#1874 = AXIS2_PLACEMENT_3D('',#1875,#1876,#1877);
#1875 = CARTESIAN_POINT('',(-39.86385739173,-31.00198177296,-19.));
#1876 = DIRECTION('',(-0.613900629168,0.789383314688,0.));
#1877 = DIRECTION('',(0.789383314688,0.613900629168,0.));
#1878 = PCURVE('',#1845,#1879);
#1879 = DEFINITIONAL_REPRESENTATION('',(#1880),#1884);
#1880 = LINE('',#1881,#1882);
#1881 = CARTESIAN_POINT('',(0.660992515215,6.28318530718));
#1882 = VECTOR('',#1883,1.);
#1883 = DIRECTION('',(2.827159716856E-16,-1.));
#1884 = ( GEOMETRIC_REPRESENTATION_CONTEXT(2) 
PARAMETRIC_REPRESENTATION_CONTEXT() REPRESENTATION_CONTEXT('2D SPACE',''
  ) );
#1885 = PCURVE('',#513,#1886);
#1886 = DEFINITIONAL_REPRESENTATION('',(#1887),#1891);
#1887 = LINE('',#1888,#1889);
#1888 = CARTESIAN_POINT('',(3.802585168805,-3.14159265359));
#1889 = VECTOR('',#1890,1.);
#1890 = DIRECTION('',(0.,1.));
#1891 = ( GEOMETRIC_REPRESENTATION_CONTEXT(2) 
PARAMETRIC_REPRESENTATION_CONTEXT() REPRESENTATION_CONTEXT('2D SPACE',''
  ) );
#1892 = ORIENTED_EDGE('',*,*,#1893,.F.);
#1893 = EDGE_CURVE('',#1894,#1870,#1896,.T.);
#1894 = VERTEX_POINT('',#1895);
#1895 = CARTESIAN_POINT('',(-49.05548921271,-32.78046641066,-18.));
#1896 = SURFACE_CURVE('',#1897,(#1902,#1909),.PCURVE_S1.);
#1897 = CIRCLE('',#1898,5.25);
#1898 = AXIS2_PLACEMENT_3D('',#1899,#1900,#1901);
#1899 = CARTESIAN_POINT('',(-44.00811979384,-34.22496007609,-18.));
#1900 = DIRECTION('',(0.,0.,-1.));
#1901 = DIRECTION('',(-1.,0.,0.));
#1902 = PCURVE('',#1845,#1903);
#1903 = DEFINITIONAL_REPRESENTATION('',(#1904),#1908);
#1904 = LINE('',#1905,#1906);
#1905 = CARTESIAN_POINT('',(3.14159265359,1.570796326795));
#1906 = VECTOR('',#1907,1.);
#1907 = DIRECTION('',(-1.,1.411815505844E-15));
#1908 = ( GEOMETRIC_REPRESENTATION_CONTEXT(2) 
PARAMETRIC_REPRESENTATION_CONTEXT() REPRESENTATION_CONTEXT('2D SPACE',''
  ) );
#1909 = PCURVE('',#484,#1910);
#1910 = DEFINITIONAL_REPRESENTATION('',(#1911),#1919);
#1911 = ( BOUNDED_CURVE() B_SPLINE_CURVE(2,(#1912,#1913,#1914,#1915,
#1916,#1917,#1918),.UNSPECIFIED.,.T.,.F.) B_SPLINE_CURVE_WITH_KNOTS((1,2
    ,2,2,2,1),(-2.094395102393,0.,2.094395102393,4.188790204786,
6.28318530718,8.377580409573),.UNSPECIFIED.) CURVE() 
GEOMETRIC_REPRESENTATION_ITEM() RATIONAL_B_SPLINE_CURVE((1.,0.5,1.,0.5,
1.,0.5,1.)) REPRESENTATION_ITEM('') );
#1912 = CARTESIAN_POINT('',(-1.678323869518,-14.51676330929));
#1913 = CARTESIAN_POINT('',(-1.678323869518,-5.423496569555));
#1914 = CARTESIAN_POINT('',(6.196676130482,-9.970129939423));
#1915 = CARTESIAN_POINT('',(14.071676130482,-14.51676330929));
#1916 = CARTESIAN_POINT('',(6.196676130482,-19.06339667916));
#1917 = CARTESIAN_POINT('',(-1.678323869518,-23.61003004902));
#1918 = CARTESIAN_POINT('',(-1.678323869518,-14.51676330929));
#1919 = ( GEOMETRIC_REPRESENTATION_CONTEXT(2) 
PARAMETRIC_REPRESENTATION_CONTEXT() REPRESENTATION_CONTEXT('2D SPACE',''
  ) );
#1920 = ORIENTED_EDGE('',*,*,#1921,.T.);
#1921 = EDGE_CURVE('',#1894,#1922,#1924,.T.);
#1922 = VERTEX_POINT('',#1923);
#1923 = CARTESIAN_POINT('',(-48.65847992628,-34.22496007609,
    -18.19973002728));
#1924 = SURFACE_CURVE('',#1925,(#1932,#1961),.PCURVE_S1.);
#1925 = B_SPLINE_CURVE_WITH_KNOTS('',3,(#1926,#1927,#1928,#1929,#1930,
    #1931),.UNSPECIFIED.,.F.,.F.,(4,2,4),(0.,7.56173556973E-04,
    1.512347113947E-03),.UNSPECIFIED.);
#1926 = CARTESIAN_POINT('',(-49.05548921271,-32.78046641066,-18.));
#1927 = CARTESIAN_POINT('',(-48.99172015069,-33.0257653505,-18.));
#1928 = CARTESIAN_POINT('',(-48.9290146432,-33.26873194263,
    -18.02403844092));
#1929 = CARTESIAN_POINT('',(-48.79890131602,-33.75076920704,
    -18.09639672009));
#1930 = CARTESIAN_POINT('',(-48.73136060096,-33.98998215971,
    -18.14512075841));
#1931 = CARTESIAN_POINT('',(-48.65847992628,-34.22496007609,
    -18.19973002728));
#1932 = PCURVE('',#1845,#1933);
#1933 = DEFINITIONAL_REPRESENTATION('',(#1934),#1960);
#1934 = B_SPLINE_CURVE_WITH_KNOTS('',3,(#1935,#1936,#1937,#1938,#1939,
    #1940,#1941,#1942,#1943,#1944,#1945,#1946,#1947,#1948,#1949,#1950,
    #1951,#1952,#1953,#1954,#1955,#1956,#1957,#1958,#1959),
  .UNSPECIFIED.,.F.,.F.,(4,1,1,1,1,1,1,1,1,1,1,1,1,1,1,1,1,1,1,1,1,1,4),
  (0.,6.874305063395E-05,1.374861012679E-04,2.062291519019E-04,
    2.749722025358E-04,3.437152531698E-04,4.124583038037E-04,
    4.812013544377E-04,5.499444050716E-04,6.186874557056E-04,
    6.874305063395E-04,7.561735569735E-04,8.249166076075E-04,
    8.936596582414E-04,9.624027088754E-04,1.031145759509E-03,
    1.099888810143E-03,1.168631860777E-03,1.237374911411E-03,
    1.306117962045E-03,1.374861012679E-03,1.443604063313E-03,
    1.512347113947E-03),.QUASI_UNIFORM_KNOTS.);
#1935 = CARTESIAN_POINT('',(2.862855617074,1.570796326795));
#1936 = CARTESIAN_POINT('',(2.866635454309,1.582505214727));
#1937 = CARTESIAN_POINT('',(2.874239583568,1.605671136787));
#1938 = CARTESIAN_POINT('',(2.885777815353,1.639705151676));
#1939 = CARTESIAN_POINT('',(2.897446772631,1.673065946446));
#1940 = CARTESIAN_POINT('',(2.909245093786,1.705791827122));
#1941 = CARTESIAN_POINT('',(2.921171389604,1.737918458398));
#1942 = CARTESIAN_POINT('',(2.933224242924,1.769478327719));
#1943 = CARTESIAN_POINT('',(2.945402212351,1.800500599223));
#1944 = CARTESIAN_POINT('',(2.957703842727,1.831011016152));
#1945 = CARTESIAN_POINT('',(2.970127645477,1.861031532486));
#1946 = CARTESIAN_POINT('',(2.982672193532,1.890581244741));
#1947 = CARTESIAN_POINT('',(2.995335788856,1.919672621576));
#1948 = CARTESIAN_POINT('',(3.008117725638,1.948325440454));
#1949 = CARTESIAN_POINT('',(3.021014850589,1.976562580338));
#1950 = CARTESIAN_POINT('',(3.034022931891,2.004395357892));
#1951 = CARTESIAN_POINT('',(3.047137927043,2.031837370291));
#1952 = CARTESIAN_POINT('',(3.060355655522,2.058900675823));
#1953 = CARTESIAN_POINT('',(3.073671899564,2.085596718434));
#1954 = CARTESIAN_POINT('',(3.087082390909,2.111935986973));
#1955 = CARTESIAN_POINT('',(3.100582828555,2.137928033889));
#1956 = CARTESIAN_POINT('',(3.114168889221,2.163581358642));
#1957 = CARTESIAN_POINT('',(3.127836238397,2.188903505973));
#1958 = CARTESIAN_POINT('',(3.136999111728,2.205568148841));
#1959 = CARTESIAN_POINT('',(3.14159265359,2.213847345995));
#1960 = ( GEOMETRIC_REPRESENTATION_CONTEXT(2) 
PARAMETRIC_REPRESENTATION_CONTEXT() REPRESENTATION_CONTEXT('2D SPACE',''
  ) );
#1961 = PCURVE('',#1962,#2075);
#1962 = B_SPLINE_SURFACE_WITH_KNOTS('',3,3,(
    (#1963,#1964,#1965,#1966,#1967,#1968,#1969)
    ,(#1970,#1971,#1972,#1973,#1974,#1975,#1976)
    ,(#1977,#1978,#1979,#1980,#1981,#1982,#1983)
    ,(#1984,#1985,#1986,#1987,#1988,#1989,#1990)
    ,(#1991,#1992,#1993,#1994,#1995,#1996,#1997)
    ,(#1998,#1999,#2000,#2001,#2002,#2003,#2004)
    ,(#2005,#2006,#2007,#2008,#2009,#2010,#2011)
    ,(#2012,#2013,#2014,#2015,#2016,#2017,#2018)
    ,(#2019,#2020,#2021,#2022,#2023,#2024,#2025)
    ,(#2026,#2027,#2028,#2029,#2030,#2031,#2032)
    ,(#2033,#2034,#2035,#2036,#2037,#2038,#2039)
    ,(#2040,#2041,#2042,#2043,#2044,#2045,#2046)
    ,(#2047,#2048,#2049,#2050,#2051,#2052,#2053)
    ,(#2054,#2055,#2056,#2057,#2058,#2059,#2060)
    ,(#2061,#2062,#2063,#2064,#2065,#2066,#2067)
    ,(#2068,#2069,#2070,#2071,#2072,#2073,#2074
  )),.UNSPECIFIED.,.F.,.F.,.F.,(4,3,3,3,3,4),(4,3,4),(0.,
    1.191126083258E-03,1.786689124887E-03,2.382252166516E-03,
    3.573378249773E-03,4.764504333031E-03),(0.,0.5,1.),.UNSPECIFIED.);
#1963 = CARTESIAN_POINT('',(-49.05548921271,-32.78046641066,-18.));
#1964 = CARTESIAN_POINT('',(-49.27316204397,-32.92592244521,-18.));
#1965 = CARTESIAN_POINT('',(-49.48949448234,-33.07048278582,
    -17.89222690361));
#1966 = CARTESIAN_POINT('',(-49.6434124174,-33.17333573421,
    -17.70710678118));
#1967 = CARTESIAN_POINT('',(-49.79733035247,-33.2761886826,
    -17.52198665876));
#1968 = CARTESIAN_POINT('',(-49.88693818242,-33.33606753627,
    -17.26179938779));
#1969 = CARTESIAN_POINT('',(-49.88693818242,-33.33606753627,-17.));
#1970 = CARTESIAN_POINT('',(-48.97938400686,-33.07321850264,-18.));
#1971 = CARTESIAN_POINT('',(-49.18229239889,-33.21095901103,
    -17.97398347722));
#1972 = CARTESIAN_POINT('',(-49.36835845441,-33.35263278177,
    -17.85457893356));
#1973 = CARTESIAN_POINT('',(-49.49212656041,-33.46296999237,
    -17.67197213127));
#1974 = CARTESIAN_POINT('',(-49.6158946664,-33.57330720297,
    -17.48936532898));
#1975 = CARTESIAN_POINT('',(-49.67631316292,-33.65126480169,
    -17.24523675499));
#1976 = CARTESIAN_POINT('',(-49.65925501051,-33.67679207763,-17.));
#1977 = CARTESIAN_POINT('',(-48.90098429351,-33.3793842827,
    -18.03441741667));
#1978 = CARTESIAN_POINT('',(-49.07997048369,-33.51373471381,
    -17.98592734595));
#1979 = CARTESIAN_POINT('',(-49.23355413235,-33.65216209303,
    -17.86124749866));
#1980 = CARTESIAN_POINT('',(-49.32947913653,-33.76491127287,
    -17.68735439971));
#1981 = CARTESIAN_POINT('',(-49.4254041407,-33.87766045271,
    -17.51346130075));
#1982 = CARTESIAN_POINT('',(-49.46306217824,-33.96396899601,
    -17.29151625028));
#1983 = CARTESIAN_POINT('',(-49.43486010448,-34.00509013694,
    -17.06883483335));
#1984 = CARTESIAN_POINT('',(-48.8099117688,-33.70725356515,
    -18.09265200606));
#1985 = CARTESIAN_POINT('',(-48.96075677607,-33.83587039564,
    -18.0295547897));
#1986 = CARTESIAN_POINT('',(-49.08324818111,-33.96718458714,
    -17.90587394018));
#1987 = CARTESIAN_POINT('',(-49.15484720904,-34.07703394639,
    -17.7443670936));
#1988 = CARTESIAN_POINT('',(-49.22644623696,-34.18688330563,
    -17.58286024703));
#1989 = CARTESIAN_POINT('',(-49.24679747255,-34.27472254401,
    -17.38432911811));
#1990 = CARTESIAN_POINT('',(-49.21215622923,-34.3243889861,
    -17.18530401213));
#1991 = CARTESIAN_POINT('',(-48.76437550644,-33.87118820638,
    -18.12176930076));
#1992 = CARTESIAN_POINT('',(-48.90114992226,-33.99693823656,
    -18.05136851158));
#1993 = CARTESIAN_POINT('',(-49.00809520549,-34.1246958342,
    -17.92818716093));
#1994 = CARTESIAN_POINT('',(-49.06753124529,-34.23309528315,
    -17.77287344055));
#1995 = CARTESIAN_POINT('',(-49.12696728509,-34.34149473209,
    -17.61755972016));
#1996 = CARTESIAN_POINT('',(-49.1386651197,-34.430099318,-17.43073555202
    ));
#1997 = CARTESIAN_POINT('',(-49.10080429161,-34.48403841068,
    -17.24353860152));
#1998 = CARTESIAN_POINT('',(-48.71574766668,-34.03963438498,
    -18.156893223));
#1999 = CARTESIAN_POINT('',(-48.83751066615,-34.16195732204,
    -18.08116678111));
#2000 = CARTESIAN_POINT('',(-48.92937867455,-34.28523058724,
    -17.96005124198));
#2001 = CARTESIAN_POINT('',(-48.97763717549,-34.39084963811,
    -17.81185560985));
#2002 = CARTESIAN_POINT('',(-49.02589567643,-34.49646868898,
    -17.66365997772));
#2003 = CARTESIAN_POINT('',(-49.03039277214,-34.58409017308,
    -17.48886465718));
#2004 = CARTESIAN_POINT('',(-48.99053519344,-34.64046603249,
    -17.31378644601));
#2005 = CARTESIAN_POINT('',(-48.6631617775,-34.20983585664,
    -18.19622503554));
#2006 = CARTESIAN_POINT('',(-48.77014103899,-34.32773080236,
    -18.11732568514));
#2007 = CARTESIAN_POINT('',(-48.84815814797,-34.44556290185,
    -17.99959385638));
#2008 = CARTESIAN_POINT('',(-48.88658292856,-34.5472770108,
    -17.85907103124));
#2009 = CARTESIAN_POINT('',(-48.92500770914,-34.64899111976,
    -17.7185482061));
#2010 = CARTESIAN_POINT('',(-48.92373815833,-34.73431722638,
    -17.55560741859));
#2011 = CARTESIAN_POINT('',(-48.88294725802,-34.79162927154,
    -17.39245007109));
#2012 = CARTESIAN_POINT('',(-48.61057588832,-34.38003732831,
    -18.23555684809));
#2013 = CARTESIAN_POINT('',(-48.70277141183,-34.49350428269,
    -18.15348458917));
#2014 = CARTESIAN_POINT('',(-48.7669376214,-34.60589521645,
    -18.03913647079));
#2015 = CARTESIAN_POINT('',(-48.79552868163,-34.7037043835,
    -17.90628645263));
#2016 = CARTESIAN_POINT('',(-48.82411974186,-34.80151355054,
    -17.77343643448));
#2017 = CARTESIAN_POINT('',(-48.81708354452,-34.88454427968,
    -17.62235017999));
#2018 = CARTESIAN_POINT('',(-48.77535932261,-34.9427925106,
    -17.47111369618));
#2019 = CARTESIAN_POINT('',(-48.55376304891,-34.5529381773,
    -18.2792706793));
#2020 = CARTESIAN_POINT('',(-48.63132593504,-34.66095660088,
    -18.19613297027));
#2021 = CARTESIAN_POINT('',(-48.68278026578,-34.76692975096,
    -18.08648762414));
#2022 = CARTESIAN_POINT('',(-48.70281308239,-34.85970062247,
    -17.9619021944));
#2023 = CARTESIAN_POINT('',(-48.722845899,-34.95247149398,
    -17.83731676467));
#2024 = CARTESIAN_POINT('',(-48.71142855465,-35.03189757343,
    -17.69798237161));
#2025 = CARTESIAN_POINT('',(-48.66981672265,-35.08960406667,
    -17.5585413586));
#2026 = CARTESIAN_POINT('',(-48.49086049376,-34.7282153678,
    -18.32640291335));
#2027 = CARTESIAN_POINT('',(-48.55487972012,-34.82963500204,
    -18.24418180068));
#2028 = CARTESIAN_POINT('',(-48.59520250414,-34.92833798921,
    -18.14031294091));
#2029 = CARTESIAN_POINT('',(-48.60809855036,-35.01519323103,
    -18.02440533167));
#2030 = CARTESIAN_POINT('',(-48.62099459659,-35.10204847285,
    -17.90849772242));
#2031 = CARTESIAN_POINT('',(-48.60644847785,-35.17695206691,
    -17.7806900206));
#2032 = CARTESIAN_POINT('',(-48.56580586811,-35.23297461726,
    -17.65280582671));
#2033 = CARTESIAN_POINT('',(-48.36505538346,-35.07876974882,
    -18.42066738146));
#2034 = CARTESIAN_POINT('',(-48.40198729027,-35.16699180437,
    -18.34027946149));
#2035 = CARTESIAN_POINT('',(-48.42004698084,-35.2511544657,
    -18.24796357445));
#2036 = CARTESIAN_POINT('',(-48.4186694863,-35.32617844814,
    -18.14941160619));
#2037 = CARTESIAN_POINT('',(-48.41729199176,-35.40120243059,
    -18.05085963792));
#2038 = CARTESIAN_POINT('',(-48.39648832424,-35.46706105385,
    -17.94610531859));
#2039 = CARTESIAN_POINT('',(-48.35778415904,-35.51971571843,
    -17.84133476293));
#2040 = CARTESIAN_POINT('',(-48.21406682564,-35.43999103122,
    -18.52870908699));
#2041 = CARTESIAN_POINT('',(-48.22853958046,-35.50995889904,
    -18.45826199959));
#2042 = CARTESIAN_POINT('',(-48.23083386919,-35.57594953563,
    -18.38182187729));
#2043 = CARTESIAN_POINT('',(-48.22096698718,-35.6355152433,
    -18.3022712001));
#2044 = CARTESIAN_POINT('',(-48.21110010518,-35.69508095096,
    -18.22272052292));
#2045 = CARTESIAN_POINT('',(-48.18907423375,-35.74821170002,
    -18.14007284813));
#2046 = CARTESIAN_POINT('',(-48.15575853891,-35.79291861745,
    -18.05741817399));
#2047 = CARTESIAN_POINT('',(-48.02710787697,-35.79761258896,
    -18.64344101771));
#2048 = CARTESIAN_POINT('',(-48.02990968886,-35.84841198802,
    -18.58810011782));
#2049 = CARTESIAN_POINT('',(-48.02530537727,-35.89631119195,
    -18.52972645736));
#2050 = CARTESIAN_POINT('',(-48.013411142,-35.94010136018,-18.4697932226
    ));
#2051 = CARTESIAN_POINT('',(-48.00151690674,-35.98389152841,
    -18.40985998784));
#2052 = CARTESIAN_POINT('',(-47.98233377088,-36.02356889436,
    -18.34837233389));
#2053 = CARTESIAN_POINT('',(-47.95634586258,-36.05813211341,
    -18.28688203542));
#2054 = CARTESIAN_POINT('',(-47.8401489283,-36.1552341467,
    -18.75817294843));
#2055 = CARTESIAN_POINT('',(-47.83127979727,-36.18686507699,
    -18.71793823606));
#2056 = CARTESIAN_POINT('',(-47.81977688535,-36.21667284827,
    -18.67763103743));
#2057 = CARTESIAN_POINT('',(-47.80585529682,-36.24468747706,
    -18.6373152451));
#2058 = CARTESIAN_POINT('',(-47.7919337083,-36.27270210585,
    -18.59699945277));
#2059 = CARTESIAN_POINT('',(-47.77559330801,-36.29892608869,
    -18.55667181965));
#2060 = CARTESIAN_POINT('',(-47.75693318625,-36.32334560936,
    -18.51634589686));
#2061 = CARTESIAN_POINT('',(-47.61645793956,-36.5081277541,
    -18.8796231943));
#2062 = CARTESIAN_POINT('',(-47.60706588738,-36.52020451201,
    -18.85956039336));
#2063 = CARTESIAN_POINT('',(-47.5976738352,-36.53228126991,
    -18.83949759241));
#2064 = CARTESIAN_POINT('',(-47.58828178303,-36.54435802782,
    -18.81943479146));
#2065 = CARTESIAN_POINT('',(-47.57888973085,-36.55643478573,
    -18.79937199051));
#2066 = CARTESIAN_POINT('',(-47.56949767867,-36.56851154364,
    -18.77930918956));
#2067 = CARTESIAN_POINT('',(-47.5601056265,-36.58058830155,
    -18.75924638861));
#2068 = CARTESIAN_POINT('',(-47.36299888127,-36.83403775005,-19.));
#2069 = CARTESIAN_POINT('',(-47.36299888127,-36.83403775005,-19.));
#2070 = CARTESIAN_POINT('',(-47.36299888127,-36.83403775005,-19.));
#2071 = CARTESIAN_POINT('',(-47.36299888127,-36.83403775005,-19.));
#2072 = CARTESIAN_POINT('',(-47.36299888127,-36.83403775005,-19.));
#2073 = CARTESIAN_POINT('',(-47.36299888127,-36.83403775005,-19.));
#2074 = CARTESIAN_POINT('',(-47.36299888127,-36.83403775005,-19.));
#2075 = DEFINITIONAL_REPRESENTATION('',(#2076),#2102);
#2076 = B_SPLINE_CURVE_WITH_KNOTS('',3,(#2077,#2078,#2079,#2080,#2081,
    #2082,#2083,#2084,#2085,#2086,#2087,#2088,#2089,#2090,#2091,#2092,
    #2093,#2094,#2095,#2096,#2097,#2098,#2099,#2100,#2101),
  .UNSPECIFIED.,.F.,.F.,(4,1,1,1,1,1,1,1,1,1,1,1,1,1,1,1,1,1,1,1,1,1,4),
  (0.,6.874305063395E-05,1.374861012679E-04,2.062291519019E-04,
    2.749722025358E-04,3.437152531698E-04,4.124583038037E-04,
    4.812013544377E-04,5.499444050716E-04,6.186874557056E-04,
    6.874305063395E-04,7.561735569735E-04,8.249166076075E-04,
    8.936596582414E-04,9.624027088754E-04,1.031145759509E-03,
    1.099888810143E-03,1.168631860777E-03,1.237374911411E-03,
    1.306117962045E-03,1.374861012679E-03,1.443604063313E-03,
    1.512347113947E-03),.QUASI_UNIFORM_KNOTS.);
#2077 = CARTESIAN_POINT('',(0.,0.));
#2078 = CARTESIAN_POINT('',(3.024421781282E-05,0.));
#2079 = CARTESIAN_POINT('',(9.047055330866E-05,-3.750796377435E-13));
#2080 = CARTESIAN_POINT('',(1.800136354648E-04,1.312778732102E-12));
#2081 = CARTESIAN_POINT('',(2.687492935481E-04,-4.876035290665E-12));
#2082 = CARTESIAN_POINT('',(3.566696125777E-04,1.819136243056E-11));
#2083 = CARTESIAN_POINT('',(4.43768343187E-04,-6.788941443157E-11));
#2084 = CARTESIAN_POINT('',(5.300409544876E-04,2.533662952957E-10));
#2085 = CARTESIAN_POINT('',(6.154843070886E-04,-9.455757667513E-10));
#2086 = CARTESIAN_POINT('',(7.000965264678E-04,3.528936771709E-09));
#2087 = CARTESIAN_POINT('',(7.838766225237E-04,-1.317017132009E-08));
#2088 = CARTESIAN_POINT('',(8.66825095631E-04,4.915174850864E-08));
#2089 = CARTESIAN_POINT('',(9.48941015424E-04,-1.834368227145E-07));
#2090 = CARTESIAN_POINT('',(1.030232376136E-03,6.845955423492E-07));
#2091 = CARTESIAN_POINT('',(1.11070681384E-03,-2.554945346682E-06));
#2092 = CARTESIAN_POINT('',(1.19032860613E-03,9.53518584438E-06));
#2093 = CARTESIAN_POINT('',(1.269171905039E-03,1.117268469586E-05));
#2094 = CARTESIAN_POINT('',(1.347349347108E-03,1.471022020879E-05));
#2095 = CARTESIAN_POINT('',(1.424888616551E-03,1.588055810335E-05));
#2096 = CARTESIAN_POINT('',(1.501835415468E-03,1.507421759479E-05));
#2097 = CARTESIAN_POINT('',(1.578226357127E-03,1.192470432984E-05));
#2098 = CARTESIAN_POINT('',(1.654096036403E-03,7.080387621858E-06));
#2099 = CARTESIAN_POINT('',(1.72947733172E-03,1.865893245333E-06));
#2100 = CARTESIAN_POINT('',(1.779422114504E-03,7.031807602469E-08));
#2101 = CARTESIAN_POINT('',(1.804321606444E-03,0.));
#2102 = ( GEOMETRIC_REPRESENTATION_CONTEXT(2) 
PARAMETRIC_REPRESENTATION_CONTEXT() REPRESENTATION_CONTEXT('2D SPACE',''
  ) );
#2103 = ORIENTED_EDGE('',*,*,#2104,.T.);
#2104 = EDGE_CURVE('',#1922,#1836,#2105,.T.);
#2105 = SURFACE_CURVE('',#2106,(#2115,#2144),.PCURVE_S1.);
#2106 = B_SPLINE_CURVE_WITH_KNOTS('',3,(#2107,#2108,#2109,#2110,#2111,
    #2112,#2113,#2114),.UNSPECIFIED.,.F.,.F.,(4,2,2,4),(
    1.512347113947E-03,3.029358404303E-03,3.787864049481E-03,
    4.546369694659E-03),.UNSPECIFIED.);
#2107 = CARTESIAN_POINT('',(-48.65847992628,-34.22496007609,
    -18.19973002728));
#2108 = CARTESIAN_POINT('',(-48.51226903949,-34.69636528306,
    -18.30928540207));
#2109 = CARTESIAN_POINT('',(-48.34319917784,-35.1532111269,
    -18.44146960692));
#2110 = CARTESIAN_POINT('',(-48.023995961,-35.81201529395,
    -18.64703002787));
#2111 = CARTESIAN_POINT('',(-47.90707357055,-36.02649804042,
    -18.71704052735));
#2112 = CARTESIAN_POINT('',(-47.65163527896,-36.44090993559,
    -18.85784090007));
#2113 = CARTESIAN_POINT('',(-47.51201012192,-36.64243184271,
    -18.92922904389));
#2114 = CARTESIAN_POINT('',(-47.36299888127,-36.83403775005,-19.));
#2115 = PCURVE('',#1845,#2116);
#2116 = DEFINITIONAL_REPRESENTATION('',(#2117),#2143);
#2117 = B_SPLINE_CURVE_WITH_KNOTS('',3,(#2118,#2119,#2120,#2121,#2122,
    #2123,#2124,#2125,#2126,#2127,#2128,#2129,#2130,#2131,#2132,#2133,
    #2134,#2135,#2136,#2137,#2138,#2139,#2140,#2141,#2142),
  .UNSPECIFIED.,.F.,.F.,(4,1,1,1,1,1,1,1,1,1,1,1,1,1,1,1,1,1,1,1,1,1,4),
  (1.512347113947E-03,1.650257231252E-03,1.788167348557E-03,
    1.926077465862E-03,2.063987583167E-03,2.201897700472E-03,
    2.339807817778E-03,2.477717935083E-03,2.615628052388E-03,
    2.753538169693E-03,2.891448286998E-03,3.029358404303E-03,
    3.167268521608E-03,3.305178638913E-03,3.443088756218E-03,
    3.580998873523E-03,3.718908990828E-03,3.856819108134E-03,
    3.994729225439E-03,4.132639342744E-03,4.270549460049E-03,
    4.408459577354E-03,4.546369694659E-03),.QUASI_UNIFORM_KNOTS.);
#2118 = CARTESIAN_POINT('',(3.14159265359,2.213847345995));
#2119 = CARTESIAN_POINT('',(3.15080814621,2.230456451111));
#2120 = CARTESIAN_POINT('',(3.169345149442,2.263253703313));
#2121 = CARTESIAN_POINT('',(3.197453188735,2.311290981395));
#2122 = CARTESIAN_POINT('',(3.225847855966,2.358275368177));
#2123 = CARTESIAN_POINT('',(3.254514599058,2.404307549867));
#2124 = CARTESIAN_POINT('',(3.28343997748,2.449481845234));
#2125 = CARTESIAN_POINT('',(3.31261191721,2.493884128146));
#2126 = CARTESIAN_POINT('',(3.342019871571,2.537590437463));
#2127 = CARTESIAN_POINT('',(3.371654757768,2.580666107014));
#2128 = CARTESIAN_POINT('',(3.401509767853,2.623164407013));
#2129 = CARTESIAN_POINT('',(3.431577777574,2.665128718999));
#2130 = CARTESIAN_POINT('',(3.46186135103,2.70658305398));
#2131 = CARTESIAN_POINT('',(3.492335618484,2.747567594391));
#2132 = CARTESIAN_POINT('',(3.522955469579,2.788142163743));
#2133 = CARTESIAN_POINT('',(3.553705622469,2.828340184456));
#2134 = CARTESIAN_POINT('',(3.584562761762,2.868201057015));
#2135 = CARTESIAN_POINT('',(3.615509064498,2.907763987442));
#2136 = CARTESIAN_POINT('',(3.646517123575,2.94705174639));
#2137 = CARTESIAN_POINT('',(3.677661779786,2.986223440133));
#2138 = CARTESIAN_POINT('',(3.708885705034,3.025258815309));
#2139 = CARTESIAN_POINT('',(3.740147347665,3.06416623721));
#2140 = CARTESIAN_POINT('',(3.771400627011,3.10294986885));
#2141 = CARTESIAN_POINT('',(3.792201126423,3.128724847386));
#2142 = CARTESIAN_POINT('',(3.802585168805,3.14159265359));
#2143 = ( GEOMETRIC_REPRESENTATION_CONTEXT(2) 
PARAMETRIC_REPRESENTATION_CONTEXT() REPRESENTATION_CONTEXT('2D SPACE',''
  ) );
#2144 = PCURVE('',#1962,#2145);
#2145 = DEFINITIONAL_REPRESENTATION('',(#2146),#2172);
#2146 = B_SPLINE_CURVE_WITH_KNOTS('',3,(#2147,#2148,#2149,#2150,#2151,
    #2152,#2153,#2154,#2155,#2156,#2157,#2158,#2159,#2160,#2161,#2162,
    #2163,#2164,#2165,#2166,#2167,#2168,#2169,#2170,#2171),
  .UNSPECIFIED.,.F.,.F.,(4,1,1,1,1,1,1,1,1,1,1,1,1,1,1,1,1,1,1,1,1,1,4),
  (1.512347113947E-03,1.650257231252E-03,1.788167348557E-03,
    1.926077465862E-03,2.063987583167E-03,2.201897700472E-03,
    2.339807817778E-03,2.477717935083E-03,2.615628052388E-03,
    2.753538169693E-03,2.891448286998E-03,3.029358404303E-03,
    3.167268521608E-03,3.305178638913E-03,3.443088756218E-03,
    3.580998873523E-03,3.718908990828E-03,3.856819108134E-03,
    3.994729225439E-03,4.132639342744E-03,4.270549460049E-03,
    4.408459577354E-03,4.546369694659E-03),.QUASI_UNIFORM_KNOTS.);
#2147 = CARTESIAN_POINT('',(1.804321606444E-03,0.));
#2148 = CARTESIAN_POINT('',(1.854261044054E-03,-1.869206019929E-06));
#2149 = CARTESIAN_POINT('',(1.953452189444E-03,1.092545347433E-05));
#2150 = CARTESIAN_POINT('',(2.100250284885E-03,6.829867079817E-05));
#2151 = CARTESIAN_POINT('',(2.245125734582E-03,1.589779454541E-04));
#2152 = CARTESIAN_POINT('',(2.38817458026E-03,2.551882514984E-04));
#2153 = CARTESIAN_POINT('',(2.529385876521E-03,3.255331464199E-04));
#2154 = CARTESIAN_POINT('',(2.668881837135E-03,3.557057722056E-04));
#2155 = CARTESIAN_POINT('',(2.80684469546E-03,3.323741254859E-04));
#2156 = CARTESIAN_POINT('',(2.943416607583E-03,2.541950033059E-04));
#2157 = CARTESIAN_POINT('',(3.07873142503E-03,1.368132604493E-04));
#2158 = CARTESIAN_POINT('',(3.212902046E-03,8.649140224615E-06));
#2159 = CARTESIAN_POINT('',(3.346051622808E-03,-4.10399021332E-05));
#2160 = CARTESIAN_POINT('',(3.478212193359E-03,1.687294786012E-06));
#2161 = CARTESIAN_POINT('',(3.609337261141E-03,-1.467580052901E-06));
#2162 = CARTESIAN_POINT('',(3.739529524587E-03,4.760447053537E-05));
#2163 = CARTESIAN_POINT('',(3.868928927828E-03,1.04242275854E-04));
#2164 = CARTESIAN_POINT('',(3.997662392315E-03,1.326651814875E-04));
#2165 = CARTESIAN_POINT('',(4.125810393101E-03,1.324086530471E-04));
#2166 = CARTESIAN_POINT('',(4.253868158825E-03,7.760275088776E-05));
#2167 = CARTESIAN_POINT('',(4.381772014292E-03,6.619229664841E-06));
#2168 = CARTESIAN_POINT('',(4.509527076245E-03,-5.720355995348E-05));
#2169 = CARTESIAN_POINT('',(4.637118714996E-03,-6.023743239588E-05));
#2170 = CARTESIAN_POINT('',(4.722063255315E-03,-5.766269689907E-05));
#2171 = CARTESIAN_POINT('',(4.764504333031E-03,-5.908810311461E-05));
#2172 = ( GEOMETRIC_REPRESENTATION_CONTEXT(2) 
PARAMETRIC_REPRESENTATION_CONTEXT() REPRESENTATION_CONTEXT('2D SPACE',''
  ) );
#2173 = ADVANCED_FACE('',(#2174),#2189,.T.);
#2174 = FACE_BOUND('',#2175,.T.);
#2175 = EDGE_LOOP('',(#2176,#2207,#2236,#2265));
#2176 = ORIENTED_EDGE('',*,*,#2177,.T.);
#2177 = EDGE_CURVE('',#2178,#2180,#2182,.T.);
#2178 = VERTEX_POINT('',#2179);
#2179 = CARTESIAN_POINT('',(-46.45413705276,-36.37324773351,-27.));
#2180 = VERTEX_POINT('',#2181);
#2181 = CARTESIAN_POINT('',(-46.77021278092,-39.16053110501,-27.));
#2182 = SURFACE_CURVE('',#2183,(#2188,#2200),.PCURVE_S1.);
#2183 = CIRCLE('',#2184,2.);
#2184 = AXIS2_PLACEMENT_3D('',#2185,#2186,#2187);
#2185 = CARTESIAN_POINT('',(-48.02885356302,-37.6062391821,-27.));
#2186 = DIRECTION('',(0.,0.,-1.));
#2187 = DIRECTION('',(1.,0.,0.));
#2188 = PCURVE('',#2189,#2194);
#2189 = TOROIDAL_SURFACE('',#2190,2.,1.);
#2190 = AXIS2_PLACEMENT_3D('',#2191,#2192,#2193);
#2191 = CARTESIAN_POINT('',(-48.02885356302,-37.6062391821,-26.));
#2192 = DIRECTION('',(0.,0.,-1.));
#2193 = DIRECTION('',(-1.,0.,0.));
#2194 = DEFINITIONAL_REPRESENTATION('',(#2195),#2199);
#2195 = LINE('',#2196,#2197);
#2196 = CARTESIAN_POINT('',(-3.14159265359,1.570796326795));
#2197 = VECTOR('',#2198,1.);
#2198 = DIRECTION('',(1.,-2.571279825588E-15));
#2199 = ( GEOMETRIC_REPRESENTATION_CONTEXT(2) 
PARAMETRIC_REPRESENTATION_CONTEXT() REPRESENTATION_CONTEXT('2D SPACE',''
  ) );
#2200 = PCURVE('',#834,#2201);
#2201 = DEFINITIONAL_REPRESENTATION('',(#2202),#2206);
#2202 = CIRCLE('',#2203,2.);
#2203 = AXIS2_PLACEMENT_2D('',#2204,#2205);
#2204 = CARTESIAN_POINT('',(48.028853563024,-37.6062391821));
#2205 = DIRECTION('',(-1.,0.));
#2206 = ( GEOMETRIC_REPRESENTATION_CONTEXT(2) 
PARAMETRIC_REPRESENTATION_CONTEXT() REPRESENTATION_CONTEXT('2D SPACE',''
  ) );
#2207 = ORIENTED_EDGE('',*,*,#2208,.T.);
#2208 = EDGE_CURVE('',#2180,#2209,#2211,.T.);
#2209 = VERTEX_POINT('',#2210);
#2210 = CARTESIAN_POINT('',(-47.39953317197,-38.38338514356,-26.));
#2211 = SURFACE_CURVE('',#2212,(#2217,#2224),.PCURVE_S1.);
#2212 = CIRCLE('',#2213,1.);
#2213 = AXIS2_PLACEMENT_3D('',#2214,#2215,#2216);
#2214 = CARTESIAN_POINT('',(-46.77021278092,-39.16053110501,-26.));
#2215 = DIRECTION('',(0.777145961457,0.62932039105,0.));
#2216 = DIRECTION('',(0.62932039105,-0.777145961457,0.));
#2217 = PCURVE('',#2189,#2218);
#2218 = DEFINITIONAL_REPRESENTATION('',(#2219),#2223);
#2219 = LINE('',#2220,#2221);
#2220 = CARTESIAN_POINT('',(4.031710572107,-8.659739592076E-15));
#2221 = VECTOR('',#2222,1.);
#2222 = DIRECTION('',(-5.654319433713E-16,1.));
#2223 = ( GEOMETRIC_REPRESENTATION_CONTEXT(2) 
PARAMETRIC_REPRESENTATION_CONTEXT() REPRESENTATION_CONTEXT('2D SPACE',''
  ) );
#2224 = PCURVE('',#2225,#2230);
#2225 = CYLINDRICAL_SURFACE('',#2226,1.);
#2226 = AXIS2_PLACEMENT_3D('',#2227,#2228,#2229);
#2227 = CARTESIAN_POINT('',(0.62932039105,-0.777145961457,-26.));
#2228 = DIRECTION('',(0.777145961457,0.62932039105,0.));
#2229 = DIRECTION('',(-0.62932039105,0.777145961457,0.));
#2230 = DEFINITIONAL_REPRESENTATION('',(#2231),#2235);
#2231 = LINE('',#2232,#2233);
#2232 = CARTESIAN_POINT('',(3.14159265359,-60.9918027279));
#2233 = VECTOR('',#2234,1.);
#2234 = DIRECTION('',(1.,0.));
#2235 = ( GEOMETRIC_REPRESENTATION_CONTEXT(2) 
PARAMETRIC_REPRESENTATION_CONTEXT() REPRESENTATION_CONTEXT('2D SPACE',''
  ) );
#2236 = ORIENTED_EDGE('',*,*,#2237,.T.);
#2237 = EDGE_CURVE('',#2209,#2238,#2240,.T.);
#2238 = VERTEX_POINT('',#2239);
#2239 = CARTESIAN_POINT('',(-47.24149530789,-36.9897434578,-26.));
#2240 = SURFACE_CURVE('',#2241,(#2246,#2253),.PCURVE_S1.);
#2241 = CIRCLE('',#2242,1.);
#2242 = AXIS2_PLACEMENT_3D('',#2243,#2244,#2245);
#2243 = CARTESIAN_POINT('',(-48.02885356302,-37.6062391821,-26.));
#2244 = DIRECTION('',(0.,0.,1.));
#2245 = DIRECTION('',(1.,0.,0.));
#2246 = PCURVE('',#2189,#2247);
#2247 = DEFINITIONAL_REPRESENTATION('',(#2248),#2252);
#2248 = LINE('',#2249,#2250);
#2249 = CARTESIAN_POINT('',(9.424777960769,3.14159265359));
#2250 = VECTOR('',#2251,1.);
#2251 = DIRECTION('',(-1.,0.));
#2252 = ( GEOMETRIC_REPRESENTATION_CONTEXT(2) 
PARAMETRIC_REPRESENTATION_CONTEXT() REPRESENTATION_CONTEXT('2D SPACE',''
  ) );
#2253 = PCURVE('',#2254,#2259);
#2254 = CYLINDRICAL_SURFACE('',#2255,1.);
#2255 = AXIS2_PLACEMENT_3D('',#2256,#2257,#2258);
#2256 = CARTESIAN_POINT('',(-48.02885356302,-37.6062391821,18.));
#2257 = DIRECTION('',(0.,0.,-1.));
#2258 = DIRECTION('',(-1.,0.,0.));
#2259 = DEFINITIONAL_REPRESENTATION('',(#2260),#2264);
#2260 = LINE('',#2261,#2262);
#2261 = CARTESIAN_POINT('',(9.424777960769,44.));
#2262 = VECTOR('',#2263,1.);
#2263 = DIRECTION('',(-1.,0.));
#2264 = ( GEOMETRIC_REPRESENTATION_CONTEXT(2) 
PARAMETRIC_REPRESENTATION_CONTEXT() REPRESENTATION_CONTEXT('2D SPACE',''
  ) );
#2265 = ORIENTED_EDGE('',*,*,#2266,.F.);
#2266 = EDGE_CURVE('',#2178,#2238,#2267,.T.);
#2267 = SURFACE_CURVE('',#2268,(#2273,#2280),.PCURVE_S1.);
#2268 = CIRCLE('',#2269,1.);
#2269 = AXIS2_PLACEMENT_3D('',#2270,#2271,#2272);
#2270 = CARTESIAN_POINT('',(-46.45413705276,-36.37324773351,-26.));
#2271 = DIRECTION('',(-0.616495724297,0.787358255132,0.));
#2272 = DIRECTION('',(0.787358255132,0.616495724297,0.));
#2273 = PCURVE('',#2189,#2274);
#2274 = DEFINITIONAL_REPRESENTATION('',(#2275),#2279);
#2275 = LINE('',#2276,#2277);
#2276 = CARTESIAN_POINT('',(2.4773084223,-3.042011087473E-14));
#2277 = VECTOR('',#2278,1.);
#2278 = DIRECTION('',(6.785183320455E-15,1.));
#2279 = ( GEOMETRIC_REPRESENTATION_CONTEXT(2) 
PARAMETRIC_REPRESENTATION_CONTEXT() REPRESENTATION_CONTEXT('2D SPACE',''
  ) );
#2280 = PCURVE('',#2281,#2286);
#2281 = TOROIDAL_SURFACE('',#2282,59.,1.);
#2282 = AXIS2_PLACEMENT_3D('',#2283,#2284,#2285);
#2283 = CARTESIAN_POINT('',(0.,0.,-26.));
#2284 = DIRECTION('',(0.,0.,-1.));
#2285 = DIRECTION('',(-1.,0.,0.));
#2286 = DEFINITIONAL_REPRESENTATION('',(#2287),#2291);
#2287 = LINE('',#2288,#2289);
#2288 = CARTESIAN_POINT('',(5.618901075889,3.14159265359));
#2289 = VECTOR('',#2290,1.);
#2290 = DIRECTION('',(0.,-1.));
#2291 = ( GEOMETRIC_REPRESENTATION_CONTEXT(2) 
PARAMETRIC_REPRESENTATION_CONTEXT() REPRESENTATION_CONTEXT('2D SPACE',''
  ) );
#2292 = ADVANCED_FACE('',(#2293),#1857,.T.);
#2293 = FACE_BOUND('',#2294,.T.);
#2294 = EDGE_LOOP('',(#2295,#2326,#2352,#2353));
#2295 = ORIENTED_EDGE('',*,*,#2296,.F.);
#2296 = EDGE_CURVE('',#2297,#2299,#2301,.T.);
#2297 = VERTEX_POINT('',#2298);
#2298 = CARTESIAN_POINT('',(-47.36299888127,-36.83403775005,-26.));
#2299 = VERTEX_POINT('',#2300);
#2300 = CARTESIAN_POINT('',(-40.65324070642,-31.61588240213,-26.));
#2301 = SURFACE_CURVE('',#2302,(#2307,#2314),.PCURVE_S1.);
#2302 = CIRCLE('',#2303,4.25);
#2303 = AXIS2_PLACEMENT_3D('',#2304,#2305,#2306);
#2304 = CARTESIAN_POINT('',(-44.00811979384,-34.22496007609,-26.));
#2305 = DIRECTION('',(0.,0.,-1.));
#2306 = DIRECTION('',(1.,0.,0.));
#2307 = PCURVE('',#1857,#2308);
#2308 = DEFINITIONAL_REPRESENTATION('',(#2309),#2313);
#2309 = LINE('',#2310,#2311);
#2310 = CARTESIAN_POINT('',(9.424777960769,1.));
#2311 = VECTOR('',#2312,1.);
#2312 = DIRECTION('',(-1.,0.));
#2313 = ( GEOMETRIC_REPRESENTATION_CONTEXT(2) 
PARAMETRIC_REPRESENTATION_CONTEXT() REPRESENTATION_CONTEXT('2D SPACE',''
  ) );
#2314 = PCURVE('',#2315,#2320);
#2315 = TOROIDAL_SURFACE('',#2316,3.25,1.);
#2316 = AXIS2_PLACEMENT_3D('',#2317,#2318,#2319);
#2317 = CARTESIAN_POINT('',(-44.00811979384,-34.22496007609,-26.));
#2318 = DIRECTION('',(0.,0.,-1.));
#2319 = DIRECTION('',(-1.,0.,0.));
#2320 = DEFINITIONAL_REPRESENTATION('',(#2321),#2325);
#2321 = LINE('',#2322,#2323);
#2322 = CARTESIAN_POINT('',(-3.14159265359,0.));
#2323 = VECTOR('',#2324,1.);
#2324 = DIRECTION('',(1.,0.));
#2325 = ( GEOMETRIC_REPRESENTATION_CONTEXT(2) 
PARAMETRIC_REPRESENTATION_CONTEXT() REPRESENTATION_CONTEXT('2D SPACE',''
  ) );
#2326 = ORIENTED_EDGE('',*,*,#2327,.T.);
#2327 = EDGE_CURVE('',#2297,#1836,#2328,.T.);
#2328 = SURFACE_CURVE('',#2329,(#2333,#2340),.PCURVE_S1.);
#2329 = LINE('',#2330,#2331);
#2330 = CARTESIAN_POINT('',(-47.36299888127,-36.83403775005,-26.));
#2331 = VECTOR('',#2332,1.);
#2332 = DIRECTION('',(0.,0.,1.));
#2333 = PCURVE('',#1857,#2334);
#2334 = DEFINITIONAL_REPRESENTATION('',(#2335),#2339);
#2335 = LINE('',#2336,#2337);
#2336 = CARTESIAN_POINT('',(6.944177822394,1.));
#2337 = VECTOR('',#2338,1.);
#2338 = DIRECTION('',(0.,1.));
#2339 = ( GEOMETRIC_REPRESENTATION_CONTEXT(2) 
PARAMETRIC_REPRESENTATION_CONTEXT() REPRESENTATION_CONTEXT('2D SPACE',''
  ) );
#2340 = PCURVE('',#2341,#2346);
#2341 = CYLINDRICAL_SURFACE('',#2342,60.);
#2342 = AXIS2_PLACEMENT_3D('',#2343,#2344,#2345);
#2343 = CARTESIAN_POINT('',(0.,0.,18.));
#2344 = DIRECTION('',(0.,0.,-1.));
#2345 = DIRECTION('',(-1.,0.,0.));
#2346 = DEFINITIONAL_REPRESENTATION('',(#2347),#2351);
#2347 = LINE('',#2348,#2349);
#2348 = CARTESIAN_POINT('',(5.622192791965,44.));
#2349 = VECTOR('',#2350,1.);
#2350 = DIRECTION('',(0.,-1.));
#2351 = ( GEOMETRIC_REPRESENTATION_CONTEXT(2) 
PARAMETRIC_REPRESENTATION_CONTEXT() REPRESENTATION_CONTEXT('2D SPACE',''
  ) );
#2352 = ORIENTED_EDGE('',*,*,#1833,.F.);
#2353 = ORIENTED_EDGE('',*,*,#2354,.F.);
#2354 = EDGE_CURVE('',#2299,#1834,#2355,.T.);
#2355 = SURFACE_CURVE('',#2356,(#2360,#2367),.PCURVE_S1.);
#2356 = LINE('',#2357,#2358);
#2357 = CARTESIAN_POINT('',(-40.65324070642,-31.61588240213,-26.));
#2358 = VECTOR('',#2359,1.);
#2359 = DIRECTION('',(0.,0.,1.));
#2360 = PCURVE('',#1857,#2361);
#2361 = DEFINITIONAL_REPRESENTATION('',(#2362),#2366);
#2362 = LINE('',#2363,#2364);
#2363 = CARTESIAN_POINT('',(3.802585168805,1.));
#2364 = VECTOR('',#2365,1.);
#2365 = DIRECTION('',(0.,1.));
#2366 = ( GEOMETRIC_REPRESENTATION_CONTEXT(2) 
PARAMETRIC_REPRESENTATION_CONTEXT() REPRESENTATION_CONTEXT('2D SPACE',''
  ) );
#2367 = PCURVE('',#983,#2368);
#2368 = DEFINITIONAL_REPRESENTATION('',(#2369),#2373);
#2369 = LINE('',#2370,#2371);
#2370 = CARTESIAN_POINT('',(0.660992515215,1.));
#2371 = VECTOR('',#2372,1.);
#2372 = DIRECTION('',(0.,1.));
#2373 = ( GEOMETRIC_REPRESENTATION_CONTEXT(2) 
PARAMETRIC_REPRESENTATION_CONTEXT() REPRESENTATION_CONTEXT('2D SPACE',''
  ) );
#2374 = ADVANCED_FACE('',(#2375),#2402,.F.);
#2375 = FACE_BOUND('',#2376,.F.);
#2376 = EDGE_LOOP('',(#2377,#2469,#2497,#2545,#2619));
#2377 = ORIENTED_EDGE('',*,*,#2378,.T.);
#2378 = EDGE_CURVE('',#2379,#2381,#2383,.T.);
#2379 = VERTEX_POINT('',#2380);
#2380 = CARTESIAN_POINT('',(-54.13287578127,-25.8772440505,-17.));
#2381 = VERTEX_POINT('',#2382);
#2382 = CARTESIAN_POINT('',(-52.25122395075,-27.40090501513,-18.));
#2383 = SURFACE_CURVE('',#2384,(#2401,#2435),.PCURVE_S1.);
#2384 = B_SPLINE_CURVE_WITH_KNOTS('',3,(#2385,#2386,#2387,#2388,#2389,
    #2390,#2391,#2392,#2393,#2394,#2395,#2396,#2397,#2398,#2399,#2400),
  .UNSPECIFIED.,.F.,.F.,(4,3,3,3,3,4),(2.110382E-17,3.08611272894E-04,
    7.44097986747E-04,1.54792148259E-03,2.695941603239E-03,
    2.791994503672E-03),.UNSPECIFIED.);
#2385 = CARTESIAN_POINT('',(-54.13287578127,-25.8772440505,-17.));
#2386 = CARTESIAN_POINT('',(-54.13287578127,-25.8772440505,
    -17.10482079805));
#2387 = CARTESIAN_POINT('',(-54.09472543524,-25.91790994473,
    -17.19959458492));
#2388 = CARTESIAN_POINT('',(-54.04631630058,-25.96791834395,
    -17.27609686212));
#2389 = CARTESIAN_POINT('',(-53.97800533199,-26.03848606248,
    -17.38405055086));
#2390 = CARTESIAN_POINT('',(-53.89041216611,-26.12630242614,
    -17.46435599014));
#2391 = CARTESIAN_POINT('',(-53.79910280137,-26.21359621412,
    -17.53381374725));
#2392 = CARTESIAN_POINT('',(-53.63056353155,-26.37472351281,
    -17.66201921335));
#2393 = CARTESIAN_POINT('',(-53.44263878918,-26.541400368,-17.7533275227
    ));
#2394 = CARTESIAN_POINT('',(-53.24359348824,-26.70258002446,
    -17.82555722605));
#2395 = CARTESIAN_POINT('',(-52.95931713705,-26.93277669027,
    -17.92871563482));
#2396 = CARTESIAN_POINT('',(-52.65615276249,-27.14967326004,
    -17.98930128008));
#2397 = CARTESIAN_POINT('',(-52.33282950587,-27.35075339222,
    -17.99879696907));
#2398 = CARTESIAN_POINT('',(-52.30577759622,-27.36757742654,
    -17.9995914573));
#2399 = CARTESIAN_POINT('',(-52.27857662271,-27.38429499506,-18.));
#2400 = CARTESIAN_POINT('',(-52.25122395075,-27.40090501513,-18.));
#2401 = PCURVE('',#2402,#2407);
#2402 = CYLINDRICAL_SURFACE('',#2403,9.);
#2403 = AXIS2_PLACEMENT_3D('',#2404,#2405,#2406);
#2404 = CARTESIAN_POINT('',(-47.57979592433,-19.7081967668,-17.));
#2405 = DIRECTION('',(0.,0.,-1.));
#2406 = DIRECTION('',(1.,0.,0.));
#2407 = DEFINITIONAL_REPRESENTATION('',(#2408),#2434);
#2408 = B_SPLINE_CURVE_WITH_KNOTS('',3,(#2409,#2410,#2411,#2412,#2413,
    #2414,#2415,#2416,#2417,#2418,#2419,#2420,#2421,#2422,#2423,#2424,
    #2425,#2426,#2427,#2428,#2429,#2430,#2431,#2432,#2433),
  .UNSPECIFIED.,.F.,.F.,(4,1,1,1,1,1,1,1,1,1,1,1,1,1,1,1,1,1,1,1,1,1,4),
  (2.110382E-17,1.26908841076E-04,2.53817682152E-04,3.80726523228E-04,
    5.07635364304E-04,6.3454420538E-04,7.61453046456E-04,
    8.88361887532E-04,1.015270728608E-03,1.142179569684E-03,
    1.26908841076E-03,1.395997251836E-03,1.522906092912E-03,
    1.649814933988E-03,1.776723775064E-03,1.90363261614E-03,
    2.030541457216E-03,2.157450298292E-03,2.284359139368E-03,
    2.411267980444E-03,2.53817682152E-03,2.665085662596E-03,
    2.791994503672E-03),.QUASI_UNIFORM_KNOTS.);
#2409 = CARTESIAN_POINT('',(2.386371518644,0.));
#2410 = CARTESIAN_POINT('',(2.386367976451,4.320497193309E-02));
#2411 = CARTESIAN_POINT('',(2.38428376017,0.125837514463));
#2412 = CARTESIAN_POINT('',(2.376768978116,0.236637177504));
#2413 = CARTESIAN_POINT('',(2.366983208653,0.329611324131));
#2414 = CARTESIAN_POINT('',(2.356083059404,0.410091554896));
#2415 = CARTESIAN_POINT('',(2.344287403205,0.480337923472));
#2416 = CARTESIAN_POINT('',(2.332072330713,0.542959196135));
#2417 = CARTESIAN_POINT('',(2.319628465266,0.600223928549));
#2418 = CARTESIAN_POINT('',(2.306909313151,0.652420722737));
#2419 = CARTESIAN_POINT('',(2.293969946945,0.700005602909));
#2420 = CARTESIAN_POINT('',(2.280837805553,0.743390329805));
#2421 = CARTESIAN_POINT('',(2.267548507435,0.782996295853));
#2422 = CARTESIAN_POINT('',(2.254131462926,0.819250630192));
#2423 = CARTESIAN_POINT('',(2.240631249063,0.852547883437));
#2424 = CARTESIAN_POINT('',(2.227085561726,0.882635124959));
#2425 = CARTESIAN_POINT('',(2.213482957738,0.909485236464));
#2426 = CARTESIAN_POINT('',(2.199823908553,0.933017901943));
#2427 = CARTESIAN_POINT('',(2.186105607447,0.953167288448));
#2428 = CARTESIAN_POINT('',(2.172326008949,0.969862828503));
#2429 = CARTESIAN_POINT('',(2.158482875877,0.983038409681));
#2430 = CARTESIAN_POINT('',(2.144573564763,0.992614833888));
#2431 = CARTESIAN_POINT('',(2.130596851213,0.998560790651));
#2432 = CARTESIAN_POINT('',(2.121229522626,0.999964600003));
#2433 = CARTESIAN_POINT('',(2.116532601461,1.));
#2434 = ( GEOMETRIC_REPRESENTATION_CONTEXT(2) 
PARAMETRIC_REPRESENTATION_CONTEXT() REPRESENTATION_CONTEXT('2D SPACE',''
  ) );
#2435 = PCURVE('',#2436,#2441);
#2436 = TOROIDAL_SURFACE('',#2437,59.,1.);
#2437 = AXIS2_PLACEMENT_3D('',#2438,#2439,#2440);
#2438 = CARTESIAN_POINT('',(0.,0.,-17.));
#2439 = DIRECTION('',(0.,0.,1.));
#2440 = DIRECTION('',(1.,0.,0.));
#2441 = DEFINITIONAL_REPRESENTATION('',(#2442),#2468);
#2442 = B_SPLINE_CURVE_WITH_KNOTS('',3,(#2443,#2444,#2445,#2446,#2447,
    #2448,#2449,#2450,#2451,#2452,#2453,#2454,#2455,#2456,#2457,#2458,
    #2459,#2460,#2461,#2462,#2463,#2464,#2465,#2466,#2467),
  .UNSPECIFIED.,.F.,.F.,(4,1,1,1,1,1,1,1,1,1,1,1,1,1,1,1,1,1,1,1,1,1,4),
  (2.110382E-17,1.26908841076E-04,2.53817682152E-04,3.80726523228E-04,
    5.07635364304E-04,6.3454420538E-04,7.61453046456E-04,
    8.88361887532E-04,1.015270728608E-03,1.142179569684E-03,
    1.26908841076E-03,1.395997251836E-03,1.522906092912E-03,
    1.649814933988E-03,1.776723775064E-03,1.90363261614E-03,
    2.030541457216E-03,2.157450298292E-03,2.284359139368E-03,
    2.411267980444E-03,2.53817682152E-03,2.665085662596E-03,
    2.791994503672E-03),.QUASI_UNIFORM_KNOTS.);
#2443 = CARTESIAN_POINT('',(3.587511878847,6.28318530718));
#2444 = CARTESIAN_POINT('',(3.587512385765,6.240067289371));
#2445 = CARTESIAN_POINT('',(3.587810307065,6.157269127005));
#2446 = CARTESIAN_POINT('',(3.588882807392,6.044733800623));
#2447 = CARTESIAN_POINT('',(3.590276476461,5.947787655965));
#2448 = CARTESIAN_POINT('',(3.591824574305,5.861331572612));
#2449 = CARTESIAN_POINT('',(3.593495622272,5.782775995671));
#2450 = CARTESIAN_POINT('',(3.595220744605,5.709715196776));
#2451 = CARTESIAN_POINT('',(3.596971943667,5.640125771866));
#2452 = CARTESIAN_POINT('',(3.598755698742,5.573422016711));
#2453 = CARTESIAN_POINT('',(3.600563781286,5.508996849324));
#2454 = CARTESIAN_POINT('',(3.602391917419,5.446276372656));
#2455 = CARTESIAN_POINT('',(3.604234617734,5.384736605581));
#2456 = CARTESIAN_POINT('',(3.606087185005,5.323891192517));
#2457 = CARTESIAN_POINT('',(3.607942843626,5.263407087302));
#2458 = CARTESIAN_POINT('',(3.609796369399,5.203392287502));
#2459 = CARTESIAN_POINT('',(3.611648906023,5.143598527475));
#2460 = CARTESIAN_POINT('',(3.613500041207,5.083835882091));
#2461 = CARTESIAN_POINT('',(3.615349781055,5.023876134802));
#2462 = CARTESIAN_POINT('',(3.617198025254,4.963483894181));
#2463 = CARTESIAN_POINT('',(3.619044691898,4.902414332376));
#2464 = CARTESIAN_POINT('',(3.620889742925,4.840417991838));
#2465 = CARTESIAN_POINT('',(3.622732957485,4.777253886256));
#2466 = CARTESIAN_POINT('',(3.623960861141,4.734196452105));
#2467 = CARTESIAN_POINT('',(3.624574632771,4.712388980385));
#2468 = ( GEOMETRIC_REPRESENTATION_CONTEXT(2) 
PARAMETRIC_REPRESENTATION_CONTEXT() REPRESENTATION_CONTEXT('2D SPACE',''
  ) );
#2469 = ORIENTED_EDGE('',*,*,#2470,.F.);
#2470 = EDGE_CURVE('',#2471,#2381,#2473,.T.);
#2471 = VERTEX_POINT('',#2472);
#2472 = CARTESIAN_POINT('',(-38.67135746282,-20.9887139192,-18.));
#2473 = SURFACE_CURVE('',#2474,(#2479,#2486),.PCURVE_S1.);
#2474 = CIRCLE('',#2475,9.);
#2475 = AXIS2_PLACEMENT_3D('',#2476,#2477,#2478);
#2476 = CARTESIAN_POINT('',(-47.57979592433,-19.7081967668,-18.));
#2477 = DIRECTION('',(0.,0.,-1.));
#2478 = DIRECTION('',(-1.,0.,0.));
#2479 = PCURVE('',#2402,#2480);
#2480 = DEFINITIONAL_REPRESENTATION('',(#2481),#2485);
#2481 = LINE('',#2482,#2483);
#2482 = CARTESIAN_POINT('',(-3.14159265359,1.));
#2483 = VECTOR('',#2484,1.);
#2484 = DIRECTION('',(1.,0.));
#2485 = ( GEOMETRIC_REPRESENTATION_CONTEXT(2) 
PARAMETRIC_REPRESENTATION_CONTEXT() REPRESENTATION_CONTEXT('2D SPACE',''
  ) );
#2486 = PCURVE('',#484,#2487);
#2487 = DEFINITIONAL_REPRESENTATION('',(#2488),#2496);
#2488 = ( BOUNDED_CURVE() B_SPLINE_CURVE(2,(#2489,#2490,#2491,#2492,
#2493,#2494,#2495),.UNSPECIFIED.,.T.,.F.) B_SPLINE_CURVE_WITH_KNOTS((1,2
    ,2,2,2,1),(-2.094395102393,0.,2.094395102393,4.188790204786,
6.28318530718,8.377580409573),.UNSPECIFIED.) CURVE() 
GEOMETRIC_REPRESENTATION_ITEM() RATIONAL_B_SPLINE_CURVE((1.,0.5,1.,0.5,
1.,0.5,1.)) REPRESENTATION_ITEM('') );
#2489 = CARTESIAN_POINT('',(-9.,0.));
#2490 = CARTESIAN_POINT('',(-9.,15.58845726812));
#2491 = CARTESIAN_POINT('',(4.5,7.79422863406));
#2492 = CARTESIAN_POINT('',(18.,2.204364238465E-15));
#2493 = CARTESIAN_POINT('',(4.5,-7.79422863406));
#2494 = CARTESIAN_POINT('',(-9.,-15.58845726812));
#2495 = CARTESIAN_POINT('',(-9.,0.));
#2496 = ( GEOMETRIC_REPRESENTATION_CONTEXT(2) 
PARAMETRIC_REPRESENTATION_CONTEXT() REPRESENTATION_CONTEXT('2D SPACE',''
  ) );
#2497 = ORIENTED_EDGE('',*,*,#2498,.T.);
#2498 = EDGE_CURVE('',#2471,#2499,#2501,.T.);
#2499 = VERTEX_POINT('',#2500);
#2500 = CARTESIAN_POINT('',(-38.57979592433,-19.7081967668,
    -17.73525335373));
#2501 = SURFACE_CURVE('',#2502,(#2510,#2539),.PCURVE_S1.);
#2502 = B_SPLINE_CURVE_WITH_KNOTS('',3,(#2503,#2504,#2505,#2506,#2507,
    #2508,#2509),.UNSPECIFIED.,.F.,.F.,(4,3,4),(3.469447E-18,
    9.69061532296E-04,1.313517798843E-03),.UNSPECIFIED.);
#2503 = CARTESIAN_POINT('',(-38.67135746282,-20.9887139192,-18.));
#2504 = CARTESIAN_POINT('',(-38.62476150375,-20.66455017552,-18.));
#2505 = CARTESIAN_POINT('',(-38.5970298407,-20.3462503418,
    -17.94657602867));
#2506 = CARTESIAN_POINT('',(-38.58571991071,-20.03468820803,
    -17.8523113948));
#2507 = CARTESIAN_POINT('',(-38.58169975705,-19.92394237217,
    -17.81880470531));
#2508 = CARTESIAN_POINT('',(-38.57979592433,-19.81461901491,
    -17.77988350973));
#2509 = CARTESIAN_POINT('',(-38.57979592433,-19.7081967668,
    -17.73525335373));
#2510 = PCURVE('',#2402,#2511);
#2511 = DEFINITIONAL_REPRESENTATION('',(#2512),#2538);
#2512 = B_SPLINE_CURVE_WITH_KNOTS('',3,(#2513,#2514,#2515,#2516,#2517,
    #2518,#2519,#2520,#2521,#2522,#2523,#2524,#2525,#2526,#2527,#2528,
    #2529,#2530,#2531,#2532,#2533,#2534,#2535,#2536,#2537),
  .UNSPECIFIED.,.F.,.F.,(4,1,1,1,1,1,1,1,1,1,1,1,1,1,1,1,1,1,1,1,1,1,4),
  (3.469447E-18,5.970535449287E-05,1.194107089857E-04,1.791160634786E-04
    ,2.388214179715E-04,2.985267724643E-04,3.582321269572E-04,
    4.1793748145E-04,4.776428359429E-04,5.373481904358E-04,
    5.970535449286E-04,6.567588994215E-04,7.164642539144E-04,
    7.761696084072E-04,8.358749629001E-04,8.95580317393E-04,
    9.552856718858E-04,1.014991026379E-03,1.074696380872E-03,
    1.134401735364E-03,1.194107089857E-03,1.25381244435E-03,
    1.313517798843E-03),.QUASI_UNIFORM_KNOTS.);
#2513 = CARTESIAN_POINT('',(0.142764149987,1.));
#2514 = CARTESIAN_POINT('',(0.140522206282,1.));
#2515 = CARTESIAN_POINT('',(0.136045477609,0.999594407404));
#2516 = CARTESIAN_POINT('',(0.129351646912,0.997786898331));
#2517 = CARTESIAN_POINT('',(0.122678862704,0.994797926688));
#2518 = CARTESIAN_POINT('',(0.116026915905,0.990645150082));
#2519 = CARTESIAN_POINT('',(0.109395601916,0.985346226123));
#2520 = CARTESIAN_POINT('',(0.102784721275,0.978918812421));
#2521 = CARTESIAN_POINT('',(9.619407953888E-02,0.971380566573));
#2522 = CARTESIAN_POINT('',(8.962348734378E-02,0.962749146235));
#2523 = CARTESIAN_POINT('',(8.30727605025E-02,0.953042208838));
#2524 = CARTESIAN_POINT('',(7.654171974621E-02,0.942277412655));
#2525 = CARTESIAN_POINT('',(7.003019184752E-02,0.930472412809));
#2526 = CARTESIAN_POINT('',(6.353800555348E-02,0.917644876193));
#2527 = CARTESIAN_POINT('',(5.706500688069E-02,0.903812425758));
#2528 = CARTESIAN_POINT('',(5.061100213698E-02,0.888992848458));
#2529 = CARTESIAN_POINT('',(4.417597065939E-02,0.873203319184));
#2530 = CARTESIAN_POINT('',(3.77592709457E-02,0.856463297064));
#2531 = CARTESIAN_POINT('',(3.136260348107E-02,0.838783716347));
#2532 = CARTESIAN_POINT('',(2.50015690334E-02,0.820113683358));
#2533 = CARTESIAN_POINT('',(1.867861162559E-02,0.800453295293));
#2534 = CARTESIAN_POINT('',(1.239924325838E-02,0.779790860237));
#2535 = CARTESIAN_POINT('',(6.168166917521E-03,0.758117846246));
#2536 = CARTESIAN_POINT('',(2.049600590782E-03,0.742989195824));
#2537 = CARTESIAN_POINT('',(0.,0.735253353734));
#2538 = ( GEOMETRIC_REPRESENTATION_CONTEXT(2) 
PARAMETRIC_REPRESENTATION_CONTEXT() REPRESENTATION_CONTEXT('2D SPACE',''
  ) );
#2539 = PCURVE('',#1077,#2540);
#2540 = DEFINITIONAL_REPRESENTATION('',(#2541),#2544);
#2541 = B_SPLINE_CURVE_WITH_KNOTS('',1,(#2542,#2543),.UNSPECIFIED.,.F.,
  .F.,(2,2),(3.469447E-18,1.313517798843E-03),.PIECEWISE_BEZIER_KNOTS.);
#2542 = CARTESIAN_POINT('',(3.638849308145,4.712388980385));
#2543 = CARTESIAN_POINT('',(3.613876537062,3.967633051372));
#2544 = ( GEOMETRIC_REPRESENTATION_CONTEXT(2) 
PARAMETRIC_REPRESENTATION_CONTEXT() REPRESENTATION_CONTEXT('2D SPACE',''
  ) );
#2545 = ORIENTED_EDGE('',*,*,#2546,.T.);
#2546 = EDGE_CURVE('',#2499,#2547,#2549,.T.);
#2547 = VERTEX_POINT('',#2548);
#2548 = CARTESIAN_POINT('',(-38.61447983819,-18.91882519677,-17.));
#2549 = SURFACE_CURVE('',#2550,(#2561,#2590),.PCURVE_S1.);
#2550 = B_SPLINE_CURVE_WITH_KNOTS('',3,(#2551,#2552,#2553,#2554,#2555,
    #2556,#2557,#2558,#2559,#2560),.UNSPECIFIED.,.F.,.F.,(4,3,3,4),(
    1.313517798843E-03,1.873907887108E-03,2.234027273692E-03,
    2.434297975373E-03),.UNSPECIFIED.);
#2551 = CARTESIAN_POINT('',(-38.57979592433,-19.7081967668,
    -17.73525335373));
#2552 = CARTESIAN_POINT('',(-38.57979592433,-19.53506020694,
    -17.66264530595));
#2553 = CARTESIAN_POINT('',(-38.5850555094,-19.36579757648,
    -17.5754212312));
#2554 = CARTESIAN_POINT('',(-38.59328035897,-19.21571530165,
    -17.46074845494));
#2555 = CARTESIAN_POINT('',(-38.59856583392,-19.11926902631,
    -17.38705712687));
#2556 = CARTESIAN_POINT('',(-38.60522696594,-19.02958202875,
    -17.3023450526));
#2557 = CARTESIAN_POINT('',(-38.6100046143,-18.97141738692,
    -17.19475690247));
#2558 = CARTESIAN_POINT('',(-38.61266157481,-18.93907068729,
    -17.13492464927));
#2559 = CARTESIAN_POINT('',(-38.61447983819,-18.91882519677,
    -17.06851480961));
#2560 = CARTESIAN_POINT('',(-38.61447983819,-18.91882519677,-17.));
#2561 = PCURVE('',#2402,#2562);
#2562 = DEFINITIONAL_REPRESENTATION('',(#2563),#2589);
#2563 = B_SPLINE_CURVE_WITH_KNOTS('',3,(#2564,#2565,#2566,#2567,#2568,
    #2569,#2570,#2571,#2572,#2573,#2574,#2575,#2576,#2577,#2578,#2579,
    #2580,#2581,#2582,#2583,#2584,#2585,#2586,#2587,#2588),
  .UNSPECIFIED.,.F.,.F.,(4,1,1,1,1,1,1,1,1,1,1,1,1,1,1,1,1,1,1,1,1,1,4),
  (1.313517798843E-03,1.364462352322E-03,1.4154069058E-03,
    1.466351459279E-03,1.517296012758E-03,1.568240566236E-03,
    1.619185119715E-03,1.670129673193E-03,1.721074226672E-03,
    1.772018780151E-03,1.822963333629E-03,1.873907887108E-03,
    1.924852440587E-03,1.975796994065E-03,2.026741547544E-03,
    2.077686101023E-03,2.128630654501E-03,2.17957520798E-03,
    2.230519761458E-03,2.281464314937E-03,2.332408868416E-03,
    2.383353421894E-03,2.434297975373E-03),.QUASI_UNIFORM_KNOTS.);
#2564 = CARTESIAN_POINT('',(0.,0.735253353734));
#2565 = CARTESIAN_POINT('',(-1.748852627096E-03,0.728652622118));
#2566 = CARTESIAN_POINT('',(-5.239449028191E-03,0.715209571656));
#2567 = CARTESIAN_POINT('',(-1.044648764628E-02,0.694262386064));
#2568 = CARTESIAN_POINT('',(-1.56171473722E-02,0.67247474213));
#2569 = CARTESIAN_POINT('',(-2.07438824925E-02,0.649788792219));
#2570 = CARTESIAN_POINT('',(-2.58191336825E-02,0.626146685689));
#2571 = CARTESIAN_POINT('',(-3.08353337574E-02,0.601490583129));
#2572 = CARTESIAN_POINT('',(-3.578488841161E-02,0.575762603202));
#2573 = CARTESIAN_POINT('',(-4.066025995335E-02,0.548905021047));
#2574 = CARTESIAN_POINT('',(-4.545366335752E-02,0.520859527833));
#2575 = CARTESIAN_POINT('',(-5.015820913113E-02,0.49156999412));
#2576 = CARTESIAN_POINT('',(-5.47636454961E-02,0.460972156882));
#2577 = CARTESIAN_POINT('',(-5.927225519543E-02,0.429032108042));
#2578 = CARTESIAN_POINT('',(-6.364700075996E-02,0.395572439409));
#2579 = CARTESIAN_POINT('',(-6.783835395986E-02,0.360385257063));
#2580 = CARTESIAN_POINT('',(-7.179979493353E-02,0.323271258406));
#2581 = CARTESIAN_POINT('',(-7.548505765156E-02,0.284027261285));
#2582 = CARTESIAN_POINT('',(-7.884370583007E-02,0.242457010447));
#2583 = CARTESIAN_POINT('',(-8.184162838692E-02,0.198340422595));
#2584 = CARTESIAN_POINT('',(-8.438351050245E-02,0.151545799705));
#2585 = CARTESIAN_POINT('',(-8.630243151986E-02,0.10263322205));
#2586 = CARTESIAN_POINT('',(-8.752870562994E-02,5.201334373614E-02));
#2587 = CARTESIAN_POINT('',(-8.782079421855E-02,1.742869203016E-02));
#2588 = CARTESIAN_POINT('',(-8.782079489837E-02,0.));
#2589 = ( GEOMETRIC_REPRESENTATION_CONTEXT(2) 
PARAMETRIC_REPRESENTATION_CONTEXT() REPRESENTATION_CONTEXT('2D SPACE',''
  ) );
#2590 = PCURVE('',#1077,#2591);
#2591 = DEFINITIONAL_REPRESENTATION('',(#2592),#2618);
#2592 = B_SPLINE_CURVE_WITH_KNOTS('',3,(#2593,#2594,#2595,#2596,#2597,
    #2598,#2599,#2600,#2601,#2602,#2603,#2604,#2605,#2606,#2607,#2608,
    #2609,#2610,#2611,#2612,#2613,#2614,#2615,#2616,#2617),
  .UNSPECIFIED.,.F.,.F.,(4,1,1,1,1,1,1,1,1,1,1,1,1,1,1,1,1,1,1,1,1,1,4),
  (1.313517798843E-03,1.364462352322E-03,1.4154069058E-03,
    1.466351459279E-03,1.517296012758E-03,1.568240566236E-03,
    1.619185119715E-03,1.670129673193E-03,1.721074226672E-03,
    1.772018780151E-03,1.822963333629E-03,1.873907887108E-03,
    1.924852440587E-03,1.975796994065E-03,2.026741547544E-03,
    2.077686101023E-03,2.128630654501E-03,2.17957520798E-03,
    2.230519761458E-03,2.281464314937E-03,2.332408868416E-03,
    2.383353421894E-03,2.434297975373E-03),.QUASI_UNIFORM_KNOTS.);
#2593 = CARTESIAN_POINT('',(3.613876537062,3.967633051372));
#2594 = CARTESIAN_POINT('',(3.613552992339,3.957894035282));
#2595 = CARTESIAN_POINT('',(3.612905983835,3.938342284701));
#2596 = CARTESIAN_POINT('',(3.61193727241,3.908743677531));
#2597 = CARTESIAN_POINT('',(3.610971918958,3.87882626985));
#2598 = CARTESIAN_POINT('',(3.610011486621,3.848535218346));
#2599 = CARTESIAN_POINT('',(3.609057542876,3.817811497603));
#2600 = CARTESIAN_POINT('',(3.608111658796,3.786591614721));
#2601 = CARTESIAN_POINT('',(3.607175413023,3.754808202933));
#2602 = CARTESIAN_POINT('',(3.606250375379,3.722390556336));
#2603 = CARTESIAN_POINT('',(3.605338167135,3.689264965025));
#2604 = CARTESIAN_POINT('',(3.604440234884,3.65535649289));
#2605 = CARTESIAN_POINT('',(3.603558693277,3.620585937649));
#2606 = CARTESIAN_POINT('',(3.602693178607,3.584885564404));
#2607 = CARTESIAN_POINT('',(3.601851105343,3.548109301846));
#2608 = CARTESIAN_POINT('',(3.601042373595,3.510077518411));
#2609 = CARTESIAN_POINT('',(3.600276300594,3.470594036887));
#2610 = CARTESIAN_POINT('',(3.599562166481,3.429441177514));
#2611 = CARTESIAN_POINT('',(3.598910080958,3.386395112717));
#2612 = CARTESIAN_POINT('',(3.598326948702,3.341186790883));
#2613 = CARTESIAN_POINT('',(3.59783171545,3.29366742429));
#2614 = CARTESIAN_POINT('',(3.597457426435,3.244369085619));
#2615 = CARTESIAN_POINT('',(3.597217991936,3.193608126712));
#2616 = CARTESIAN_POINT('',(3.597160899302,3.159018902232));
#2617 = CARTESIAN_POINT('',(3.597160902855,3.14159265359));
#2618 = ( GEOMETRIC_REPRESENTATION_CONTEXT(2) 
PARAMETRIC_REPRESENTATION_CONTEXT() REPRESENTATION_CONTEXT('2D SPACE',''
  ) );
#2619 = ORIENTED_EDGE('',*,*,#2620,.F.);
#2620 = EDGE_CURVE('',#2379,#2547,#2621,.T.);
#2621 = SURFACE_CURVE('',#2622,(#2627,#2634),.PCURVE_S1.);
#2622 = CIRCLE('',#2623,9.);
#2623 = AXIS2_PLACEMENT_3D('',#2624,#2625,#2626);
#2624 = CARTESIAN_POINT('',(-47.57979592433,-19.7081967668,-17.));
#2625 = DIRECTION('',(0.,0.,1.));
#2626 = DIRECTION('',(1.,0.,0.));
#2627 = PCURVE('',#2402,#2628);
#2628 = DEFINITIONAL_REPRESENTATION('',(#2629),#2633);
#2629 = LINE('',#2630,#2631);
#2630 = CARTESIAN_POINT('',(6.28318530718,0.));
#2631 = VECTOR('',#2632,1.);
#2632 = DIRECTION('',(-1.,0.));
#2633 = ( GEOMETRIC_REPRESENTATION_CONTEXT(2) 
PARAMETRIC_REPRESENTATION_CONTEXT() REPRESENTATION_CONTEXT('2D SPACE',''
  ) );
#2634 = PCURVE('',#1475,#2635);
#2635 = DEFINITIONAL_REPRESENTATION('',(#2636),#2644);
#2636 = ( BOUNDED_CURVE() B_SPLINE_CURVE(2,(#2637,#2638,#2639,#2640,
#2641,#2642,#2643),.UNSPECIFIED.,.T.,.F.) B_SPLINE_CURVE_WITH_KNOTS((1,2
    ,2,2,2,1),(-2.094395102393,0.,2.094395102393,4.188790204786,
6.28318530718,8.377580409573),.UNSPECIFIED.) CURVE() 
GEOMETRIC_REPRESENTATION_ITEM() RATIONAL_B_SPLINE_CURVE((1.,0.5,1.,0.5,
1.,0.5,1.)) REPRESENTATION_ITEM('') );
#2637 = CARTESIAN_POINT('',(-9.,0.));
#2638 = CARTESIAN_POINT('',(-9.,15.58845726812));
#2639 = CARTESIAN_POINT('',(4.5,7.79422863406));
#2640 = CARTESIAN_POINT('',(18.,2.204364238465E-15));
#2641 = CARTESIAN_POINT('',(4.5,-7.79422863406));
#2642 = CARTESIAN_POINT('',(-9.,-15.58845726812));
#2643 = CARTESIAN_POINT('',(-9.,0.));
#2644 = ( GEOMETRIC_REPRESENTATION_CONTEXT(2) 
PARAMETRIC_REPRESENTATION_CONTEXT() REPRESENTATION_CONTEXT('2D SPACE',''
  ) );
#2645 = ADVANCED_FACE('',(#2646),#2661,.T.);
#2646 = FACE_BOUND('',#2647,.T.);
#2647 = EDGE_LOOP('',(#2648,#2683,#2706,#2734));
#2648 = ORIENTED_EDGE('',*,*,#2649,.T.);
#2649 = EDGE_CURVE('',#2650,#2652,#2654,.T.);
#2650 = VERTEX_POINT('',#2651);
#2651 = CARTESIAN_POINT('',(-39.72681989798,-16.45538759169,-17.));
#2652 = VERTEX_POINT('',#2653);
#2653 = CARTESIAN_POINT('',(-55.43277195067,-22.9610059419,-17.));
#2654 = SURFACE_CURVE('',#2655,(#2660,#2672),.PCURVE_S1.);
#2655 = CIRCLE('',#2656,8.5);
#2656 = AXIS2_PLACEMENT_3D('',#2657,#2658,#2659);
#2657 = CARTESIAN_POINT('',(-47.57979592433,-19.7081967668,-17.));
#2658 = DIRECTION('',(0.,0.,1.));
#2659 = DIRECTION('',(1.,0.,0.));
#2660 = PCURVE('',#2661,#2666);
#2661 = CYLINDRICAL_SURFACE('',#2662,8.5);
#2662 = AXIS2_PLACEMENT_3D('',#2663,#2664,#2665);
#2663 = CARTESIAN_POINT('',(-47.57979592433,-19.7081967668,-18.));
#2664 = DIRECTION('',(0.,0.,1.));
#2665 = DIRECTION('',(-1.,0.,0.));
#2666 = DEFINITIONAL_REPRESENTATION('',(#2667),#2671);
#2667 = LINE('',#2668,#2669);
#2668 = CARTESIAN_POINT('',(3.14159265359,1.));
#2669 = VECTOR('',#2670,1.);
#2670 = DIRECTION('',(1.,0.));
#2671 = ( GEOMETRIC_REPRESENTATION_CONTEXT(2) 
PARAMETRIC_REPRESENTATION_CONTEXT() REPRESENTATION_CONTEXT('2D SPACE',''
  ) );
#2672 = PCURVE('',#1475,#2673);
#2673 = DEFINITIONAL_REPRESENTATION('',(#2674),#2682);
#2674 = ( BOUNDED_CURVE() B_SPLINE_CURVE(2,(#2675,#2676,#2677,#2678,
#2679,#2680,#2681),.UNSPECIFIED.,.T.,.F.) B_SPLINE_CURVE_WITH_KNOTS((1,2
    ,2,2,2,1),(-2.094395102393,0.,2.094395102393,4.188790204786,
6.28318530718,8.377580409573),.UNSPECIFIED.) CURVE() 
GEOMETRIC_REPRESENTATION_ITEM() RATIONAL_B_SPLINE_CURVE((1.,0.5,1.,0.5,
1.,0.5,1.)) REPRESENTATION_ITEM('') );
#2675 = CARTESIAN_POINT('',(-8.5,0.));
#2676 = CARTESIAN_POINT('',(-8.5,14.722431864335));
#2677 = CARTESIAN_POINT('',(4.25,7.361215932168));
#2678 = CARTESIAN_POINT('',(17.,2.08189955855E-15));
#2679 = CARTESIAN_POINT('',(4.25,-7.361215932168));
#2680 = CARTESIAN_POINT('',(-8.5,-14.72243186433));
#2681 = CARTESIAN_POINT('',(-8.5,0.));
#2682 = ( GEOMETRIC_REPRESENTATION_CONTEXT(2) 
PARAMETRIC_REPRESENTATION_CONTEXT() REPRESENTATION_CONTEXT('2D SPACE',''
  ) );
#2683 = ORIENTED_EDGE('',*,*,#2684,.T.);
#2684 = EDGE_CURVE('',#2652,#2685,#2687,.T.);
#2685 = VERTEX_POINT('',#2686);
#2686 = CARTESIAN_POINT('',(-55.43277195067,-22.9610059419,-10.));
#2687 = SURFACE_CURVE('',#2688,(#2692,#2699),.PCURVE_S1.);
#2688 = LINE('',#2689,#2690);
#2689 = CARTESIAN_POINT('',(-55.43277195067,-22.9610059419,-17.));
#2690 = VECTOR('',#2691,1.);
#2691 = DIRECTION('',(0.,0.,1.));
#2692 = PCURVE('',#2661,#2693);
#2693 = DEFINITIONAL_REPRESENTATION('',(#2694),#2698);
#2694 = LINE('',#2695,#2696);
#2695 = CARTESIAN_POINT('',(6.675884388878,1.));
#2696 = VECTOR('',#2697,1.);
#2697 = DIRECTION('',(0.,1.));
#2698 = ( GEOMETRIC_REPRESENTATION_CONTEXT(2) 
PARAMETRIC_REPRESENTATION_CONTEXT() REPRESENTATION_CONTEXT('2D SPACE',''
  ) );
#2699 = PCURVE('',#2341,#2700);
#2700 = DEFINITIONAL_REPRESENTATION('',(#2701),#2705);
#2701 = LINE('',#2702,#2703);
#2702 = CARTESIAN_POINT('',(5.890486225481,35.));
#2703 = VECTOR('',#2704,1.);
#2704 = DIRECTION('',(0.,-1.));
#2705 = ( GEOMETRIC_REPRESENTATION_CONTEXT(2) 
PARAMETRIC_REPRESENTATION_CONTEXT() REPRESENTATION_CONTEXT('2D SPACE',''
  ) );
#2706 = ORIENTED_EDGE('',*,*,#2707,.T.);
#2707 = EDGE_CURVE('',#2685,#2708,#2710,.T.);
#2708 = VERTEX_POINT('',#2709);
#2709 = CARTESIAN_POINT('',(-39.72681989798,-16.45538759169,-10.));
#2710 = SURFACE_CURVE('',#2711,(#2716,#2723),.PCURVE_S1.);
#2711 = CIRCLE('',#2712,8.5);
#2712 = AXIS2_PLACEMENT_3D('',#2713,#2714,#2715);
#2713 = CARTESIAN_POINT('',(-47.57979592433,-19.7081967668,-10.));
#2714 = DIRECTION('',(0.,0.,-1.));
#2715 = DIRECTION('',(-1.,0.,0.));
#2716 = PCURVE('',#2661,#2717);
#2717 = DEFINITIONAL_REPRESENTATION('',(#2718),#2722);
#2718 = LINE('',#2719,#2720);
#2719 = CARTESIAN_POINT('',(12.566370614359,8.));
#2720 = VECTOR('',#2721,1.);
#2721 = DIRECTION('',(-1.,0.));
#2722 = ( GEOMETRIC_REPRESENTATION_CONTEXT(2) 
PARAMETRIC_REPRESENTATION_CONTEXT() REPRESENTATION_CONTEXT('2D SPACE',''
  ) );
#2723 = PCURVE('',#1422,#2724);
#2724 = DEFINITIONAL_REPRESENTATION('',(#2725),#2733);
#2725 = ( BOUNDED_CURVE() B_SPLINE_CURVE(2,(#2726,#2727,#2728,#2729,
#2730,#2731,#2732),.UNSPECIFIED.,.T.,.F.) B_SPLINE_CURVE_WITH_KNOTS((1,2
    ,2,2,2,1),(-2.094395102393,0.,2.094395102393,4.188790204786,
6.28318530718,8.377580409573),.UNSPECIFIED.) CURVE() 
GEOMETRIC_REPRESENTATION_ITEM() RATIONAL_B_SPLINE_CURVE((1.,0.5,1.,0.5,
1.,0.5,1.)) REPRESENTATION_ITEM('') );
#2726 = CARTESIAN_POINT('',(-8.5,0.));
#2727 = CARTESIAN_POINT('',(-8.5,14.722431864335));
#2728 = CARTESIAN_POINT('',(4.25,7.361215932168));
#2729 = CARTESIAN_POINT('',(17.,2.08189955855E-15));
#2730 = CARTESIAN_POINT('',(4.25,-7.361215932168));
#2731 = CARTESIAN_POINT('',(-8.5,-14.72243186433));
#2732 = CARTESIAN_POINT('',(-8.5,0.));
#2733 = ( GEOMETRIC_REPRESENTATION_CONTEXT(2) 
PARAMETRIC_REPRESENTATION_CONTEXT() REPRESENTATION_CONTEXT('2D SPACE',''
  ) );
#2734 = ORIENTED_EDGE('',*,*,#2735,.F.);
#2735 = EDGE_CURVE('',#2650,#2708,#2736,.T.);
#2736 = SURFACE_CURVE('',#2737,(#2741,#2748),.PCURVE_S1.);
#2737 = LINE('',#2738,#2739);
#2738 = CARTESIAN_POINT('',(-39.72681989798,-16.45538759169,-17.));
#2739 = VECTOR('',#2740,1.);
#2740 = DIRECTION('',(0.,0.,1.));
#2741 = PCURVE('',#2661,#2742);
#2742 = DEFINITIONAL_REPRESENTATION('',(#2743),#2747);
#2743 = LINE('',#2744,#2745);
#2744 = CARTESIAN_POINT('',(3.534291735289,1.));
#2745 = VECTOR('',#2746,1.);
#2746 = DIRECTION('',(0.,1.));
#2747 = ( GEOMETRIC_REPRESENTATION_CONTEXT(2) 
PARAMETRIC_REPRESENTATION_CONTEXT() REPRESENTATION_CONTEXT('2D SPACE',''
  ) );
#2748 = PCURVE('',#1340,#2749);
#2749 = DEFINITIONAL_REPRESENTATION('',(#2750),#2754);
#2750 = LINE('',#2751,#2752);
#2751 = CARTESIAN_POINT('',(0.392699081699,1.));
#2752 = VECTOR('',#2753,1.);
#2753 = DIRECTION('',(0.,1.));
#2754 = ( GEOMETRIC_REPRESENTATION_CONTEXT(2) 
PARAMETRIC_REPRESENTATION_CONTEXT() REPRESENTATION_CONTEXT('2D SPACE',''
  ) );
#2755 = ADVANCED_FACE('',(#2756),#2769,.F.);
#2756 = FACE_BOUND('',#2757,.F.);
#2757 = EDGE_LOOP('',(#2758,#2796,#2818,#2849));
#2758 = ORIENTED_EDGE('',*,*,#2759,.T.);
#2759 = EDGE_CURVE('',#2760,#2760,#2762,.T.);
#2760 = VERTEX_POINT('',#2761);
#2761 = CARTESIAN_POINT('',(43.88559214402,-19.24469983593,10.));
#2762 = SURFACE_CURVE('',#2763,(#2768,#2780),.PCURVE_S1.);
#2763 = CIRCLE('',#2764,4.);
#2764 = AXIS2_PLACEMENT_3D('',#2765,#2766,#2767);
#2765 = CARTESIAN_POINT('',(47.88559214402,-19.24469983593,10.));
#2766 = DIRECTION('',(0.,0.,1.));
#2767 = DIRECTION('',(1.,0.,0.));
#2768 = PCURVE('',#2769,#2774);
#2769 = CYLINDRICAL_SURFACE('',#2770,4.);
#2770 = AXIS2_PLACEMENT_3D('',#2771,#2772,#2773);
#2771 = CARTESIAN_POINT('',(47.88559214402,-19.24469983593,17.));
#2772 = DIRECTION('',(0.,0.,1.));
#2773 = DIRECTION('',(-1.,0.,0.));
#2774 = DEFINITIONAL_REPRESENTATION('',(#2775),#2779);
#2775 = LINE('',#2776,#2777);
#2776 = CARTESIAN_POINT('',(-3.14159265359,-7.));
#2777 = VECTOR('',#2778,1.);
#2778 = DIRECTION('',(1.,0.));
#2779 = ( GEOMETRIC_REPRESENTATION_CONTEXT(2) 
PARAMETRIC_REPRESENTATION_CONTEXT() REPRESENTATION_CONTEXT('2D SPACE',''
  ) );
#2780 = PCURVE('',#2781,#2786);
#2781 = PLANE('',#2782);
#2782 = AXIS2_PLACEMENT_3D('',#2783,#2784,#2785);
#2783 = CARTESIAN_POINT('',(47.579795924331,-19.7081967668,10.));
#2784 = DIRECTION('',(0.,0.,-1.));
#2785 = DIRECTION('',(-1.,0.,0.));
#2786 = DEFINITIONAL_REPRESENTATION('',(#2787),#2795);
#2787 = ( BOUNDED_CURVE() B_SPLINE_CURVE(2,(#2788,#2789,#2790,#2791,
#2792,#2793,#2794),.UNSPECIFIED.,.T.,.F.) B_SPLINE_CURVE_WITH_KNOTS((1,2
    ,2,2,2,1),(-2.094395102393,0.,2.094395102393,4.188790204786,
6.28318530718,8.377580409573),.UNSPECIFIED.) CURVE() 
GEOMETRIC_REPRESENTATION_ITEM() RATIONAL_B_SPLINE_CURVE((1.,0.5,1.,0.5,
1.,0.5,1.)) REPRESENTATION_ITEM('') );
#2788 = CARTESIAN_POINT('',(-4.305796219689,0.463496930869));
#2789 = CARTESIAN_POINT('',(-4.305796219689,7.391700161145));
#2790 = CARTESIAN_POINT('',(1.694203780311,3.927598546007));
#2791 = CARTESIAN_POINT('',(7.694203780311,0.463496930869));
#2792 = CARTESIAN_POINT('',(1.694203780311,-3.000604684268));
#2793 = CARTESIAN_POINT('',(-4.305796219689,-6.464706299406));
#2794 = CARTESIAN_POINT('',(-4.305796219689,0.463496930869));
#2795 = ( GEOMETRIC_REPRESENTATION_CONTEXT(2) 
PARAMETRIC_REPRESENTATION_CONTEXT() REPRESENTATION_CONTEXT('2D SPACE',''
  ) );
#2796 = ORIENTED_EDGE('',*,*,#2797,.T.);
#2797 = EDGE_CURVE('',#2760,#2798,#2800,.T.);
#2798 = VERTEX_POINT('',#2799);
#2799 = CARTESIAN_POINT('',(43.88559214402,-19.24469983593,17.));
#2800 = SEAM_CURVE('',#2801,(#2804,#2811),.PCURVE_S1.);
#2801 = B_SPLINE_CURVE_WITH_KNOTS('',1,(#2802,#2803),.UNSPECIFIED.,.F.,
  .F.,(2,2),(-7.,0.),.PIECEWISE_BEZIER_KNOTS.);
#2802 = CARTESIAN_POINT('',(43.88559214402,-19.24469983593,10.));
#2803 = CARTESIAN_POINT('',(43.88559214402,-19.24469983593,17.));
#2804 = PCURVE('',#2769,#2805);
#2805 = DEFINITIONAL_REPRESENTATION('',(#2806),#2810);
#2806 = LINE('',#2807,#2808);
#2807 = CARTESIAN_POINT('',(6.28318530718,0.));
#2808 = VECTOR('',#2809,1.);
#2809 = DIRECTION('',(0.,1.));
#2810 = ( GEOMETRIC_REPRESENTATION_CONTEXT(2) 
PARAMETRIC_REPRESENTATION_CONTEXT() REPRESENTATION_CONTEXT('2D SPACE',''
  ) );
#2811 = PCURVE('',#2769,#2812);
#2812 = DEFINITIONAL_REPRESENTATION('',(#2813),#2817);
#2813 = LINE('',#2814,#2815);
#2814 = CARTESIAN_POINT('',(0.,0.));
#2815 = VECTOR('',#2816,1.);
#2816 = DIRECTION('',(0.,1.));
#2817 = ( GEOMETRIC_REPRESENTATION_CONTEXT(2) 
PARAMETRIC_REPRESENTATION_CONTEXT() REPRESENTATION_CONTEXT('2D SPACE',''
  ) );
#2818 = ORIENTED_EDGE('',*,*,#2819,.T.);
#2819 = EDGE_CURVE('',#2798,#2798,#2820,.T.);
#2820 = SURFACE_CURVE('',#2821,(#2826,#2833),.PCURVE_S1.);
#2821 = CIRCLE('',#2822,4.);
#2822 = AXIS2_PLACEMENT_3D('',#2823,#2824,#2825);
#2823 = CARTESIAN_POINT('',(47.88559214402,-19.24469983593,17.));
#2824 = DIRECTION('',(0.,0.,-1.));
#2825 = DIRECTION('',(-1.,0.,0.));
#2826 = PCURVE('',#2769,#2827);
#2827 = DEFINITIONAL_REPRESENTATION('',(#2828),#2832);
#2828 = LINE('',#2829,#2830);
#2829 = CARTESIAN_POINT('',(6.28318530718,0.));
#2830 = VECTOR('',#2831,1.);
#2831 = DIRECTION('',(-1.,0.));
#2832 = ( GEOMETRIC_REPRESENTATION_CONTEXT(2) 
PARAMETRIC_REPRESENTATION_CONTEXT() REPRESENTATION_CONTEXT('2D SPACE',''
  ) );
#2833 = PCURVE('',#2834,#2839);
#2834 = PLANE('',#2835);
#2835 = AXIS2_PLACEMENT_3D('',#2836,#2837,#2838);
#2836 = CARTESIAN_POINT('',(47.579795924331,-19.7081967668,17.));
#2837 = DIRECTION('',(0.,0.,1.));
#2838 = DIRECTION('',(1.,0.,0.));
#2839 = DEFINITIONAL_REPRESENTATION('',(#2840),#2848);
#2840 = ( BOUNDED_CURVE() B_SPLINE_CURVE(2,(#2841,#2842,#2843,#2844,
#2845,#2846,#2847),.UNSPECIFIED.,.T.,.F.) B_SPLINE_CURVE_WITH_KNOTS((1,2
    ,2,2,2,1),(-2.094395102393,0.,2.094395102393,4.188790204786,
6.28318530718,8.377580409573),.UNSPECIFIED.) CURVE() 
GEOMETRIC_REPRESENTATION_ITEM() RATIONAL_B_SPLINE_CURVE((1.,0.5,1.,0.5,
1.,0.5,1.)) REPRESENTATION_ITEM('') );
#2841 = CARTESIAN_POINT('',(-3.694203780311,0.463496930869));
#2842 = CARTESIAN_POINT('',(-3.694203780311,7.391700161145));
#2843 = CARTESIAN_POINT('',(2.305796219689,3.927598546007));
#2844 = CARTESIAN_POINT('',(8.305796219689,0.463496930869));
#2845 = CARTESIAN_POINT('',(2.305796219689,-3.000604684268));
#2846 = CARTESIAN_POINT('',(-3.694203780311,-6.464706299406));
#2847 = CARTESIAN_POINT('',(-3.694203780311,0.463496930869));
#2848 = ( GEOMETRIC_REPRESENTATION_CONTEXT(2) 
PARAMETRIC_REPRESENTATION_CONTEXT() REPRESENTATION_CONTEXT('2D SPACE',''
  ) );
#2849 = ORIENTED_EDGE('',*,*,#2797,.F.);
#2850 = ADVANCED_FACE('',(#2851),#2868,.F.);
#2851 = FACE_BOUND('',#2852,.F.);
#2852 = EDGE_LOOP('',(#2853,#3043,#3113,#3142,#3171));
#2853 = ORIENTED_EDGE('',*,*,#2854,.T.);
#2854 = EDGE_CURVE('',#2855,#2857,#2859,.T.);
#2855 = VERTEX_POINT('',#2856);
#2856 = CARTESIAN_POINT('',(47.362998881273,-36.83403775005,8.));
#2857 = VERTEX_POINT('',#2858);
#2858 = CARTESIAN_POINT('',(48.658479926285,-34.22496007609,
    8.800269972714));
#2859 = SURFACE_CURVE('',#2860,(#2867,#2901),.PCURVE_S1.);
#2860 = B_SPLINE_CURVE_WITH_KNOTS('',3,(#2861,#2862,#2863,#2864,#2865,
    #2866),.UNSPECIFIED.,.F.,.F.,(4,2,4),(-1.3493375766E-05,
    1.510245113282E-03,3.03398360233E-03),.UNSPECIFIED.);
#2861 = CARTESIAN_POINT('',(47.362998881273,-36.83403775005,8.));
#2862 = CARTESIAN_POINT('',(47.662342945649,-36.44912657951,
    8.142169580958));
#2863 = CARTESIAN_POINT('',(47.917613367083,-36.03158274002,
    8.284460916728));
#2864 = CARTESIAN_POINT('',(48.34320588079,-35.15319309784,
    8.558535524457));
#2865 = CARTESIAN_POINT('',(48.512271923076,-34.69635598597,
    8.690716758585));
#2866 = CARTESIAN_POINT('',(48.658479926286,-34.22496007609,
    8.800269972714));
#2867 = PCURVE('',#2868,#2873);
#2868 = TOROIDAL_SURFACE('',#2869,5.25,1.);
#2869 = AXIS2_PLACEMENT_3D('',#2870,#2871,#2872);
#2870 = CARTESIAN_POINT('',(44.008119793849,-34.22496007609,8.));
#2871 = DIRECTION('',(0.,0.,-1.));
#2872 = DIRECTION('',(-1.,0.,0.));
#2873 = DEFINITIONAL_REPRESENTATION('',(#2874),#2900);
#2874 = B_SPLINE_CURVE_WITH_KNOTS('',3,(#2875,#2876,#2877,#2878,#2879,
    #2880,#2881,#2882,#2883,#2884,#2885,#2886,#2887,#2888,#2889,#2890,
    #2891,#2892,#2893,#2894,#2895,#2896,#2897,#2898,#2899),
  .UNSPECIFIED.,.F.,.F.,(4,1,1,1,1,1,1,1,1,1,1,1,1,1,1,1,1,1,1,1,1,1,4),
  (-1.3493375766E-05,1.250283050565E-04,2.635499858791E-04,
    4.020716667016E-04,5.405933475242E-04,6.791150283467E-04,
    8.176367091693E-04,9.561583899918E-04,1.094680070814E-03,
    1.233201751637E-03,1.371723432459E-03,1.510245113282E-03,
    1.648766794105E-03,1.787288474927E-03,1.92581015575E-03,
    2.064331836572E-03,2.202853517395E-03,2.341375198217E-03,
    2.47989687904E-03,2.618418559862E-03,2.756940240685E-03,
    2.895461921507E-03,3.03398360233E-03),.UNSPECIFIED.);
#2875 = CARTESIAN_POINT('',(3.802585168805,3.14159265359));
#2876 = CARTESIAN_POINT('',(3.79215508326,3.154517512353));
#2877 = CARTESIAN_POINT('',(3.771299674212,3.180367898736));
#2878 = CARTESIAN_POINT('',(3.740041671311,3.219179376146));
#2879 = CARTESIAN_POINT('',(3.708819266445,3.258059078997));
#2880 = CARTESIAN_POINT('',(3.677644127139,3.297044807681));
#2881 = CARTESIAN_POINT('',(3.64652861232,3.336177351993));
#2882 = CARTESIAN_POINT('',(3.615485829756,3.375500453608));
#2883 = CARTESIAN_POINT('',(3.584529456388,3.415059972216));
#2884 = CARTESIAN_POINT('',(3.553673907407,3.454903266446));
#2885 = CARTESIAN_POINT('',(3.522933299926,3.495077988659));
#2886 = CARTESIAN_POINT('',(3.492324849005,3.535632483163));
#2887 = CARTESIAN_POINT('',(3.461855707041,3.576609827133));
#2888 = CARTESIAN_POINT('',(3.431571573239,3.618065169231));
#2889 = CARTESIAN_POINT('',(3.401504517355,3.660028278887));
#2890 = CARTESIAN_POINT('',(3.371650046116,3.702525956214));
#2891 = CARTESIAN_POINT('',(3.342015800586,3.74560083334));
#2892 = CARTESIAN_POINT('',(3.312608449945,3.789306378141));
#2893 = CARTESIAN_POINT('',(3.283437113713,3.833707867279));
#2894 = CARTESIAN_POINT('',(3.254512328104,3.878881349715));
#2895 = CARTESIAN_POINT('',(3.225846169168,3.924912690471));
#2896 = CARTESIAN_POINT('',(3.19745207598,3.971896203776));
#2897 = CARTESIAN_POINT('',(3.16934459998,4.019932569569));
#2898 = CARTESIAN_POINT('',(3.150807964458,4.052729183642));
#2899 = CARTESIAN_POINT('',(3.14159265359,4.069337961184));
#2900 = ( GEOMETRIC_REPRESENTATION_CONTEXT(2) 
PARAMETRIC_REPRESENTATION_CONTEXT() REPRESENTATION_CONTEXT('2D SPACE',''
  ) );
#2901 = PCURVE('',#2902,#3015);
#2902 = B_SPLINE_SURFACE_WITH_KNOTS('',3,3,(
    (#2903,#2904,#2905,#2906,#2907,#2908,#2909)
    ,(#2910,#2911,#2912,#2913,#2914,#2915,#2916)
    ,(#2917,#2918,#2919,#2920,#2921,#2922,#2923)
    ,(#2924,#2925,#2926,#2927,#2928,#2929,#2930)
    ,(#2931,#2932,#2933,#2934,#2935,#2936,#2937)
    ,(#2938,#2939,#2940,#2941,#2942,#2943,#2944)
    ,(#2945,#2946,#2947,#2948,#2949,#2950,#2951)
    ,(#2952,#2953,#2954,#2955,#2956,#2957,#2958)
    ,(#2959,#2960,#2961,#2962,#2963,#2964,#2965)
    ,(#2966,#2967,#2968,#2969,#2970,#2971,#2972)
    ,(#2973,#2974,#2975,#2976,#2977,#2978,#2979)
    ,(#2980,#2981,#2982,#2983,#2984,#2985,#2986)
    ,(#2987,#2988,#2989,#2990,#2991,#2992,#2993)
    ,(#2994,#2995,#2996,#2997,#2998,#2999,#3000)
    ,(#3001,#3002,#3003,#3004,#3005,#3006,#3007)
    ,(#3008,#3009,#3010,#3011,#3012,#3013,#3014
  )),.UNSPECIFIED.,.F.,.F.,.F.,(4,3,3,3,3,4),(4,3,4),(-6.071532E-18,
    1.191126083258E-03,1.786689124887E-03,2.382252166516E-03,
    3.573378249773E-03,4.764504333031E-03),(0.,0.5,1.),.UNSPECIFIED.);
#2903 = CARTESIAN_POINT('',(49.886938182426,-33.33606753627,10.));
#2904 = CARTESIAN_POINT('',(49.886938182426,-33.33606753627,
    9.738200612201));
#2905 = CARTESIAN_POINT('',(49.79733035247,-33.2761886826,9.478013341237
    ));
#2906 = CARTESIAN_POINT('',(49.643412417409,-33.17333573421,
    9.292893218813));
#2907 = CARTESIAN_POINT('',(49.489494482349,-33.07048278582,
    9.10777309639));
#2908 = CARTESIAN_POINT('',(49.273162043974,-32.92592244521,9.));
#2909 = CARTESIAN_POINT('',(49.055489212719,-32.78046641066,9.));
#2910 = CARTESIAN_POINT('',(49.659255010516,-33.67679207763,10.));
#2911 = CARTESIAN_POINT('',(49.676313162928,-33.65126480169,
    9.754763245007));
#2912 = CARTESIAN_POINT('',(49.615894666403,-33.57330720297,
    9.510634671017));
#2913 = CARTESIAN_POINT('',(49.492126560411,-33.46296999237,
    9.328027868727));
#2914 = CARTESIAN_POINT('',(49.368358454419,-33.35263278177,
    9.145421066437));
#2915 = CARTESIAN_POINT('',(49.182292398892,-33.21095901103,
    9.026016522773));
#2916 = CARTESIAN_POINT('',(48.979384006868,-33.07321850264,9.));
#2917 = CARTESIAN_POINT('',(49.43486010448,-34.00509013694,9.93116516665
    ));
#2918 = CARTESIAN_POINT('',(49.46306217824,-33.96396899601,
    9.708483749717));
#2919 = CARTESIAN_POINT('',(49.425404140707,-33.87766045271,
    9.486538699245));
#2920 = CARTESIAN_POINT('',(49.329479136533,-33.76491127287,
    9.312645600288));
#2921 = CARTESIAN_POINT('',(49.233554132359,-33.65216209303,
    9.138752501331));
#2922 = CARTESIAN_POINT('',(49.079970483696,-33.51373471381,
    9.014072654045));
#2923 = CARTESIAN_POINT('',(48.900984293518,-33.3793842827,
    8.965582583325));
#2924 = CARTESIAN_POINT('',(49.212156229234,-34.3243889861,
    9.814695987865));
#2925 = CARTESIAN_POINT('',(49.24679747255,-34.27472254401,
    9.615670881889));
#2926 = CARTESIAN_POINT('',(49.226446236968,-34.18688330563,
    9.41713975297));
#2927 = CARTESIAN_POINT('',(49.154847209041,-34.07703394639,
    9.255632906395));
#2928 = CARTESIAN_POINT('',(49.083248181114,-33.96718458714,
    9.09412605982));
#2929 = CARTESIAN_POINT('',(48.960756776074,-33.83587039564,
    8.970445210291));
#2930 = CARTESIAN_POINT('',(48.809911768799,-33.70725356515,
    8.907347993932));
#2931 = CARTESIAN_POINT('',(49.100804291611,-34.48403841068,
    9.756461398472));
#2932 = CARTESIAN_POINT('',(49.138665119705,-34.430099318,9.569264447975
    ));
#2933 = CARTESIAN_POINT('',(49.126967285098,-34.34149473209,
    9.382440279832));
#2934 = CARTESIAN_POINT('',(49.067531245295,-34.23309528315,
    9.227126559448));
#2935 = CARTESIAN_POINT('',(49.008095205491,-34.1246958342,
    9.071812839065));
#2936 = CARTESIAN_POINT('',(48.901149922262,-33.99693823656,
    8.948631488413));
#2937 = CARTESIAN_POINT('',(48.76437550644,-33.87118820638,
    8.878230699236));
#2938 = CARTESIAN_POINT('',(48.990535193446,-34.64046603249,
    9.686213553985));
#2939 = CARTESIAN_POINT('',(49.030392772147,-34.58409017308,
    9.511135342813));
#2940 = CARTESIAN_POINT('',(49.025895676436,-34.49646868898,
    9.336340022277));
#2941 = CARTESIAN_POINT('',(48.977637175494,-34.39084963811,
    9.188144390145));
#2942 = CARTESIAN_POINT('',(48.929378674553,-34.28523058724,
    9.039948758013));
#2943 = CARTESIAN_POINT('',(48.837510666155,-34.16195732204,
    8.918833218889));
#2944 = CARTESIAN_POINT('',(48.715747666685,-34.03963438498,
    8.843106776992));
#2945 = CARTESIAN_POINT('',(48.882947258029,-34.79162927154,
    9.607549928902));
#2946 = CARTESIAN_POINT('',(48.923738158334,-34.73431722638,
    9.444392581409));
#2947 = CARTESIAN_POINT('',(48.925007709148,-34.64899111976,
    9.281451793896));
#2948 = CARTESIAN_POINT('',(48.886582928563,-34.5472770108,
    9.140928968754));
#2949 = CARTESIAN_POINT('',(48.848158147978,-34.44556290185,
    9.000406143612));
#2950 = CARTESIAN_POINT('',(48.770141038997,-34.32773080236,
    8.882674314855));
#2951 = CARTESIAN_POINT('',(48.663161777502,-34.20983585664,
    8.803774964451));
#2952 = CARTESIAN_POINT('',(48.775359322612,-34.9427925106,
    9.528886303819));
#2953 = CARTESIAN_POINT('',(48.81708354452,-34.88454427968,
    9.377649820004));
#2954 = CARTESIAN_POINT('',(48.82411974186,-34.80151355054,
    9.226563565515));
#2955 = CARTESIAN_POINT('',(48.795528681631,-34.7037043835,
    9.093713547362));
#2956 = CARTESIAN_POINT('',(48.766937621403,-34.60589521645,
    8.96086352921));
#2957 = CARTESIAN_POINT('',(48.702771411838,-34.49350428269,
    8.846515410821));
#2958 = CARTESIAN_POINT('',(48.61057588832,-34.38003732831,
    8.764443151909));
#2959 = CARTESIAN_POINT('',(48.669816722654,-35.08960406667,
    9.441458641395));
#2960 = CARTESIAN_POINT('',(48.711428554658,-35.03189757343,
    9.302017628382));
#2961 = CARTESIAN_POINT('',(48.722845899005,-34.95247149398,
    9.16268323533));
#2962 = CARTESIAN_POINT('',(48.702813082396,-34.85970062247,
    9.038097805591));
#2963 = CARTESIAN_POINT('',(48.682780265788,-34.76692975096,
    8.913512375851));
#2964 = CARTESIAN_POINT('',(48.631325935048,-34.66095660088,
    8.803867029725));
#2965 = CARTESIAN_POINT('',(48.55376304891,-34.5529381773,8.720729320697
    ));
#2966 = CARTESIAN_POINT('',(48.565805868116,-35.23297461726,
    9.347194173286));
#2967 = CARTESIAN_POINT('',(48.606448477852,-35.17695206691,
    9.219309979391));
#2968 = CARTESIAN_POINT('',(48.62099459659,-35.10204847285,9.09150227758
    ));
#2969 = CARTESIAN_POINT('',(48.608098550366,-35.01519323103,
    8.97559466833));
#2970 = CARTESIAN_POINT('',(48.595202504142,-34.92833798921,
    8.859687059081));
#2971 = CARTESIAN_POINT('',(48.554879720124,-34.82963500204,
    8.755818199318));
#2972 = CARTESIAN_POINT('',(48.490860493762,-34.7282153678,
    8.673597086643));
#2973 = CARTESIAN_POINT('',(48.357784159041,-35.51971571843,
    9.158665237068));
#2974 = CARTESIAN_POINT('',(48.396488324241,-35.46706105385,
    9.053894681408));
#2975 = CARTESIAN_POINT('',(48.41729199176,-35.40120243059,
    8.949140362078));
#2976 = CARTESIAN_POINT('',(48.418669486304,-35.32617844814,
    8.850588393809));
#2977 = CARTESIAN_POINT('',(48.420046980848,-35.2511544657,
    8.752036425541));
#2978 = CARTESIAN_POINT('',(48.401987290277,-35.16699180437,
    8.659720538506));
#2979 = CARTESIAN_POINT('',(48.365055383467,-35.07876974882,
    8.579332618534));
#2980 = CARTESIAN_POINT('',(48.155758538911,-35.79291861745,
    8.942581826008));
#2981 = CARTESIAN_POINT('',(48.189074233758,-35.74821170002,
    8.859927151862));
#2982 = CARTESIAN_POINT('',(48.211100105188,-35.69508095096,
    8.77727947708));
#2983 = CARTESIAN_POINT('',(48.220966987189,-35.6355152433,
    8.697728799894));
#2984 = CARTESIAN_POINT('',(48.23083386919,-35.57594953563,
    8.618178122708));
#2985 = CARTESIAN_POINT('',(48.228539580461,-35.50995889904,
    8.541738000409));
#2986 = CARTESIAN_POINT('',(48.214066825647,-35.43999103122,
    8.471290913004));
#2987 = CARTESIAN_POINT('',(47.956345862584,-36.05813211341,
    8.713117964572));
#2988 = CARTESIAN_POINT('',(47.982333770886,-36.02356889436,
    8.651627666106));
#2989 = CARTESIAN_POINT('',(48.001516906746,-35.98389152841,
    8.590140012153));
#2990 = CARTESIAN_POINT('',(48.013411142009,-35.94010136018,
    8.530206777396));
#2991 = CARTESIAN_POINT('',(48.025305377272,-35.89631119195,
    8.470273542639));
#2992 = CARTESIAN_POINT('',(48.029909688867,-35.84841198802,
    8.411899882174));
#2993 = CARTESIAN_POINT('',(48.027107876977,-35.79761258896,
    8.356558982286));
#2994 = CARTESIAN_POINT('',(47.756933186258,-36.32334560936,
    8.483654103136));
#2995 = CARTESIAN_POINT('',(47.775593308014,-36.29892608869,
    8.44332818035));
#2996 = CARTESIAN_POINT('',(47.791933708304,-36.27270210585,
    8.403000547227));
#2997 = CARTESIAN_POINT('',(47.805855296829,-36.24468747706,
    8.362684754898));
#2998 = CARTESIAN_POINT('',(47.819776885354,-36.21667284827,
    8.32236896257));
#2999 = CARTESIAN_POINT('',(47.831279797273,-36.18686507699,
    8.282061763939));
#3000 = CARTESIAN_POINT('',(47.840148928306,-36.1552341467,
    8.241827051568));
#3001 = CARTESIAN_POINT('',(47.560105626502,-36.58058830155,
    8.240753611383));
#3002 = CARTESIAN_POINT('',(47.569497678678,-36.56851154364,
    8.220690810434));
#3003 = CARTESIAN_POINT('',(47.578889730855,-36.55643478573,
    8.200628009486));
#3004 = CARTESIAN_POINT('',(47.588281783031,-36.54435802782,
    8.180565208537));
#3005 = CARTESIAN_POINT('',(47.597673835208,-36.53228126991,
    8.160502407589));
#3006 = CARTESIAN_POINT('',(47.607065887384,-36.52020451201,
    8.14043960664));
#3007 = CARTESIAN_POINT('',(47.616457939561,-36.5081277541,
    8.120376805692));
#3008 = CARTESIAN_POINT('',(47.362998881273,-36.83403775005,8.));
#3009 = CARTESIAN_POINT('',(47.362998881273,-36.83403775005,8.));
#3010 = CARTESIAN_POINT('',(47.362998881273,-36.83403775005,8.));
#3011 = CARTESIAN_POINT('',(47.362998881273,-36.83403775005,8.));
#3012 = CARTESIAN_POINT('',(47.362998881273,-36.83403775005,8.));
#3013 = CARTESIAN_POINT('',(47.362998881273,-36.83403775005,8.));
#3014 = CARTESIAN_POINT('',(47.362998881273,-36.83403775005,8.));
#3015 = DEFINITIONAL_REPRESENTATION('',(#3016),#3042);
#3016 = B_SPLINE_CURVE_WITH_KNOTS('',3,(#3017,#3018,#3019,#3020,#3021,
    #3022,#3023,#3024,#3025,#3026,#3027,#3028,#3029,#3030,#3031,#3032,
    #3033,#3034,#3035,#3036,#3037,#3038,#3039,#3040,#3041),
  .UNSPECIFIED.,.F.,.F.,(4,1,1,1,1,1,1,1,1,1,1,1,1,1,1,1,1,1,1,1,1,1,4),
  (-1.3493375766E-05,1.250283050565E-04,2.635499858791E-04,
    4.020716667016E-04,5.405933475242E-04,6.791150283467E-04,
    8.176367091693E-04,9.561583899918E-04,1.094680070814E-03,
    1.233201751637E-03,1.371723432459E-03,1.510245113282E-03,
    1.648766794105E-03,1.787288474927E-03,1.92581015575E-03,
    2.064331836572E-03,2.202853517395E-03,2.341375198217E-03,
    2.47989687904E-03,2.618418559862E-03,2.756940240685E-03,
    2.895461921507E-03,3.03398360233E-03),.UNSPECIFIED.);
#3017 = CARTESIAN_POINT('',(4.764504333031E-03,0.999867459663));
#3018 = CARTESIAN_POINT('',(4.721875235686E-03,0.999905475882));
#3019 = CARTESIAN_POINT('',(4.636702139608E-03,0.999889846915));
#3020 = CARTESIAN_POINT('',(4.509078218517E-03,0.999732079953));
#3021 = CARTESIAN_POINT('',(4.381470477174E-03,0.999650579064));
#3022 = CARTESIAN_POINT('',(4.253759268921E-03,0.999611182733));
#3023 = CARTESIAN_POINT('',(4.125822997173E-03,0.999630757726));
#3024 = CARTESIAN_POINT('',(3.997536579636E-03,0.999699170471));
#3025 = CARTESIAN_POINT('',(3.868769996859E-03,0.999800832234));
#3026 = CARTESIAN_POINT('',(3.739385526096E-03,0.999909815537));
#3027 = CARTESIAN_POINT('',(3.609239191633E-03,0.999989091476));
#3028 = CARTESIAN_POINT('',(3.478165399496E-03,0.999997774998));
#3029 = CARTESIAN_POINT('',(3.34602701803E-03,1.0000411883));
#3030 = CARTESIAN_POINT('',(3.212874568469E-03,0.999991318051));
#3031 = CARTESIAN_POINT('',(3.078707812558E-03,0.99986321254));
#3032 = CARTESIAN_POINT('',(2.943395083053E-03,0.999745825302));
#3033 = CARTESIAN_POINT('',(2.806825769985E-03,0.999667654352));
#3034 = CARTESIAN_POINT('',(2.668865415757E-03,0.999644322327));
#3035 = CARTESIAN_POINT('',(2.529372036789E-03,0.999674492131));
#3036 = CARTESIAN_POINT('',(2.388163357666E-03,0.999744831094));
#3037 = CARTESIAN_POINT('',(2.245117208753E-03,0.999841034673));
#3038 = CARTESIAN_POINT('',(2.100244521127E-03,0.999931706749));
#3039 = CARTESIAN_POINT('',(1.953449262033E-03,0.999989075473));
#3040 = CARTESIAN_POINT('',(1.854260059123E-03,1.000001869075));
#3041 = CARTESIAN_POINT('',(1.804321606444E-03,1.));
#3042 = ( GEOMETRIC_REPRESENTATION_CONTEXT(2) 
PARAMETRIC_REPRESENTATION_CONTEXT() REPRESENTATION_CONTEXT('2D SPACE',''
  ) );
#3043 = ORIENTED_EDGE('',*,*,#3044,.T.);
#3044 = EDGE_CURVE('',#2857,#3045,#3047,.T.);
#3045 = VERTEX_POINT('',#3046);
#3046 = CARTESIAN_POINT('',(49.055489212719,-32.78046641066,9.));
#3047 = SURFACE_CURVE('',#3048,(#3055,#3084),.PCURVE_S1.);
#3048 = B_SPLINE_CURVE_WITH_KNOTS('',3,(#3049,#3050,#3051,#3052,#3053,
    #3054),.UNSPECIFIED.,.F.,.F.,(4,2,4),(3.03398360233E-03,
    3.793525396734E-03,4.553067191137E-03),.UNSPECIFIED.);
#3049 = CARTESIAN_POINT('',(48.658479926286,-34.22496007609,
    8.800269972714));
#3050 = CARTESIAN_POINT('',(48.731360600963,-33.98998215971,
    8.854879241588));
#3051 = CARTESIAN_POINT('',(48.798901316025,-33.75076920704,
    8.903603279907));
#3052 = CARTESIAN_POINT('',(48.929014643204,-33.26873194263,
    8.975961559079));
#3053 = CARTESIAN_POINT('',(48.991720150696,-33.0257653505,9.));
#3054 = CARTESIAN_POINT('',(49.055489212719,-32.78046641066,9.));
#3055 = PCURVE('',#2868,#3056);
#3056 = DEFINITIONAL_REPRESENTATION('',(#3057),#3083);
#3057 = B_SPLINE_CURVE_WITH_KNOTS('',3,(#3058,#3059,#3060,#3061,#3062,
    #3063,#3064,#3065,#3066,#3067,#3068,#3069,#3070,#3071,#3072,#3073,
    #3074,#3075,#3076,#3077,#3078,#3079,#3080,#3081,#3082),
  .UNSPECIFIED.,.F.,.F.,(4,1,1,1,1,1,1,1,1,1,1,1,1,1,1,1,1,1,1,1,1,1,4),
  (3.03398360233E-03,3.103032856367E-03,3.172082110403E-03,
    3.24113136444E-03,3.310180618477E-03,3.379229872513E-03,
    3.44827912655E-03,3.517328380587E-03,3.586377634623E-03,
    3.65542688866E-03,3.724476142697E-03,3.793525396734E-03,
    3.86257465077E-03,3.931623904807E-03,4.000673158844E-03,
    4.06972241288E-03,4.138771666917E-03,4.207820920954E-03,
    4.27687017499E-03,4.345919429027E-03,4.414968683064E-03,
    4.4840179371E-03,4.553067191137E-03),.QUASI_UNIFORM_KNOTS.);
#3058 = CARTESIAN_POINT('',(3.14159265359,4.069337961184));
#3059 = CARTESIAN_POINT('',(3.136999111728,4.077617158339));
#3060 = CARTESIAN_POINT('',(3.127836238397,4.094281801207));
#3061 = CARTESIAN_POINT('',(3.114168889221,4.119603948538));
#3062 = CARTESIAN_POINT('',(3.100582828555,4.145257273291));
#3063 = CARTESIAN_POINT('',(3.087082390909,4.171249320206));
#3064 = CARTESIAN_POINT('',(3.073671899564,4.197588588746));
#3065 = CARTESIAN_POINT('',(3.060355655522,4.224284631356));
#3066 = CARTESIAN_POINT('',(3.047137927043,4.251347936889));
#3067 = CARTESIAN_POINT('',(3.034022931891,4.278789949288));
#3068 = CARTESIAN_POINT('',(3.021014850589,4.306622726841));
#3069 = CARTESIAN_POINT('',(3.008117725638,4.334859866725));
#3070 = CARTESIAN_POINT('',(2.995335788856,4.363512685604));
#3071 = CARTESIAN_POINT('',(2.982672193532,4.392604062438));
#3072 = CARTESIAN_POINT('',(2.970127645477,4.422153774693));
#3073 = CARTESIAN_POINT('',(2.957703842727,4.452174291028));
#3074 = CARTESIAN_POINT('',(2.945402212351,4.482684707957));
#3075 = CARTESIAN_POINT('',(2.933224242924,4.51370697946));
#3076 = CARTESIAN_POINT('',(2.921171389604,4.545266848782));
#3077 = CARTESIAN_POINT('',(2.909245093786,4.577393480058));
#3078 = CARTESIAN_POINT('',(2.897446772631,4.610119360734));
#3079 = CARTESIAN_POINT('',(2.885777815353,4.643480155504));
#3080 = CARTESIAN_POINT('',(2.874239583568,4.677514170393));
#3081 = CARTESIAN_POINT('',(2.866635454309,4.700680092453));
#3082 = CARTESIAN_POINT('',(2.862855617074,4.712388980385));
#3083 = ( GEOMETRIC_REPRESENTATION_CONTEXT(2) 
PARAMETRIC_REPRESENTATION_CONTEXT() REPRESENTATION_CONTEXT('2D SPACE',''
  ) );
#3084 = PCURVE('',#2902,#3085);
#3085 = DEFINITIONAL_REPRESENTATION('',(#3086),#3112);
#3086 = B_SPLINE_CURVE_WITH_KNOTS('',3,(#3087,#3088,#3089,#3090,#3091,
    #3092,#3093,#3094,#3095,#3096,#3097,#3098,#3099,#3100,#3101,#3102,
    #3103,#3104,#3105,#3106,#3107,#3108,#3109,#3110,#3111),
  .UNSPECIFIED.,.F.,.F.,(4,1,1,1,1,1,1,1,1,1,1,1,1,1,1,1,1,1,1,1,1,1,4),
  (3.03398360233E-03,3.103032856367E-03,3.172082110403E-03,
    3.24113136444E-03,3.310180618477E-03,3.379229872513E-03,
    3.44827912655E-03,3.517328380587E-03,3.586377634623E-03,
    3.65542688866E-03,3.724476142697E-03,3.793525396734E-03,
    3.86257465077E-03,3.931623904807E-03,4.000673158844E-03,
    4.06972241288E-03,4.138771666917E-03,4.207820920954E-03,
    4.27687017499E-03,4.345919429027E-03,4.414968683064E-03,
    4.4840179371E-03,4.553067191137E-03),.QUASI_UNIFORM_KNOTS.);
#3087 = CARTESIAN_POINT('',(1.804321606444E-03,1.));
#3088 = CARTESIAN_POINT('',(1.779422114504E-03,0.999999929682));
#3089 = CARTESIAN_POINT('',(1.729477331725E-03,0.999998134121));
#3090 = CARTESIAN_POINT('',(1.654096036385E-03,0.999992919563));
#3091 = CARTESIAN_POINT('',(1.578226357196E-03,0.99998807548));
#3092 = CARTESIAN_POINT('',(1.501835415211E-03,0.999984925094));
#3093 = CARTESIAN_POINT('',(1.424888617509E-03,0.99998412201));
#3094 = CARTESIAN_POINT('',(1.347349343534E-03,0.999985280194));
#3095 = CARTESIAN_POINT('',(1.269171918378E-03,0.999988863089));
#3096 = CARTESIAN_POINT('',(1.190328556348E-03,0.999990331306));
#3097 = CARTESIAN_POINT('',(1.110706999629E-03,1.000003053203));
#3098 = CARTESIAN_POINT('',(1.030247972001E-03,1.000029514675));
#3099 = CARTESIAN_POINT('',(9.48972446585E-04,1.00005915483));
#3100 = CARTESIAN_POINT('',(8.668695806404E-04,1.000081173883));
#3101 = CARTESIAN_POINT('',(7.839286298514E-04,1.000092539759));
#3102 = CARTESIAN_POINT('',(7.001519887895E-04,1.000096247267));
#3103 = CARTESIAN_POINT('',(6.155392652436E-04,1.000093098534));
#3104 = CARTESIAN_POINT('',(5.300918493053E-04,1.000084219825));
#3105 = CARTESIAN_POINT('',(4.438120282024E-04,1.000070671934));
#3106 = CARTESIAN_POINT('',(3.567036095428E-04,1.000053811275));
#3107 = CARTESIAN_POINT('',(2.687721406999E-04,1.00003540884));
#3108 = CARTESIAN_POINT('',(1.800253855727E-04,1.000017830597));
#3109 = CARTESIAN_POINT('',(9.047328383764E-05,1.000004044941));
#3110 = CARTESIAN_POINT('',(3.024427452414E-05,1.000000066061));
#3111 = CARTESIAN_POINT('',(-6.071532E-18,1.));
#3112 = ( GEOMETRIC_REPRESENTATION_CONTEXT(2) 
PARAMETRIC_REPRESENTATION_CONTEXT() REPRESENTATION_CONTEXT('2D SPACE',''
  ) );
#3113 = ORIENTED_EDGE('',*,*,#3114,.F.);
#3114 = EDGE_CURVE('',#3115,#3045,#3117,.T.);
#3115 = VERTEX_POINT('',#3116);
#3116 = CARTESIAN_POINT('',(39.863857391738,-31.00198177296,9.));
#3117 = SURFACE_CURVE('',#3118,(#3123,#3130),.PCURVE_S1.);
#3118 = CIRCLE('',#3119,5.25);
#3119 = AXIS2_PLACEMENT_3D('',#3120,#3121,#3122);
#3120 = CARTESIAN_POINT('',(44.008119793849,-34.22496007609,9.));
#3121 = DIRECTION('',(0.,0.,-1.));
#3122 = DIRECTION('',(1.,0.,0.));
#3123 = PCURVE('',#2868,#3124);
#3124 = DEFINITIONAL_REPRESENTATION('',(#3125),#3129);
#3125 = LINE('',#3126,#3127);
#3126 = CARTESIAN_POINT('',(-3.14159265359,4.712388980385));
#3127 = VECTOR('',#3128,1.);
#3128 = DIRECTION('',(1.,1.210127576438E-15));
#3129 = ( GEOMETRIC_REPRESENTATION_CONTEXT(2) 
PARAMETRIC_REPRESENTATION_CONTEXT() REPRESENTATION_CONTEXT('2D SPACE',''
  ) );
#3130 = PCURVE('',#3131,#3136);
#3131 = PLANE('',#3132);
#3132 = AXIS2_PLACEMENT_3D('',#3133,#3134,#3135);
#3133 = CARTESIAN_POINT('',(-47.57979592433,-19.7081967668,9.));
#3134 = DIRECTION('',(0.,0.,-1.));
#3135 = DIRECTION('',(-1.,0.,0.));
#3136 = DEFINITIONAL_REPRESENTATION('',(#3137),#3141);
#3137 = CIRCLE('',#3138,5.25);
#3138 = AXIS2_PLACEMENT_2D('',#3139,#3140);
#3139 = CARTESIAN_POINT('',(-91.58791571818,-14.51676330929));
#3140 = DIRECTION('',(-1.,0.));
#3141 = ( GEOMETRIC_REPRESENTATION_CONTEXT(2) 
PARAMETRIC_REPRESENTATION_CONTEXT() REPRESENTATION_CONTEXT('2D SPACE',''
  ) );
#3142 = ORIENTED_EDGE('',*,*,#3143,.T.);
#3143 = EDGE_CURVE('',#3115,#3144,#3146,.T.);
#3144 = VERTEX_POINT('',#3145);
#3145 = CARTESIAN_POINT('',(40.653240706426,-31.61588240213,8.));
#3146 = SURFACE_CURVE('',#3147,(#3152,#3159),.PCURVE_S1.);
#3147 = CIRCLE('',#3148,1.);
#3148 = AXIS2_PLACEMENT_3D('',#3149,#3150,#3151);
#3149 = CARTESIAN_POINT('',(39.863857391738,-31.00198177296,8.));
#3150 = DIRECTION('',(0.613900629168,0.789383314688,-0.));
#3151 = DIRECTION('',(-0.789383314688,0.613900629168,0.));
#3152 = PCURVE('',#2868,#3153);
#3153 = DEFINITIONAL_REPRESENTATION('',(#3154),#3158);
#3154 = LINE('',#3155,#3156);
#3155 = CARTESIAN_POINT('',(0.660992515215,6.28318530718));
#3156 = VECTOR('',#3157,1.);
#3157 = DIRECTION('',(-3.533949646071E-16,-1.));
#3158 = ( GEOMETRIC_REPRESENTATION_CONTEXT(2) 
PARAMETRIC_REPRESENTATION_CONTEXT() REPRESENTATION_CONTEXT('2D SPACE',''
  ) );
#3159 = PCURVE('',#3160,#3165);
#3160 = TOROIDAL_SURFACE('',#3161,50.5,1.);
#3161 = AXIS2_PLACEMENT_3D('',#3162,#3163,#3164);
#3162 = CARTESIAN_POINT('',(0.,0.,8.));
#3163 = DIRECTION('',(0.,0.,-1.));
#3164 = DIRECTION('',(-1.,0.,0.));
#3165 = DEFINITIONAL_REPRESENTATION('',(#3166),#3170);
#3166 = LINE('',#3167,#3168);
#3167 = CARTESIAN_POINT('',(3.802585168805,3.14159265359));
#3168 = VECTOR('',#3169,1.);
#3169 = DIRECTION('',(0.,1.));
#3170 = ( GEOMETRIC_REPRESENTATION_CONTEXT(2) 
PARAMETRIC_REPRESENTATION_CONTEXT() REPRESENTATION_CONTEXT('2D SPACE',''
  ) );
#3171 = ORIENTED_EDGE('',*,*,#3172,.F.);
#3172 = EDGE_CURVE('',#2855,#3144,#3173,.T.);
#3173 = SURFACE_CURVE('',#3174,(#3179,#3186),.PCURVE_S1.);
#3174 = CIRCLE('',#3175,4.25);
#3175 = AXIS2_PLACEMENT_3D('',#3176,#3177,#3178);
#3176 = CARTESIAN_POINT('',(44.008119793849,-34.22496007609,8.));
#3177 = DIRECTION('',(0.,0.,1.));
#3178 = DIRECTION('',(1.,0.,0.));
#3179 = PCURVE('',#2868,#3180);
#3180 = DEFINITIONAL_REPRESENTATION('',(#3181),#3185);
#3181 = LINE('',#3182,#3183);
#3182 = CARTESIAN_POINT('',(9.424777960769,3.14159265359));
#3183 = VECTOR('',#3184,1.);
#3184 = DIRECTION('',(-1.,7.067899292141E-16));
#3185 = ( GEOMETRIC_REPRESENTATION_CONTEXT(2) 
PARAMETRIC_REPRESENTATION_CONTEXT() REPRESENTATION_CONTEXT('2D SPACE',''
  ) );
#3186 = PCURVE('',#445,#3187);
#3187 = DEFINITIONAL_REPRESENTATION('',(#3188),#3192);
#3188 = LINE('',#3189,#3190);
#3189 = CARTESIAN_POINT('',(12.566370614359,19.));
#3190 = VECTOR('',#3191,1.);
#3191 = DIRECTION('',(-1.,0.));
#3192 = ( GEOMETRIC_REPRESENTATION_CONTEXT(2) 
PARAMETRIC_REPRESENTATION_CONTEXT() REPRESENTATION_CONTEXT('2D SPACE',''
  ) );
#3193 = ADVANCED_FACE('',(#3194),#3209,.F.);
#3194 = FACE_BOUND('',#3195,.F.);
#3195 = EDGE_LOOP('',(#3196,#3232,#3261,#3294,#3477));
#3196 = ORIENTED_EDGE('',*,*,#3197,.F.);
#3197 = EDGE_CURVE('',#3198,#3200,#3202,.T.);
#3198 = VERTEX_POINT('',#3199);
#3199 = CARTESIAN_POINT('',(40.653240706426,-31.61588240213,19.));
#3200 = VERTEX_POINT('',#3201);
#3201 = CARTESIAN_POINT('',(47.362998881273,-36.83403775005,19.));
#3202 = SURFACE_CURVE('',#3203,(#3208,#3220),.PCURVE_S1.);
#3203 = CIRCLE('',#3204,4.25);
#3204 = AXIS2_PLACEMENT_3D('',#3205,#3206,#3207);
#3205 = CARTESIAN_POINT('',(44.008119793849,-34.22496007609,19.));
#3206 = DIRECTION('',(0.,0.,-1.));
#3207 = DIRECTION('',(1.,0.,0.));
#3208 = PCURVE('',#3209,#3214);
#3209 = TOROIDAL_SURFACE('',#3210,5.25,1.);
#3210 = AXIS2_PLACEMENT_3D('',#3211,#3212,#3213);
#3211 = CARTESIAN_POINT('',(44.008119793849,-34.22496007609,19.));
#3212 = DIRECTION('',(0.,0.,-1.));
#3213 = DIRECTION('',(-1.,0.,0.));
#3214 = DEFINITIONAL_REPRESENTATION('',(#3215),#3219);
#3215 = LINE('',#3216,#3217);
#3216 = CARTESIAN_POINT('',(-3.14159265359,3.14159265359));
#3217 = VECTOR('',#3218,1.);
#3218 = DIRECTION('',(1.,-4.240739575285E-16));
#3219 = ( GEOMETRIC_REPRESENTATION_CONTEXT(2) 
PARAMETRIC_REPRESENTATION_CONTEXT() REPRESENTATION_CONTEXT('2D SPACE',''
  ) );
#3220 = PCURVE('',#3221,#3226);
#3221 = CYLINDRICAL_SURFACE('',#3222,4.25);
#3222 = AXIS2_PLACEMENT_3D('',#3223,#3224,#3225);
#3223 = CARTESIAN_POINT('',(44.008119793849,-34.22496007609,27.));
#3224 = DIRECTION('',(0.,0.,-1.));
#3225 = DIRECTION('',(1.,0.,0.));
#3226 = DEFINITIONAL_REPRESENTATION('',(#3227),#3231);
#3227 = LINE('',#3228,#3229);
#3228 = CARTESIAN_POINT('',(0.,8.));
#3229 = VECTOR('',#3230,1.);
#3230 = DIRECTION('',(1.,0.));
#3231 = ( GEOMETRIC_REPRESENTATION_CONTEXT(2) 
PARAMETRIC_REPRESENTATION_CONTEXT() REPRESENTATION_CONTEXT('2D SPACE',''
  ) );
#3232 = ORIENTED_EDGE('',*,*,#3233,.T.);
#3233 = EDGE_CURVE('',#3198,#3234,#3236,.T.);
#3234 = VERTEX_POINT('',#3235);
#3235 = CARTESIAN_POINT('',(39.863857391738,-31.00198177296,18.));
#3236 = SURFACE_CURVE('',#3237,(#3242,#3249),.PCURVE_S1.);
#3237 = CIRCLE('',#3238,1.);
#3238 = AXIS2_PLACEMENT_3D('',#3239,#3240,#3241);
#3239 = CARTESIAN_POINT('',(39.863857391738,-31.00198177296,19.));
#3240 = DIRECTION('',(0.613900629168,0.789383314688,-0.));
#3241 = DIRECTION('',(-0.789383314688,0.613900629168,0.));
#3242 = PCURVE('',#3209,#3243);
#3243 = DEFINITIONAL_REPRESENTATION('',(#3244),#3248);
#3244 = LINE('',#3245,#3246);
#3245 = CARTESIAN_POINT('',(0.660992515215,6.28318530718));
#3246 = VECTOR('',#3247,1.);
#3247 = DIRECTION('',(3.533949646071E-16,-1.));
#3248 = ( GEOMETRIC_REPRESENTATION_CONTEXT(2) 
PARAMETRIC_REPRESENTATION_CONTEXT() REPRESENTATION_CONTEXT('2D SPACE',''
  ) );
#3249 = PCURVE('',#3250,#3255);
#3250 = TOROIDAL_SURFACE('',#3251,50.5,1.);
#3251 = AXIS2_PLACEMENT_3D('',#3252,#3253,#3254);
#3252 = CARTESIAN_POINT('',(0.,0.,19.));
#3253 = DIRECTION('',(0.,0.,-1.));
#3254 = DIRECTION('',(-1.,0.,0.));
#3255 = DEFINITIONAL_REPRESENTATION('',(#3256),#3260);
#3256 = LINE('',#3257,#3258);
#3257 = CARTESIAN_POINT('',(3.802585168805,-3.14159265359));
#3258 = VECTOR('',#3259,1.);
#3259 = DIRECTION('',(0.,1.));
#3260 = ( GEOMETRIC_REPRESENTATION_CONTEXT(2) 
PARAMETRIC_REPRESENTATION_CONTEXT() REPRESENTATION_CONTEXT('2D SPACE',''
  ) );
#3261 = ORIENTED_EDGE('',*,*,#3262,.F.);
#3262 = EDGE_CURVE('',#3263,#3234,#3265,.T.);
#3263 = VERTEX_POINT('',#3264);
#3264 = CARTESIAN_POINT('',(49.055489212719,-32.78046641066,18.));
#3265 = SURFACE_CURVE('',#3266,(#3271,#3278),.PCURVE_S1.);
#3266 = CIRCLE('',#3267,5.25);
#3267 = AXIS2_PLACEMENT_3D('',#3268,#3269,#3270);
#3268 = CARTESIAN_POINT('',(44.008119793849,-34.22496007609,18.));
#3269 = DIRECTION('',(0.,0.,1.));
#3270 = DIRECTION('',(1.,0.,0.));
#3271 = PCURVE('',#3209,#3272);
#3272 = DEFINITIONAL_REPRESENTATION('',(#3273),#3277);
#3273 = LINE('',#3274,#3275);
#3274 = CARTESIAN_POINT('',(3.14159265359,1.570796326795));
#3275 = VECTOR('',#3276,1.);
#3276 = DIRECTION('',(-1.,2.218567223469E-15));
#3277 = ( GEOMETRIC_REPRESENTATION_CONTEXT(2) 
PARAMETRIC_REPRESENTATION_CONTEXT() REPRESENTATION_CONTEXT('2D SPACE',''
  ) );
#3278 = PCURVE('',#3279,#3284);
#3279 = PLANE('',#3280);
#3280 = AXIS2_PLACEMENT_3D('',#3281,#3282,#3283);
#3281 = CARTESIAN_POINT('',(-47.57979592433,-19.7081967668,18.));
#3282 = DIRECTION('',(0.,0.,-1.));
#3283 = DIRECTION('',(-1.,0.,0.));
#3284 = DEFINITIONAL_REPRESENTATION('',(#3285),#3293);
#3285 = ( BOUNDED_CURVE() B_SPLINE_CURVE(2,(#3286,#3287,#3288,#3289,
#3290,#3291,#3292),.UNSPECIFIED.,.T.,.F.) B_SPLINE_CURVE_WITH_KNOTS((1,2
    ,2,2,2,1),(-2.094395102393,0.,2.094395102393,4.188790204786,
6.28318530718,8.377580409573),.UNSPECIFIED.) CURVE() 
GEOMETRIC_REPRESENTATION_ITEM() RATIONAL_B_SPLINE_CURVE((1.,0.5,1.,0.5,
1.,0.5,1.)) REPRESENTATION_ITEM('') );
#3286 = CARTESIAN_POINT('',(-96.83791571818,-14.51676330929));
#3287 = CARTESIAN_POINT('',(-96.83791571818,-5.423496569555));
#3288 = CARTESIAN_POINT('',(-88.96291571818,-9.970129939423));
#3289 = CARTESIAN_POINT('',(-81.08791571818,-14.51676330929));
#3290 = CARTESIAN_POINT('',(-88.96291571818,-19.06339667916));
#3291 = CARTESIAN_POINT('',(-96.83791571818,-23.61003004902));
#3292 = CARTESIAN_POINT('',(-96.83791571818,-14.51676330929));
#3293 = ( GEOMETRIC_REPRESENTATION_CONTEXT(2) 
PARAMETRIC_REPRESENTATION_CONTEXT() REPRESENTATION_CONTEXT('2D SPACE',''
  ) );
#3294 = ORIENTED_EDGE('',*,*,#3295,.T.);
#3295 = EDGE_CURVE('',#3263,#3296,#3298,.T.);
#3296 = VERTEX_POINT('',#3297);
#3297 = CARTESIAN_POINT('',(48.658479926285,-34.22496007609,
    18.199730027286));
#3298 = SURFACE_CURVE('',#3299,(#3306,#3335),.PCURVE_S1.);
#3299 = B_SPLINE_CURVE_WITH_KNOTS('',3,(#3300,#3301,#3302,#3303,#3304,
    #3305),.UNSPECIFIED.,.F.,.F.,(4,2,4),(0.,7.56173556973E-04,
    1.512347113947E-03),.UNSPECIFIED.);
#3300 = CARTESIAN_POINT('',(49.055489212719,-32.78046641066,18.));
#3301 = CARTESIAN_POINT('',(48.991720150696,-33.0257653505,18.));
#3302 = CARTESIAN_POINT('',(48.929014643204,-33.26873194263,
    18.024038440921));
#3303 = CARTESIAN_POINT('',(48.798901316025,-33.75076920704,
    18.096396720093));
#3304 = CARTESIAN_POINT('',(48.731360600963,-33.98998215971,
    18.145120758412));
#3305 = CARTESIAN_POINT('',(48.658479926286,-34.22496007609,
    18.199730027286));
#3306 = PCURVE('',#3209,#3307);
#3307 = DEFINITIONAL_REPRESENTATION('',(#3308),#3334);
#3308 = B_SPLINE_CURVE_WITH_KNOTS('',3,(#3309,#3310,#3311,#3312,#3313,
    #3314,#3315,#3316,#3317,#3318,#3319,#3320,#3321,#3322,#3323,#3324,
    #3325,#3326,#3327,#3328,#3329,#3330,#3331,#3332,#3333),
  .UNSPECIFIED.,.F.,.F.,(4,1,1,1,1,1,1,1,1,1,1,1,1,1,1,1,1,1,1,1,1,1,4),
  (0.,6.874305063395E-05,1.374861012679E-04,2.062291519019E-04,
    2.749722025358E-04,3.437152531698E-04,4.124583038037E-04,
    4.812013544377E-04,5.499444050716E-04,6.186874557056E-04,
    6.874305063395E-04,7.561735569735E-04,8.249166076075E-04,
    8.936596582414E-04,9.624027088754E-04,1.031145759509E-03,
    1.099888810143E-03,1.168631860777E-03,1.237374911411E-03,
    1.306117962045E-03,1.374861012679E-03,1.443604063313E-03,
    1.512347113947E-03),.QUASI_UNIFORM_KNOTS.);
#3309 = CARTESIAN_POINT('',(2.862855617074,1.570796326795));
#3310 = CARTESIAN_POINT('',(2.866635454309,1.582505214727));
#3311 = CARTESIAN_POINT('',(2.874239583568,1.605671136787));
#3312 = CARTESIAN_POINT('',(2.885777815353,1.639705151676));
#3313 = CARTESIAN_POINT('',(2.897446772631,1.673065946446));
#3314 = CARTESIAN_POINT('',(2.909245093786,1.705791827122));
#3315 = CARTESIAN_POINT('',(2.921171389604,1.737918458398));
#3316 = CARTESIAN_POINT('',(2.933224242924,1.769478327719));
#3317 = CARTESIAN_POINT('',(2.945402212351,1.800500599223));
#3318 = CARTESIAN_POINT('',(2.957703842727,1.831011016152));
#3319 = CARTESIAN_POINT('',(2.970127645477,1.861031532486));
#3320 = CARTESIAN_POINT('',(2.982672193532,1.890581244741));
#3321 = CARTESIAN_POINT('',(2.995335788856,1.919672621576));
#3322 = CARTESIAN_POINT('',(3.008117725638,1.948325440454));
#3323 = CARTESIAN_POINT('',(3.021014850589,1.976562580338));
#3324 = CARTESIAN_POINT('',(3.034022931891,2.004395357892));
#3325 = CARTESIAN_POINT('',(3.047137927043,2.031837370291));
#3326 = CARTESIAN_POINT('',(3.060355655522,2.058900675823));
#3327 = CARTESIAN_POINT('',(3.073671899564,2.085596718434));
#3328 = CARTESIAN_POINT('',(3.087082390909,2.111935986973));
#3329 = CARTESIAN_POINT('',(3.100582828555,2.137928033889));
#3330 = CARTESIAN_POINT('',(3.114168889221,2.163581358642));
#3331 = CARTESIAN_POINT('',(3.127836238397,2.188903505973));
#3332 = CARTESIAN_POINT('',(3.136999111728,2.205568148841));
#3333 = CARTESIAN_POINT('',(3.14159265359,2.213847345996));
#3334 = ( GEOMETRIC_REPRESENTATION_CONTEXT(2) 
PARAMETRIC_REPRESENTATION_CONTEXT() REPRESENTATION_CONTEXT('2D SPACE',''
  ) );
#3335 = PCURVE('',#3336,#3449);
#3336 = B_SPLINE_SURFACE_WITH_KNOTS('',3,3,(
    (#3337,#3338,#3339,#3340,#3341,#3342,#3343)
    ,(#3344,#3345,#3346,#3347,#3348,#3349,#3350)
    ,(#3351,#3352,#3353,#3354,#3355,#3356,#3357)
    ,(#3358,#3359,#3360,#3361,#3362,#3363,#3364)
    ,(#3365,#3366,#3367,#3368,#3369,#3370,#3371)
    ,(#3372,#3373,#3374,#3375,#3376,#3377,#3378)
    ,(#3379,#3380,#3381,#3382,#3383,#3384,#3385)
    ,(#3386,#3387,#3388,#3389,#3390,#3391,#3392)
    ,(#3393,#3394,#3395,#3396,#3397,#3398,#3399)
    ,(#3400,#3401,#3402,#3403,#3404,#3405,#3406)
    ,(#3407,#3408,#3409,#3410,#3411,#3412,#3413)
    ,(#3414,#3415,#3416,#3417,#3418,#3419,#3420)
    ,(#3421,#3422,#3423,#3424,#3425,#3426,#3427)
    ,(#3428,#3429,#3430,#3431,#3432,#3433,#3434)
    ,(#3435,#3436,#3437,#3438,#3439,#3440,#3441)
    ,(#3442,#3443,#3444,#3445,#3446,#3447,#3448
  )),.UNSPECIFIED.,.F.,.F.,.F.,(4,3,3,3,3,4),(4,3,4),(0.,
    1.191126083258E-03,1.786689124887E-03,2.382252166516E-03,
    3.573378249773E-03,4.764504333031E-03),(0.,0.5,1.),.UNSPECIFIED.);
#3337 = CARTESIAN_POINT('',(49.055489212719,-32.78046641066,18.));
#3338 = CARTESIAN_POINT('',(49.273162043974,-32.92592244521,18.));
#3339 = CARTESIAN_POINT('',(49.489494482349,-33.07048278582,
    17.89222690361));
#3340 = CARTESIAN_POINT('',(49.643412417409,-33.17333573421,
    17.707106781187));
#3341 = CARTESIAN_POINT('',(49.79733035247,-33.2761886826,
    17.521986658763));
#3342 = CARTESIAN_POINT('',(49.886938182426,-33.33606753627,
    17.261799387799));
#3343 = CARTESIAN_POINT('',(49.886938182426,-33.33606753627,17.));
#3344 = CARTESIAN_POINT('',(48.979384006868,-33.07321850264,18.));
#3345 = CARTESIAN_POINT('',(49.182292398892,-33.21095901103,
    17.973983477227));
#3346 = CARTESIAN_POINT('',(49.368358454419,-33.35263278177,
    17.854578933563));
#3347 = CARTESIAN_POINT('',(49.492126560411,-33.46296999237,
    17.671972131273));
#3348 = CARTESIAN_POINT('',(49.615894666403,-33.57330720297,
    17.489365328983));
#3349 = CARTESIAN_POINT('',(49.676313162928,-33.65126480169,
    17.245236754993));
#3350 = CARTESIAN_POINT('',(49.659255010516,-33.67679207763,17.));
#3351 = CARTESIAN_POINT('',(48.900984293518,-33.3793842827,
    18.034417416675));
#3352 = CARTESIAN_POINT('',(49.079970483696,-33.51373471381,
    17.985927345955));
#3353 = CARTESIAN_POINT('',(49.233554132359,-33.65216209303,
    17.861247498669));
#3354 = CARTESIAN_POINT('',(49.329479136533,-33.76491127287,
    17.687354399712));
#3355 = CARTESIAN_POINT('',(49.425404140707,-33.87766045271,
    17.513461300755));
#3356 = CARTESIAN_POINT('',(49.46306217824,-33.96396899601,
    17.291516250283));
#3357 = CARTESIAN_POINT('',(49.43486010448,-34.00509013694,
    17.06883483335));
#3358 = CARTESIAN_POINT('',(48.809911768799,-33.70725356515,
    18.092652006068));
#3359 = CARTESIAN_POINT('',(48.960756776074,-33.83587039564,
    18.029554789709));
#3360 = CARTESIAN_POINT('',(49.083248181114,-33.96718458714,
    17.90587394018));
#3361 = CARTESIAN_POINT('',(49.154847209041,-34.07703394639,
    17.744367093605));
#3362 = CARTESIAN_POINT('',(49.226446236968,-34.18688330563,
    17.58286024703));
#3363 = CARTESIAN_POINT('',(49.24679747255,-34.27472254401,
    17.384329118111));
#3364 = CARTESIAN_POINT('',(49.212156229234,-34.3243889861,
    17.185304012135));
#3365 = CARTESIAN_POINT('',(48.76437550644,-33.87118820638,
    18.121769300764));
#3366 = CARTESIAN_POINT('',(48.901149922262,-33.99693823656,
    18.051368511587));
#3367 = CARTESIAN_POINT('',(49.008095205491,-34.1246958342,
    17.928187160935));
#3368 = CARTESIAN_POINT('',(49.067531245295,-34.23309528315,
    17.772873440552));
#3369 = CARTESIAN_POINT('',(49.126967285098,-34.34149473209,
    17.617559720168));
#3370 = CARTESIAN_POINT('',(49.138665119705,-34.430099318,
    17.430735552025));
#3371 = CARTESIAN_POINT('',(49.100804291611,-34.48403841068,
    17.243538601528));
#3372 = CARTESIAN_POINT('',(48.715747666685,-34.03963438498,
    18.156893223008));
#3373 = CARTESIAN_POINT('',(48.837510666155,-34.16195732204,
    18.081166781111));
#3374 = CARTESIAN_POINT('',(48.929378674553,-34.28523058724,
    17.960051241987));
#3375 = CARTESIAN_POINT('',(48.977637175494,-34.39084963811,
    17.811855609855));
#3376 = CARTESIAN_POINT('',(49.025895676436,-34.49646868898,
    17.663659977723));
#3377 = CARTESIAN_POINT('',(49.030392772147,-34.58409017308,
    17.488864657187));
#3378 = CARTESIAN_POINT('',(48.990535193446,-34.64046603249,
    17.313786446015));
#3379 = CARTESIAN_POINT('',(48.663161777502,-34.20983585664,
    18.196225035549));
#3380 = CARTESIAN_POINT('',(48.770141038997,-34.32773080236,
    18.117325685145));
#3381 = CARTESIAN_POINT('',(48.848158147978,-34.44556290185,
    17.999593856388));
#3382 = CARTESIAN_POINT('',(48.886582928563,-34.5472770108,
    17.859071031246));
#3383 = CARTESIAN_POINT('',(48.925007709148,-34.64899111976,
    17.718548206104));
#3384 = CARTESIAN_POINT('',(48.923738158334,-34.73431722638,
    17.555607418591));
#3385 = CARTESIAN_POINT('',(48.882947258029,-34.79162927154,
    17.392450071098));
#3386 = CARTESIAN_POINT('',(48.61057588832,-34.38003732831,
    18.235556848091));
#3387 = CARTESIAN_POINT('',(48.702771411838,-34.49350428269,
    18.153484589179));
#3388 = CARTESIAN_POINT('',(48.766937621403,-34.60589521645,
    18.03913647079));
#3389 = CARTESIAN_POINT('',(48.795528681631,-34.7037043835,
    17.906286452638));
#3390 = CARTESIAN_POINT('',(48.82411974186,-34.80151355054,
    17.773436434485));
#3391 = CARTESIAN_POINT('',(48.81708354452,-34.88454427968,
    17.622350179996));
#3392 = CARTESIAN_POINT('',(48.775359322612,-34.9427925106,
    17.471113696181));
#3393 = CARTESIAN_POINT('',(48.55376304891,-34.5529381773,
    18.279270679303));
#3394 = CARTESIAN_POINT('',(48.631325935048,-34.66095660088,
    18.196132970275));
#3395 = CARTESIAN_POINT('',(48.682780265788,-34.76692975096,
    18.086487624149));
#3396 = CARTESIAN_POINT('',(48.702813082396,-34.85970062247,
    17.961902194409));
#3397 = CARTESIAN_POINT('',(48.722845899005,-34.95247149398,
    17.83731676467));
#3398 = CARTESIAN_POINT('',(48.711428554658,-35.03189757343,
    17.697982371618));
#3399 = CARTESIAN_POINT('',(48.669816722654,-35.08960406667,
    17.558541358605));
#3400 = CARTESIAN_POINT('',(48.490860493762,-34.7282153678,
    18.326402913357));
#3401 = CARTESIAN_POINT('',(48.554879720124,-34.82963500204,
    18.244181800682));
#3402 = CARTESIAN_POINT('',(48.595202504142,-34.92833798921,
    18.140312940919));
#3403 = CARTESIAN_POINT('',(48.608098550366,-35.01519323103,
    18.02440533167));
#3404 = CARTESIAN_POINT('',(48.62099459659,-35.10204847285,
    17.90849772242));
#3405 = CARTESIAN_POINT('',(48.606448477852,-35.17695206691,
    17.780690020609));
#3406 = CARTESIAN_POINT('',(48.565805868116,-35.23297461726,
    17.652805826714));
#3407 = CARTESIAN_POINT('',(48.365055383467,-35.07876974882,
    18.420667381466));
#3408 = CARTESIAN_POINT('',(48.401987290277,-35.16699180437,
    18.340279461494));
#3409 = CARTESIAN_POINT('',(48.420046980848,-35.2511544657,
    18.247963574459));
#3410 = CARTESIAN_POINT('',(48.418669486304,-35.32617844814,
    18.149411606191));
#3411 = CARTESIAN_POINT('',(48.41729199176,-35.40120243059,
    18.050859637922));
#3412 = CARTESIAN_POINT('',(48.396488324241,-35.46706105385,
    17.946105318592));
#3413 = CARTESIAN_POINT('',(48.357784159041,-35.51971571843,
    17.841334762932));
#3414 = CARTESIAN_POINT('',(48.214066825647,-35.43999103122,
    18.528709086996));
#3415 = CARTESIAN_POINT('',(48.228539580461,-35.50995889904,
    18.458261999591));
#3416 = CARTESIAN_POINT('',(48.23083386919,-35.57594953563,
    18.381821877292));
#3417 = CARTESIAN_POINT('',(48.220966987189,-35.6355152433,
    18.302271200106));
#3418 = CARTESIAN_POINT('',(48.211100105188,-35.69508095096,
    18.22272052292));
#3419 = CARTESIAN_POINT('',(48.189074233758,-35.74821170002,
    18.140072848138));
#3420 = CARTESIAN_POINT('',(48.155758538911,-35.79291861745,
    18.057418173992));
#3421 = CARTESIAN_POINT('',(48.027107876977,-35.79761258896,
    18.643441017714));
#3422 = CARTESIAN_POINT('',(48.029909688867,-35.84841198802,
    18.588100117826));
#3423 = CARTESIAN_POINT('',(48.025305377272,-35.89631119195,
    18.529726457361));
#3424 = CARTESIAN_POINT('',(48.013411142009,-35.94010136018,
    18.469793222604));
#3425 = CARTESIAN_POINT('',(48.001516906746,-35.98389152841,
    18.409859987847));
#3426 = CARTESIAN_POINT('',(47.982333770886,-36.02356889436,
    18.348372333894));
#3427 = CARTESIAN_POINT('',(47.956345862584,-36.05813211341,
    18.286882035428));
#3428 = CARTESIAN_POINT('',(47.840148928306,-36.1552341467,
    18.758172948432));
#3429 = CARTESIAN_POINT('',(47.831279797273,-36.18686507699,
    18.717938236061));
#3430 = CARTESIAN_POINT('',(47.819776885354,-36.21667284827,
    18.677631037431));
#3431 = CARTESIAN_POINT('',(47.805855296829,-36.24468747706,
    18.637315245102));
#3432 = CARTESIAN_POINT('',(47.791933708304,-36.27270210585,
    18.596999452773));
#3433 = CARTESIAN_POINT('',(47.775593308014,-36.29892608869,
    18.55667181965));
#3434 = CARTESIAN_POINT('',(47.756933186258,-36.32334560936,
    18.516345896864));
#3435 = CARTESIAN_POINT('',(47.616457939561,-36.5081277541,
    18.879623194309));
#3436 = CARTESIAN_POINT('',(47.607065887384,-36.52020451201,
    18.85956039336));
#3437 = CARTESIAN_POINT('',(47.597673835208,-36.53228126991,
    18.839497592411));
#3438 = CARTESIAN_POINT('',(47.588281783031,-36.54435802782,
    18.819434791463));
#3439 = CARTESIAN_POINT('',(47.578889730855,-36.55643478573,
    18.799371990514));
#3440 = CARTESIAN_POINT('',(47.569497678678,-36.56851154364,
    18.779309189566));
#3441 = CARTESIAN_POINT('',(47.560105626502,-36.58058830155,
    18.759246388617));
#3442 = CARTESIAN_POINT('',(47.362998881273,-36.83403775005,19.));
#3443 = CARTESIAN_POINT('',(47.362998881273,-36.83403775005,19.));
#3444 = CARTESIAN_POINT('',(47.362998881273,-36.83403775005,19.));
#3445 = CARTESIAN_POINT('',(47.362998881273,-36.83403775005,19.));
#3446 = CARTESIAN_POINT('',(47.362998881273,-36.83403775005,19.));
#3447 = CARTESIAN_POINT('',(47.362998881273,-36.83403775005,19.));
#3448 = CARTESIAN_POINT('',(47.362998881273,-36.83403775005,19.));
#3449 = DEFINITIONAL_REPRESENTATION('',(#3450),#3476);
#3450 = B_SPLINE_CURVE_WITH_KNOTS('',3,(#3451,#3452,#3453,#3454,#3455,
    #3456,#3457,#3458,#3459,#3460,#3461,#3462,#3463,#3464,#3465,#3466,
    #3467,#3468,#3469,#3470,#3471,#3472,#3473,#3474,#3475),
  .UNSPECIFIED.,.F.,.F.,(4,1,1,1,1,1,1,1,1,1,1,1,1,1,1,1,1,1,1,1,1,1,4),
  (0.,6.874305063395E-05,1.374861012679E-04,2.062291519019E-04,
    2.749722025358E-04,3.437152531698E-04,4.124583038037E-04,
    4.812013544377E-04,5.499444050716E-04,6.186874557056E-04,
    6.874305063395E-04,7.561735569735E-04,8.249166076075E-04,
    8.936596582414E-04,9.624027088754E-04,1.031145759509E-03,
    1.099888810143E-03,1.168631860777E-03,1.237374911411E-03,
    1.306117962045E-03,1.374861012679E-03,1.443604063313E-03,
    1.512347113947E-03),.QUASI_UNIFORM_KNOTS.);
#3451 = CARTESIAN_POINT('',(0.,0.));
#3452 = CARTESIAN_POINT('',(3.024421781282E-05,0.));
#3453 = CARTESIAN_POINT('',(9.047055330866E-05,-3.75079638232E-13));
#3454 = CARTESIAN_POINT('',(1.800136354648E-04,1.312778733812E-12));
#3455 = CARTESIAN_POINT('',(2.687492935481E-04,-4.876035297016E-12));
#3456 = CARTESIAN_POINT('',(3.566696125777E-04,1.819136245425E-11));
#3457 = CARTESIAN_POINT('',(4.43768343187E-04,-6.788941451999E-11));
#3458 = CARTESIAN_POINT('',(5.300409544876E-04,2.533662956257E-10));
#3459 = CARTESIAN_POINT('',(6.154843070886E-04,-9.455757679828E-10));
#3460 = CARTESIAN_POINT('',(7.000965264677E-04,3.528936776306E-09));
#3461 = CARTESIAN_POINT('',(7.838766225237E-04,-1.317017133724E-08));
#3462 = CARTESIAN_POINT('',(8.66825095631E-04,4.915174857265E-08));
#3463 = CARTESIAN_POINT('',(9.489410154241E-04,-1.834368229534E-07));
#3464 = CARTESIAN_POINT('',(1.030232376136E-03,6.845955432408E-07));
#3465 = CARTESIAN_POINT('',(1.110706813841E-03,-2.55494535001E-06));
#3466 = CARTESIAN_POINT('',(1.19032860613E-03,9.535185856799E-06));
#3467 = CARTESIAN_POINT('',(1.269171905039E-03,1.11726846784E-05));
#3468 = CARTESIAN_POINT('',(1.347349347108E-03,1.471022020245E-05));
#3469 = CARTESIAN_POINT('',(1.424888616551E-03,1.588055810026E-05));
#3470 = CARTESIAN_POINT('',(1.501835415468E-03,1.507421759517E-05));
#3471 = CARTESIAN_POINT('',(1.578226357127E-03,1.192470431105E-05));
#3472 = CARTESIAN_POINT('',(1.654096036403E-03,7.080387618544E-06));
#3473 = CARTESIAN_POINT('',(1.72947733172E-03,1.865893230504E-06));
#3474 = CARTESIAN_POINT('',(1.779422114504E-03,7.031806703463E-08));
#3475 = CARTESIAN_POINT('',(1.804321606444E-03,0.));
#3476 = ( GEOMETRIC_REPRESENTATION_CONTEXT(2) 
PARAMETRIC_REPRESENTATION_CONTEXT() REPRESENTATION_CONTEXT('2D SPACE',''
  ) );
#3477 = ORIENTED_EDGE('',*,*,#3478,.T.);
#3478 = EDGE_CURVE('',#3296,#3200,#3479,.T.);
#3479 = SURFACE_CURVE('',#3480,(#3489,#3518),.PCURVE_S1.);
#3480 = B_SPLINE_CURVE_WITH_KNOTS('',3,(#3481,#3482,#3483,#3484,#3485,
    #3486,#3487,#3488),.UNSPECIFIED.,.F.,.F.,(4,2,2,4),(
    1.512347113947E-03,3.029358404303E-03,3.787864049481E-03,
    4.546369694659E-03),.UNSPECIFIED.);
#3481 = CARTESIAN_POINT('',(48.658479926286,-34.22496007609,
    18.199730027286));
#3482 = CARTESIAN_POINT('',(48.512269039492,-34.69636528306,
    18.309285402075));
#3483 = CARTESIAN_POINT('',(48.34319917784,-35.1532111269,
    18.441469606924));
#3484 = CARTESIAN_POINT('',(48.023995961001,-35.81201529395,
    18.647030027877));
#3485 = CARTESIAN_POINT('',(47.907073570555,-36.02649804042,
    18.717040527351));
#3486 = CARTESIAN_POINT('',(47.651635278964,-36.44090993559,
    18.857840900075));
#3487 = CARTESIAN_POINT('',(47.512010121923,-36.64243184271,
    18.929229043892));
#3488 = CARTESIAN_POINT('',(47.362998881273,-36.83403775005,19.));
#3489 = PCURVE('',#3209,#3490);
#3490 = DEFINITIONAL_REPRESENTATION('',(#3491),#3517);
#3491 = B_SPLINE_CURVE_WITH_KNOTS('',3,(#3492,#3493,#3494,#3495,#3496,
    #3497,#3498,#3499,#3500,#3501,#3502,#3503,#3504,#3505,#3506,#3507,
    #3508,#3509,#3510,#3511,#3512,#3513,#3514,#3515,#3516),
  .UNSPECIFIED.,.F.,.F.,(4,1,1,1,1,1,1,1,1,1,1,1,1,1,1,1,1,1,1,1,1,1,4),
  (1.512347113947E-03,1.650257231252E-03,1.788167348557E-03,
    1.926077465862E-03,2.063987583167E-03,2.201897700472E-03,
    2.339807817778E-03,2.477717935083E-03,2.615628052388E-03,
    2.753538169693E-03,2.891448286998E-03,3.029358404303E-03,
    3.167268521608E-03,3.305178638913E-03,3.443088756218E-03,
    3.580998873523E-03,3.718908990828E-03,3.856819108134E-03,
    3.994729225439E-03,4.132639342744E-03,4.270549460049E-03,
    4.408459577354E-03,4.546369694659E-03),.QUASI_UNIFORM_KNOTS.);
#3492 = CARTESIAN_POINT('',(3.14159265359,2.213847345996));
#3493 = CARTESIAN_POINT('',(3.15080814621,2.230456451111));
#3494 = CARTESIAN_POINT('',(3.169345149442,2.263253703313));
#3495 = CARTESIAN_POINT('',(3.197453188735,2.311290981395));
#3496 = CARTESIAN_POINT('',(3.225847855966,2.358275368177));
#3497 = CARTESIAN_POINT('',(3.254514599058,2.404307549867));
#3498 = CARTESIAN_POINT('',(3.28343997748,2.449481845234));
#3499 = CARTESIAN_POINT('',(3.31261191721,2.493884128146));
#3500 = CARTESIAN_POINT('',(3.342019871571,2.537590437463));
#3501 = CARTESIAN_POINT('',(3.371654757768,2.580666107014));
#3502 = CARTESIAN_POINT('',(3.401509767853,2.623164407013));
#3503 = CARTESIAN_POINT('',(3.431577777574,2.665128718999));
#3504 = CARTESIAN_POINT('',(3.46186135103,2.70658305398));
#3505 = CARTESIAN_POINT('',(3.492335618484,2.747567594391));
#3506 = CARTESIAN_POINT('',(3.522955469579,2.788142163743));
#3507 = CARTESIAN_POINT('',(3.553705622469,2.828340184456));
#3508 = CARTESIAN_POINT('',(3.584562761762,2.868201057015));
#3509 = CARTESIAN_POINT('',(3.615509064498,2.907763987442));
#3510 = CARTESIAN_POINT('',(3.646517123575,2.94705174639));
#3511 = CARTESIAN_POINT('',(3.677661779786,2.986223440133));
#3512 = CARTESIAN_POINT('',(3.708885705034,3.025258815309));
#3513 = CARTESIAN_POINT('',(3.740147347665,3.06416623721));
#3514 = CARTESIAN_POINT('',(3.771400627011,3.10294986885));
#3515 = CARTESIAN_POINT('',(3.792201126423,3.128724847386));
#3516 = CARTESIAN_POINT('',(3.802585168805,3.14159265359));
#3517 = ( GEOMETRIC_REPRESENTATION_CONTEXT(2) 
PARAMETRIC_REPRESENTATION_CONTEXT() REPRESENTATION_CONTEXT('2D SPACE',''
  ) );
#3518 = PCURVE('',#3336,#3519);
#3519 = DEFINITIONAL_REPRESENTATION('',(#3520),#3546);
#3520 = B_SPLINE_CURVE_WITH_KNOTS('',3,(#3521,#3522,#3523,#3524,#3525,
    #3526,#3527,#3528,#3529,#3530,#3531,#3532,#3533,#3534,#3535,#3536,
    #3537,#3538,#3539,#3540,#3541,#3542,#3543,#3544,#3545),
  .UNSPECIFIED.,.F.,.F.,(4,1,1,1,1,1,1,1,1,1,1,1,1,1,1,1,1,1,1,1,1,1,4),
  (1.512347113947E-03,1.650257231252E-03,1.788167348557E-03,
    1.926077465862E-03,2.063987583167E-03,2.201897700472E-03,
    2.339807817778E-03,2.477717935083E-03,2.615628052388E-03,
    2.753538169693E-03,2.891448286998E-03,3.029358404303E-03,
    3.167268521608E-03,3.305178638913E-03,3.443088756218E-03,
    3.580998873523E-03,3.718908990828E-03,3.856819108134E-03,
    3.994729225439E-03,4.132639342744E-03,4.270549460049E-03,
    4.408459577354E-03,4.546369694659E-03),.QUASI_UNIFORM_KNOTS.);
#3521 = CARTESIAN_POINT('',(1.804321606444E-03,0.));
#3522 = CARTESIAN_POINT('',(1.854261044054E-03,-1.869206010044E-06));
#3523 = CARTESIAN_POINT('',(1.953452189444E-03,1.092545349458E-05));
#3524 = CARTESIAN_POINT('',(2.100250284885E-03,6.829867081117E-05));
#3525 = CARTESIAN_POINT('',(2.245125734582E-03,1.589779454749E-04));
#3526 = CARTESIAN_POINT('',(2.38817458026E-03,2.551882514663E-04));
#3527 = CARTESIAN_POINT('',(2.529385876521E-03,3.255331463923E-04));
#3528 = CARTESIAN_POINT('',(2.668881837135E-03,3.557057721813E-04));
#3529 = CARTESIAN_POINT('',(2.80684469546E-03,3.323741254789E-04));
#3530 = CARTESIAN_POINT('',(2.943416607583E-03,2.541950032975E-04));
#3531 = CARTESIAN_POINT('',(3.07873142503E-03,1.36813260428E-04));
#3532 = CARTESIAN_POINT('',(3.212902046E-03,8.649140206368E-06));
#3533 = CARTESIAN_POINT('',(3.346051622808E-03,-4.103990209826E-05));
#3534 = CARTESIAN_POINT('',(3.478212193359E-03,1.687294766101E-06));
#3535 = CARTESIAN_POINT('',(3.609337261141E-03,-1.467579991844E-06));
#3536 = CARTESIAN_POINT('',(3.739529524587E-03,4.760447056364E-05));
#3537 = CARTESIAN_POINT('',(3.868928927828E-03,1.04242275828E-04));
#3538 = CARTESIAN_POINT('',(3.997662392315E-03,1.326651815389E-04));
#3539 = CARTESIAN_POINT('',(4.125810393101E-03,1.324086530167E-04));
#3540 = CARTESIAN_POINT('',(4.253868158825E-03,7.7602750962E-05));
#3541 = CARTESIAN_POINT('',(4.381772014292E-03,6.619229670414E-06));
#3542 = CARTESIAN_POINT('',(4.509527076245E-03,-5.720356000105E-05));
#3543 = CARTESIAN_POINT('',(4.637118714996E-03,-6.023743210977E-05));
#3544 = CARTESIAN_POINT('',(4.722063255315E-03,-5.76626965724E-05));
#3545 = CARTESIAN_POINT('',(4.764504333031E-03,-5.908810287398E-05));
#3546 = ( GEOMETRIC_REPRESENTATION_CONTEXT(2) 
PARAMETRIC_REPRESENTATION_CONTEXT() REPRESENTATION_CONTEXT('2D SPACE',''
  ) );
#3547 = ADVANCED_FACE('',(#3548),#3563,.T.);
#3548 = FACE_BOUND('',#3549,.T.);
#3549 = EDGE_LOOP('',(#3550,#3586,#3615,#3639));
#3550 = ORIENTED_EDGE('',*,*,#3551,.T.);
#3551 = EDGE_CURVE('',#3552,#3554,#3556,.T.);
#3552 = VERTEX_POINT('',#3553);
#3553 = CARTESIAN_POINT('',(46.454137052761,-36.37324773351,27.));
#3554 = VERTEX_POINT('',#3555);
#3555 = CARTESIAN_POINT('',(46.770212780924,-39.16053110501,27.));
#3556 = SURFACE_CURVE('',#3557,(#3562,#3574),.PCURVE_S1.);
#3557 = CIRCLE('',#3558,2.);
#3558 = AXIS2_PLACEMENT_3D('',#3559,#3560,#3561);
#3559 = CARTESIAN_POINT('',(48.028853563024,-37.6062391821,27.));
#3560 = DIRECTION('',(0.,0.,1.));
#3561 = DIRECTION('',(-1.,0.,0.));
#3562 = PCURVE('',#3563,#3568);
#3563 = TOROIDAL_SURFACE('',#3564,2.,1.);
#3564 = AXIS2_PLACEMENT_3D('',#3565,#3566,#3567);
#3565 = CARTESIAN_POINT('',(48.028853563024,-37.6062391821,26.));
#3566 = DIRECTION('',(0.,0.,1.));
#3567 = DIRECTION('',(1.,0.,0.));
#3568 = DEFINITIONAL_REPRESENTATION('',(#3569),#3573);
#3569 = LINE('',#3570,#3571);
#3570 = CARTESIAN_POINT('',(-3.14159265359,1.570796326795));
#3571 = VECTOR('',#3572,1.);
#3572 = DIRECTION('',(1.,-1.714186550392E-15));
#3573 = ( GEOMETRIC_REPRESENTATION_CONTEXT(2) 
PARAMETRIC_REPRESENTATION_CONTEXT() REPRESENTATION_CONTEXT('2D SPACE',''
  ) );
#3574 = PCURVE('',#3575,#3580);
#3575 = PLANE('',#3576);
#3576 = AXIS2_PLACEMENT_3D('',#3577,#3578,#3579);
#3577 = CARTESIAN_POINT('',(0.,0.,27.));
#3578 = DIRECTION('',(0.,0.,1.));
#3579 = DIRECTION('',(1.,0.,0.));
#3580 = DEFINITIONAL_REPRESENTATION('',(#3581),#3585);
#3581 = CIRCLE('',#3582,2.);
#3582 = AXIS2_PLACEMENT_2D('',#3583,#3584);
#3583 = CARTESIAN_POINT('',(48.028853563024,-37.6062391821));
#3584 = DIRECTION('',(-1.,0.));
#3585 = ( GEOMETRIC_REPRESENTATION_CONTEXT(2) 
PARAMETRIC_REPRESENTATION_CONTEXT() REPRESENTATION_CONTEXT('2D SPACE',''
  ) );
#3586 = ORIENTED_EDGE('',*,*,#3587,.T.);
#3587 = EDGE_CURVE('',#3554,#3588,#3590,.T.);
#3588 = VERTEX_POINT('',#3589);
#3589 = CARTESIAN_POINT('',(47.399533171974,-38.38338514356,26.));
#3590 = SURFACE_CURVE('',#3591,(#3596,#3603),.PCURVE_S1.);
#3591 = CIRCLE('',#3592,1.);
#3592 = AXIS2_PLACEMENT_3D('',#3593,#3594,#3595);
#3593 = CARTESIAN_POINT('',(46.770212780924,-39.16053110501,26.));
#3594 = DIRECTION('',(-0.777145961457,0.62932039105,0.));
#3595 = DIRECTION('',(-0.62932039105,-0.777145961457,0.));
#3596 = PCURVE('',#3563,#3597);
#3597 = DEFINITIONAL_REPRESENTATION('',(#3598),#3602);
#3598 = LINE('',#3599,#3600);
#3599 = CARTESIAN_POINT('',(4.031710572107,4.440892098501E-16));
#3600 = VECTOR('',#3601,1.);
#3601 = DIRECTION('',(3.392591660228E-15,1.));
#3602 = ( GEOMETRIC_REPRESENTATION_CONTEXT(2) 
PARAMETRIC_REPRESENTATION_CONTEXT() REPRESENTATION_CONTEXT('2D SPACE',''
  ) );
#3603 = PCURVE('',#3604,#3609);
#3604 = CYLINDRICAL_SURFACE('',#3605,1.);
#3605 = AXIS2_PLACEMENT_3D('',#3606,#3607,#3608);
#3606 = CARTESIAN_POINT('',(-0.62932039105,-0.777145961457,26.));
#3607 = DIRECTION('',(-0.777145961457,0.62932039105,0.));
#3608 = DIRECTION('',(0.62932039105,0.777145961457,0.));
#3609 = DEFINITIONAL_REPRESENTATION('',(#3610),#3614);
#3610 = LINE('',#3611,#3612);
#3611 = CARTESIAN_POINT('',(3.14159265359,-60.9918027279));
#3612 = VECTOR('',#3613,1.);
#3613 = DIRECTION('',(1.,-4.52345554697E-15));
#3614 = ( GEOMETRIC_REPRESENTATION_CONTEXT(2) 
PARAMETRIC_REPRESENTATION_CONTEXT() REPRESENTATION_CONTEXT('2D SPACE',''
  ) );
#3615 = ORIENTED_EDGE('',*,*,#3616,.T.);
#3616 = EDGE_CURVE('',#3588,#3617,#3619,.T.);
#3617 = VERTEX_POINT('',#3618);
#3618 = CARTESIAN_POINT('',(47.241495307892,-36.9897434578,26.));
#3619 = SURFACE_CURVE('',#3620,(#3625,#3632),.PCURVE_S1.);
#3620 = CIRCLE('',#3621,1.);
#3621 = AXIS2_PLACEMENT_3D('',#3622,#3623,#3624);
#3622 = CARTESIAN_POINT('',(48.028853563024,-37.6062391821,26.));
#3623 = DIRECTION('',(0.,0.,-1.));
#3624 = DIRECTION('',(-1.,0.,0.));
#3625 = PCURVE('',#3563,#3626);
#3626 = DEFINITIONAL_REPRESENTATION('',(#3627),#3631);
#3627 = LINE('',#3628,#3629);
#3628 = CARTESIAN_POINT('',(9.424777960769,3.14159265359));
#3629 = VECTOR('',#3630,1.);
#3630 = DIRECTION('',(-1.,2.856977583987E-16));
#3631 = ( GEOMETRIC_REPRESENTATION_CONTEXT(2) 
PARAMETRIC_REPRESENTATION_CONTEXT() REPRESENTATION_CONTEXT('2D SPACE',''
  ) );
#3632 = PCURVE('',#896,#3633);
#3633 = DEFINITIONAL_REPRESENTATION('',(#3634),#3638);
#3634 = LINE('',#3635,#3636);
#3635 = CARTESIAN_POINT('',(-3.14159265359,-8.));
#3636 = VECTOR('',#3637,1.);
#3637 = DIRECTION('',(1.,0.));
#3638 = ( GEOMETRIC_REPRESENTATION_CONTEXT(2) 
PARAMETRIC_REPRESENTATION_CONTEXT() REPRESENTATION_CONTEXT('2D SPACE',''
  ) );
#3639 = ORIENTED_EDGE('',*,*,#3640,.F.);
#3640 = EDGE_CURVE('',#3552,#3617,#3641,.T.);
#3641 = SURFACE_CURVE('',#3642,(#3647,#3654),.PCURVE_S1.);
#3642 = CIRCLE('',#3643,1.);
#3643 = AXIS2_PLACEMENT_3D('',#3644,#3645,#3646);
#3644 = CARTESIAN_POINT('',(46.454137052761,-36.37324773351,26.));
#3645 = DIRECTION('',(0.616495724297,0.787358255132,-0.));
#3646 = DIRECTION('',(-0.787358255132,0.616495724297,0.));
#3647 = PCURVE('',#3563,#3648);
#3648 = DEFINITIONAL_REPRESENTATION('',(#3649),#3653);
#3649 = LINE('',#3650,#3651);
#3650 = CARTESIAN_POINT('',(2.4773084223,-2.22044604925E-14));
#3651 = VECTOR('',#3652,1.);
#3652 = DIRECTION('',(-5.654319433713E-16,1.));
#3653 = ( GEOMETRIC_REPRESENTATION_CONTEXT(2) 
PARAMETRIC_REPRESENTATION_CONTEXT() REPRESENTATION_CONTEXT('2D SPACE',''
  ) );
#3654 = PCURVE('',#3655,#3660);
#3655 = TOROIDAL_SURFACE('',#3656,59.,1.);
#3656 = AXIS2_PLACEMENT_3D('',#3657,#3658,#3659);
#3657 = CARTESIAN_POINT('',(0.,0.,26.));
#3658 = DIRECTION('',(0.,0.,1.));
#3659 = DIRECTION('',(1.,0.,0.));
#3660 = DEFINITIONAL_REPRESENTATION('',(#3661),#3665);
#3661 = LINE('',#3662,#3663);
#3662 = CARTESIAN_POINT('',(5.618901075889,3.14159265359));
#3663 = VECTOR('',#3664,1.);
#3664 = DIRECTION('',(0.,-1.));
#3665 = ( GEOMETRIC_REPRESENTATION_CONTEXT(2) 
PARAMETRIC_REPRESENTATION_CONTEXT() REPRESENTATION_CONTEXT('2D SPACE',''
  ) );
#3666 = ADVANCED_FACE('',(#3667),#445,.T.);
#3667 = FACE_BOUND('',#3668,.T.);
#3668 = EDGE_LOOP('',(#3669,#3670,#3691,#3692));
#3669 = ORIENTED_EDGE('',*,*,#3172,.F.);
#3670 = ORIENTED_EDGE('',*,*,#3671,.T.);
#3671 = EDGE_CURVE('',#2855,#361,#3672,.T.);
#3672 = SURFACE_CURVE('',#3673,(#3677,#3684),.PCURVE_S1.);
#3673 = LINE('',#3674,#3675);
#3674 = CARTESIAN_POINT('',(47.362998881273,-36.83403775005,8.));
#3675 = VECTOR('',#3676,1.);
#3676 = DIRECTION('',(0.,0.,-1.));
#3677 = PCURVE('',#445,#3678);
#3678 = DEFINITIONAL_REPRESENTATION('',(#3679),#3683);
#3679 = LINE('',#3680,#3681);
#3680 = CARTESIAN_POINT('',(6.944177822394,19.));
#3681 = VECTOR('',#3682,1.);
#3682 = DIRECTION('',(0.,1.));
#3683 = ( GEOMETRIC_REPRESENTATION_CONTEXT(2) 
PARAMETRIC_REPRESENTATION_CONTEXT() REPRESENTATION_CONTEXT('2D SPACE',''
  ) );
#3684 = PCURVE('',#1010,#3685);
#3685 = DEFINITIONAL_REPRESENTATION('',(#3686),#3690);
#3686 = LINE('',#3687,#3688);
#3687 = CARTESIAN_POINT('',(0.660992515215,10.));
#3688 = VECTOR('',#3689,1.);
#3689 = DIRECTION('',(0.,1.));
#3690 = ( GEOMETRIC_REPRESENTATION_CONTEXT(2) 
PARAMETRIC_REPRESENTATION_CONTEXT() REPRESENTATION_CONTEXT('2D SPACE',''
  ) );
#3691 = ORIENTED_EDGE('',*,*,#430,.T.);
#3692 = ORIENTED_EDGE('',*,*,#3693,.F.);
#3693 = EDGE_CURVE('',#3144,#111,#3694,.T.);
#3694 = SURFACE_CURVE('',#3695,(#3699,#3706),.PCURVE_S1.);
#3695 = LINE('',#3696,#3697);
#3696 = CARTESIAN_POINT('',(40.653240706426,-31.61588240213,8.));
#3697 = VECTOR('',#3698,1.);
#3698 = DIRECTION('',(0.,0.,-1.));
#3699 = PCURVE('',#445,#3700);
#3700 = DEFINITIONAL_REPRESENTATION('',(#3701),#3705);
#3701 = LINE('',#3702,#3703);
#3702 = CARTESIAN_POINT('',(3.802585168805,19.));
#3703 = VECTOR('',#3704,1.);
#3704 = DIRECTION('',(0.,1.));
#3705 = ( GEOMETRIC_REPRESENTATION_CONTEXT(2) 
PARAMETRIC_REPRESENTATION_CONTEXT() REPRESENTATION_CONTEXT('2D SPACE',''
  ) );
#3706 = PCURVE('',#3707,#3712);
#3707 = CYLINDRICAL_SURFACE('',#3708,51.5);
#3708 = AXIS2_PLACEMENT_3D('',#3709,#3710,#3711);
#3709 = CARTESIAN_POINT('',(0.,0.,27.));
#3710 = DIRECTION('',(0.,0.,-1.));
#3711 = DIRECTION('',(-1.,0.,0.));
#3712 = DEFINITIONAL_REPRESENTATION('',(#3713),#3717);
#3713 = LINE('',#3714,#3715);
#3714 = CARTESIAN_POINT('',(3.802585168805,19.));
#3715 = VECTOR('',#3716,1.);
#3716 = DIRECTION('',(0.,1.));
#3717 = ( GEOMETRIC_REPRESENTATION_CONTEXT(2) 
PARAMETRIC_REPRESENTATION_CONTEXT() REPRESENTATION_CONTEXT('2D SPACE',''
  ) );
#3718 = ADVANCED_FACE('',(#3719),#3221,.T.);
#3719 = FACE_BOUND('',#3720,.T.);
#3720 = EDGE_LOOP('',(#3721,#3752,#3773,#3774));
#3721 = ORIENTED_EDGE('',*,*,#3722,.F.);
#3722 = EDGE_CURVE('',#3723,#3725,#3727,.T.);
#3723 = VERTEX_POINT('',#3724);
#3724 = CARTESIAN_POINT('',(47.362998881273,-36.83403775005,26.));
#3725 = VERTEX_POINT('',#3726);
#3726 = CARTESIAN_POINT('',(40.653240706426,-31.61588240213,26.));
#3727 = SURFACE_CURVE('',#3728,(#3733,#3740),.PCURVE_S1.);
#3728 = CIRCLE('',#3729,4.25);
#3729 = AXIS2_PLACEMENT_3D('',#3730,#3731,#3732);
#3730 = CARTESIAN_POINT('',(44.008119793849,-34.22496007609,26.));
#3731 = DIRECTION('',(0.,0.,1.));
#3732 = DIRECTION('',(-1.,0.,0.));
#3733 = PCURVE('',#3221,#3734);
#3734 = DEFINITIONAL_REPRESENTATION('',(#3735),#3739);
#3735 = LINE('',#3736,#3737);
#3736 = CARTESIAN_POINT('',(9.424777960769,1.));
#3737 = VECTOR('',#3738,1.);
#3738 = DIRECTION('',(-1.,0.));
#3739 = ( GEOMETRIC_REPRESENTATION_CONTEXT(2) 
PARAMETRIC_REPRESENTATION_CONTEXT() REPRESENTATION_CONTEXT('2D SPACE',''
  ) );
#3740 = PCURVE('',#3741,#3746);
#3741 = TOROIDAL_SURFACE('',#3742,3.25,1.);
#3742 = AXIS2_PLACEMENT_3D('',#3743,#3744,#3745);
#3743 = CARTESIAN_POINT('',(44.008119793849,-34.22496007609,26.));
#3744 = DIRECTION('',(0.,0.,1.));
#3745 = DIRECTION('',(1.,0.,0.));
#3746 = DEFINITIONAL_REPRESENTATION('',(#3747),#3751);
#3747 = LINE('',#3748,#3749);
#3748 = CARTESIAN_POINT('',(-3.14159265359,0.));
#3749 = VECTOR('',#3750,1.);
#3750 = DIRECTION('',(1.,0.));
#3751 = ( GEOMETRIC_REPRESENTATION_CONTEXT(2) 
PARAMETRIC_REPRESENTATION_CONTEXT() REPRESENTATION_CONTEXT('2D SPACE',''
  ) );
#3752 = ORIENTED_EDGE('',*,*,#3753,.T.);
#3753 = EDGE_CURVE('',#3723,#3200,#3754,.T.);
#3754 = SURFACE_CURVE('',#3755,(#3759,#3766),.PCURVE_S1.);
#3755 = LINE('',#3756,#3757);
#3756 = CARTESIAN_POINT('',(47.362998881273,-36.83403775005,26.));
#3757 = VECTOR('',#3758,1.);
#3758 = DIRECTION('',(0.,0.,-1.));
#3759 = PCURVE('',#3221,#3760);
#3760 = DEFINITIONAL_REPRESENTATION('',(#3761),#3765);
#3761 = LINE('',#3762,#3763);
#3762 = CARTESIAN_POINT('',(6.944177822394,1.));
#3763 = VECTOR('',#3764,1.);
#3764 = DIRECTION('',(0.,1.));
#3765 = ( GEOMETRIC_REPRESENTATION_CONTEXT(2) 
PARAMETRIC_REPRESENTATION_CONTEXT() REPRESENTATION_CONTEXT('2D SPACE',''
  ) );
#3766 = PCURVE('',#1010,#3767);
#3767 = DEFINITIONAL_REPRESENTATION('',(#3768),#3772);
#3768 = LINE('',#3769,#3770);
#3769 = CARTESIAN_POINT('',(0.660992515215,-8.));
#3770 = VECTOR('',#3771,1.);
#3771 = DIRECTION('',(0.,1.));
#3772 = ( GEOMETRIC_REPRESENTATION_CONTEXT(2) 
PARAMETRIC_REPRESENTATION_CONTEXT() REPRESENTATION_CONTEXT('2D SPACE',''
  ) );
#3773 = ORIENTED_EDGE('',*,*,#3197,.F.);
#3774 = ORIENTED_EDGE('',*,*,#3775,.F.);
#3775 = EDGE_CURVE('',#3725,#3198,#3776,.T.);
#3776 = SURFACE_CURVE('',#3777,(#3781,#3788),.PCURVE_S1.);
#3777 = LINE('',#3778,#3779);
#3778 = CARTESIAN_POINT('',(40.653240706426,-31.61588240213,26.));
#3779 = VECTOR('',#3780,1.);
#3780 = DIRECTION('',(0.,0.,-1.));
#3781 = PCURVE('',#3221,#3782);
#3782 = DEFINITIONAL_REPRESENTATION('',(#3783),#3787);
#3783 = LINE('',#3784,#3785);
#3784 = CARTESIAN_POINT('',(3.802585168805,1.));
#3785 = VECTOR('',#3786,1.);
#3786 = DIRECTION('',(0.,1.));
#3787 = ( GEOMETRIC_REPRESENTATION_CONTEXT(2) 
PARAMETRIC_REPRESENTATION_CONTEXT() REPRESENTATION_CONTEXT('2D SPACE',''
  ) );
#3788 = PCURVE('',#3789,#3794);
#3789 = CYLINDRICAL_SURFACE('',#3790,51.5);
#3790 = AXIS2_PLACEMENT_3D('',#3791,#3792,#3793);
#3791 = CARTESIAN_POINT('',(0.,0.,27.));
#3792 = DIRECTION('',(0.,0.,-1.));
#3793 = DIRECTION('',(-1.,0.,0.));
#3794 = DEFINITIONAL_REPRESENTATION('',(#3795),#3799);
#3795 = LINE('',#3796,#3797);
#3796 = CARTESIAN_POINT('',(3.802585168805,1.));
#3797 = VECTOR('',#3798,1.);
#3798 = DIRECTION('',(0.,1.));
#3799 = ( GEOMETRIC_REPRESENTATION_CONTEXT(2) 
PARAMETRIC_REPRESENTATION_CONTEXT() REPRESENTATION_CONTEXT('2D SPACE',''
  ) );
#3800 = ADVANCED_FACE('',(#3801),#3828,.F.);
#3801 = FACE_BOUND('',#3802,.F.);
#3802 = EDGE_LOOP('',(#3803,#3895,#3923,#3976,#4050));
#3803 = ORIENTED_EDGE('',*,*,#3804,.T.);
#3804 = EDGE_CURVE('',#3805,#3807,#3809,.T.);
#3805 = VERTEX_POINT('',#3806);
#3806 = CARTESIAN_POINT('',(54.132875781272,-25.8772440505,17.));
#3807 = VERTEX_POINT('',#3808);
#3808 = CARTESIAN_POINT('',(52.251223950751,-27.40090501513,18.));
#3809 = SURFACE_CURVE('',#3810,(#3827,#3861),.PCURVE_S1.);
#3810 = B_SPLINE_CURVE_WITH_KNOTS('',3,(#3811,#3812,#3813,#3814,#3815,
    #3816,#3817,#3818,#3819,#3820,#3821,#3822,#3823,#3824,#3825,#3826),
  .UNSPECIFIED.,.F.,.F.,(4,3,3,3,3,4),(2.110382E-17,3.08611272893E-04,
    7.44097986744E-04,1.547921482586E-03,2.695941603232E-03,
    2.791994503672E-03),.UNSPECIFIED.);
#3811 = CARTESIAN_POINT('',(54.132875781272,-25.8772440505,17.));
#3812 = CARTESIAN_POINT('',(54.132875781272,-25.8772440505,
    17.104820798052));
#3813 = CARTESIAN_POINT('',(54.094725435241,-25.91790994473,
    17.199594584924));
#3814 = CARTESIAN_POINT('',(54.046316300589,-25.96791834395,
    17.27609686212));
#3815 = CARTESIAN_POINT('',(53.978005331994,-26.03848606248,
    17.384050550868));
#3816 = CARTESIAN_POINT('',(53.890412166117,-26.12630242613,
    17.464355990148));
#3817 = CARTESIAN_POINT('',(53.799102801376,-26.21359621411,
    17.533813747255));
#3818 = CARTESIAN_POINT('',(53.630563531554,-26.37472351281,
    17.662019213358));
#3819 = CARTESIAN_POINT('',(53.442638789188,-26.541400368,
    17.753327522704));
#3820 = CARTESIAN_POINT('',(53.243593488247,-26.70258002445,
    17.825557226057));
#3821 = CARTESIAN_POINT('',(52.959317137056,-26.93277669027,
    17.928715634821));
#3822 = CARTESIAN_POINT('',(52.656152762495,-27.14967326004,
    17.989301280082));
#3823 = CARTESIAN_POINT('',(52.332829505876,-27.35075339221,
    17.998796969074));
#3824 = CARTESIAN_POINT('',(52.305777596228,-27.36757742654,
    17.9995914573));
#3825 = CARTESIAN_POINT('',(52.278576622712,-27.38429499506,18.));
#3826 = CARTESIAN_POINT('',(52.251223950751,-27.40090501513,18.));
#3827 = PCURVE('',#3828,#3833);
#3828 = CYLINDRICAL_SURFACE('',#3829,9.);
#3829 = AXIS2_PLACEMENT_3D('',#3830,#3831,#3832);
#3830 = CARTESIAN_POINT('',(47.579795924331,-19.7081967668,17.));
#3831 = DIRECTION('',(0.,0.,1.));
#3832 = DIRECTION('',(-1.,0.,0.));
#3833 = DEFINITIONAL_REPRESENTATION('',(#3834),#3860);
#3834 = B_SPLINE_CURVE_WITH_KNOTS('',3,(#3835,#3836,#3837,#3838,#3839,
    #3840,#3841,#3842,#3843,#3844,#3845,#3846,#3847,#3848,#3849,#3850,
    #3851,#3852,#3853,#3854,#3855,#3856,#3857,#3858,#3859),
  .UNSPECIFIED.,.F.,.F.,(4,1,1,1,1,1,1,1,1,1,1,1,1,1,1,1,1,1,1,1,1,1,4),
  (2.110382E-17,1.26908841076E-04,2.53817682152E-04,3.80726523228E-04,
    5.07635364304E-04,6.3454420538E-04,7.61453046456E-04,
    8.88361887532E-04,1.015270728608E-03,1.142179569684E-03,
    1.26908841076E-03,1.395997251836E-03,1.522906092912E-03,
    1.649814933988E-03,1.776723775064E-03,1.90363261614E-03,
    2.030541457216E-03,2.157450298292E-03,2.284359139368E-03,
    2.411267980444E-03,2.53817682152E-03,2.665085662596E-03,
    2.791994503672E-03),.QUASI_UNIFORM_KNOTS.);
#3835 = CARTESIAN_POINT('',(2.386371518644,0.));
#3836 = CARTESIAN_POINT('',(2.386367976451,4.320497193311E-02));
#3837 = CARTESIAN_POINT('',(2.38428376017,0.125837514463));
#3838 = CARTESIAN_POINT('',(2.376768978116,0.236637177504));
#3839 = CARTESIAN_POINT('',(2.366983208653,0.329611324131));
#3840 = CARTESIAN_POINT('',(2.356083059404,0.410091554896));
#3841 = CARTESIAN_POINT('',(2.344287403205,0.480337923472));
#3842 = CARTESIAN_POINT('',(2.332072330713,0.542959196135));
#3843 = CARTESIAN_POINT('',(2.319628465266,0.600223928549));
#3844 = CARTESIAN_POINT('',(2.306909313151,0.652420722738));
#3845 = CARTESIAN_POINT('',(2.293969946945,0.70000560291));
#3846 = CARTESIAN_POINT('',(2.280837805553,0.743390329805));
#3847 = CARTESIAN_POINT('',(2.267548507435,0.782996295853));
#3848 = CARTESIAN_POINT('',(2.254131462926,0.819250630192));
#3849 = CARTESIAN_POINT('',(2.240631249063,0.852547883437));
#3850 = CARTESIAN_POINT('',(2.227085561726,0.882635124959));
#3851 = CARTESIAN_POINT('',(2.213482957738,0.909485236464));
#3852 = CARTESIAN_POINT('',(2.199823908553,0.933017901943));
#3853 = CARTESIAN_POINT('',(2.186105607447,0.953167288448));
#3854 = CARTESIAN_POINT('',(2.172326008949,0.969862828503));
#3855 = CARTESIAN_POINT('',(2.158482875877,0.983038409681));
#3856 = CARTESIAN_POINT('',(2.144573564763,0.992614833888));
#3857 = CARTESIAN_POINT('',(2.130596851213,0.998560790651));
#3858 = CARTESIAN_POINT('',(2.121229522626,0.999964600003));
#3859 = CARTESIAN_POINT('',(2.116532601461,1.));
#3860 = ( GEOMETRIC_REPRESENTATION_CONTEXT(2) 
PARAMETRIC_REPRESENTATION_CONTEXT() REPRESENTATION_CONTEXT('2D SPACE',''
  ) );
#3861 = PCURVE('',#3862,#3867);
#3862 = TOROIDAL_SURFACE('',#3863,59.,1.);
#3863 = AXIS2_PLACEMENT_3D('',#3864,#3865,#3866);
#3864 = CARTESIAN_POINT('',(0.,0.,17.));
#3865 = DIRECTION('',(0.,0.,-1.));
#3866 = DIRECTION('',(-1.,0.,0.));
#3867 = DEFINITIONAL_REPRESENTATION('',(#3868),#3894);
#3868 = B_SPLINE_CURVE_WITH_KNOTS('',3,(#3869,#3870,#3871,#3872,#3873,
    #3874,#3875,#3876,#3877,#3878,#3879,#3880,#3881,#3882,#3883,#3884,
    #3885,#3886,#3887,#3888,#3889,#3890,#3891,#3892,#3893),
  .UNSPECIFIED.,.F.,.F.,(4,1,1,1,1,1,1,1,1,1,1,1,1,1,1,1,1,1,1,1,1,1,4),
  (2.110382E-17,1.26908841076E-04,2.53817682152E-04,3.80726523228E-04,
    5.07635364304E-04,6.3454420538E-04,7.61453046456E-04,
    8.88361887532E-04,1.015270728608E-03,1.142179569684E-03,
    1.26908841076E-03,1.395997251836E-03,1.522906092912E-03,
    1.649814933988E-03,1.776723775064E-03,1.90363261614E-03,
    2.030541457216E-03,2.157450298292E-03,2.284359139368E-03,
    2.411267980444E-03,2.53817682152E-03,2.665085662596E-03,
    2.791994503672E-03),.QUASI_UNIFORM_KNOTS.);
#3869 = CARTESIAN_POINT('',(3.587511878847,6.28318530718));
#3870 = CARTESIAN_POINT('',(3.587512385765,6.240067289371));
#3871 = CARTESIAN_POINT('',(3.587810307065,6.157269127004));
#3872 = CARTESIAN_POINT('',(3.588882807392,6.044733800623));
#3873 = CARTESIAN_POINT('',(3.590276476461,5.947787655965));
#3874 = CARTESIAN_POINT('',(3.591824574305,5.861331572611));
#3875 = CARTESIAN_POINT('',(3.593495622272,5.782775995671));
#3876 = CARTESIAN_POINT('',(3.595220744605,5.709715196775));
#3877 = CARTESIAN_POINT('',(3.596971943667,5.640125771866));
#3878 = CARTESIAN_POINT('',(3.598755698742,5.57342201671));
#3879 = CARTESIAN_POINT('',(3.600563781286,5.508996849323));
#3880 = CARTESIAN_POINT('',(3.602391917419,5.446276372656));
#3881 = CARTESIAN_POINT('',(3.604234617734,5.384736605581));
#3882 = CARTESIAN_POINT('',(3.606087185005,5.323891192517));
#3883 = CARTESIAN_POINT('',(3.607942843626,5.263407087302));
#3884 = CARTESIAN_POINT('',(3.609796369399,5.203392287502));
#3885 = CARTESIAN_POINT('',(3.611648906023,5.143598527475));
#3886 = CARTESIAN_POINT('',(3.613500041207,5.083835882091));
#3887 = CARTESIAN_POINT('',(3.615349781055,5.023876134802));
#3888 = CARTESIAN_POINT('',(3.617198025254,4.963483894182));
#3889 = CARTESIAN_POINT('',(3.619044691898,4.902414332377));
#3890 = CARTESIAN_POINT('',(3.620889742925,4.840417991838));
#3891 = CARTESIAN_POINT('',(3.622732957485,4.777253886256));
#3892 = CARTESIAN_POINT('',(3.623960861141,4.734196452106));
#3893 = CARTESIAN_POINT('',(3.624574632771,4.712388980385));
#3894 = ( GEOMETRIC_REPRESENTATION_CONTEXT(2) 
PARAMETRIC_REPRESENTATION_CONTEXT() REPRESENTATION_CONTEXT('2D SPACE',''
  ) );
#3895 = ORIENTED_EDGE('',*,*,#3896,.F.);
#3896 = EDGE_CURVE('',#3897,#3807,#3899,.T.);
#3897 = VERTEX_POINT('',#3898);
#3898 = CARTESIAN_POINT('',(38.671357462827,-20.9887139192,18.));
#3899 = SURFACE_CURVE('',#3900,(#3905,#3912),.PCURVE_S1.);
#3900 = CIRCLE('',#3901,9.);
#3901 = AXIS2_PLACEMENT_3D('',#3902,#3903,#3904);
#3902 = CARTESIAN_POINT('',(47.579795924331,-19.7081967668,18.));
#3903 = DIRECTION('',(0.,0.,1.));
#3904 = DIRECTION('',(1.,0.,0.));
#3905 = PCURVE('',#3828,#3906);
#3906 = DEFINITIONAL_REPRESENTATION('',(#3907),#3911);
#3907 = LINE('',#3908,#3909);
#3908 = CARTESIAN_POINT('',(-3.14159265359,1.));
#3909 = VECTOR('',#3910,1.);
#3910 = DIRECTION('',(1.,0.));
#3911 = ( GEOMETRIC_REPRESENTATION_CONTEXT(2) 
PARAMETRIC_REPRESENTATION_CONTEXT() REPRESENTATION_CONTEXT('2D SPACE',''
  ) );
#3912 = PCURVE('',#3279,#3913);
#3913 = DEFINITIONAL_REPRESENTATION('',(#3914),#3922);
#3914 = ( BOUNDED_CURVE() B_SPLINE_CURVE(2,(#3915,#3916,#3917,#3918,
#3919,#3920,#3921),.UNSPECIFIED.,.T.,.F.) B_SPLINE_CURVE_WITH_KNOTS((1,2
    ,2,2,2,1),(-2.094395102393,0.,2.094395102393,4.188790204786,
6.28318530718,8.377580409573),.UNSPECIFIED.) CURVE() 
GEOMETRIC_REPRESENTATION_ITEM() RATIONAL_B_SPLINE_CURVE((1.,0.5,1.,0.5,
1.,0.5,1.)) REPRESENTATION_ITEM('') );
#3915 = CARTESIAN_POINT('',(-104.1595918486,-2.48689957516E-14));
#3916 = CARTESIAN_POINT('',(-104.1595918486,15.58845726812));
#3917 = CARTESIAN_POINT('',(-90.65959184866,7.79422863406));
#3918 = CARTESIAN_POINT('',(-77.15959184866,-2.266463151314E-14));
#3919 = CARTESIAN_POINT('',(-90.65959184866,-7.79422863406));
#3920 = CARTESIAN_POINT('',(-104.1595918486,-15.58845726812));
#3921 = CARTESIAN_POINT('',(-104.1595918486,-2.48689957516E-14));
#3922 = ( GEOMETRIC_REPRESENTATION_CONTEXT(2) 
PARAMETRIC_REPRESENTATION_CONTEXT() REPRESENTATION_CONTEXT('2D SPACE',''
  ) );
#3923 = ORIENTED_EDGE('',*,*,#3924,.T.);
#3924 = EDGE_CURVE('',#3897,#3925,#3927,.T.);
#3925 = VERTEX_POINT('',#3926);
#3926 = CARTESIAN_POINT('',(38.579795924331,-19.7081967668,
    17.735253353734));
#3927 = SURFACE_CURVE('',#3928,(#3936,#3965),.PCURVE_S1.);
#3928 = B_SPLINE_CURVE_WITH_KNOTS('',3,(#3929,#3930,#3931,#3932,#3933,
    #3934,#3935),.UNSPECIFIED.,.F.,.F.,(4,3,4),(3.469447E-18,
    9.69061532295E-04,1.313517798843E-03),.UNSPECIFIED.);
#3929 = CARTESIAN_POINT('',(38.671357462827,-20.9887139192,18.));
#3930 = CARTESIAN_POINT('',(38.624761503753,-20.66455017552,18.));
#3931 = CARTESIAN_POINT('',(38.597029840705,-20.3462503418,
    17.946576028671));
#3932 = CARTESIAN_POINT('',(38.58571991071,-20.03468820803,17.8523113948
    ));
#3933 = CARTESIAN_POINT('',(38.581699757055,-19.92394237217,
    17.818804705319));
#3934 = CARTESIAN_POINT('',(38.579795924331,-19.81461901491,
    17.779883509732));
#3935 = CARTESIAN_POINT('',(38.579795924331,-19.7081967668,
    17.735253353734));
#3936 = PCURVE('',#3828,#3937);
#3937 = DEFINITIONAL_REPRESENTATION('',(#3938),#3964);
#3938 = B_SPLINE_CURVE_WITH_KNOTS('',3,(#3939,#3940,#3941,#3942,#3943,
    #3944,#3945,#3946,#3947,#3948,#3949,#3950,#3951,#3952,#3953,#3954,
    #3955,#3956,#3957,#3958,#3959,#3960,#3961,#3962,#3963),
  .UNSPECIFIED.,.F.,.F.,(4,1,1,1,1,1,1,1,1,1,1,1,1,1,1,1,1,1,1,1,1,1,4),
  (3.469447E-18,5.970535449287E-05,1.194107089857E-04,1.791160634786E-04
    ,2.388214179715E-04,2.985267724643E-04,3.582321269572E-04,
    4.1793748145E-04,4.776428359429E-04,5.373481904358E-04,
    5.970535449286E-04,6.567588994215E-04,7.164642539144E-04,
    7.761696084072E-04,8.358749629001E-04,8.95580317393E-04,
    9.552856718858E-04,1.014991026379E-03,1.074696380872E-03,
    1.134401735364E-03,1.194107089857E-03,1.25381244435E-03,
    1.313517798843E-03),.QUASI_UNIFORM_KNOTS.);
#3939 = CARTESIAN_POINT('',(0.142764149987,1.));
#3940 = CARTESIAN_POINT('',(0.140522206282,1.));
#3941 = CARTESIAN_POINT('',(0.136045477609,0.999594407404));
#3942 = CARTESIAN_POINT('',(0.129351646912,0.997786898331));
#3943 = CARTESIAN_POINT('',(0.122678862704,0.994797926688));
#3944 = CARTESIAN_POINT('',(0.116026915905,0.990645150082));
#3945 = CARTESIAN_POINT('',(0.109395601916,0.985346226123));
#3946 = CARTESIAN_POINT('',(0.102784721275,0.978918812421));
#3947 = CARTESIAN_POINT('',(9.619407953886E-02,0.971380566573));
#3948 = CARTESIAN_POINT('',(8.962348734376E-02,0.962749146235));
#3949 = CARTESIAN_POINT('',(8.307276050247E-02,0.953042208838));
#3950 = CARTESIAN_POINT('',(7.654171974618E-02,0.942277412655));
#3951 = CARTESIAN_POINT('',(7.003019184749E-02,0.930472412809));
#3952 = CARTESIAN_POINT('',(6.353800555344E-02,0.917644876192));
#3953 = CARTESIAN_POINT('',(5.706500688065E-02,0.903812425758));
#3954 = CARTESIAN_POINT('',(5.061100213694E-02,0.888992848458));
#3955 = CARTESIAN_POINT('',(4.417597065935E-02,0.873203319184));
#3956 = CARTESIAN_POINT('',(3.775927094565E-02,0.856463297064));
#3957 = CARTESIAN_POINT('',(3.136260348103E-02,0.838783716347));
#3958 = CARTESIAN_POINT('',(2.500156903337E-02,0.820113683358));
#3959 = CARTESIAN_POINT('',(1.867861162556E-02,0.800453295293));
#3960 = CARTESIAN_POINT('',(1.239924325836E-02,0.779790860237));
#3961 = CARTESIAN_POINT('',(6.168166917512E-03,0.758117846246));
#3962 = CARTESIAN_POINT('',(2.049600590778E-03,0.742989195824));
#3963 = CARTESIAN_POINT('',(0.,0.735253353734));
#3964 = ( GEOMETRIC_REPRESENTATION_CONTEXT(2) 
PARAMETRIC_REPRESENTATION_CONTEXT() REPRESENTATION_CONTEXT('2D SPACE',''
  ) );
#3965 = PCURVE('',#3966,#3971);
#3966 = TOROIDAL_SURFACE('',#3967,44.,1.);
#3967 = AXIS2_PLACEMENT_3D('',#3968,#3969,#3970);
#3968 = CARTESIAN_POINT('',(0.,0.,17.));
#3969 = DIRECTION('',(0.,0.,-1.));
#3970 = DIRECTION('',(-1.,0.,0.));
#3971 = DEFINITIONAL_REPRESENTATION('',(#3972),#3975);
#3972 = B_SPLINE_CURVE_WITH_KNOTS('',1,(#3973,#3974),.UNSPECIFIED.,.F.,
  .F.,(2,2),(3.469447E-18,1.313517798843E-03),.PIECEWISE_BEZIER_KNOTS.);
#3973 = CARTESIAN_POINT('',(3.638849308145,4.712388980385));
#3974 = CARTESIAN_POINT('',(3.613876537062,3.967633051372));
#3975 = ( GEOMETRIC_REPRESENTATION_CONTEXT(2) 
PARAMETRIC_REPRESENTATION_CONTEXT() REPRESENTATION_CONTEXT('2D SPACE',''
  ) );
#3976 = ORIENTED_EDGE('',*,*,#3977,.T.);
#3977 = EDGE_CURVE('',#3925,#3978,#3980,.T.);
#3978 = VERTEX_POINT('',#3979);
#3979 = CARTESIAN_POINT('',(38.61447983819,-18.91882519677,17.));
#3980 = SURFACE_CURVE('',#3981,(#3992,#4021),.PCURVE_S1.);
#3981 = B_SPLINE_CURVE_WITH_KNOTS('',3,(#3982,#3983,#3984,#3985,#3986,
    #3987,#3988,#3989,#3990,#3991),.UNSPECIFIED.,.F.,.F.,(4,3,3,4),(
    1.313517798843E-03,1.873907887108E-03,2.234027273692E-03,
    2.434297975373E-03),.UNSPECIFIED.);
#3982 = CARTESIAN_POINT('',(38.579795924331,-19.7081967668,
    17.735253353734));
#3983 = CARTESIAN_POINT('',(38.579795924331,-19.53506020694,
    17.662645305956));
#3984 = CARTESIAN_POINT('',(38.585055509409,-19.36579757648,
    17.575421231203));
#3985 = CARTESIAN_POINT('',(38.59328035897,-19.21571530165,
    17.460748454949));
#3986 = CARTESIAN_POINT('',(38.598565833928,-19.11926902631,
    17.387057126877));
#3987 = CARTESIAN_POINT('',(38.605226965948,-19.02958202875,
    17.302345052604));
#3988 = CARTESIAN_POINT('',(38.610004614307,-18.97141738692,
    17.194756902473));
#3989 = CARTESIAN_POINT('',(38.612661574817,-18.93907068729,
    17.134924649275));
#3990 = CARTESIAN_POINT('',(38.61447983819,-18.91882519677,
    17.06851480961));
#3991 = CARTESIAN_POINT('',(38.61447983819,-18.91882519677,17.));
#3992 = PCURVE('',#3828,#3993);
#3993 = DEFINITIONAL_REPRESENTATION('',(#3994),#4020);
#3994 = B_SPLINE_CURVE_WITH_KNOTS('',3,(#3995,#3996,#3997,#3998,#3999,
    #4000,#4001,#4002,#4003,#4004,#4005,#4006,#4007,#4008,#4009,#4010,
    #4011,#4012,#4013,#4014,#4015,#4016,#4017,#4018,#4019),
  .UNSPECIFIED.,.F.,.F.,(4,1,1,1,1,1,1,1,1,1,1,1,1,1,1,1,1,1,1,1,1,1,4),
  (1.313517798843E-03,1.364462352322E-03,1.4154069058E-03,
    1.466351459279E-03,1.517296012758E-03,1.568240566236E-03,
    1.619185119715E-03,1.670129673193E-03,1.721074226672E-03,
    1.772018780151E-03,1.822963333629E-03,1.873907887108E-03,
    1.924852440587E-03,1.975796994065E-03,2.026741547544E-03,
    2.077686101023E-03,2.128630654501E-03,2.17957520798E-03,
    2.230519761458E-03,2.281464314937E-03,2.332408868416E-03,
    2.383353421894E-03,2.434297975373E-03),.QUASI_UNIFORM_KNOTS.);
#3995 = CARTESIAN_POINT('',(0.,0.735253353734));
#3996 = CARTESIAN_POINT('',(-1.748852627096E-03,0.728652622118));
#3997 = CARTESIAN_POINT('',(-5.239449028193E-03,0.715209571656));
#3998 = CARTESIAN_POINT('',(-1.044648764628E-02,0.694262386064));
#3999 = CARTESIAN_POINT('',(-1.56171473722E-02,0.67247474213));
#4000 = CARTESIAN_POINT('',(-2.07438824925E-02,0.649788792219));
#4001 = CARTESIAN_POINT('',(-2.58191336825E-02,0.626146685689));
#4002 = CARTESIAN_POINT('',(-3.08353337574E-02,0.601490583128));
#4003 = CARTESIAN_POINT('',(-3.578488841161E-02,0.575762603202));
#4004 = CARTESIAN_POINT('',(-4.066025995335E-02,0.548905021047));
#4005 = CARTESIAN_POINT('',(-4.545366335752E-02,0.520859527833));
#4006 = CARTESIAN_POINT('',(-5.015820913113E-02,0.49156999412));
#4007 = CARTESIAN_POINT('',(-5.47636454961E-02,0.460972156882));
#4008 = CARTESIAN_POINT('',(-5.927225519543E-02,0.429032108042));
#4009 = CARTESIAN_POINT('',(-6.364700075996E-02,0.395572439409));
#4010 = CARTESIAN_POINT('',(-6.783835395986E-02,0.360385257063));
#4011 = CARTESIAN_POINT('',(-7.179979493353E-02,0.323271258406));
#4012 = CARTESIAN_POINT('',(-7.548505765156E-02,0.284027261285));
#4013 = CARTESIAN_POINT('',(-7.884370583007E-02,0.242457010447));
#4014 = CARTESIAN_POINT('',(-8.184162838692E-02,0.198340422595));
#4015 = CARTESIAN_POINT('',(-8.438351050245E-02,0.151545799705));
#4016 = CARTESIAN_POINT('',(-8.630243151986E-02,0.10263322205));
#4017 = CARTESIAN_POINT('',(-8.752870562994E-02,5.201334373614E-02));
#4018 = CARTESIAN_POINT('',(-8.782079421854E-02,1.742869203016E-02));
#4019 = CARTESIAN_POINT('',(-8.782079489837E-02,0.));
#4020 = ( GEOMETRIC_REPRESENTATION_CONTEXT(2) 
PARAMETRIC_REPRESENTATION_CONTEXT() REPRESENTATION_CONTEXT('2D SPACE',''
  ) );
#4021 = PCURVE('',#3966,#4022);
#4022 = DEFINITIONAL_REPRESENTATION('',(#4023),#4049);
#4023 = B_SPLINE_CURVE_WITH_KNOTS('',3,(#4024,#4025,#4026,#4027,#4028,
    #4029,#4030,#4031,#4032,#4033,#4034,#4035,#4036,#4037,#4038,#4039,
    #4040,#4041,#4042,#4043,#4044,#4045,#4046,#4047,#4048),
  .UNSPECIFIED.,.F.,.F.,(4,1,1,1,1,1,1,1,1,1,1,1,1,1,1,1,1,1,1,1,1,1,4),
  (1.313517798843E-03,1.364462352322E-03,1.4154069058E-03,
    1.466351459279E-03,1.517296012758E-03,1.568240566236E-03,
    1.619185119715E-03,1.670129673193E-03,1.721074226672E-03,
    1.772018780151E-03,1.822963333629E-03,1.873907887108E-03,
    1.924852440587E-03,1.975796994065E-03,2.026741547544E-03,
    2.077686101023E-03,2.128630654501E-03,2.17957520798E-03,
    2.230519761458E-03,2.281464314937E-03,2.332408868416E-03,
    2.383353421894E-03,2.434297975373E-03),.QUASI_UNIFORM_KNOTS.);
#4024 = CARTESIAN_POINT('',(3.613876537062,3.967633051372));
#4025 = CARTESIAN_POINT('',(3.613552992339,3.957894035282));
#4026 = CARTESIAN_POINT('',(3.612905983835,3.938342284701));
#4027 = CARTESIAN_POINT('',(3.61193727241,3.908743677531));
#4028 = CARTESIAN_POINT('',(3.610971918958,3.87882626985));
#4029 = CARTESIAN_POINT('',(3.610011486621,3.848535218346));
#4030 = CARTESIAN_POINT('',(3.609057542876,3.817811497603));
#4031 = CARTESIAN_POINT('',(3.608111658796,3.786591614721));
#4032 = CARTESIAN_POINT('',(3.607175413023,3.754808202933));
#4033 = CARTESIAN_POINT('',(3.606250375379,3.722390556336));
#4034 = CARTESIAN_POINT('',(3.605338167135,3.689264965025));
#4035 = CARTESIAN_POINT('',(3.604440234884,3.65535649289));
#4036 = CARTESIAN_POINT('',(3.603558693277,3.620585937649));
#4037 = CARTESIAN_POINT('',(3.602693178607,3.584885564404));
#4038 = CARTESIAN_POINT('',(3.601851105343,3.548109301846));
#4039 = CARTESIAN_POINT('',(3.601042373595,3.510077518411));
#4040 = CARTESIAN_POINT('',(3.600276300594,3.470594036887));
#4041 = CARTESIAN_POINT('',(3.599562166481,3.429441177514));
#4042 = CARTESIAN_POINT('',(3.598910080958,3.386395112717));
#4043 = CARTESIAN_POINT('',(3.598326948702,3.341186790883));
#4044 = CARTESIAN_POINT('',(3.59783171545,3.29366742429));
#4045 = CARTESIAN_POINT('',(3.597457426435,3.244369085619));
#4046 = CARTESIAN_POINT('',(3.597217991936,3.193608126712));
#4047 = CARTESIAN_POINT('',(3.597160899302,3.159018902232));
#4048 = CARTESIAN_POINT('',(3.597160902855,3.14159265359));
#4049 = ( GEOMETRIC_REPRESENTATION_CONTEXT(2) 
PARAMETRIC_REPRESENTATION_CONTEXT() REPRESENTATION_CONTEXT('2D SPACE',''
  ) );
#4050 = ORIENTED_EDGE('',*,*,#4051,.F.);
#4051 = EDGE_CURVE('',#3805,#3978,#4052,.T.);
#4052 = SURFACE_CURVE('',#4053,(#4058,#4065),.PCURVE_S1.);
#4053 = CIRCLE('',#4054,9.);
#4054 = AXIS2_PLACEMENT_3D('',#4055,#4056,#4057);
#4055 = CARTESIAN_POINT('',(47.579795924331,-19.7081967668,17.));
#4056 = DIRECTION('',(0.,0.,-1.));
#4057 = DIRECTION('',(-1.,0.,0.));
#4058 = PCURVE('',#3828,#4059);
#4059 = DEFINITIONAL_REPRESENTATION('',(#4060),#4064);
#4060 = LINE('',#4061,#4062);
#4061 = CARTESIAN_POINT('',(6.28318530718,0.));
#4062 = VECTOR('',#4063,1.);
#4063 = DIRECTION('',(-1.,0.));
#4064 = ( GEOMETRIC_REPRESENTATION_CONTEXT(2) 
PARAMETRIC_REPRESENTATION_CONTEXT() REPRESENTATION_CONTEXT('2D SPACE',''
  ) );
#4065 = PCURVE('',#2834,#4066);
#4066 = DEFINITIONAL_REPRESENTATION('',(#4067),#4075);
#4067 = ( BOUNDED_CURVE() B_SPLINE_CURVE(2,(#4068,#4069,#4070,#4071,
#4072,#4073,#4074),.UNSPECIFIED.,.T.,.F.) B_SPLINE_CURVE_WITH_KNOTS((1,2
    ,2,2,2,1),(-2.094395102393,0.,2.094395102393,4.188790204786,
6.28318530718,8.377580409573),.UNSPECIFIED.) CURVE() 
GEOMETRIC_REPRESENTATION_ITEM() RATIONAL_B_SPLINE_CURVE((1.,0.5,1.,0.5,
1.,0.5,1.)) REPRESENTATION_ITEM('') );
#4068 = CARTESIAN_POINT('',(-9.,0.));
#4069 = CARTESIAN_POINT('',(-9.,15.58845726812));
#4070 = CARTESIAN_POINT('',(4.5,7.79422863406));
#4071 = CARTESIAN_POINT('',(18.,2.204364238465E-15));
#4072 = CARTESIAN_POINT('',(4.5,-7.79422863406));
#4073 = CARTESIAN_POINT('',(-9.,-15.58845726812));
#4074 = CARTESIAN_POINT('',(-9.,0.));
#4075 = ( GEOMETRIC_REPRESENTATION_CONTEXT(2) 
PARAMETRIC_REPRESENTATION_CONTEXT() REPRESENTATION_CONTEXT('2D SPACE',''
  ) );
#4076 = ADVANCED_FACE('',(#4077),#4092,.T.);
#4077 = FACE_BOUND('',#4078,.T.);
#4078 = EDGE_LOOP('',(#4079,#4114,#4137,#4165));
#4079 = ORIENTED_EDGE('',*,*,#4080,.T.);
#4080 = EDGE_CURVE('',#4081,#4083,#4085,.T.);
#4081 = VERTEX_POINT('',#4082);
#4082 = CARTESIAN_POINT('',(39.726819897985,-16.45538759169,17.));
#4083 = VERTEX_POINT('',#4084);
#4084 = CARTESIAN_POINT('',(55.432771950677,-22.9610059419,17.));
#4085 = SURFACE_CURVE('',#4086,(#4091,#4103),.PCURVE_S1.);
#4086 = CIRCLE('',#4087,8.5);
#4087 = AXIS2_PLACEMENT_3D('',#4088,#4089,#4090);
#4088 = CARTESIAN_POINT('',(47.579795924331,-19.7081967668,17.));
#4089 = DIRECTION('',(0.,0.,-1.));
#4090 = DIRECTION('',(-1.,0.,0.));
#4091 = PCURVE('',#4092,#4097);
#4092 = CYLINDRICAL_SURFACE('',#4093,8.5);
#4093 = AXIS2_PLACEMENT_3D('',#4094,#4095,#4096);
#4094 = CARTESIAN_POINT('',(47.579795924331,-19.7081967668,18.));
#4095 = DIRECTION('',(0.,0.,-1.));
#4096 = DIRECTION('',(1.,0.,0.));
#4097 = DEFINITIONAL_REPRESENTATION('',(#4098),#4102);
#4098 = LINE('',#4099,#4100);
#4099 = CARTESIAN_POINT('',(3.14159265359,1.));
#4100 = VECTOR('',#4101,1.);
#4101 = DIRECTION('',(1.,0.));
#4102 = ( GEOMETRIC_REPRESENTATION_CONTEXT(2) 
PARAMETRIC_REPRESENTATION_CONTEXT() REPRESENTATION_CONTEXT('2D SPACE',''
  ) );
#4103 = PCURVE('',#2834,#4104);
#4104 = DEFINITIONAL_REPRESENTATION('',(#4105),#4113);
#4105 = ( BOUNDED_CURVE() B_SPLINE_CURVE(2,(#4106,#4107,#4108,#4109,
#4110,#4111,#4112),.UNSPECIFIED.,.T.,.F.) B_SPLINE_CURVE_WITH_KNOTS((1,2
    ,2,2,2,1),(-2.094395102393,0.,2.094395102393,4.188790204786,
6.28318530718,8.377580409573),.UNSPECIFIED.) CURVE() 
GEOMETRIC_REPRESENTATION_ITEM() RATIONAL_B_SPLINE_CURVE((1.,0.5,1.,0.5,
1.,0.5,1.)) REPRESENTATION_ITEM('') );
#4106 = CARTESIAN_POINT('',(-8.5,0.));
#4107 = CARTESIAN_POINT('',(-8.5,14.722431864335));
#4108 = CARTESIAN_POINT('',(4.25,7.361215932168));
#4109 = CARTESIAN_POINT('',(17.,2.08189955855E-15));
#4110 = CARTESIAN_POINT('',(4.25,-7.361215932168));
#4111 = CARTESIAN_POINT('',(-8.5,-14.72243186433));
#4112 = CARTESIAN_POINT('',(-8.5,0.));
#4113 = ( GEOMETRIC_REPRESENTATION_CONTEXT(2) 
PARAMETRIC_REPRESENTATION_CONTEXT() REPRESENTATION_CONTEXT('2D SPACE',''
  ) );
#4114 = ORIENTED_EDGE('',*,*,#4115,.T.);
#4115 = EDGE_CURVE('',#4083,#4116,#4118,.T.);
#4116 = VERTEX_POINT('',#4117);
#4117 = CARTESIAN_POINT('',(55.432771950677,-22.9610059419,10.));
#4118 = SURFACE_CURVE('',#4119,(#4123,#4130),.PCURVE_S1.);
#4119 = LINE('',#4120,#4121);
#4120 = CARTESIAN_POINT('',(55.432771950677,-22.9610059419,17.));
#4121 = VECTOR('',#4122,1.);
#4122 = DIRECTION('',(0.,0.,-1.));
#4123 = PCURVE('',#4092,#4124);
#4124 = DEFINITIONAL_REPRESENTATION('',(#4125),#4129);
#4125 = LINE('',#4126,#4127);
#4126 = CARTESIAN_POINT('',(6.675884388878,1.));
#4127 = VECTOR('',#4128,1.);
#4128 = DIRECTION('',(0.,1.));
#4129 = ( GEOMETRIC_REPRESENTATION_CONTEXT(2) 
PARAMETRIC_REPRESENTATION_CONTEXT() REPRESENTATION_CONTEXT('2D SPACE',''
  ) );
#4130 = PCURVE('',#1010,#4131);
#4131 = DEFINITIONAL_REPRESENTATION('',(#4132),#4136);
#4132 = LINE('',#4133,#4134);
#4133 = CARTESIAN_POINT('',(0.392699081699,1.));
#4134 = VECTOR('',#4135,1.);
#4135 = DIRECTION('',(0.,1.));
#4136 = ( GEOMETRIC_REPRESENTATION_CONTEXT(2) 
PARAMETRIC_REPRESENTATION_CONTEXT() REPRESENTATION_CONTEXT('2D SPACE',''
  ) );
#4137 = ORIENTED_EDGE('',*,*,#4138,.T.);
#4138 = EDGE_CURVE('',#4116,#4139,#4141,.T.);
#4139 = VERTEX_POINT('',#4140);
#4140 = CARTESIAN_POINT('',(39.726819897985,-16.45538759169,10.));
#4141 = SURFACE_CURVE('',#4142,(#4147,#4154),.PCURVE_S1.);
#4142 = CIRCLE('',#4143,8.5);
#4143 = AXIS2_PLACEMENT_3D('',#4144,#4145,#4146);
#4144 = CARTESIAN_POINT('',(47.579795924331,-19.7081967668,10.));
#4145 = DIRECTION('',(0.,0.,1.));
#4146 = DIRECTION('',(1.,0.,0.));
#4147 = PCURVE('',#4092,#4148);
#4148 = DEFINITIONAL_REPRESENTATION('',(#4149),#4153);
#4149 = LINE('',#4150,#4151);
#4150 = CARTESIAN_POINT('',(12.566370614359,8.));
#4151 = VECTOR('',#4152,1.);
#4152 = DIRECTION('',(-1.,0.));
#4153 = ( GEOMETRIC_REPRESENTATION_CONTEXT(2) 
PARAMETRIC_REPRESENTATION_CONTEXT() REPRESENTATION_CONTEXT('2D SPACE',''
  ) );
#4154 = PCURVE('',#2781,#4155);
#4155 = DEFINITIONAL_REPRESENTATION('',(#4156),#4164);
#4156 = ( BOUNDED_CURVE() B_SPLINE_CURVE(2,(#4157,#4158,#4159,#4160,
#4161,#4162,#4163),.UNSPECIFIED.,.T.,.F.) B_SPLINE_CURVE_WITH_KNOTS((1,2
    ,2,2,2,1),(-2.094395102393,0.,2.094395102393,4.188790204786,
6.28318530718,8.377580409573),.UNSPECIFIED.) CURVE() 
GEOMETRIC_REPRESENTATION_ITEM() RATIONAL_B_SPLINE_CURVE((1.,0.5,1.,0.5,
1.,0.5,1.)) REPRESENTATION_ITEM('') );
#4157 = CARTESIAN_POINT('',(-8.5,0.));
#4158 = CARTESIAN_POINT('',(-8.5,14.722431864335));
#4159 = CARTESIAN_POINT('',(4.25,7.361215932168));
#4160 = CARTESIAN_POINT('',(17.,2.08189955855E-15));
#4161 = CARTESIAN_POINT('',(4.25,-7.361215932168));
#4162 = CARTESIAN_POINT('',(-8.5,-14.72243186433));
#4163 = CARTESIAN_POINT('',(-8.5,0.));
#4164 = ( GEOMETRIC_REPRESENTATION_CONTEXT(2) 
PARAMETRIC_REPRESENTATION_CONTEXT() REPRESENTATION_CONTEXT('2D SPACE',''
  ) );
#4165 = ORIENTED_EDGE('',*,*,#4166,.F.);
#4166 = EDGE_CURVE('',#4081,#4139,#4167,.T.);
#4167 = SURFACE_CURVE('',#4168,(#4172,#4179),.PCURVE_S1.);
#4168 = LINE('',#4169,#4170);
#4169 = CARTESIAN_POINT('',(39.726819897985,-16.45538759169,17.));
#4170 = VECTOR('',#4171,1.);
#4171 = DIRECTION('',(0.,0.,-1.));
#4172 = PCURVE('',#4092,#4173);
#4173 = DEFINITIONAL_REPRESENTATION('',(#4174),#4178);
#4174 = LINE('',#4175,#4176);
#4175 = CARTESIAN_POINT('',(3.534291735289,1.));
#4176 = VECTOR('',#4177,1.);
#4177 = DIRECTION('',(0.,1.));
#4178 = ( GEOMETRIC_REPRESENTATION_CONTEXT(2) 
PARAMETRIC_REPRESENTATION_CONTEXT() REPRESENTATION_CONTEXT('2D SPACE',''
  ) );
#4179 = PCURVE('',#4180,#4185);
#4180 = CYLINDRICAL_SURFACE('',#4181,43.);
#4181 = AXIS2_PLACEMENT_3D('',#4182,#4183,#4184);
#4182 = CARTESIAN_POINT('',(0.,0.,18.));
#4183 = DIRECTION('',(0.,0.,-1.));
#4184 = DIRECTION('',(-1.,0.,0.));
#4185 = DEFINITIONAL_REPRESENTATION('',(#4186),#4190);
#4186 = LINE('',#4187,#4188);
#4187 = CARTESIAN_POINT('',(3.534291735289,1.));
#4188 = VECTOR('',#4189,1.);
#4189 = DIRECTION('',(0.,1.));
#4190 = ( GEOMETRIC_REPRESENTATION_CONTEXT(2) 
PARAMETRIC_REPRESENTATION_CONTEXT() REPRESENTATION_CONTEXT('2D SPACE',''
  ) );
#4191 = ADVANCED_FACE('',(#4192),#4205,.F.);
#4192 = FACE_BOUND('',#4193,.F.);
#4193 = EDGE_LOOP('',(#4194,#4228,#4250,#4277));
#4194 = ORIENTED_EDGE('',*,*,#4195,.F.);
#4195 = EDGE_CURVE('',#4196,#4196,#4198,.T.);
#4196 = VERTEX_POINT('',#4197);
#4197 = CARTESIAN_POINT('',(-43.88559214402,-19.24469983593,10.));
#4198 = SURFACE_CURVE('',#4199,(#4204,#4216),.PCURVE_S1.);
#4199 = CIRCLE('',#4200,4.);
#4200 = AXIS2_PLACEMENT_3D('',#4201,#4202,#4203);
#4201 = CARTESIAN_POINT('',(-47.88559214402,-19.24469983593,10.));
#4202 = DIRECTION('',(0.,0.,-1.));
#4203 = DIRECTION('',(-1.,0.,0.));
#4204 = PCURVE('',#4205,#4210);
#4205 = CYLINDRICAL_SURFACE('',#4206,4.);
#4206 = AXIS2_PLACEMENT_3D('',#4207,#4208,#4209);
#4207 = CARTESIAN_POINT('',(-47.88559214402,-19.24469983593,17.));
#4208 = DIRECTION('',(0.,0.,1.));
#4209 = DIRECTION('',(1.,0.,0.));
#4210 = DEFINITIONAL_REPRESENTATION('',(#4211),#4215);
#4211 = LINE('',#4212,#4213);
#4212 = CARTESIAN_POINT('',(9.424777960769,-7.));
#4213 = VECTOR('',#4214,1.);
#4214 = DIRECTION('',(-1.,0.));
#4215 = ( GEOMETRIC_REPRESENTATION_CONTEXT(2) 
PARAMETRIC_REPRESENTATION_CONTEXT() REPRESENTATION_CONTEXT('2D SPACE',''
  ) );
#4216 = PCURVE('',#4217,#4222);
#4217 = PLANE('',#4218);
#4218 = AXIS2_PLACEMENT_3D('',#4219,#4220,#4221);
#4219 = CARTESIAN_POINT('',(-47.57979592433,-19.7081967668,10.));
#4220 = DIRECTION('',(0.,0.,-1.));
#4221 = DIRECTION('',(-1.,0.,0.));
#4222 = DEFINITIONAL_REPRESENTATION('',(#4223),#4227);
#4223 = CIRCLE('',#4224,4.);
#4224 = AXIS2_PLACEMENT_2D('',#4225,#4226);
#4225 = CARTESIAN_POINT('',(0.305796219689,0.463496930869));
#4226 = DIRECTION('',(1.,0.));
#4227 = ( GEOMETRIC_REPRESENTATION_CONTEXT(2) 
PARAMETRIC_REPRESENTATION_CONTEXT() REPRESENTATION_CONTEXT('2D SPACE',''
  ) );
#4228 = ORIENTED_EDGE('',*,*,#4229,.T.);
#4229 = EDGE_CURVE('',#4196,#4230,#4232,.T.);
#4230 = VERTEX_POINT('',#4231);
#4231 = CARTESIAN_POINT('',(-43.88559214402,-19.24469983593,17.));
#4232 = SEAM_CURVE('',#4233,(#4236,#4243),.PCURVE_S1.);
#4233 = B_SPLINE_CURVE_WITH_KNOTS('',1,(#4234,#4235),.UNSPECIFIED.,.F.,
  .F.,(2,2),(-7.,0.),.PIECEWISE_BEZIER_KNOTS.);
#4234 = CARTESIAN_POINT('',(-43.88559214402,-19.24469983593,10.));
#4235 = CARTESIAN_POINT('',(-43.88559214402,-19.24469983593,17.));
#4236 = PCURVE('',#4205,#4237);
#4237 = DEFINITIONAL_REPRESENTATION('',(#4238),#4242);
#4238 = LINE('',#4239,#4240);
#4239 = CARTESIAN_POINT('',(6.28318530718,0.));
#4240 = VECTOR('',#4241,1.);
#4241 = DIRECTION('',(0.,1.));
#4242 = ( GEOMETRIC_REPRESENTATION_CONTEXT(2) 
PARAMETRIC_REPRESENTATION_CONTEXT() REPRESENTATION_CONTEXT('2D SPACE',''
  ) );
#4243 = PCURVE('',#4205,#4244);
#4244 = DEFINITIONAL_REPRESENTATION('',(#4245),#4249);
#4245 = LINE('',#4246,#4247);
#4246 = CARTESIAN_POINT('',(0.,0.));
#4247 = VECTOR('',#4248,1.);
#4248 = DIRECTION('',(0.,1.));
#4249 = ( GEOMETRIC_REPRESENTATION_CONTEXT(2) 
PARAMETRIC_REPRESENTATION_CONTEXT() REPRESENTATION_CONTEXT('2D SPACE',''
  ) );
#4250 = ORIENTED_EDGE('',*,*,#4251,.F.);
#4251 = EDGE_CURVE('',#4230,#4230,#4252,.T.);
#4252 = SURFACE_CURVE('',#4253,(#4258,#4265),.PCURVE_S1.);
#4253 = CIRCLE('',#4254,4.);
#4254 = AXIS2_PLACEMENT_3D('',#4255,#4256,#4257);
#4255 = CARTESIAN_POINT('',(-47.88559214402,-19.24469983593,17.));
#4256 = DIRECTION('',(0.,0.,1.));
#4257 = DIRECTION('',(1.,0.,0.));
#4258 = PCURVE('',#4205,#4259);
#4259 = DEFINITIONAL_REPRESENTATION('',(#4260),#4264);
#4260 = LINE('',#4261,#4262);
#4261 = CARTESIAN_POINT('',(0.,0.));
#4262 = VECTOR('',#4263,1.);
#4263 = DIRECTION('',(1.,0.));
#4264 = ( GEOMETRIC_REPRESENTATION_CONTEXT(2) 
PARAMETRIC_REPRESENTATION_CONTEXT() REPRESENTATION_CONTEXT('2D SPACE',''
  ) );
#4265 = PCURVE('',#4266,#4271);
#4266 = PLANE('',#4267);
#4267 = AXIS2_PLACEMENT_3D('',#4268,#4269,#4270);
#4268 = CARTESIAN_POINT('',(-47.57979592433,-19.7081967668,17.));
#4269 = DIRECTION('',(0.,0.,1.));
#4270 = DIRECTION('',(1.,0.,0.));
#4271 = DEFINITIONAL_REPRESENTATION('',(#4272),#4276);
#4272 = CIRCLE('',#4273,4.);
#4273 = AXIS2_PLACEMENT_2D('',#4274,#4275);
#4274 = CARTESIAN_POINT('',(-0.305796219689,0.463496930869));
#4275 = DIRECTION('',(1.,0.));
#4276 = ( GEOMETRIC_REPRESENTATION_CONTEXT(2) 
PARAMETRIC_REPRESENTATION_CONTEXT() REPRESENTATION_CONTEXT('2D SPACE',''
  ) );
#4277 = ORIENTED_EDGE('',*,*,#4229,.F.);
#4278 = ADVANCED_FACE('',(#4279),#4294,.F.);
#4279 = FACE_BOUND('',#4280,.F.);
#4280 = EDGE_LOOP('',(#4281,#4312,#4340,#4523,#4593));
#4281 = ORIENTED_EDGE('',*,*,#4282,.F.);
#4282 = EDGE_CURVE('',#4283,#4285,#4287,.T.);
#4283 = VERTEX_POINT('',#4284);
#4284 = CARTESIAN_POINT('',(-39.86385739173,-31.00198177296,9.));
#4285 = VERTEX_POINT('',#4286);
#4286 = CARTESIAN_POINT('',(-40.65324070642,-31.61588240213,8.));
#4287 = SURFACE_CURVE('',#4288,(#4293,#4305),.PCURVE_S1.);
#4288 = CIRCLE('',#4289,1.);
#4289 = AXIS2_PLACEMENT_3D('',#4290,#4291,#4292);
#4290 = CARTESIAN_POINT('',(-39.86385739173,-31.00198177296,8.));
#4291 = DIRECTION('',(0.613900629168,-0.789383314688,0.));
#4292 = DIRECTION('',(0.789383314688,0.613900629168,0.));
#4293 = PCURVE('',#4294,#4299);
#4294 = TOROIDAL_SURFACE('',#4295,5.25,1.);
#4295 = AXIS2_PLACEMENT_3D('',#4296,#4297,#4298);
#4296 = CARTESIAN_POINT('',(-44.00811979384,-34.22496007609,8.));
#4297 = DIRECTION('',(0.,0.,-1.));
#4298 = DIRECTION('',(-1.,0.,0.));
#4299 = DEFINITIONAL_REPRESENTATION('',(#4300),#4304);
#4300 = LINE('',#4301,#4302);
#4301 = CARTESIAN_POINT('',(2.480600138375,6.28318530718));
#4302 = VECTOR('',#4303,1.);
#4303 = DIRECTION('',(2.827159716856E-16,-1.));
#4304 = ( GEOMETRIC_REPRESENTATION_CONTEXT(2) 
PARAMETRIC_REPRESENTATION_CONTEXT() REPRESENTATION_CONTEXT('2D SPACE',''
  ) );
#4305 = PCURVE('',#3160,#4306);
#4306 = DEFINITIONAL_REPRESENTATION('',(#4307),#4311);
#4307 = LINE('',#4308,#4309);
#4308 = CARTESIAN_POINT('',(5.622192791965,3.14159265359));
#4309 = VECTOR('',#4310,1.);
#4310 = DIRECTION('',(0.,1.));
#4311 = ( GEOMETRIC_REPRESENTATION_CONTEXT(2) 
PARAMETRIC_REPRESENTATION_CONTEXT() REPRESENTATION_CONTEXT('2D SPACE',''
  ) );
#4312 = ORIENTED_EDGE('',*,*,#4313,.T.);
#4313 = EDGE_CURVE('',#4283,#4314,#4316,.T.);
#4314 = VERTEX_POINT('',#4315);
#4315 = CARTESIAN_POINT('',(-49.05548921271,-32.78046641066,9.));
#4316 = SURFACE_CURVE('',#4317,(#4322,#4329),.PCURVE_S1.);
#4317 = CIRCLE('',#4318,5.25);
#4318 = AXIS2_PLACEMENT_3D('',#4319,#4320,#4321);
#4319 = CARTESIAN_POINT('',(-44.00811979384,-34.22496007609,9.));
#4320 = DIRECTION('',(0.,0.,1.));
#4321 = DIRECTION('',(-1.,0.,0.));
#4322 = PCURVE('',#4294,#4323);
#4323 = DEFINITIONAL_REPRESENTATION('',(#4324),#4328);
#4324 = LINE('',#4325,#4326);
#4325 = CARTESIAN_POINT('',(6.28318530718,4.712388980385));
#4326 = VECTOR('',#4327,1.);
#4327 = DIRECTION('',(-1.,1.210127576438E-15));
#4328 = ( GEOMETRIC_REPRESENTATION_CONTEXT(2) 
PARAMETRIC_REPRESENTATION_CONTEXT() REPRESENTATION_CONTEXT('2D SPACE',''
  ) );
#4329 = PCURVE('',#3131,#4330);
#4330 = DEFINITIONAL_REPRESENTATION('',(#4331),#4339);
#4331 = ( BOUNDED_CURVE() B_SPLINE_CURVE(2,(#4332,#4333,#4334,#4335,
#4336,#4337,#4338),.UNSPECIFIED.,.T.,.F.) B_SPLINE_CURVE_WITH_KNOTS((1,2
    ,2,2,2,1),(-2.094395102393,0.,2.094395102393,4.188790204786,
6.28318530718,8.377580409573),.UNSPECIFIED.) CURVE() 
GEOMETRIC_REPRESENTATION_ITEM() RATIONAL_B_SPLINE_CURVE((1.,0.5,1.,0.5,
1.,0.5,1.)) REPRESENTATION_ITEM('') );
#4332 = CARTESIAN_POINT('',(1.678323869518,-14.51676330929));
#4333 = CARTESIAN_POINT('',(1.678323869518,-23.61003004902));
#4334 = CARTESIAN_POINT('',(-6.196676130482,-19.06339667916));
#4335 = CARTESIAN_POINT('',(-14.07167613048,-14.51676330929));
#4336 = CARTESIAN_POINT('',(-6.196676130482,-9.970129939423));
#4337 = CARTESIAN_POINT('',(1.678323869518,-5.423496569555));
#4338 = CARTESIAN_POINT('',(1.678323869518,-14.51676330929));
#4339 = ( GEOMETRIC_REPRESENTATION_CONTEXT(2) 
PARAMETRIC_REPRESENTATION_CONTEXT() REPRESENTATION_CONTEXT('2D SPACE',''
  ) );
#4340 = ORIENTED_EDGE('',*,*,#4341,.F.);
#4341 = EDGE_CURVE('',#4342,#4314,#4344,.T.);
#4342 = VERTEX_POINT('',#4343);
#4343 = CARTESIAN_POINT('',(-48.65847992628,-34.22496007609,
    8.800269972714));
#4344 = SURFACE_CURVE('',#4345,(#4352,#4381),.PCURVE_S1.);
#4345 = B_SPLINE_CURVE_WITH_KNOTS('',3,(#4346,#4347,#4348,#4349,#4350,
    #4351),.UNSPECIFIED.,.F.,.F.,(4,2,4),(3.03398360233E-03,
    3.793525396734E-03,4.553067191137E-03),.UNSPECIFIED.);
#4346 = CARTESIAN_POINT('',(-48.65847992628,-34.22496007609,
    8.800269972714));
#4347 = CARTESIAN_POINT('',(-48.73136060096,-33.98998215971,
    8.854879241588));
#4348 = CARTESIAN_POINT('',(-48.79890131602,-33.75076920704,
    8.903603279907));
#4349 = CARTESIAN_POINT('',(-48.9290146432,-33.26873194263,
    8.975961559079));
#4350 = CARTESIAN_POINT('',(-48.99172015069,-33.0257653505,9.));
#4351 = CARTESIAN_POINT('',(-49.05548921271,-32.78046641066,9.));
#4352 = PCURVE('',#4294,#4353);
#4353 = DEFINITIONAL_REPRESENTATION('',(#4354),#4380);
#4354 = B_SPLINE_CURVE_WITH_KNOTS('',3,(#4355,#4356,#4357,#4358,#4359,
    #4360,#4361,#4362,#4363,#4364,#4365,#4366,#4367,#4368,#4369,#4370,
    #4371,#4372,#4373,#4374,#4375,#4376,#4377,#4378,#4379),
  .UNSPECIFIED.,.F.,.F.,(4,1,1,1,1,1,1,1,1,1,1,1,1,1,1,1,1,1,1,1,1,1,4),
  (3.03398360233E-03,3.103032856367E-03,3.172082110403E-03,
    3.24113136444E-03,3.310180618477E-03,3.379229872513E-03,
    3.44827912655E-03,3.517328380587E-03,3.586377634623E-03,
    3.65542688866E-03,3.724476142697E-03,3.793525396734E-03,
    3.86257465077E-03,3.931623904807E-03,4.000673158844E-03,
    4.06972241288E-03,4.138771666917E-03,4.207820920954E-03,
    4.27687017499E-03,4.345919429027E-03,4.414968683064E-03,
    4.4840179371E-03,4.553067191137E-03),.QUASI_UNIFORM_KNOTS.);
#4355 = CARTESIAN_POINT('',(0.,4.069337961184));
#4356 = CARTESIAN_POINT('',(4.593541862031E-03,4.077617158339));
#4357 = CARTESIAN_POINT('',(1.375641519258E-02,4.094281801207));
#4358 = CARTESIAN_POINT('',(2.742376436892E-02,4.119603948538));
#4359 = CARTESIAN_POINT('',(4.100982503475E-02,4.145257273291));
#4360 = CARTESIAN_POINT('',(5.451026268127E-02,4.171249320206));
#4361 = CARTESIAN_POINT('',(6.792075402578E-02,4.197588588746));
#4362 = CARTESIAN_POINT('',(8.1236998068E-02,4.224284631356));
#4363 = CARTESIAN_POINT('',(9.445472654702E-02,4.251347936889));
#4364 = CARTESIAN_POINT('',(0.107569721699,4.278789949288));
#4365 = CARTESIAN_POINT('',(0.120577803001,4.306622726841));
#4366 = CARTESIAN_POINT('',(0.133474927952,4.334859866725));
#4367 = CARTESIAN_POINT('',(0.146256864734,4.363512685604));
#4368 = CARTESIAN_POINT('',(0.158920460057,4.392604062438));
#4369 = CARTESIAN_POINT('',(0.171465008113,4.422153774693));
#4370 = CARTESIAN_POINT('',(0.183888810863,4.452174291028));
#4371 = CARTESIAN_POINT('',(0.196190441238,4.482684707957));
#4372 = CARTESIAN_POINT('',(0.208368410666,4.51370697946));
#4373 = CARTESIAN_POINT('',(0.220421263986,4.545266848782));
#4374 = CARTESIAN_POINT('',(0.232347559804,4.577393480058));
#4375 = CARTESIAN_POINT('',(0.244145880959,4.610119360734));
#4376 = CARTESIAN_POINT('',(0.255814838237,4.643480155504));
#4377 = CARTESIAN_POINT('',(0.267353070022,4.677514170393));
#4378 = CARTESIAN_POINT('',(0.27495719928,4.700680092453));
#4379 = CARTESIAN_POINT('',(0.278737036516,4.712388980385));
#4380 = ( GEOMETRIC_REPRESENTATION_CONTEXT(2) 
PARAMETRIC_REPRESENTATION_CONTEXT() REPRESENTATION_CONTEXT('2D SPACE',''
  ) );
#4381 = PCURVE('',#4382,#4495);
#4382 = B_SPLINE_SURFACE_WITH_KNOTS('',3,3,(
    (#4383,#4384,#4385,#4386,#4387,#4388,#4389)
    ,(#4390,#4391,#4392,#4393,#4394,#4395,#4396)
    ,(#4397,#4398,#4399,#4400,#4401,#4402,#4403)
    ,(#4404,#4405,#4406,#4407,#4408,#4409,#4410)
    ,(#4411,#4412,#4413,#4414,#4415,#4416,#4417)
    ,(#4418,#4419,#4420,#4421,#4422,#4423,#4424)
    ,(#4425,#4426,#4427,#4428,#4429,#4430,#4431)
    ,(#4432,#4433,#4434,#4435,#4436,#4437,#4438)
    ,(#4439,#4440,#4441,#4442,#4443,#4444,#4445)
    ,(#4446,#4447,#4448,#4449,#4450,#4451,#4452)
    ,(#4453,#4454,#4455,#4456,#4457,#4458,#4459)
    ,(#4460,#4461,#4462,#4463,#4464,#4465,#4466)
    ,(#4467,#4468,#4469,#4470,#4471,#4472,#4473)
    ,(#4474,#4475,#4476,#4477,#4478,#4479,#4480)
    ,(#4481,#4482,#4483,#4484,#4485,#4486,#4487)
    ,(#4488,#4489,#4490,#4491,#4492,#4493,#4494
  )),.UNSPECIFIED.,.F.,.F.,.F.,(4,3,3,3,3,4),(4,3,4),(-6.071532E-18,
    1.191126083258E-03,1.786689124887E-03,2.382252166516E-03,
    3.573378249773E-03,4.764504333031E-03),(0.,0.5,1.),.UNSPECIFIED.);
#4383 = CARTESIAN_POINT('',(-49.05548921271,-32.78046641066,9.));
#4384 = CARTESIAN_POINT('',(-49.27316204397,-32.92592244521,9.));
#4385 = CARTESIAN_POINT('',(-49.48949448234,-33.07048278582,
    9.10777309639));
#4386 = CARTESIAN_POINT('',(-49.6434124174,-33.17333573421,
    9.292893218813));
#4387 = CARTESIAN_POINT('',(-49.79733035247,-33.2761886826,
    9.478013341237));
#4388 = CARTESIAN_POINT('',(-49.88693818242,-33.33606753627,
    9.738200612201));
#4389 = CARTESIAN_POINT('',(-49.88693818242,-33.33606753627,10.));
#4390 = CARTESIAN_POINT('',(-48.97938400686,-33.07321850264,9.));
#4391 = CARTESIAN_POINT('',(-49.18229239889,-33.21095901103,
    9.026016522773));
#4392 = CARTESIAN_POINT('',(-49.36835845441,-33.35263278177,
    9.145421066437));
#4393 = CARTESIAN_POINT('',(-49.49212656041,-33.46296999237,
    9.328027868727));
#4394 = CARTESIAN_POINT('',(-49.6158946664,-33.57330720297,
    9.510634671017));
#4395 = CARTESIAN_POINT('',(-49.67631316292,-33.65126480169,
    9.754763245007));
#4396 = CARTESIAN_POINT('',(-49.65925501051,-33.67679207763,10.));
#4397 = CARTESIAN_POINT('',(-48.90098429351,-33.3793842827,
    8.965582583325));
#4398 = CARTESIAN_POINT('',(-49.07997048369,-33.51373471381,
    9.014072654045));
#4399 = CARTESIAN_POINT('',(-49.23355413235,-33.65216209303,
    9.138752501331));
#4400 = CARTESIAN_POINT('',(-49.32947913653,-33.76491127287,
    9.312645600288));
#4401 = CARTESIAN_POINT('',(-49.4254041407,-33.87766045271,
    9.486538699245));
#4402 = CARTESIAN_POINT('',(-49.46306217824,-33.96396899601,
    9.708483749717));
#4403 = CARTESIAN_POINT('',(-49.43486010448,-34.00509013694,
    9.93116516665));
#4404 = CARTESIAN_POINT('',(-48.8099117688,-33.70725356515,
    8.907347993932));
#4405 = CARTESIAN_POINT('',(-48.96075677607,-33.83587039564,
    8.970445210291));
#4406 = CARTESIAN_POINT('',(-49.08324818111,-33.96718458714,
    9.09412605982));
#4407 = CARTESIAN_POINT('',(-49.15484720904,-34.07703394639,
    9.255632906395));
#4408 = CARTESIAN_POINT('',(-49.22644623696,-34.18688330563,
    9.41713975297));
#4409 = CARTESIAN_POINT('',(-49.24679747255,-34.27472254401,
    9.615670881889));
#4410 = CARTESIAN_POINT('',(-49.21215622923,-34.3243889861,
    9.814695987865));
#4411 = CARTESIAN_POINT('',(-48.76437550644,-33.87118820638,
    8.878230699236));
#4412 = CARTESIAN_POINT('',(-48.90114992226,-33.99693823656,
    8.948631488413));
#4413 = CARTESIAN_POINT('',(-49.00809520549,-34.1246958342,
    9.071812839065));
#4414 = CARTESIAN_POINT('',(-49.06753124529,-34.23309528315,
    9.227126559448));
#4415 = CARTESIAN_POINT('',(-49.12696728509,-34.34149473209,
    9.382440279832));
#4416 = CARTESIAN_POINT('',(-49.1386651197,-34.430099318,9.569264447975)
  );
#4417 = CARTESIAN_POINT('',(-49.10080429161,-34.48403841068,
    9.756461398472));
#4418 = CARTESIAN_POINT('',(-48.71574766668,-34.03963438498,
    8.843106776992));
#4419 = CARTESIAN_POINT('',(-48.83751066615,-34.16195732204,
    8.918833218889));
#4420 = CARTESIAN_POINT('',(-48.92937867455,-34.28523058724,
    9.039948758013));
#4421 = CARTESIAN_POINT('',(-48.97763717549,-34.39084963811,
    9.188144390145));
#4422 = CARTESIAN_POINT('',(-49.02589567643,-34.49646868898,
    9.336340022277));
#4423 = CARTESIAN_POINT('',(-49.03039277214,-34.58409017308,
    9.511135342813));
#4424 = CARTESIAN_POINT('',(-48.99053519344,-34.64046603249,
    9.686213553985));
#4425 = CARTESIAN_POINT('',(-48.6631617775,-34.20983585664,
    8.803774964451));
#4426 = CARTESIAN_POINT('',(-48.77014103899,-34.32773080236,
    8.882674314855));
#4427 = CARTESIAN_POINT('',(-48.84815814797,-34.44556290185,
    9.000406143612));
#4428 = CARTESIAN_POINT('',(-48.88658292856,-34.5472770108,
    9.140928968754));
#4429 = CARTESIAN_POINT('',(-48.92500770914,-34.64899111976,
    9.281451793896));
#4430 = CARTESIAN_POINT('',(-48.92373815833,-34.73431722638,
    9.444392581409));
#4431 = CARTESIAN_POINT('',(-48.88294725802,-34.79162927154,
    9.607549928902));
#4432 = CARTESIAN_POINT('',(-48.61057588832,-34.38003732831,
    8.764443151909));
#4433 = CARTESIAN_POINT('',(-48.70277141183,-34.49350428269,
    8.846515410821));
#4434 = CARTESIAN_POINT('',(-48.7669376214,-34.60589521645,8.96086352921
    ));
#4435 = CARTESIAN_POINT('',(-48.79552868163,-34.7037043835,
    9.093713547362));
#4436 = CARTESIAN_POINT('',(-48.82411974186,-34.80151355054,
    9.226563565515));
#4437 = CARTESIAN_POINT('',(-48.81708354452,-34.88454427968,
    9.377649820004));
#4438 = CARTESIAN_POINT('',(-48.77535932261,-34.9427925106,
    9.528886303819));
#4439 = CARTESIAN_POINT('',(-48.55376304891,-34.5529381773,
    8.720729320697));
#4440 = CARTESIAN_POINT('',(-48.63132593504,-34.66095660088,
    8.803867029725));
#4441 = CARTESIAN_POINT('',(-48.68278026578,-34.76692975096,
    8.913512375851));
#4442 = CARTESIAN_POINT('',(-48.70281308239,-34.85970062247,
    9.038097805591));
#4443 = CARTESIAN_POINT('',(-48.722845899,-34.95247149398,9.16268323533)
  );
#4444 = CARTESIAN_POINT('',(-48.71142855465,-35.03189757343,
    9.302017628382));
#4445 = CARTESIAN_POINT('',(-48.66981672265,-35.08960406667,
    9.441458641395));
#4446 = CARTESIAN_POINT('',(-48.49086049376,-34.7282153678,
    8.673597086643));
#4447 = CARTESIAN_POINT('',(-48.55487972012,-34.82963500204,
    8.755818199318));
#4448 = CARTESIAN_POINT('',(-48.59520250414,-34.92833798921,
    8.859687059081));
#4449 = CARTESIAN_POINT('',(-48.60809855036,-35.01519323103,
    8.97559466833));
#4450 = CARTESIAN_POINT('',(-48.62099459659,-35.10204847285,
    9.09150227758));
#4451 = CARTESIAN_POINT('',(-48.60644847785,-35.17695206691,
    9.219309979391));
#4452 = CARTESIAN_POINT('',(-48.56580586811,-35.23297461726,
    9.347194173286));
#4453 = CARTESIAN_POINT('',(-48.36505538346,-35.07876974882,
    8.579332618534));
#4454 = CARTESIAN_POINT('',(-48.40198729027,-35.16699180437,
    8.659720538506));
#4455 = CARTESIAN_POINT('',(-48.42004698084,-35.2511544657,
    8.752036425541));
#4456 = CARTESIAN_POINT('',(-48.4186694863,-35.32617844814,
    8.850588393809));
#4457 = CARTESIAN_POINT('',(-48.41729199176,-35.40120243059,
    8.949140362078));
#4458 = CARTESIAN_POINT('',(-48.39648832424,-35.46706105385,
    9.053894681408));
#4459 = CARTESIAN_POINT('',(-48.35778415904,-35.51971571843,
    9.158665237068));
#4460 = CARTESIAN_POINT('',(-48.21406682564,-35.43999103122,
    8.471290913004));
#4461 = CARTESIAN_POINT('',(-48.22853958046,-35.50995889904,
    8.541738000409));
#4462 = CARTESIAN_POINT('',(-48.23083386919,-35.57594953563,
    8.618178122708));
#4463 = CARTESIAN_POINT('',(-48.22096698718,-35.6355152433,
    8.697728799894));
#4464 = CARTESIAN_POINT('',(-48.21110010518,-35.69508095096,
    8.77727947708));
#4465 = CARTESIAN_POINT('',(-48.18907423375,-35.74821170002,
    8.859927151862));
#4466 = CARTESIAN_POINT('',(-48.15575853891,-35.79291861745,
    8.942581826008));
#4467 = CARTESIAN_POINT('',(-48.02710787697,-35.79761258896,
    8.356558982286));
#4468 = CARTESIAN_POINT('',(-48.02990968886,-35.84841198802,
    8.411899882174));
#4469 = CARTESIAN_POINT('',(-48.02530537727,-35.89631119195,
    8.470273542639));
#4470 = CARTESIAN_POINT('',(-48.013411142,-35.94010136018,8.530206777396
    ));
#4471 = CARTESIAN_POINT('',(-48.00151690674,-35.98389152841,
    8.590140012153));
#4472 = CARTESIAN_POINT('',(-47.98233377088,-36.02356889436,
    8.651627666106));
#4473 = CARTESIAN_POINT('',(-47.95634586258,-36.05813211341,
    8.713117964572));
#4474 = CARTESIAN_POINT('',(-47.8401489283,-36.1552341467,8.241827051568
    ));
#4475 = CARTESIAN_POINT('',(-47.83127979727,-36.18686507699,
    8.282061763939));
#4476 = CARTESIAN_POINT('',(-47.81977688535,-36.21667284827,
    8.322368962569));
#4477 = CARTESIAN_POINT('',(-47.80585529682,-36.24468747706,
    8.362684754898));
#4478 = CARTESIAN_POINT('',(-47.7919337083,-36.27270210585,
    8.403000547227));
#4479 = CARTESIAN_POINT('',(-47.77559330801,-36.29892608869,
    8.44332818035));
#4480 = CARTESIAN_POINT('',(-47.75693318625,-36.32334560936,
    8.483654103136));
#4481 = CARTESIAN_POINT('',(-47.61645793956,-36.5081277541,
    8.120376805692));
#4482 = CARTESIAN_POINT('',(-47.60706588738,-36.52020451201,
    8.14043960664));
#4483 = CARTESIAN_POINT('',(-47.5976738352,-36.53228126991,
    8.160502407589));
#4484 = CARTESIAN_POINT('',(-47.58828178303,-36.54435802782,
    8.180565208537));
#4485 = CARTESIAN_POINT('',(-47.57888973085,-36.55643478573,
    8.200628009486));
#4486 = CARTESIAN_POINT('',(-47.56949767867,-36.56851154364,
    8.220690810434));
#4487 = CARTESIAN_POINT('',(-47.5601056265,-36.58058830155,
    8.240753611383));
#4488 = CARTESIAN_POINT('',(-47.36299888127,-36.83403775005,8.));
#4489 = CARTESIAN_POINT('',(-47.36299888127,-36.83403775005,8.));
#4490 = CARTESIAN_POINT('',(-47.36299888127,-36.83403775005,8.));
#4491 = CARTESIAN_POINT('',(-47.36299888127,-36.83403775005,8.));
#4492 = CARTESIAN_POINT('',(-47.36299888127,-36.83403775005,8.));
#4493 = CARTESIAN_POINT('',(-47.36299888127,-36.83403775005,8.));
#4494 = CARTESIAN_POINT('',(-47.36299888127,-36.83403775005,8.));
#4495 = DEFINITIONAL_REPRESENTATION('',(#4496),#4522);
#4496 = B_SPLINE_CURVE_WITH_KNOTS('',3,(#4497,#4498,#4499,#4500,#4501,
    #4502,#4503,#4504,#4505,#4506,#4507,#4508,#4509,#4510,#4511,#4512,
    #4513,#4514,#4515,#4516,#4517,#4518,#4519,#4520,#4521),
  .UNSPECIFIED.,.F.,.F.,(4,1,1,1,1,1,1,1,1,1,1,1,1,1,1,1,1,1,1,1,1,1,4),
  (3.03398360233E-03,3.103032856367E-03,3.172082110403E-03,
    3.24113136444E-03,3.310180618477E-03,3.379229872513E-03,
    3.44827912655E-03,3.517328380587E-03,3.586377634623E-03,
    3.65542688866E-03,3.724476142697E-03,3.793525396734E-03,
    3.86257465077E-03,3.931623904807E-03,4.000673158844E-03,
    4.06972241288E-03,4.138771666917E-03,4.207820920954E-03,
    4.27687017499E-03,4.345919429027E-03,4.414968683064E-03,
    4.4840179371E-03,4.553067191137E-03),.QUASI_UNIFORM_KNOTS.);
#4497 = CARTESIAN_POINT('',(1.804321606444E-03,0.));
#4498 = CARTESIAN_POINT('',(1.779422114504E-03,7.031808334245E-08));
#4499 = CARTESIAN_POINT('',(1.72947733172E-03,1.865893255943E-06));
#4500 = CARTESIAN_POINT('',(1.654096036403E-03,7.080387625262E-06));
#4501 = CARTESIAN_POINT('',(1.578226357127E-03,1.192470430866E-05));
#4502 = CARTESIAN_POINT('',(1.501835415468E-03,1.507421762134E-05));
#4503 = CARTESIAN_POINT('',(1.424888616551E-03,1.588055808403E-05));
#4504 = CARTESIAN_POINT('',(1.347349347108E-03,1.471022023837E-05));
#4505 = CARTESIAN_POINT('',(1.269171905039E-03,1.117268470022E-05));
#4506 = CARTESIAN_POINT('',(1.19032860613E-03,9.535185842593E-06));
#4507 = CARTESIAN_POINT('',(1.11070681384E-03,-2.554945346204E-06));
#4508 = CARTESIAN_POINT('',(1.030232376136E-03,6.845955422209E-07));
#4509 = CARTESIAN_POINT('',(9.48941015424E-04,-1.834368226801E-07));
#4510 = CARTESIAN_POINT('',(8.66825095631E-04,4.915174849943E-08));
#4511 = CARTESIAN_POINT('',(7.838766225236E-04,-1.317017131762E-08));
#4512 = CARTESIAN_POINT('',(7.00096526468E-04,3.528936771048E-09));
#4513 = CARTESIAN_POINT('',(6.154843070877E-04,-9.455757665741E-10));
#4514 = CARTESIAN_POINT('',(5.30040954491E-04,2.533662952482E-10));
#4515 = CARTESIAN_POINT('',(4.437683431742E-04,-6.788941441885E-11));
#4516 = CARTESIAN_POINT('',(3.566696125811E-04,1.819136242715E-11));
#4517 = CARTESIAN_POINT('',(2.687492935472E-04,-4.876035289751E-12));
#4518 = CARTESIAN_POINT('',(1.80013635465E-04,1.312778731856E-12));
#4519 = CARTESIAN_POINT('',(9.047055330857E-05,-3.750796376732E-13));
#4520 = CARTESIAN_POINT('',(3.024421781281E-05,-0.));
#4521 = CARTESIAN_POINT('',(-6.071532E-18,0.));
#4522 = ( GEOMETRIC_REPRESENTATION_CONTEXT(2) 
PARAMETRIC_REPRESENTATION_CONTEXT() REPRESENTATION_CONTEXT('2D SPACE',''
  ) );
#4523 = ORIENTED_EDGE('',*,*,#4524,.F.);
#4524 = EDGE_CURVE('',#4525,#4342,#4527,.T.);
#4525 = VERTEX_POINT('',#4526);
#4526 = CARTESIAN_POINT('',(-47.36299888127,-36.83403775005,8.));
#4527 = SURFACE_CURVE('',#4528,(#4535,#4564),.PCURVE_S1.);
#4528 = B_SPLINE_CURVE_WITH_KNOTS('',3,(#4529,#4530,#4531,#4532,#4533,
    #4534),.UNSPECIFIED.,.F.,.F.,(4,2,4),(-1.3493375766E-05,
    1.510245113282E-03,3.03398360233E-03),.UNSPECIFIED.);
#4529 = CARTESIAN_POINT('',(-47.36299888127,-36.83403775005,8.));
#4530 = CARTESIAN_POINT('',(-47.66234294564,-36.44912657951,
    8.142169580958));
#4531 = CARTESIAN_POINT('',(-47.91761336708,-36.03158274002,
    8.284460916728));
#4532 = CARTESIAN_POINT('',(-48.34320588079,-35.15319309784,
    8.558535524457));
#4533 = CARTESIAN_POINT('',(-48.51227192307,-34.69635598597,
    8.690716758585));
#4534 = CARTESIAN_POINT('',(-48.65847992628,-34.22496007609,
    8.800269972714));
#4535 = PCURVE('',#4294,#4536);
#4536 = DEFINITIONAL_REPRESENTATION('',(#4537),#4563);
#4537 = B_SPLINE_CURVE_WITH_KNOTS('',3,(#4538,#4539,#4540,#4541,#4542,
    #4543,#4544,#4545,#4546,#4547,#4548,#4549,#4550,#4551,#4552,#4553,
    #4554,#4555,#4556,#4557,#4558,#4559,#4560,#4561,#4562),
  .UNSPECIFIED.,.F.,.F.,(4,1,1,1,1,1,1,1,1,1,1,1,1,1,1,1,1,1,1,1,1,1,4),
  (-1.3493375766E-05,1.250283050565E-04,2.635499858791E-04,
    4.020716667016E-04,5.405933475242E-04,6.791150283467E-04,
    8.176367091693E-04,9.561583899918E-04,1.094680070814E-03,
    1.233201751637E-03,1.371723432459E-03,1.510245113282E-03,
    1.648766794105E-03,1.787288474927E-03,1.92581015575E-03,
    2.064331836572E-03,2.202853517395E-03,2.341375198217E-03,
    2.47989687904E-03,2.618418559862E-03,2.756940240685E-03,
    2.895461921507E-03,3.03398360233E-03),.UNSPECIFIED.);
#4538 = CARTESIAN_POINT('',(-0.660992515215,3.14159265359));
#4539 = CARTESIAN_POINT('',(-0.650562429671,3.154517512353));
#4540 = CARTESIAN_POINT('',(-0.629707020622,3.180367898736));
#4541 = CARTESIAN_POINT('',(-0.598449017721,3.219179376146));
#4542 = CARTESIAN_POINT('',(-0.567226612855,3.258059078997));
#4543 = CARTESIAN_POINT('',(-0.53605147355,3.297044807681));
#4544 = CARTESIAN_POINT('',(-0.50493595873,3.336177351993));
#4545 = CARTESIAN_POINT('',(-0.473893176166,3.375500453608));
#4546 = CARTESIAN_POINT('',(-0.442936802798,3.415059972216));
#4547 = CARTESIAN_POINT('',(-0.412081253817,3.454903266446));
#4548 = CARTESIAN_POINT('',(-0.381340646336,3.495077988659));
#4549 = CARTESIAN_POINT('',(-0.350732195415,3.535632483163));
#4550 = CARTESIAN_POINT('',(-0.320263053451,3.576609827133));
#4551 = CARTESIAN_POINT('',(-0.289978919649,3.618065169231));
#4552 = CARTESIAN_POINT('',(-0.259911863765,3.660028278887));
#4553 = CARTESIAN_POINT('',(-0.230057392527,3.702525956214));
#4554 = CARTESIAN_POINT('',(-0.200423146996,3.74560083334));
#4555 = CARTESIAN_POINT('',(-0.171015796355,3.789306378141));
#4556 = CARTESIAN_POINT('',(-0.141844460123,3.833707867279));
#4557 = CARTESIAN_POINT('',(-0.112919674514,3.878881349715));
#4558 = CARTESIAN_POINT('',(-8.42535155779E-02,3.924912690471));
#4559 = CARTESIAN_POINT('',(-5.58594223903E-02,3.971896203776));
#4560 = CARTESIAN_POINT('',(-2.77519463905E-02,4.019932569569));
#4561 = CARTESIAN_POINT('',(-9.215310867797E-03,4.052729183642));
#4562 = CARTESIAN_POINT('',(-8.881784197001E-16,4.069337961184));
#4563 = ( GEOMETRIC_REPRESENTATION_CONTEXT(2) 
PARAMETRIC_REPRESENTATION_CONTEXT() REPRESENTATION_CONTEXT('2D SPACE',''
  ) );
#4564 = PCURVE('',#4382,#4565);
#4565 = DEFINITIONAL_REPRESENTATION('',(#4566),#4592);
#4566 = B_SPLINE_CURVE_WITH_KNOTS('',3,(#4567,#4568,#4569,#4570,#4571,
    #4572,#4573,#4574,#4575,#4576,#4577,#4578,#4579,#4580,#4581,#4582,
    #4583,#4584,#4585,#4586,#4587,#4588,#4589,#4590,#4591),
  .UNSPECIFIED.,.F.,.F.,(4,1,1,1,1,1,1,1,1,1,1,1,1,1,1,1,1,1,1,1,1,1,4),
  (-1.3493375766E-05,1.250283050565E-04,2.635499858791E-04,
    4.020716667016E-04,5.405933475242E-04,6.791150283467E-04,
    8.176367091693E-04,9.561583899918E-04,1.094680070814E-03,
    1.233201751637E-03,1.371723432459E-03,1.510245113282E-03,
    1.648766794105E-03,1.787288474927E-03,1.92581015575E-03,
    2.064331836572E-03,2.202853517395E-03,2.341375198217E-03,
    2.47989687904E-03,2.618418559862E-03,2.756940240685E-03,
    2.895461921507E-03,3.03398360233E-03),.UNSPECIFIED.);
#4567 = CARTESIAN_POINT('',(4.764504333031E-03,1.325403368211E-04));
#4568 = CARTESIAN_POINT('',(4.721875235686E-03,9.452411815026E-05));
#4569 = CARTESIAN_POINT('',(4.636702139608E-03,1.10153084768E-04));
#4570 = CARTESIAN_POINT('',(4.509078218517E-03,2.67920047013E-04));
#4571 = CARTESIAN_POINT('',(4.381470477174E-03,3.494209363412E-04));
#4572 = CARTESIAN_POINT('',(4.253759268921E-03,3.888172673807E-04));
#4573 = CARTESIAN_POINT('',(4.125822997173E-03,3.69242273718E-04));
#4574 = CARTESIAN_POINT('',(3.997536579636E-03,3.008295287223E-04));
#4575 = CARTESIAN_POINT('',(3.868769996859E-03,1.991677662453E-04));
#4576 = CARTESIAN_POINT('',(3.739385526096E-03,9.018446294063E-05));
#4577 = CARTESIAN_POINT('',(3.609239191633E-03,1.090852388067E-05));
#4578 = CARTESIAN_POINT('',(3.478165399496E-03,2.225002501262E-06));
#4579 = CARTESIAN_POINT('',(3.34602701803E-03,-4.11883001128E-05));
#4580 = CARTESIAN_POINT('',(3.212874568469E-03,8.681948589332E-06));
#4581 = CARTESIAN_POINT('',(3.078707812558E-03,1.367874598632E-04));
#4582 = CARTESIAN_POINT('',(2.943395083053E-03,2.541746984727E-04));
#4583 = CARTESIAN_POINT('',(2.806825769985E-03,3.323456476912E-04));
#4584 = CARTESIAN_POINT('',(2.668865415757E-03,3.556776731033E-04));
#4585 = CARTESIAN_POINT('',(2.529372036789E-03,3.255078690145E-04));
#4586 = CARTESIAN_POINT('',(2.388163357666E-03,2.551689059832E-04));
#4587 = CARTESIAN_POINT('',(2.245117208753E-03,1.589653267012E-04));
#4588 = CARTESIAN_POINT('',(2.100244521127E-03,6.829325135876E-05));
#4589 = CARTESIAN_POINT('',(1.953449262033E-03,1.092452667513E-05));
#4590 = CARTESIAN_POINT('',(1.854260059123E-03,-1.869075259479E-06));
#4591 = CARTESIAN_POINT('',(1.804321606444E-03,0.));
#4592 = ( GEOMETRIC_REPRESENTATION_CONTEXT(2) 
PARAMETRIC_REPRESENTATION_CONTEXT() REPRESENTATION_CONTEXT('2D SPACE',''
  ) );
#4593 = ORIENTED_EDGE('',*,*,#4594,.T.);
#4594 = EDGE_CURVE('',#4525,#4285,#4595,.T.);
#4595 = SURFACE_CURVE('',#4596,(#4601,#4608),.PCURVE_S1.);
#4596 = CIRCLE('',#4597,4.25);
#4597 = AXIS2_PLACEMENT_3D('',#4598,#4599,#4600);
#4598 = CARTESIAN_POINT('',(-44.00811979384,-34.22496007609,8.));
#4599 = DIRECTION('',(0.,0.,-1.));
#4600 = DIRECTION('',(-1.,0.,0.));
#4601 = PCURVE('',#4294,#4602);
#4602 = DEFINITIONAL_REPRESENTATION('',(#4603),#4607);
#4603 = LINE('',#4604,#4605);
#4604 = CARTESIAN_POINT('',(-6.28318530718,3.14159265359));
#4605 = VECTOR('',#4606,1.);
#4606 = DIRECTION('',(1.,7.067899292141E-16));
#4607 = ( GEOMETRIC_REPRESENTATION_CONTEXT(2) 
PARAMETRIC_REPRESENTATION_CONTEXT() REPRESENTATION_CONTEXT('2D SPACE',''
  ) );
#4608 = PCURVE('',#1818,#4609);
#4609 = DEFINITIONAL_REPRESENTATION('',(#4610),#4614);
#4610 = LINE('',#4611,#4612);
#4611 = CARTESIAN_POINT('',(-6.28318530718,19.));
#4612 = VECTOR('',#4613,1.);
#4613 = DIRECTION('',(1.,0.));
#4614 = ( GEOMETRIC_REPRESENTATION_CONTEXT(2) 
PARAMETRIC_REPRESENTATION_CONTEXT() REPRESENTATION_CONTEXT('2D SPACE',''
  ) );
#4615 = ADVANCED_FACE('',(#4616),#4631,.F.);
#4616 = FACE_BOUND('',#4617,.F.);
#4617 = EDGE_LOOP('',(#4618,#4649,#4673,#4702,#4887));
#4618 = ORIENTED_EDGE('',*,*,#4619,.T.);
#4619 = EDGE_CURVE('',#4620,#4622,#4624,.T.);
#4620 = VERTEX_POINT('',#4621);
#4621 = CARTESIAN_POINT('',(-49.05548921271,-32.78046641066,18.));
#4622 = VERTEX_POINT('',#4623);
#4623 = CARTESIAN_POINT('',(-39.86385739173,-31.00198177296,18.));
#4624 = SURFACE_CURVE('',#4625,(#4630,#4642),.PCURVE_S1.);
#4625 = CIRCLE('',#4626,5.25);
#4626 = AXIS2_PLACEMENT_3D('',#4627,#4628,#4629);
#4627 = CARTESIAN_POINT('',(-44.00811979384,-34.22496007609,18.));
#4628 = DIRECTION('',(0.,0.,-1.));
#4629 = DIRECTION('',(-1.,0.,0.));
#4630 = PCURVE('',#4631,#4636);
#4631 = TOROIDAL_SURFACE('',#4632,5.25,1.);
#4632 = AXIS2_PLACEMENT_3D('',#4633,#4634,#4635);
#4633 = CARTESIAN_POINT('',(-44.00811979384,-34.22496007609,19.));
#4634 = DIRECTION('',(0.,0.,-1.));
#4635 = DIRECTION('',(-1.,0.,0.));
#4636 = DEFINITIONAL_REPRESENTATION('',(#4637),#4641);
#4637 = LINE('',#4638,#4639);
#4638 = CARTESIAN_POINT('',(0.,1.570796326795));
#4639 = VECTOR('',#4640,1.);
#4640 = DIRECTION('',(1.,1.210127576438E-15));
#4641 = ( GEOMETRIC_REPRESENTATION_CONTEXT(2) 
PARAMETRIC_REPRESENTATION_CONTEXT() REPRESENTATION_CONTEXT('2D SPACE',''
  ) );
#4642 = PCURVE('',#3279,#4643);
#4643 = DEFINITIONAL_REPRESENTATION('',(#4644),#4648);
#4644 = CIRCLE('',#4645,5.25);
#4645 = AXIS2_PLACEMENT_2D('',#4646,#4647);
#4646 = CARTESIAN_POINT('',(-3.571676130482,-14.51676330929));
#4647 = DIRECTION('',(1.,0.));
#4648 = ( GEOMETRIC_REPRESENTATION_CONTEXT(2) 
PARAMETRIC_REPRESENTATION_CONTEXT() REPRESENTATION_CONTEXT('2D SPACE',''
  ) );
#4649 = ORIENTED_EDGE('',*,*,#4650,.F.);
#4650 = EDGE_CURVE('',#4651,#4622,#4653,.T.);
#4651 = VERTEX_POINT('',#4652);
#4652 = CARTESIAN_POINT('',(-40.65324070642,-31.61588240213,19.));
#4653 = SURFACE_CURVE('',#4654,(#4659,#4666),.PCURVE_S1.);
#4654 = CIRCLE('',#4655,1.);
#4655 = AXIS2_PLACEMENT_3D('',#4656,#4657,#4658);
#4656 = CARTESIAN_POINT('',(-39.86385739173,-31.00198177296,19.));
#4657 = DIRECTION('',(0.613900629168,-0.789383314688,0.));
#4658 = DIRECTION('',(0.789383314688,0.613900629168,0.));
#4659 = PCURVE('',#4631,#4660);
#4660 = DEFINITIONAL_REPRESENTATION('',(#4661),#4665);
#4661 = LINE('',#4662,#4663);
#4662 = CARTESIAN_POINT('',(2.480600138375,6.28318530718));
#4663 = VECTOR('',#4664,1.);
#4664 = DIRECTION('',(-2.827159716856E-16,-1.));
#4665 = ( GEOMETRIC_REPRESENTATION_CONTEXT(2) 
PARAMETRIC_REPRESENTATION_CONTEXT() REPRESENTATION_CONTEXT('2D SPACE',''
  ) );
#4666 = PCURVE('',#3250,#4667);
#4667 = DEFINITIONAL_REPRESENTATION('',(#4668),#4672);
#4668 = LINE('',#4669,#4670);
#4669 = CARTESIAN_POINT('',(5.622192791965,-3.14159265359));
#4670 = VECTOR('',#4671,1.);
#4671 = DIRECTION('',(0.,1.));
#4672 = ( GEOMETRIC_REPRESENTATION_CONTEXT(2) 
PARAMETRIC_REPRESENTATION_CONTEXT() REPRESENTATION_CONTEXT('2D SPACE',''
  ) );
#4673 = ORIENTED_EDGE('',*,*,#4674,.T.);
#4674 = EDGE_CURVE('',#4651,#4675,#4677,.T.);
#4675 = VERTEX_POINT('',#4676);
#4676 = CARTESIAN_POINT('',(-47.36299888127,-36.83403775005,19.));
#4677 = SURFACE_CURVE('',#4678,(#4683,#4690),.PCURVE_S1.);
#4678 = CIRCLE('',#4679,4.25);
#4679 = AXIS2_PLACEMENT_3D('',#4680,#4681,#4682);
#4680 = CARTESIAN_POINT('',(-44.00811979384,-34.22496007609,19.));
#4681 = DIRECTION('',(0.,0.,1.));
#4682 = DIRECTION('',(-1.,0.,0.));
#4683 = PCURVE('',#4631,#4684);
#4684 = DEFINITIONAL_REPRESENTATION('',(#4685),#4689);
#4685 = LINE('',#4686,#4687);
#4686 = CARTESIAN_POINT('',(6.28318530718,3.14159265359));
#4687 = VECTOR('',#4688,1.);
#4688 = DIRECTION('',(-1.,-4.240739575285E-16));
#4689 = ( GEOMETRIC_REPRESENTATION_CONTEXT(2) 
PARAMETRIC_REPRESENTATION_CONTEXT() REPRESENTATION_CONTEXT('2D SPACE',''
  ) );
#4690 = PCURVE('',#4691,#4696);
#4691 = CYLINDRICAL_SURFACE('',#4692,4.25);
#4692 = AXIS2_PLACEMENT_3D('',#4693,#4694,#4695);
#4693 = CARTESIAN_POINT('',(-44.00811979384,-34.22496007609,27.));
#4694 = DIRECTION('',(0.,0.,-1.));
#4695 = DIRECTION('',(-1.,0.,0.));
#4696 = DEFINITIONAL_REPRESENTATION('',(#4697),#4701);
#4697 = LINE('',#4698,#4699);
#4698 = CARTESIAN_POINT('',(6.28318530718,8.));
#4699 = VECTOR('',#4700,1.);
#4700 = DIRECTION('',(-1.,0.));
#4701 = ( GEOMETRIC_REPRESENTATION_CONTEXT(2) 
PARAMETRIC_REPRESENTATION_CONTEXT() REPRESENTATION_CONTEXT('2D SPACE',''
  ) );
#4702 = ORIENTED_EDGE('',*,*,#4703,.F.);
#4703 = EDGE_CURVE('',#4704,#4675,#4706,.T.);
#4704 = VERTEX_POINT('',#4705);
#4705 = CARTESIAN_POINT('',(-48.65847992628,-34.22496007609,
    18.199730027286));
#4706 = SURFACE_CURVE('',#4707,(#4716,#4745),.PCURVE_S1.);
#4707 = B_SPLINE_CURVE_WITH_KNOTS('',3,(#4708,#4709,#4710,#4711,#4712,
    #4713,#4714,#4715),.UNSPECIFIED.,.F.,.F.,(4,2,2,4),(
    1.512347113947E-03,3.029358404303E-03,3.787864049481E-03,
    4.546369694659E-03),.UNSPECIFIED.);
#4708 = CARTESIAN_POINT('',(-48.65847992628,-34.22496007609,
    18.199730027286));
#4709 = CARTESIAN_POINT('',(-48.51226903949,-34.69636528306,
    18.309285402075));
#4710 = CARTESIAN_POINT('',(-48.34319917784,-35.1532111269,
    18.441469606924));
#4711 = CARTESIAN_POINT('',(-48.023995961,-35.81201529395,
    18.647030027877));
#4712 = CARTESIAN_POINT('',(-47.90707357055,-36.02649804042,
    18.717040527351));
#4713 = CARTESIAN_POINT('',(-47.65163527896,-36.44090993559,
    18.857840900075));
#4714 = CARTESIAN_POINT('',(-47.51201012192,-36.64243184271,
    18.929229043892));
#4715 = CARTESIAN_POINT('',(-47.36299888127,-36.83403775005,19.));
#4716 = PCURVE('',#4631,#4717);
#4717 = DEFINITIONAL_REPRESENTATION('',(#4718),#4744);
#4718 = B_SPLINE_CURVE_WITH_KNOTS('',3,(#4719,#4720,#4721,#4722,#4723,
    #4724,#4725,#4726,#4727,#4728,#4729,#4730,#4731,#4732,#4733,#4734,
    #4735,#4736,#4737,#4738,#4739,#4740,#4741,#4742,#4743),
  .UNSPECIFIED.,.F.,.F.,(4,1,1,1,1,1,1,1,1,1,1,1,1,1,1,1,1,1,1,1,1,1,4),
  (1.512347113947E-03,1.650257231252E-03,1.788167348557E-03,
    1.926077465862E-03,2.063987583167E-03,2.201897700472E-03,
    2.339807817778E-03,2.477717935083E-03,2.615628052388E-03,
    2.753538169693E-03,2.891448286998E-03,3.029358404303E-03,
    3.167268521608E-03,3.305178638913E-03,3.443088756218E-03,
    3.580998873523E-03,3.718908990828E-03,3.856819108134E-03,
    3.994729225439E-03,4.132639342744E-03,4.270549460049E-03,
    4.408459577354E-03,4.546369694659E-03),.QUASI_UNIFORM_KNOTS.);
#4719 = CARTESIAN_POINT('',(0.,2.213847345995));
#4720 = CARTESIAN_POINT('',(-9.215492620254E-03,2.230456451111));
#4721 = CARTESIAN_POINT('',(-2.775249585182E-02,2.263253703313));
#4722 = CARTESIAN_POINT('',(-5.58605351449E-02,2.311290981395));
#4723 = CARTESIAN_POINT('',(-8.425520237583E-02,2.358275368177));
#4724 = CARTESIAN_POINT('',(-0.112921945468,2.404307549867));
#4725 = CARTESIAN_POINT('',(-0.14184732389,2.449481845234));
#4726 = CARTESIAN_POINT('',(-0.17101926362,2.493884128146));
#4727 = CARTESIAN_POINT('',(-0.200427217982,2.537590437463));
#4728 = CARTESIAN_POINT('',(-0.230062104178,2.580666107014));
#4729 = CARTESIAN_POINT('',(-0.259917114264,2.623164407013));
#4730 = CARTESIAN_POINT('',(-0.289985123984,2.665128718999));
#4731 = CARTESIAN_POINT('',(-0.320268697441,2.70658305398));
#4732 = CARTESIAN_POINT('',(-0.350742964894,2.747567594391));
#4733 = CARTESIAN_POINT('',(-0.381362815989,2.788142163743));
#4734 = CARTESIAN_POINT('',(-0.412112968879,2.828340184456));
#4735 = CARTESIAN_POINT('',(-0.442970108172,2.868201057015));
#4736 = CARTESIAN_POINT('',(-0.473916410908,2.907763987442));
#4737 = CARTESIAN_POINT('',(-0.504924469986,2.94705174639));
#4738 = CARTESIAN_POINT('',(-0.536069126196,2.986223440133));
#4739 = CARTESIAN_POINT('',(-0.567293051444,3.025258815309));
#4740 = CARTESIAN_POINT('',(-0.598554694075,3.06416623721));
#4741 = CARTESIAN_POINT('',(-0.629807973421,3.10294986885));
#4742 = CARTESIAN_POINT('',(-0.650608472833,3.128724847386));
#4743 = CARTESIAN_POINT('',(-0.660992515215,3.14159265359));
#4744 = ( GEOMETRIC_REPRESENTATION_CONTEXT(2) 
PARAMETRIC_REPRESENTATION_CONTEXT() REPRESENTATION_CONTEXT('2D SPACE',''
  ) );
#4745 = PCURVE('',#4746,#4859);
#4746 = B_SPLINE_SURFACE_WITH_KNOTS('',3,3,(
    (#4747,#4748,#4749,#4750,#4751,#4752,#4753)
    ,(#4754,#4755,#4756,#4757,#4758,#4759,#4760)
    ,(#4761,#4762,#4763,#4764,#4765,#4766,#4767)
    ,(#4768,#4769,#4770,#4771,#4772,#4773,#4774)
    ,(#4775,#4776,#4777,#4778,#4779,#4780,#4781)
    ,(#4782,#4783,#4784,#4785,#4786,#4787,#4788)
    ,(#4789,#4790,#4791,#4792,#4793,#4794,#4795)
    ,(#4796,#4797,#4798,#4799,#4800,#4801,#4802)
    ,(#4803,#4804,#4805,#4806,#4807,#4808,#4809)
    ,(#4810,#4811,#4812,#4813,#4814,#4815,#4816)
    ,(#4817,#4818,#4819,#4820,#4821,#4822,#4823)
    ,(#4824,#4825,#4826,#4827,#4828,#4829,#4830)
    ,(#4831,#4832,#4833,#4834,#4835,#4836,#4837)
    ,(#4838,#4839,#4840,#4841,#4842,#4843,#4844)
    ,(#4845,#4846,#4847,#4848,#4849,#4850,#4851)
    ,(#4852,#4853,#4854,#4855,#4856,#4857,#4858
  )),.UNSPECIFIED.,.F.,.F.,.F.,(4,3,3,3,3,4),(4,3,4),(0.,
    1.191126083258E-03,1.786689124887E-03,2.382252166516E-03,
    3.573378249773E-03,4.764504333031E-03),(0.,0.5,1.),.UNSPECIFIED.);
#4747 = CARTESIAN_POINT('',(-49.88693818242,-33.33606753627,17.));
#4748 = CARTESIAN_POINT('',(-49.88693818242,-33.33606753627,
    17.261799387799));
#4749 = CARTESIAN_POINT('',(-49.79733035247,-33.2761886826,
    17.521986658763));
#4750 = CARTESIAN_POINT('',(-49.6434124174,-33.17333573421,
    17.707106781187));
#4751 = CARTESIAN_POINT('',(-49.48949448234,-33.07048278582,
    17.89222690361));
#4752 = CARTESIAN_POINT('',(-49.27316204397,-32.92592244521,18.));
#4753 = CARTESIAN_POINT('',(-49.05548921271,-32.78046641066,18.));
#4754 = CARTESIAN_POINT('',(-49.65925501051,-33.67679207763,17.));
#4755 = CARTESIAN_POINT('',(-49.67631316292,-33.65126480169,
    17.245236754993));
#4756 = CARTESIAN_POINT('',(-49.6158946664,-33.57330720297,
    17.489365328983));
#4757 = CARTESIAN_POINT('',(-49.49212656041,-33.46296999237,
    17.671972131273));
#4758 = CARTESIAN_POINT('',(-49.36835845441,-33.35263278177,
    17.854578933563));
#4759 = CARTESIAN_POINT('',(-49.18229239889,-33.21095901103,
    17.973983477227));
#4760 = CARTESIAN_POINT('',(-48.97938400686,-33.07321850264,18.));
#4761 = CARTESIAN_POINT('',(-49.43486010448,-34.00509013694,
    17.06883483335));
#4762 = CARTESIAN_POINT('',(-49.46306217824,-33.96396899601,
    17.291516250283));
#4763 = CARTESIAN_POINT('',(-49.4254041407,-33.87766045271,
    17.513461300755));
#4764 = CARTESIAN_POINT('',(-49.32947913653,-33.76491127287,
    17.687354399712));
#4765 = CARTESIAN_POINT('',(-49.23355413235,-33.65216209303,
    17.861247498669));
#4766 = CARTESIAN_POINT('',(-49.07997048369,-33.51373471381,
    17.985927345955));
#4767 = CARTESIAN_POINT('',(-48.90098429351,-33.3793842827,
    18.034417416675));
#4768 = CARTESIAN_POINT('',(-49.21215622923,-34.3243889861,
    17.185304012135));
#4769 = CARTESIAN_POINT('',(-49.24679747255,-34.27472254401,
    17.384329118111));
#4770 = CARTESIAN_POINT('',(-49.22644623696,-34.18688330563,
    17.58286024703));
#4771 = CARTESIAN_POINT('',(-49.15484720904,-34.07703394639,
    17.744367093605));
#4772 = CARTESIAN_POINT('',(-49.08324818111,-33.96718458714,
    17.90587394018));
#4773 = CARTESIAN_POINT('',(-48.96075677607,-33.83587039564,
    18.029554789709));
#4774 = CARTESIAN_POINT('',(-48.8099117688,-33.70725356515,
    18.092652006068));
#4775 = CARTESIAN_POINT('',(-49.10080429161,-34.48403841068,
    17.243538601528));
#4776 = CARTESIAN_POINT('',(-49.1386651197,-34.430099318,17.430735552025
    ));
#4777 = CARTESIAN_POINT('',(-49.12696728509,-34.34149473209,
    17.617559720168));
#4778 = CARTESIAN_POINT('',(-49.06753124529,-34.23309528315,
    17.772873440552));
#4779 = CARTESIAN_POINT('',(-49.00809520549,-34.1246958342,
    17.928187160935));
#4780 = CARTESIAN_POINT('',(-48.90114992226,-33.99693823656,
    18.051368511587));
#4781 = CARTESIAN_POINT('',(-48.76437550644,-33.87118820638,
    18.121769300764));
#4782 = CARTESIAN_POINT('',(-48.99053519344,-34.64046603249,
    17.313786446015));
#4783 = CARTESIAN_POINT('',(-49.03039277214,-34.58409017308,
    17.488864657187));
#4784 = CARTESIAN_POINT('',(-49.02589567643,-34.49646868898,
    17.663659977723));
#4785 = CARTESIAN_POINT('',(-48.97763717549,-34.39084963811,
    17.811855609855));
#4786 = CARTESIAN_POINT('',(-48.92937867455,-34.28523058724,
    17.960051241987));
#4787 = CARTESIAN_POINT('',(-48.83751066615,-34.16195732204,
    18.081166781111));
#4788 = CARTESIAN_POINT('',(-48.71574766668,-34.03963438498,
    18.156893223008));
#4789 = CARTESIAN_POINT('',(-48.88294725802,-34.79162927154,
    17.392450071098));
#4790 = CARTESIAN_POINT('',(-48.92373815833,-34.73431722638,
    17.555607418591));
#4791 = CARTESIAN_POINT('',(-48.92500770914,-34.64899111976,
    17.718548206104));
#4792 = CARTESIAN_POINT('',(-48.88658292856,-34.5472770108,
    17.859071031246));
#4793 = CARTESIAN_POINT('',(-48.84815814797,-34.44556290185,
    17.999593856388));
#4794 = CARTESIAN_POINT('',(-48.77014103899,-34.32773080236,
    18.117325685145));
#4795 = CARTESIAN_POINT('',(-48.6631617775,-34.20983585664,
    18.196225035549));
#4796 = CARTESIAN_POINT('',(-48.77535932261,-34.9427925106,
    17.471113696181));
#4797 = CARTESIAN_POINT('',(-48.81708354452,-34.88454427968,
    17.622350179996));
#4798 = CARTESIAN_POINT('',(-48.82411974186,-34.80151355054,
    17.773436434485));
#4799 = CARTESIAN_POINT('',(-48.79552868163,-34.7037043835,
    17.906286452638));
#4800 = CARTESIAN_POINT('',(-48.7669376214,-34.60589521645,
    18.03913647079));
#4801 = CARTESIAN_POINT('',(-48.70277141183,-34.49350428269,
    18.153484589179));
#4802 = CARTESIAN_POINT('',(-48.61057588832,-34.38003732831,
    18.235556848091));
#4803 = CARTESIAN_POINT('',(-48.66981672265,-35.08960406667,
    17.558541358605));
#4804 = CARTESIAN_POINT('',(-48.71142855465,-35.03189757343,
    17.697982371618));
#4805 = CARTESIAN_POINT('',(-48.722845899,-34.95247149398,17.83731676467
    ));
#4806 = CARTESIAN_POINT('',(-48.70281308239,-34.85970062247,
    17.961902194409));
#4807 = CARTESIAN_POINT('',(-48.68278026578,-34.76692975096,
    18.086487624149));
#4808 = CARTESIAN_POINT('',(-48.63132593504,-34.66095660088,
    18.196132970275));
#4809 = CARTESIAN_POINT('',(-48.55376304891,-34.5529381773,
    18.279270679303));
#4810 = CARTESIAN_POINT('',(-48.56580586811,-35.23297461726,
    17.652805826714));
#4811 = CARTESIAN_POINT('',(-48.60644847785,-35.17695206691,
    17.780690020609));
#4812 = CARTESIAN_POINT('',(-48.62099459659,-35.10204847285,
    17.90849772242));
#4813 = CARTESIAN_POINT('',(-48.60809855036,-35.01519323103,
    18.02440533167));
#4814 = CARTESIAN_POINT('',(-48.59520250414,-34.92833798921,
    18.140312940919));
#4815 = CARTESIAN_POINT('',(-48.55487972012,-34.82963500204,
    18.244181800682));
#4816 = CARTESIAN_POINT('',(-48.49086049376,-34.7282153678,
    18.326402913357));
#4817 = CARTESIAN_POINT('',(-48.35778415904,-35.51971571843,
    17.841334762932));
#4818 = CARTESIAN_POINT('',(-48.39648832424,-35.46706105385,
    17.946105318592));
#4819 = CARTESIAN_POINT('',(-48.41729199176,-35.40120243059,
    18.050859637922));
#4820 = CARTESIAN_POINT('',(-48.4186694863,-35.32617844814,
    18.149411606191));
#4821 = CARTESIAN_POINT('',(-48.42004698084,-35.2511544657,
    18.247963574459));
#4822 = CARTESIAN_POINT('',(-48.40198729027,-35.16699180437,
    18.340279461494));
#4823 = CARTESIAN_POINT('',(-48.36505538346,-35.07876974882,
    18.420667381466));
#4824 = CARTESIAN_POINT('',(-48.15575853891,-35.79291861745,
    18.057418173992));
#4825 = CARTESIAN_POINT('',(-48.18907423375,-35.74821170002,
    18.140072848139));
#4826 = CARTESIAN_POINT('',(-48.21110010518,-35.69508095096,
    18.22272052292));
#4827 = CARTESIAN_POINT('',(-48.22096698718,-35.6355152433,
    18.302271200106));
#4828 = CARTESIAN_POINT('',(-48.23083386919,-35.57594953563,
    18.381821877292));
#4829 = CARTESIAN_POINT('',(-48.22853958046,-35.50995889904,
    18.458261999591));
#4830 = CARTESIAN_POINT('',(-48.21406682564,-35.43999103122,
    18.528709086996));
#4831 = CARTESIAN_POINT('',(-47.95634586258,-36.05813211341,
    18.286882035428));
#4832 = CARTESIAN_POINT('',(-47.98233377088,-36.02356889436,
    18.348372333894));
#4833 = CARTESIAN_POINT('',(-48.00151690674,-35.98389152841,
    18.409859987847));
#4834 = CARTESIAN_POINT('',(-48.013411142,-35.94010136018,
    18.469793222604));
#4835 = CARTESIAN_POINT('',(-48.02530537727,-35.89631119195,
    18.529726457361));
#4836 = CARTESIAN_POINT('',(-48.02990968886,-35.84841198802,
    18.588100117826));
#4837 = CARTESIAN_POINT('',(-48.02710787697,-35.79761258896,
    18.643441017714));
#4838 = CARTESIAN_POINT('',(-47.75693318625,-36.32334560936,
    18.516345896864));
#4839 = CARTESIAN_POINT('',(-47.77559330801,-36.29892608869,
    18.55667181965));
#4840 = CARTESIAN_POINT('',(-47.7919337083,-36.27270210585,
    18.596999452773));
#4841 = CARTESIAN_POINT('',(-47.80585529682,-36.24468747706,
    18.637315245102));
#4842 = CARTESIAN_POINT('',(-47.81977688535,-36.21667284827,
    18.677631037431));
#4843 = CARTESIAN_POINT('',(-47.83127979727,-36.18686507699,
    18.717938236061));
#4844 = CARTESIAN_POINT('',(-47.8401489283,-36.1552341467,
    18.758172948432));
#4845 = CARTESIAN_POINT('',(-47.5601056265,-36.58058830155,
    18.759246388617));
#4846 = CARTESIAN_POINT('',(-47.56949767867,-36.56851154364,
    18.779309189566));
#4847 = CARTESIAN_POINT('',(-47.57888973085,-36.55643478573,
    18.799371990514));
#4848 = CARTESIAN_POINT('',(-47.58828178303,-36.54435802782,
    18.819434791463));
#4849 = CARTESIAN_POINT('',(-47.5976738352,-36.53228126991,
    18.839497592411));
#4850 = CARTESIAN_POINT('',(-47.60706588738,-36.52020451201,
    18.85956039336));
#4851 = CARTESIAN_POINT('',(-47.61645793956,-36.5081277541,
    18.879623194309));
#4852 = CARTESIAN_POINT('',(-47.36299888127,-36.83403775005,19.));
#4853 = CARTESIAN_POINT('',(-47.36299888127,-36.83403775005,19.));
#4854 = CARTESIAN_POINT('',(-47.36299888127,-36.83403775005,19.));
#4855 = CARTESIAN_POINT('',(-47.36299888127,-36.83403775005,19.));
#4856 = CARTESIAN_POINT('',(-47.36299888127,-36.83403775005,19.));
#4857 = CARTESIAN_POINT('',(-47.36299888127,-36.83403775005,19.));
#4858 = CARTESIAN_POINT('',(-47.36299888127,-36.83403775005,19.));
#4859 = DEFINITIONAL_REPRESENTATION('',(#4860),#4886);
#4860 = B_SPLINE_CURVE_WITH_KNOTS('',3,(#4861,#4862,#4863,#4864,#4865,
    #4866,#4867,#4868,#4869,#4870,#4871,#4872,#4873,#4874,#4875,#4876,
    #4877,#4878,#4879,#4880,#4881,#4882,#4883,#4884,#4885),
  .UNSPECIFIED.,.F.,.F.,(4,1,1,1,1,1,1,1,1,1,1,1,1,1,1,1,1,1,1,1,1,1,4),
  (1.512347113947E-03,1.650257231252E-03,1.788167348557E-03,
    1.926077465862E-03,2.063987583167E-03,2.201897700472E-03,
    2.339807817778E-03,2.477717935083E-03,2.615628052388E-03,
    2.753538169693E-03,2.891448286998E-03,3.029358404303E-03,
    3.167268521608E-03,3.305178638913E-03,3.443088756218E-03,
    3.580998873523E-03,3.718908990828E-03,3.856819108134E-03,
    3.994729225439E-03,4.132639342744E-03,4.270549460049E-03,
    4.408459577354E-03,4.546369694659E-03),.QUASI_UNIFORM_KNOTS.);
#4861 = CARTESIAN_POINT('',(1.804321606444E-03,1.));
#4862 = CARTESIAN_POINT('',(1.854261044054E-03,1.000001869206));
#4863 = CARTESIAN_POINT('',(1.953452189444E-03,0.999989074547));
#4864 = CARTESIAN_POINT('',(2.100250284885E-03,0.999931701329));
#4865 = CARTESIAN_POINT('',(2.245125734582E-03,0.999841022055));
#4866 = CARTESIAN_POINT('',(2.38817458026E-03,0.999744811749));
#4867 = CARTESIAN_POINT('',(2.529385876521E-03,0.999674466854));
#4868 = CARTESIAN_POINT('',(2.668881837135E-03,0.999644294228));
#4869 = CARTESIAN_POINT('',(2.80684469546E-03,0.999667625875));
#4870 = CARTESIAN_POINT('',(2.943416607583E-03,0.999745804997));
#4871 = CARTESIAN_POINT('',(3.07873142503E-03,0.99986318674));
#4872 = CARTESIAN_POINT('',(3.212902046E-03,0.99999135086));
#4873 = CARTESIAN_POINT('',(3.346051622808E-03,1.000041039902));
#4874 = CARTESIAN_POINT('',(3.478212193359E-03,0.999998312705));
#4875 = CARTESIAN_POINT('',(3.609337261141E-03,1.00000146758));
#4876 = CARTESIAN_POINT('',(3.739529524587E-03,0.999952395529));
#4877 = CARTESIAN_POINT('',(3.868928927828E-03,0.999895757724));
#4878 = CARTESIAN_POINT('',(3.997662392315E-03,0.999867334819));
#4879 = CARTESIAN_POINT('',(4.125810393101E-03,0.999867591347));
#4880 = CARTESIAN_POINT('',(4.253868158825E-03,0.999922397249));
#4881 = CARTESIAN_POINT('',(4.381772014292E-03,0.99999338077));
#4882 = CARTESIAN_POINT('',(4.509527076245E-03,1.00005720356));
#4883 = CARTESIAN_POINT('',(4.637118714996E-03,1.000060237432));
#4884 = CARTESIAN_POINT('',(4.722063255315E-03,1.000057662697));
#4885 = CARTESIAN_POINT('',(4.764504333031E-03,1.000059088103));
#4886 = ( GEOMETRIC_REPRESENTATION_CONTEXT(2) 
PARAMETRIC_REPRESENTATION_CONTEXT() REPRESENTATION_CONTEXT('2D SPACE',''
  ) );
#4887 = ORIENTED_EDGE('',*,*,#4888,.F.);
#4888 = EDGE_CURVE('',#4620,#4704,#4889,.T.);
#4889 = SURFACE_CURVE('',#4890,(#4897,#4926),.PCURVE_S1.);
#4890 = B_SPLINE_CURVE_WITH_KNOTS('',3,(#4891,#4892,#4893,#4894,#4895,
    #4896),.UNSPECIFIED.,.F.,.F.,(4,2,4),(0.,7.56173556973E-04,
    1.512347113947E-03),.UNSPECIFIED.);
#4891 = CARTESIAN_POINT('',(-49.05548921271,-32.78046641066,18.));
#4892 = CARTESIAN_POINT('',(-48.99172015069,-33.0257653505,18.));
#4893 = CARTESIAN_POINT('',(-48.9290146432,-33.26873194263,
    18.024038440921));
#4894 = CARTESIAN_POINT('',(-48.79890131602,-33.75076920704,
    18.096396720093));
#4895 = CARTESIAN_POINT('',(-48.73136060096,-33.98998215971,
    18.145120758412));
#4896 = CARTESIAN_POINT('',(-48.65847992628,-34.22496007609,
    18.199730027286));
#4897 = PCURVE('',#4631,#4898);
#4898 = DEFINITIONAL_REPRESENTATION('',(#4899),#4925);
#4899 = B_SPLINE_CURVE_WITH_KNOTS('',3,(#4900,#4901,#4902,#4903,#4904,
    #4905,#4906,#4907,#4908,#4909,#4910,#4911,#4912,#4913,#4914,#4915,
    #4916,#4917,#4918,#4919,#4920,#4921,#4922,#4923,#4924),
  .UNSPECIFIED.,.F.,.F.,(4,1,1,1,1,1,1,1,1,1,1,1,1,1,1,1,1,1,1,1,1,1,4),
  (0.,6.874305063395E-05,1.374861012679E-04,2.062291519019E-04,
    2.749722025358E-04,3.437152531698E-04,4.124583038037E-04,
    4.812013544377E-04,5.499444050716E-04,6.186874557056E-04,
    6.874305063395E-04,7.561735569735E-04,8.249166076075E-04,
    8.936596582414E-04,9.624027088754E-04,1.031145759509E-03,
    1.099888810143E-03,1.168631860777E-03,1.237374911411E-03,
    1.306117962045E-03,1.374861012679E-03,1.443604063313E-03,
    1.512347113947E-03),.QUASI_UNIFORM_KNOTS.);
#4900 = CARTESIAN_POINT('',(0.278737036516,1.570796326795));
#4901 = CARTESIAN_POINT('',(0.27495719928,1.582505214727));
#4902 = CARTESIAN_POINT('',(0.267353070022,1.605671136787));
#4903 = CARTESIAN_POINT('',(0.255814838237,1.639705151676));
#4904 = CARTESIAN_POINT('',(0.244145880959,1.673065946446));
#4905 = CARTESIAN_POINT('',(0.232347559804,1.705791827122));
#4906 = CARTESIAN_POINT('',(0.220421263986,1.737918458398));
#4907 = CARTESIAN_POINT('',(0.208368410666,1.769478327719));
#4908 = CARTESIAN_POINT('',(0.196190441238,1.800500599223));
#4909 = CARTESIAN_POINT('',(0.183888810863,1.831011016152));
#4910 = CARTESIAN_POINT('',(0.171465008113,1.861031532486));
#4911 = CARTESIAN_POINT('',(0.158920460057,1.890581244741));
#4912 = CARTESIAN_POINT('',(0.146256864734,1.919672621576));
#4913 = CARTESIAN_POINT('',(0.133474927952,1.948325440454));
#4914 = CARTESIAN_POINT('',(0.120577803001,1.976562580338));
#4915 = CARTESIAN_POINT('',(0.107569721699,2.004395357892));
#4916 = CARTESIAN_POINT('',(9.445472654702E-02,2.031837370291));
#4917 = CARTESIAN_POINT('',(8.1236998068E-02,2.058900675823));
#4918 = CARTESIAN_POINT('',(6.792075402578E-02,2.085596718434));
#4919 = CARTESIAN_POINT('',(5.451026268127E-02,2.111935986973));
#4920 = CARTESIAN_POINT('',(4.100982503475E-02,2.137928033889));
#4921 = CARTESIAN_POINT('',(2.742376436892E-02,2.163581358642));
#4922 = CARTESIAN_POINT('',(1.375641519258E-02,2.188903505973));
#4923 = CARTESIAN_POINT('',(4.593541862031E-03,2.205568148841));
#4924 = CARTESIAN_POINT('',(0.,2.213847345995));
#4925 = ( GEOMETRIC_REPRESENTATION_CONTEXT(2) 
PARAMETRIC_REPRESENTATION_CONTEXT() REPRESENTATION_CONTEXT('2D SPACE',''
  ) );
#4926 = PCURVE('',#4746,#4927);
#4927 = DEFINITIONAL_REPRESENTATION('',(#4928),#4954);
#4928 = B_SPLINE_CURVE_WITH_KNOTS('',3,(#4929,#4930,#4931,#4932,#4933,
    #4934,#4935,#4936,#4937,#4938,#4939,#4940,#4941,#4942,#4943,#4944,
    #4945,#4946,#4947,#4948,#4949,#4950,#4951,#4952,#4953),
  .UNSPECIFIED.,.F.,.F.,(4,1,1,1,1,1,1,1,1,1,1,1,1,1,1,1,1,1,1,1,1,1,4),
  (0.,6.874305063395E-05,1.374861012679E-04,2.062291519019E-04,
    2.749722025358E-04,3.437152531698E-04,4.124583038037E-04,
    4.812013544377E-04,5.499444050716E-04,6.186874557056E-04,
    6.874305063395E-04,7.561735569735E-04,8.249166076075E-04,
    8.936596582414E-04,9.624027088754E-04,1.031145759509E-03,
    1.099888810143E-03,1.168631860777E-03,1.237374911411E-03,
    1.306117962045E-03,1.374861012679E-03,1.443604063313E-03,
    1.512347113947E-03),.QUASI_UNIFORM_KNOTS.);
#4929 = CARTESIAN_POINT('',(0.,1.));
#4930 = CARTESIAN_POINT('',(3.024421781281E-05,1.));
#4931 = CARTESIAN_POINT('',(9.047055330865E-05,1.));
#4932 = CARTESIAN_POINT('',(1.800136354648E-04,0.999999999999));
#4933 = CARTESIAN_POINT('',(2.687492935481E-04,1.000000000005));
#4934 = CARTESIAN_POINT('',(3.566696125777E-04,0.999999999982));
#4935 = CARTESIAN_POINT('',(4.43768343187E-04,1.000000000068));
#4936 = CARTESIAN_POINT('',(5.300409544876E-04,0.999999999747));
#4937 = CARTESIAN_POINT('',(6.154843070886E-04,1.000000000946));
#4938 = CARTESIAN_POINT('',(7.000965264678E-04,0.999999996471));
#4939 = CARTESIAN_POINT('',(7.838766225237E-04,1.00000001317));
#4940 = CARTESIAN_POINT('',(8.66825095631E-04,0.999999950848));
#4941 = CARTESIAN_POINT('',(9.48941015424E-04,1.000000183437));
#4942 = CARTESIAN_POINT('',(1.030232376136E-03,0.999999315404));
#4943 = CARTESIAN_POINT('',(1.11070681384E-03,1.000002554945));
#4944 = CARTESIAN_POINT('',(1.19032860613E-03,0.999990464814));
#4945 = CARTESIAN_POINT('',(1.269171905039E-03,0.999988827315));
#4946 = CARTESIAN_POINT('',(1.347349347108E-03,0.99998528978));
#4947 = CARTESIAN_POINT('',(1.424888616551E-03,0.999984119442));
#4948 = CARTESIAN_POINT('',(1.501835415468E-03,0.999984925782));
#4949 = CARTESIAN_POINT('',(1.578226357127E-03,0.999988075296));
#4950 = CARTESIAN_POINT('',(1.654096036403E-03,0.999992919612));
#4951 = CARTESIAN_POINT('',(1.72947733172E-03,0.999998134107));
#4952 = CARTESIAN_POINT('',(1.779422114504E-03,0.999999929682));
#4953 = CARTESIAN_POINT('',(1.804321606444E-03,1.));
#4954 = ( GEOMETRIC_REPRESENTATION_CONTEXT(2) 
PARAMETRIC_REPRESENTATION_CONTEXT() REPRESENTATION_CONTEXT('2D SPACE',''
  ) );
#4955 = ADVANCED_FACE('',(#4956),#4971,.T.);
#4956 = FACE_BOUND('',#4957,.T.);
#4957 = EDGE_LOOP('',(#4958,#4993,#5022,#5046));
#4958 = ORIENTED_EDGE('',*,*,#4959,.F.);
#4959 = EDGE_CURVE('',#4960,#4962,#4964,.T.);
#4960 = VERTEX_POINT('',#4961);
#4961 = CARTESIAN_POINT('',(-46.45413705276,-36.37324773351,27.));
#4962 = VERTEX_POINT('',#4963);
#4963 = CARTESIAN_POINT('',(-46.77021278092,-39.16053110501,27.));
#4964 = SURFACE_CURVE('',#4965,(#4970,#4982),.PCURVE_S1.);
#4965 = CIRCLE('',#4966,2.);
#4966 = AXIS2_PLACEMENT_3D('',#4967,#4968,#4969);
#4967 = CARTESIAN_POINT('',(-48.02885356302,-37.6062391821,27.));
#4968 = DIRECTION('',(0.,0.,-1.));
#4969 = DIRECTION('',(1.,0.,0.));
#4970 = PCURVE('',#4971,#4976);
#4971 = TOROIDAL_SURFACE('',#4972,2.,1.);
#4972 = AXIS2_PLACEMENT_3D('',#4973,#4974,#4975);
#4973 = CARTESIAN_POINT('',(-48.02885356302,-37.6062391821,26.));
#4974 = DIRECTION('',(0.,0.,1.));
#4975 = DIRECTION('',(1.,0.,0.));
#4976 = DEFINITIONAL_REPRESENTATION('',(#4977),#4981);
#4977 = LINE('',#4978,#4979);
#4978 = CARTESIAN_POINT('',(12.566370614359,1.570796326795));
#4979 = VECTOR('',#4980,1.);
#4980 = DIRECTION('',(-1.,-2.428430946389E-15));
#4981 = ( GEOMETRIC_REPRESENTATION_CONTEXT(2) 
PARAMETRIC_REPRESENTATION_CONTEXT() REPRESENTATION_CONTEXT('2D SPACE',''
  ) );
#4982 = PCURVE('',#3575,#4983);
#4983 = DEFINITIONAL_REPRESENTATION('',(#4984),#4992);
#4984 = ( BOUNDED_CURVE() B_SPLINE_CURVE(2,(#4985,#4986,#4987,#4988,
#4989,#4990,#4991),.UNSPECIFIED.,.T.,.F.) B_SPLINE_CURVE_WITH_KNOTS((1,2
    ,2,2,2,1),(-2.094395102393,0.,2.094395102393,4.188790204786,
6.28318530718,8.377580409573),.UNSPECIFIED.) CURVE() 
GEOMETRIC_REPRESENTATION_ITEM() RATIONAL_B_SPLINE_CURVE((1.,0.5,1.,0.5,
1.,0.5,1.)) REPRESENTATION_ITEM('') );
#4985 = CARTESIAN_POINT('',(-46.02885356302,-37.6062391821));
#4986 = CARTESIAN_POINT('',(-46.02885356302,-41.07034079724));
#4987 = CARTESIAN_POINT('',(-49.02885356302,-39.33828998967));
#4988 = CARTESIAN_POINT('',(-52.02885356302,-37.6062391821));
#4989 = CARTESIAN_POINT('',(-49.02885356302,-35.87418837453));
#4990 = CARTESIAN_POINT('',(-46.02885356302,-34.14213756696));
#4991 = CARTESIAN_POINT('',(-46.02885356302,-37.6062391821));
#4992 = ( GEOMETRIC_REPRESENTATION_CONTEXT(2) 
PARAMETRIC_REPRESENTATION_CONTEXT() REPRESENTATION_CONTEXT('2D SPACE',''
  ) );
#4993 = ORIENTED_EDGE('',*,*,#4994,.T.);
#4994 = EDGE_CURVE('',#4960,#4995,#4997,.T.);
#4995 = VERTEX_POINT('',#4996);
#4996 = CARTESIAN_POINT('',(-47.24149530789,-36.9897434578,26.));
#4997 = SURFACE_CURVE('',#4998,(#5003,#5010),.PCURVE_S1.);
#4998 = CIRCLE('',#4999,1.);
#4999 = AXIS2_PLACEMENT_3D('',#5000,#5001,#5002);
#5000 = CARTESIAN_POINT('',(-46.45413705276,-36.37324773351,26.));
#5001 = DIRECTION('',(0.616495724297,-0.787358255132,0.));
#5002 = DIRECTION('',(0.787358255132,0.616495724297,0.));
#5003 = PCURVE('',#4971,#5004);
#5004 = DEFINITIONAL_REPRESENTATION('',(#5005),#5009);
#5005 = LINE('',#5006,#5007);
#5006 = CARTESIAN_POINT('',(6.94746953847,-3.01980662698E-14));
#5007 = VECTOR('',#5008,1.);
#5008 = DIRECTION('',(-6.926541306298E-15,1.));
#5009 = ( GEOMETRIC_REPRESENTATION_CONTEXT(2) 
PARAMETRIC_REPRESENTATION_CONTEXT() REPRESENTATION_CONTEXT('2D SPACE',''
  ) );
#5010 = PCURVE('',#5011,#5016);
#5011 = TOROIDAL_SURFACE('',#5012,59.,1.);
#5012 = AXIS2_PLACEMENT_3D('',#5013,#5014,#5015);
#5013 = CARTESIAN_POINT('',(0.,0.,26.));
#5014 = DIRECTION('',(0.,0.,1.));
#5015 = DIRECTION('',(1.,0.,0.));
#5016 = DEFINITIONAL_REPRESENTATION('',(#5017),#5021);
#5017 = LINE('',#5018,#5019);
#5018 = CARTESIAN_POINT('',(3.80587688488,3.14159265359));
#5019 = VECTOR('',#5020,1.);
#5020 = DIRECTION('',(0.,-1.));
#5021 = ( GEOMETRIC_REPRESENTATION_CONTEXT(2) 
PARAMETRIC_REPRESENTATION_CONTEXT() REPRESENTATION_CONTEXT('2D SPACE',''
  ) );
#5022 = ORIENTED_EDGE('',*,*,#5023,.F.);
#5023 = EDGE_CURVE('',#5024,#4995,#5026,.T.);
#5024 = VERTEX_POINT('',#5025);
#5025 = CARTESIAN_POINT('',(-47.39953317197,-38.38338514356,26.));
#5026 = SURFACE_CURVE('',#5027,(#5032,#5039),.PCURVE_S1.);
#5027 = CIRCLE('',#5028,1.);
#5028 = AXIS2_PLACEMENT_3D('',#5029,#5030,#5031);
#5029 = CARTESIAN_POINT('',(-48.02885356302,-37.6062391821,26.));
#5030 = DIRECTION('',(0.,0.,1.));
#5031 = DIRECTION('',(1.,0.,0.));
#5032 = PCURVE('',#4971,#5033);
#5033 = DEFINITIONAL_REPRESENTATION('',(#5034),#5038);
#5034 = LINE('',#5035,#5036);
#5035 = CARTESIAN_POINT('',(0.,3.14159265359));
#5036 = VECTOR('',#5037,1.);
#5037 = DIRECTION('',(1.,0.));
#5038 = ( GEOMETRIC_REPRESENTATION_CONTEXT(2) 
PARAMETRIC_REPRESENTATION_CONTEXT() REPRESENTATION_CONTEXT('2D SPACE',''
  ) );
#5039 = PCURVE('',#2254,#5040);
#5040 = DEFINITIONAL_REPRESENTATION('',(#5041),#5045);
#5041 = LINE('',#5042,#5043);
#5042 = CARTESIAN_POINT('',(9.424777960769,-8.));
#5043 = VECTOR('',#5044,1.);
#5044 = DIRECTION('',(-1.,0.));
#5045 = ( GEOMETRIC_REPRESENTATION_CONTEXT(2) 
PARAMETRIC_REPRESENTATION_CONTEXT() REPRESENTATION_CONTEXT('2D SPACE',''
  ) );
#5046 = ORIENTED_EDGE('',*,*,#5047,.F.);
#5047 = EDGE_CURVE('',#4962,#5024,#5048,.T.);
#5048 = SURFACE_CURVE('',#5049,(#5054,#5061),.PCURVE_S1.);
#5049 = CIRCLE('',#5050,1.);
#5050 = AXIS2_PLACEMENT_3D('',#5051,#5052,#5053);
#5051 = CARTESIAN_POINT('',(-46.77021278092,-39.16053110501,26.));
#5052 = DIRECTION('',(-0.777145961457,-0.62932039105,0.));
#5053 = DIRECTION('',(0.62932039105,-0.777145961457,0.));
#5054 = PCURVE('',#4971,#5055);
#5055 = DEFINITIONAL_REPRESENTATION('',(#5056),#5060);
#5056 = LINE('',#5057,#5058);
#5057 = CARTESIAN_POINT('',(5.393067388662,-8.659739592076E-15));
#5058 = VECTOR('',#5059,1.);
#5059 = DIRECTION('',(5.654319433713E-16,1.));
#5060 = ( GEOMETRIC_REPRESENTATION_CONTEXT(2) 
PARAMETRIC_REPRESENTATION_CONTEXT() REPRESENTATION_CONTEXT('2D SPACE',''
  ) );
#5061 = PCURVE('',#5062,#5067);
#5062 = CYLINDRICAL_SURFACE('',#5063,1.);
#5063 = AXIS2_PLACEMENT_3D('',#5064,#5065,#5066);
#5064 = CARTESIAN_POINT('',(0.62932039105,-0.777145961457,26.));
#5065 = DIRECTION('',(0.777145961457,0.62932039105,0.));
#5066 = DIRECTION('',(-0.62932039105,0.777145961457,0.));
#5067 = DEFINITIONAL_REPRESENTATION('',(#5068),#5072);
#5068 = LINE('',#5069,#5070);
#5069 = CARTESIAN_POINT('',(3.14159265359,-60.9918027279));
#5070 = VECTOR('',#5071,1.);
#5071 = DIRECTION('',(-1.,0.));
#5072 = ( GEOMETRIC_REPRESENTATION_CONTEXT(2) 
PARAMETRIC_REPRESENTATION_CONTEXT() REPRESENTATION_CONTEXT('2D SPACE',''
  ) );
#5073 = ADVANCED_FACE('',(#5074),#1818,.T.);
#5074 = FACE_BOUND('',#5075,.T.);
#5075 = EDGE_LOOP('',(#5076,#5077,#5098,#5099));
#5076 = ORIENTED_EDGE('',*,*,#4594,.T.);
#5077 = ORIENTED_EDGE('',*,*,#5078,.T.);
#5078 = EDGE_CURVE('',#4285,#1780,#5079,.T.);
#5079 = SURFACE_CURVE('',#5080,(#5084,#5091),.PCURVE_S1.);
#5080 = LINE('',#5081,#5082);
#5081 = CARTESIAN_POINT('',(-40.65324070642,-31.61588240213,8.));
#5082 = VECTOR('',#5083,1.);
#5083 = DIRECTION('',(0.,0.,-1.));
#5084 = PCURVE('',#1818,#5085);
#5085 = DEFINITIONAL_REPRESENTATION('',(#5086),#5090);
#5086 = LINE('',#5087,#5088);
#5087 = CARTESIAN_POINT('',(2.480600138375,19.));
#5088 = VECTOR('',#5089,1.);
#5089 = DIRECTION('',(0.,1.));
#5090 = ( GEOMETRIC_REPRESENTATION_CONTEXT(2) 
PARAMETRIC_REPRESENTATION_CONTEXT() REPRESENTATION_CONTEXT('2D SPACE',''
  ) );
#5091 = PCURVE('',#3707,#5092);
#5092 = DEFINITIONAL_REPRESENTATION('',(#5093),#5097);
#5093 = LINE('',#5094,#5095);
#5094 = CARTESIAN_POINT('',(5.622192791965,19.));
#5095 = VECTOR('',#5096,1.);
#5096 = DIRECTION('',(0.,1.));
#5097 = ( GEOMETRIC_REPRESENTATION_CONTEXT(2) 
PARAMETRIC_REPRESENTATION_CONTEXT() REPRESENTATION_CONTEXT('2D SPACE',''
  ) );
#5098 = ORIENTED_EDGE('',*,*,#1803,.F.);
#5099 = ORIENTED_EDGE('',*,*,#5100,.F.);
#5100 = EDGE_CURVE('',#4525,#1496,#5101,.T.);
#5101 = SURFACE_CURVE('',#5102,(#5106,#5113),.PCURVE_S1.);
#5102 = LINE('',#5103,#5104);
#5103 = CARTESIAN_POINT('',(-47.36299888127,-36.83403775005,8.));
#5104 = VECTOR('',#5105,1.);
#5105 = DIRECTION('',(0.,0.,-1.));
#5106 = PCURVE('',#1818,#5107);
#5107 = DEFINITIONAL_REPRESENTATION('',(#5108),#5112);
#5108 = LINE('',#5109,#5110);
#5109 = CARTESIAN_POINT('',(-0.660992515215,19.));
#5110 = VECTOR('',#5111,1.);
#5111 = DIRECTION('',(0.,1.));
#5112 = ( GEOMETRIC_REPRESENTATION_CONTEXT(2) 
PARAMETRIC_REPRESENTATION_CONTEXT() REPRESENTATION_CONTEXT('2D SPACE',''
  ) );
#5113 = PCURVE('',#2341,#5114);
#5114 = DEFINITIONAL_REPRESENTATION('',(#5115),#5119);
#5115 = LINE('',#5116,#5117);
#5116 = CARTESIAN_POINT('',(5.622192791965,10.));
#5117 = VECTOR('',#5118,1.);
#5118 = DIRECTION('',(0.,1.));
#5119 = ( GEOMETRIC_REPRESENTATION_CONTEXT(2) 
PARAMETRIC_REPRESENTATION_CONTEXT() REPRESENTATION_CONTEXT('2D SPACE',''
  ) );
#5120 = ADVANCED_FACE('',(#5121),#4691,.T.);
#5121 = FACE_BOUND('',#5122,.T.);
#5122 = EDGE_LOOP('',(#5123,#5154,#5175,#5176));
#5123 = ORIENTED_EDGE('',*,*,#5124,.T.);
#5124 = EDGE_CURVE('',#5125,#5127,#5129,.T.);
#5125 = VERTEX_POINT('',#5126);
#5126 = CARTESIAN_POINT('',(-47.36299888127,-36.83403775005,26.));
#5127 = VERTEX_POINT('',#5128);
#5128 = CARTESIAN_POINT('',(-40.65324070642,-31.61588240213,26.));
#5129 = SURFACE_CURVE('',#5130,(#5135,#5142),.PCURVE_S1.);
#5130 = CIRCLE('',#5131,4.25);
#5131 = AXIS2_PLACEMENT_3D('',#5132,#5133,#5134);
#5132 = CARTESIAN_POINT('',(-44.00811979384,-34.22496007609,26.));
#5133 = DIRECTION('',(0.,0.,-1.));
#5134 = DIRECTION('',(1.,0.,0.));
#5135 = PCURVE('',#4691,#5136);
#5136 = DEFINITIONAL_REPRESENTATION('',(#5137),#5141);
#5137 = LINE('',#5138,#5139);
#5138 = CARTESIAN_POINT('',(-3.14159265359,1.));
#5139 = VECTOR('',#5140,1.);
#5140 = DIRECTION('',(1.,0.));
#5141 = ( GEOMETRIC_REPRESENTATION_CONTEXT(2) 
PARAMETRIC_REPRESENTATION_CONTEXT() REPRESENTATION_CONTEXT('2D SPACE',''
  ) );
#5142 = PCURVE('',#5143,#5148);
#5143 = TOROIDAL_SURFACE('',#5144,3.25,1.);
#5144 = AXIS2_PLACEMENT_3D('',#5145,#5146,#5147);
#5145 = CARTESIAN_POINT('',(-44.00811979384,-34.22496007609,26.));
#5146 = DIRECTION('',(0.,0.,1.));
#5147 = DIRECTION('',(1.,0.,0.));
#5148 = DEFINITIONAL_REPRESENTATION('',(#5149),#5153);
#5149 = LINE('',#5150,#5151);
#5150 = CARTESIAN_POINT('',(6.28318530718,0.));
#5151 = VECTOR('',#5152,1.);
#5152 = DIRECTION('',(-1.,0.));
#5153 = ( GEOMETRIC_REPRESENTATION_CONTEXT(2) 
PARAMETRIC_REPRESENTATION_CONTEXT() REPRESENTATION_CONTEXT('2D SPACE',''
  ) );
#5154 = ORIENTED_EDGE('',*,*,#5155,.T.);
#5155 = EDGE_CURVE('',#5127,#4651,#5156,.T.);
#5156 = SURFACE_CURVE('',#5157,(#5161,#5168),.PCURVE_S1.);
#5157 = LINE('',#5158,#5159);
#5158 = CARTESIAN_POINT('',(-40.65324070642,-31.61588240213,26.));
#5159 = VECTOR('',#5160,1.);
#5160 = DIRECTION('',(0.,0.,-1.));
#5161 = PCURVE('',#4691,#5162);
#5162 = DEFINITIONAL_REPRESENTATION('',(#5163),#5167);
#5163 = LINE('',#5164,#5165);
#5164 = CARTESIAN_POINT('',(2.480600138375,1.));
#5165 = VECTOR('',#5166,1.);
#5166 = DIRECTION('',(0.,1.));
#5167 = ( GEOMETRIC_REPRESENTATION_CONTEXT(2) 
PARAMETRIC_REPRESENTATION_CONTEXT() REPRESENTATION_CONTEXT('2D SPACE',''
  ) );
#5168 = PCURVE('',#3789,#5169);
#5169 = DEFINITIONAL_REPRESENTATION('',(#5170),#5174);
#5170 = LINE('',#5171,#5172);
#5171 = CARTESIAN_POINT('',(5.622192791965,1.));
#5172 = VECTOR('',#5173,1.);
#5173 = DIRECTION('',(0.,1.));
#5174 = ( GEOMETRIC_REPRESENTATION_CONTEXT(2) 
PARAMETRIC_REPRESENTATION_CONTEXT() REPRESENTATION_CONTEXT('2D SPACE',''
  ) );
#5175 = ORIENTED_EDGE('',*,*,#4674,.T.);
#5176 = ORIENTED_EDGE('',*,*,#5177,.F.);
#5177 = EDGE_CURVE('',#5125,#4675,#5178,.T.);
#5178 = SURFACE_CURVE('',#5179,(#5183,#5190),.PCURVE_S1.);
#5179 = LINE('',#5180,#5181);
#5180 = CARTESIAN_POINT('',(-47.36299888127,-36.83403775005,26.));
#5181 = VECTOR('',#5182,1.);
#5182 = DIRECTION('',(0.,0.,-1.));
#5183 = PCURVE('',#4691,#5184);
#5184 = DEFINITIONAL_REPRESENTATION('',(#5185),#5189);
#5185 = LINE('',#5186,#5187);
#5186 = CARTESIAN_POINT('',(-0.660992515215,1.));
#5187 = VECTOR('',#5188,1.);
#5188 = DIRECTION('',(0.,1.));
#5189 = ( GEOMETRIC_REPRESENTATION_CONTEXT(2) 
PARAMETRIC_REPRESENTATION_CONTEXT() REPRESENTATION_CONTEXT('2D SPACE',''
  ) );
#5190 = PCURVE('',#2341,#5191);
#5191 = DEFINITIONAL_REPRESENTATION('',(#5192),#5196);
#5192 = LINE('',#5193,#5194);
#5193 = CARTESIAN_POINT('',(5.622192791965,-8.));
#5194 = VECTOR('',#5195,1.);
#5195 = DIRECTION('',(0.,1.));
#5196 = ( GEOMETRIC_REPRESENTATION_CONTEXT(2) 
PARAMETRIC_REPRESENTATION_CONTEXT() REPRESENTATION_CONTEXT('2D SPACE',''
  ) );
#5197 = ADVANCED_FACE('',(#5198),#5219,.F.);
#5198 = FACE_BOUND('',#5199,.F.);
#5199 = EDGE_LOOP('',(#5200,#5281,#5329,#5353,#5438));
#5200 = ORIENTED_EDGE('',*,*,#5201,.F.);
#5201 = EDGE_CURVE('',#5202,#5204,#5206,.T.);
#5202 = VERTEX_POINT('',#5203);
#5203 = CARTESIAN_POINT('',(-38.57979592433,-19.7081967668,
    17.735253353734));
#5204 = VERTEX_POINT('',#5205);
#5205 = CARTESIAN_POINT('',(-38.61447983819,-18.91882519677,17.));
#5206 = SURFACE_CURVE('',#5207,(#5218,#5252),.PCURVE_S1.);
#5207 = B_SPLINE_CURVE_WITH_KNOTS('',3,(#5208,#5209,#5210,#5211,#5212,
    #5213,#5214,#5215,#5216,#5217),.UNSPECIFIED.,.F.,.F.,(4,3,3,4),(
    1.313517798843E-03,1.873907887108E-03,2.234027273692E-03,
    2.434297975373E-03),.UNSPECIFIED.);
#5208 = CARTESIAN_POINT('',(-38.57979592433,-19.7081967668,
    17.735253353734));
#5209 = CARTESIAN_POINT('',(-38.57979592433,-19.53506020694,
    17.662645305956));
#5210 = CARTESIAN_POINT('',(-38.5850555094,-19.36579757648,
    17.575421231203));
#5211 = CARTESIAN_POINT('',(-38.59328035897,-19.21571530165,
    17.460748454949));
#5212 = CARTESIAN_POINT('',(-38.59856583392,-19.11926902631,
    17.387057126877));
#5213 = CARTESIAN_POINT('',(-38.60522696594,-19.02958202875,
    17.302345052604));
#5214 = CARTESIAN_POINT('',(-38.6100046143,-18.97141738692,
    17.194756902473));
#5215 = CARTESIAN_POINT('',(-38.61266157481,-18.93907068729,
    17.134924649275));
#5216 = CARTESIAN_POINT('',(-38.61447983819,-18.91882519677,
    17.06851480961));
#5217 = CARTESIAN_POINT('',(-38.61447983819,-18.91882519677,17.));
#5218 = PCURVE('',#5219,#5224);
#5219 = CYLINDRICAL_SURFACE('',#5220,9.);
#5220 = AXIS2_PLACEMENT_3D('',#5221,#5222,#5223);
#5221 = CARTESIAN_POINT('',(-47.57979592433,-19.7081967668,17.));
#5222 = DIRECTION('',(0.,0.,1.));
#5223 = DIRECTION('',(1.,0.,0.));
#5224 = DEFINITIONAL_REPRESENTATION('',(#5225),#5251);
#5225 = B_SPLINE_CURVE_WITH_KNOTS('',3,(#5226,#5227,#5228,#5229,#5230,
    #5231,#5232,#5233,#5234,#5235,#5236,#5237,#5238,#5239,#5240,#5241,
    #5242,#5243,#5244,#5245,#5246,#5247,#5248,#5249,#5250),
  .UNSPECIFIED.,.F.,.F.,(4,1,1,1,1,1,1,1,1,1,1,1,1,1,1,1,1,1,1,1,1,1,4),
  (1.313517798843E-03,1.364462352322E-03,1.4154069058E-03,
    1.466351459279E-03,1.517296012758E-03,1.568240566236E-03,
    1.619185119715E-03,1.670129673193E-03,1.721074226672E-03,
    1.772018780151E-03,1.822963333629E-03,1.873907887108E-03,
    1.924852440587E-03,1.975796994065E-03,2.026741547544E-03,
    2.077686101023E-03,2.128630654501E-03,2.17957520798E-03,
    2.230519761458E-03,2.281464314937E-03,2.332408868416E-03,
    2.383353421894E-03,2.434297975373E-03),.QUASI_UNIFORM_KNOTS.);
#5226 = CARTESIAN_POINT('',(6.28318530718,0.735253353734));
#5227 = CARTESIAN_POINT('',(6.284934159807,0.728652622118));
#5228 = CARTESIAN_POINT('',(6.288424756208,0.715209571656));
#5229 = CARTESIAN_POINT('',(6.293631794826,0.694262386064));
#5230 = CARTESIAN_POINT('',(6.298802454552,0.67247474213));
#5231 = CARTESIAN_POINT('',(6.303929189672,0.649788792219));
#5232 = CARTESIAN_POINT('',(6.309004440862,0.626146685689));
#5233 = CARTESIAN_POINT('',(6.314020640937,0.601490583129));
#5234 = CARTESIAN_POINT('',(6.318970195591,0.575762603202));
#5235 = CARTESIAN_POINT('',(6.323845567133,0.548905021047));
#5236 = CARTESIAN_POINT('',(6.328638970537,0.520859527833));
#5237 = CARTESIAN_POINT('',(6.333343516311,0.49156999412));
#5238 = CARTESIAN_POINT('',(6.337948952676,0.460972156882));
#5239 = CARTESIAN_POINT('',(6.342457562375,0.429032108042));
#5240 = CARTESIAN_POINT('',(6.34683230794,0.395572439409));
#5241 = CARTESIAN_POINT('',(6.351023661139,0.360385257063));
#5242 = CARTESIAN_POINT('',(6.354985102113,0.323271258406));
#5243 = CARTESIAN_POINT('',(6.358670364831,0.284027261285));
#5244 = CARTESIAN_POINT('',(6.36202901301,0.242457010447));
#5245 = CARTESIAN_POINT('',(6.365026935567,0.198340422595));
#5246 = CARTESIAN_POINT('',(6.367568817682,0.151545799705));
#5247 = CARTESIAN_POINT('',(6.369487738699,0.10263322205));
#5248 = CARTESIAN_POINT('',(6.37071401281,5.201334373614E-02));
#5249 = CARTESIAN_POINT('',(6.371006101398,1.742869203016E-02));
#5250 = CARTESIAN_POINT('',(6.371006102078,0.));
#5251 = ( GEOMETRIC_REPRESENTATION_CONTEXT(2) 
PARAMETRIC_REPRESENTATION_CONTEXT() REPRESENTATION_CONTEXT('2D SPACE',''
  ) );
#5252 = PCURVE('',#3966,#5253);
#5253 = DEFINITIONAL_REPRESENTATION('',(#5254),#5280);
#5254 = B_SPLINE_CURVE_WITH_KNOTS('',3,(#5255,#5256,#5257,#5258,#5259,
    #5260,#5261,#5262,#5263,#5264,#5265,#5266,#5267,#5268,#5269,#5270,
    #5271,#5272,#5273,#5274,#5275,#5276,#5277,#5278,#5279),
  .UNSPECIFIED.,.F.,.F.,(4,1,1,1,1,1,1,1,1,1,1,1,1,1,1,1,1,1,1,1,1,1,4),
  (1.313517798843E-03,1.364462352322E-03,1.4154069058E-03,
    1.466351459279E-03,1.517296012758E-03,1.568240566236E-03,
    1.619185119715E-03,1.670129673193E-03,1.721074226672E-03,
    1.772018780151E-03,1.822963333629E-03,1.873907887108E-03,
    1.924852440587E-03,1.975796994065E-03,2.026741547544E-03,
    2.077686101023E-03,2.128630654501E-03,2.17957520798E-03,
    2.230519761458E-03,2.281464314937E-03,2.332408868416E-03,
    2.383353421894E-03,2.434297975373E-03),.QUASI_UNIFORM_KNOTS.);
#5255 = CARTESIAN_POINT('',(5.810901423708,3.967633051372));
#5256 = CARTESIAN_POINT('',(5.811224968431,3.957894035282));
#5257 = CARTESIAN_POINT('',(5.811871976934,3.938342284701));
#5258 = CARTESIAN_POINT('',(5.812840688359,3.908743677531));
#5259 = CARTESIAN_POINT('',(5.813806041812,3.87882626985));
#5260 = CARTESIAN_POINT('',(5.814766474148,3.848535218346));
#5261 = CARTESIAN_POINT('',(5.815720417893,3.817811497603));
#5262 = CARTESIAN_POINT('',(5.816666301974,3.786591614721));
#5263 = CARTESIAN_POINT('',(5.817602547746,3.754808202933));
#5264 = CARTESIAN_POINT('',(5.818527585391,3.722390556336));
#5265 = CARTESIAN_POINT('',(5.819439793635,3.689264965025));
#5266 = CARTESIAN_POINT('',(5.820337725885,3.65535649289));
#5267 = CARTESIAN_POINT('',(5.821219267493,3.620585937649));
#5268 = CARTESIAN_POINT('',(5.822084782163,3.584885564404));
#5269 = CARTESIAN_POINT('',(5.822926855426,3.548109301846));
#5270 = CARTESIAN_POINT('',(5.823735587175,3.510077518411));
#5271 = CARTESIAN_POINT('',(5.824501660176,3.470594036887));
#5272 = CARTESIAN_POINT('',(5.825215794289,3.429441177514));
#5273 = CARTESIAN_POINT('',(5.825867879811,3.386395112717));
#5274 = CARTESIAN_POINT('',(5.826451012067,3.341186790883));
#5275 = CARTESIAN_POINT('',(5.826946245319,3.29366742429));
#5276 = CARTESIAN_POINT('',(5.827320534334,3.244369085619));
#5277 = CARTESIAN_POINT('',(5.827559968833,3.193608126712));
#5278 = CARTESIAN_POINT('',(5.827617061468,3.159018902232));
#5279 = CARTESIAN_POINT('',(5.827617057915,3.14159265359));
#5280 = ( GEOMETRIC_REPRESENTATION_CONTEXT(2) 
PARAMETRIC_REPRESENTATION_CONTEXT() REPRESENTATION_CONTEXT('2D SPACE',''
  ) );
#5281 = ORIENTED_EDGE('',*,*,#5282,.F.);
#5282 = EDGE_CURVE('',#5283,#5202,#5285,.T.);
#5283 = VERTEX_POINT('',#5284);
#5284 = CARTESIAN_POINT('',(-38.67135746282,-20.9887139192,18.));
#5285 = SURFACE_CURVE('',#5286,(#5294,#5323),.PCURVE_S1.);
#5286 = B_SPLINE_CURVE_WITH_KNOTS('',3,(#5287,#5288,#5289,#5290,#5291,
    #5292,#5293),.UNSPECIFIED.,.F.,.F.,(4,3,4),(3.469447E-18,
    9.69061532296E-04,1.313517798843E-03),.UNSPECIFIED.);
#5287 = CARTESIAN_POINT('',(-38.67135746282,-20.9887139192,18.));
#5288 = CARTESIAN_POINT('',(-38.62476150375,-20.66455017552,18.));
#5289 = CARTESIAN_POINT('',(-38.5970298407,-20.3462503418,
    17.946576028671));
#5290 = CARTESIAN_POINT('',(-38.58571991071,-20.03468820803,
    17.8523113948));
#5291 = CARTESIAN_POINT('',(-38.58169975705,-19.92394237217,
    17.818804705319));
#5292 = CARTESIAN_POINT('',(-38.57979592433,-19.81461901491,
    17.779883509732));
#5293 = CARTESIAN_POINT('',(-38.57979592433,-19.7081967668,
    17.735253353734));
#5294 = PCURVE('',#5219,#5295);
#5295 = DEFINITIONAL_REPRESENTATION('',(#5296),#5322);
#5296 = B_SPLINE_CURVE_WITH_KNOTS('',3,(#5297,#5298,#5299,#5300,#5301,
    #5302,#5303,#5304,#5305,#5306,#5307,#5308,#5309,#5310,#5311,#5312,
    #5313,#5314,#5315,#5316,#5317,#5318,#5319,#5320,#5321),
  .UNSPECIFIED.,.F.,.F.,(4,1,1,1,1,1,1,1,1,1,1,1,1,1,1,1,1,1,1,1,1,1,4),
  (3.469447E-18,5.970535449287E-05,1.194107089857E-04,1.791160634786E-04
    ,2.388214179715E-04,2.985267724643E-04,3.582321269572E-04,
    4.1793748145E-04,4.776428359429E-04,5.373481904358E-04,
    5.970535449286E-04,6.567588994215E-04,7.164642539144E-04,
    7.761696084072E-04,8.358749629001E-04,8.95580317393E-04,
    9.552856718858E-04,1.014991026379E-03,1.074696380872E-03,
    1.134401735364E-03,1.194107089857E-03,1.25381244435E-03,
    1.313517798843E-03),.QUASI_UNIFORM_KNOTS.);
#5297 = CARTESIAN_POINT('',(6.140421157193,1.));
#5298 = CARTESIAN_POINT('',(6.142663100897,1.));
#5299 = CARTESIAN_POINT('',(6.14713982957,0.999594407404));
#5300 = CARTESIAN_POINT('',(6.153833660267,0.997786898331));
#5301 = CARTESIAN_POINT('',(6.160506444476,0.994797926688));
#5302 = CARTESIAN_POINT('',(6.167158391274,0.990645150082));
#5303 = CARTESIAN_POINT('',(6.173789705264,0.985346226123));
#5304 = CARTESIAN_POINT('',(6.180400585905,0.978918812421));
#5305 = CARTESIAN_POINT('',(6.186991227641,0.971380566573));
#5306 = CARTESIAN_POINT('',(6.193561819836,0.962749146235));
#5307 = CARTESIAN_POINT('',(6.200112546677,0.953042208838));
#5308 = CARTESIAN_POINT('',(6.206643587433,0.942277412655));
#5309 = CARTESIAN_POINT('',(6.213155115332,0.930472412809));
#5310 = CARTESIAN_POINT('',(6.219647301626,0.917644876193));
#5311 = CARTESIAN_POINT('',(6.226120300299,0.903812425758));
#5312 = CARTESIAN_POINT('',(6.232574305043,0.888992848458));
#5313 = CARTESIAN_POINT('',(6.23900933652,0.873203319184));
#5314 = CARTESIAN_POINT('',(6.245426036234,0.856463297064));
#5315 = CARTESIAN_POINT('',(6.251822703699,0.838783716347));
#5316 = CARTESIAN_POINT('',(6.258183738146,0.820113683358));
#5317 = CARTESIAN_POINT('',(6.264506695554,0.800453295293));
#5318 = CARTESIAN_POINT('',(6.270786063921,0.779790860237));
#5319 = CARTESIAN_POINT('',(6.277017140262,0.758117846246));
#5320 = CARTESIAN_POINT('',(6.281135706589,0.742989195824));
#5321 = CARTESIAN_POINT('',(6.28318530718,0.735253353734));
#5322 = ( GEOMETRIC_REPRESENTATION_CONTEXT(2) 
PARAMETRIC_REPRESENTATION_CONTEXT() REPRESENTATION_CONTEXT('2D SPACE',''
  ) );
#5323 = PCURVE('',#3966,#5324);
#5324 = DEFINITIONAL_REPRESENTATION('',(#5325),#5328);
#5325 = B_SPLINE_CURVE_WITH_KNOTS('',1,(#5326,#5327),.UNSPECIFIED.,.F.,
  .F.,(2,2),(3.469447E-18,1.313517798843E-03),.PIECEWISE_BEZIER_KNOTS.);
#5326 = CARTESIAN_POINT('',(5.785928652625,4.712388980385));
#5327 = CARTESIAN_POINT('',(5.810901423708,3.967633051372));
#5328 = ( GEOMETRIC_REPRESENTATION_CONTEXT(2) 
PARAMETRIC_REPRESENTATION_CONTEXT() REPRESENTATION_CONTEXT('2D SPACE',''
  ) );
#5329 = ORIENTED_EDGE('',*,*,#5330,.T.);
#5330 = EDGE_CURVE('',#5283,#5331,#5333,.T.);
#5331 = VERTEX_POINT('',#5332);
#5332 = CARTESIAN_POINT('',(-52.25122395075,-27.40090501513,18.));
#5333 = SURFACE_CURVE('',#5334,(#5339,#5346),.PCURVE_S1.);
#5334 = CIRCLE('',#5335,9.);
#5335 = AXIS2_PLACEMENT_3D('',#5336,#5337,#5338);
#5336 = CARTESIAN_POINT('',(-47.57979592433,-19.7081967668,18.));
#5337 = DIRECTION('',(0.,0.,-1.));
#5338 = DIRECTION('',(-1.,0.,0.));
#5339 = PCURVE('',#5219,#5340);
#5340 = DEFINITIONAL_REPRESENTATION('',(#5341),#5345);
#5341 = LINE('',#5342,#5343);
#5342 = CARTESIAN_POINT('',(9.424777960769,1.));
#5343 = VECTOR('',#5344,1.);
#5344 = DIRECTION('',(-1.,0.));
#5345 = ( GEOMETRIC_REPRESENTATION_CONTEXT(2) 
PARAMETRIC_REPRESENTATION_CONTEXT() REPRESENTATION_CONTEXT('2D SPACE',''
  ) );
#5346 = PCURVE('',#3279,#5347);
#5347 = DEFINITIONAL_REPRESENTATION('',(#5348),#5352);
#5348 = CIRCLE('',#5349,9.);
#5349 = AXIS2_PLACEMENT_2D('',#5350,#5351);
#5350 = CARTESIAN_POINT('',(0.,0.));
#5351 = DIRECTION('',(1.,0.));
#5352 = ( GEOMETRIC_REPRESENTATION_CONTEXT(2) 
PARAMETRIC_REPRESENTATION_CONTEXT() REPRESENTATION_CONTEXT('2D SPACE',''
  ) );
#5353 = ORIENTED_EDGE('',*,*,#5354,.F.);
#5354 = EDGE_CURVE('',#5355,#5331,#5357,.T.);
#5355 = VERTEX_POINT('',#5356);
#5356 = CARTESIAN_POINT('',(-54.13287578127,-25.8772440505,17.));
#5357 = SURFACE_CURVE('',#5358,(#5375,#5404),.PCURVE_S1.);
#5358 = B_SPLINE_CURVE_WITH_KNOTS('',3,(#5359,#5360,#5361,#5362,#5363,
    #5364,#5365,#5366,#5367,#5368,#5369,#5370,#5371,#5372,#5373,#5374),
  .UNSPECIFIED.,.F.,.F.,(4,3,3,3,3,4),(2.110382E-17,3.08611272893E-04,
    7.44097986746E-04,1.547921482589E-03,2.695941603238E-03,
    2.791994503672E-03),.UNSPECIFIED.);
#5359 = CARTESIAN_POINT('',(-54.13287578127,-25.8772440505,17.));
#5360 = CARTESIAN_POINT('',(-54.13287578127,-25.8772440505,
    17.104820798052));
#5361 = CARTESIAN_POINT('',(-54.09472543524,-25.91790994473,
    17.199594584924));
#5362 = CARTESIAN_POINT('',(-54.04631630058,-25.96791834395,
    17.27609686212));
#5363 = CARTESIAN_POINT('',(-53.97800533199,-26.03848606248,
    17.384050550869));
#5364 = CARTESIAN_POINT('',(-53.89041216611,-26.12630242614,
    17.464355990149));
#5365 = CARTESIAN_POINT('',(-53.79910280137,-26.21359621411,
    17.533813747256));
#5366 = CARTESIAN_POINT('',(-53.63056353155,-26.37472351281,
    17.662019213359));
#5367 = CARTESIAN_POINT('',(-53.44263878918,-26.541400368,
    17.753327522704));
#5368 = CARTESIAN_POINT('',(-53.24359348824,-26.70258002446,
    17.825557226058));
#5369 = CARTESIAN_POINT('',(-52.95931713705,-26.93277669027,
    17.928715634821));
#5370 = CARTESIAN_POINT('',(-52.65615276249,-27.14967326004,
    17.989301280083));
#5371 = CARTESIAN_POINT('',(-52.33282950587,-27.35075339222,
    17.998796969074));
#5372 = CARTESIAN_POINT('',(-52.30577759622,-27.36757742654,
    17.9995914573));
#5373 = CARTESIAN_POINT('',(-52.27857662271,-27.38429499506,18.));
#5374 = CARTESIAN_POINT('',(-52.25122395075,-27.40090501513,18.));
#5375 = PCURVE('',#5219,#5376);
#5376 = DEFINITIONAL_REPRESENTATION('',(#5377),#5403);
#5377 = B_SPLINE_CURVE_WITH_KNOTS('',3,(#5378,#5379,#5380,#5381,#5382,
    #5383,#5384,#5385,#5386,#5387,#5388,#5389,#5390,#5391,#5392,#5393,
    #5394,#5395,#5396,#5397,#5398,#5399,#5400,#5401,#5402),
  .UNSPECIFIED.,.F.,.F.,(4,1,1,1,1,1,1,1,1,1,1,1,1,1,1,1,1,1,1,1,1,1,4),
  (2.110382E-17,1.26908841076E-04,2.53817682152E-04,3.80726523228E-04,
    5.07635364304E-04,6.3454420538E-04,7.61453046456E-04,
    8.88361887532E-04,1.015270728608E-03,1.142179569684E-03,
    1.26908841076E-03,1.395997251836E-03,1.522906092912E-03,
    1.649814933988E-03,1.776723775064E-03,1.90363261614E-03,
    2.030541457216E-03,2.157450298292E-03,2.284359139368E-03,
    2.411267980444E-03,2.53817682152E-03,2.665085662596E-03,
    2.791994503672E-03),.QUASI_UNIFORM_KNOTS.);
#5378 = CARTESIAN_POINT('',(3.896813788536,0.));
#5379 = CARTESIAN_POINT('',(3.896817330729,4.320497193317E-02));
#5380 = CARTESIAN_POINT('',(3.89890154701,0.125837514463));
#5381 = CARTESIAN_POINT('',(3.906416329064,0.236637177504));
#5382 = CARTESIAN_POINT('',(3.916202098527,0.329611324131));
#5383 = CARTESIAN_POINT('',(3.927102247775,0.410091554896));
#5384 = CARTESIAN_POINT('',(3.938897903974,0.480337923472));
#5385 = CARTESIAN_POINT('',(3.951112976467,0.542959196135));
#5386 = CARTESIAN_POINT('',(3.963556841913,0.600223928549));
#5387 = CARTESIAN_POINT('',(3.976275994028,0.652420722737));
#5388 = CARTESIAN_POINT('',(3.989215360235,0.700005602909));
#5389 = CARTESIAN_POINT('',(4.002347501626,0.743390329805));
#5390 = CARTESIAN_POINT('',(4.015636799744,0.782996295853));
#5391 = CARTESIAN_POINT('',(4.029053844253,0.819250630192));
#5392 = CARTESIAN_POINT('',(4.042554058117,0.852547883437));
#5393 = CARTESIAN_POINT('',(4.056099745454,0.882635124959));
#5394 = CARTESIAN_POINT('',(4.069702349441,0.909485236464));
#5395 = CARTESIAN_POINT('',(4.083361398626,0.933017901943));
#5396 = CARTESIAN_POINT('',(4.097079699733,0.953167288448));
#5397 = CARTESIAN_POINT('',(4.11085929823,0.969862828503));
#5398 = CARTESIAN_POINT('',(4.124702431302,0.983038409681));
#5399 = CARTESIAN_POINT('',(4.138611742416,0.992614833888));
#5400 = CARTESIAN_POINT('',(4.152588455967,0.998560790651));
#5401 = CARTESIAN_POINT('',(4.161955784554,0.999964600003));
#5402 = CARTESIAN_POINT('',(4.166652705718,1.));
#5403 = ( GEOMETRIC_REPRESENTATION_CONTEXT(2) 
PARAMETRIC_REPRESENTATION_CONTEXT() REPRESENTATION_CONTEXT('2D SPACE',''
  ) );
#5404 = PCURVE('',#5405,#5410);
#5405 = TOROIDAL_SURFACE('',#5406,59.,1.);
#5406 = AXIS2_PLACEMENT_3D('',#5407,#5408,#5409);
#5407 = CARTESIAN_POINT('',(0.,0.,17.));
#5408 = DIRECTION('',(0.,0.,-1.));
#5409 = DIRECTION('',(-1.,0.,0.));
#5410 = DEFINITIONAL_REPRESENTATION('',(#5411),#5437);
#5411 = B_SPLINE_CURVE_WITH_KNOTS('',3,(#5412,#5413,#5414,#5415,#5416,
    #5417,#5418,#5419,#5420,#5421,#5422,#5423,#5424,#5425,#5426,#5427,
    #5428,#5429,#5430,#5431,#5432,#5433,#5434,#5435,#5436),
  .UNSPECIFIED.,.F.,.F.,(4,1,1,1,1,1,1,1,1,1,1,1,1,1,1,1,1,1,1,1,1,1,4),
  (2.110382E-17,1.26908841076E-04,2.53817682152E-04,3.80726523228E-04,
    5.07635364304E-04,6.3454420538E-04,7.61453046456E-04,
    8.88361887532E-04,1.015270728608E-03,1.142179569684E-03,
    1.26908841076E-03,1.395997251836E-03,1.522906092912E-03,
    1.649814933988E-03,1.776723775064E-03,1.90363261614E-03,
    2.030541457216E-03,2.157450298292E-03,2.284359139368E-03,
    2.411267980444E-03,2.53817682152E-03,2.665085662596E-03,
    2.791994503672E-03),.QUASI_UNIFORM_KNOTS.);
#5412 = CARTESIAN_POINT('',(5.837266081923,6.28318530718));
#5413 = CARTESIAN_POINT('',(5.837265575004,6.240067289371));
#5414 = CARTESIAN_POINT('',(5.836967653704,6.157269127004));
#5415 = CARTESIAN_POINT('',(5.835895153378,6.044733800623));
#5416 = CARTESIAN_POINT('',(5.834501484308,5.947787655965));
#5417 = CARTESIAN_POINT('',(5.832953386465,5.861331572612));
#5418 = CARTESIAN_POINT('',(5.831282338497,5.782775995671));
#5419 = CARTESIAN_POINT('',(5.829557216165,5.709715196776));
#5420 = CARTESIAN_POINT('',(5.827806017102,5.640125771866));
#5421 = CARTESIAN_POINT('',(5.826022262027,5.573422016711));
#5422 = CARTESIAN_POINT('',(5.824214179484,5.508996849324));
#5423 = CARTESIAN_POINT('',(5.822386043351,5.446276372656));
#5424 = CARTESIAN_POINT('',(5.820543343035,5.384736605581));
#5425 = CARTESIAN_POINT('',(5.818690775765,5.323891192518));
#5426 = CARTESIAN_POINT('',(5.816835117144,5.263407087302));
#5427 = CARTESIAN_POINT('',(5.814981591371,5.203392287502));
#5428 = CARTESIAN_POINT('',(5.813129054746,5.143598527475));
#5429 = CARTESIAN_POINT('',(5.811277919563,5.083835882091));
#5430 = CARTESIAN_POINT('',(5.809428179715,5.023876134802));
#5431 = CARTESIAN_POINT('',(5.807579935516,4.963483894182));
#5432 = CARTESIAN_POINT('',(5.805733268872,4.902414332377));
#5433 = CARTESIAN_POINT('',(5.803888217844,4.840417991838));
#5434 = CARTESIAN_POINT('',(5.802045003284,4.777253886256));
#5435 = CARTESIAN_POINT('',(5.800817099628,4.734196452106));
#5436 = CARTESIAN_POINT('',(5.800203327998,4.712388980385));
#5437 = ( GEOMETRIC_REPRESENTATION_CONTEXT(2) 
PARAMETRIC_REPRESENTATION_CONTEXT() REPRESENTATION_CONTEXT('2D SPACE',''
  ) );
#5438 = ORIENTED_EDGE('',*,*,#5439,.T.);
#5439 = EDGE_CURVE('',#5355,#5204,#5440,.T.);
#5440 = SURFACE_CURVE('',#5441,(#5446,#5453),.PCURVE_S1.);
#5441 = CIRCLE('',#5442,9.);
#5442 = AXIS2_PLACEMENT_3D('',#5443,#5444,#5445);
#5443 = CARTESIAN_POINT('',(-47.57979592433,-19.7081967668,17.));
#5444 = DIRECTION('',(0.,0.,1.));
#5445 = DIRECTION('',(1.,0.,0.));
#5446 = PCURVE('',#5219,#5447);
#5447 = DEFINITIONAL_REPRESENTATION('',(#5448),#5452);
#5448 = LINE('',#5449,#5450);
#5449 = CARTESIAN_POINT('',(-4.440892098501E-16,0.));
#5450 = VECTOR('',#5451,1.);
#5451 = DIRECTION('',(1.,0.));
#5452 = ( GEOMETRIC_REPRESENTATION_CONTEXT(2) 
PARAMETRIC_REPRESENTATION_CONTEXT() REPRESENTATION_CONTEXT('2D SPACE',''
  ) );
#5453 = PCURVE('',#4266,#5454);
#5454 = DEFINITIONAL_REPRESENTATION('',(#5455),#5459);
#5455 = CIRCLE('',#5456,9.);
#5456 = AXIS2_PLACEMENT_2D('',#5457,#5458);
#5457 = CARTESIAN_POINT('',(0.,0.));
#5458 = DIRECTION('',(1.,0.));
#5459 = ( GEOMETRIC_REPRESENTATION_CONTEXT(2) 
PARAMETRIC_REPRESENTATION_CONTEXT() REPRESENTATION_CONTEXT('2D SPACE',''
  ) );
#5460 = ADVANCED_FACE('',(#5461),#5476,.T.);
#5461 = FACE_BOUND('',#5462,.T.);
#5462 = EDGE_LOOP('',(#5463,#5494,#5517,#5541));
#5463 = ORIENTED_EDGE('',*,*,#5464,.F.);
#5464 = EDGE_CURVE('',#5465,#5467,#5469,.T.);
#5465 = VERTEX_POINT('',#5466);
#5466 = CARTESIAN_POINT('',(-39.72681989798,-16.45538759169,17.));
#5467 = VERTEX_POINT('',#5468);
#5468 = CARTESIAN_POINT('',(-55.43277195067,-22.9610059419,17.));
#5469 = SURFACE_CURVE('',#5470,(#5475,#5487),.PCURVE_S1.);
#5470 = CIRCLE('',#5471,8.5);
#5471 = AXIS2_PLACEMENT_3D('',#5472,#5473,#5474);
#5472 = CARTESIAN_POINT('',(-47.57979592433,-19.7081967668,17.));
#5473 = DIRECTION('',(0.,0.,1.));
#5474 = DIRECTION('',(1.,0.,0.));
#5475 = PCURVE('',#5476,#5481);
#5476 = CYLINDRICAL_SURFACE('',#5477,8.5);
#5477 = AXIS2_PLACEMENT_3D('',#5478,#5479,#5480);
#5478 = CARTESIAN_POINT('',(-47.57979592433,-19.7081967668,18.));
#5479 = DIRECTION('',(0.,0.,-1.));
#5480 = DIRECTION('',(-1.,0.,0.));
#5481 = DEFINITIONAL_REPRESENTATION('',(#5482),#5486);
#5482 = LINE('',#5483,#5484);
#5483 = CARTESIAN_POINT('',(3.14159265359,1.));
#5484 = VECTOR('',#5485,1.);
#5485 = DIRECTION('',(-1.,0.));
#5486 = ( GEOMETRIC_REPRESENTATION_CONTEXT(2) 
PARAMETRIC_REPRESENTATION_CONTEXT() REPRESENTATION_CONTEXT('2D SPACE',''
  ) );
#5487 = PCURVE('',#4266,#5488);
#5488 = DEFINITIONAL_REPRESENTATION('',(#5489),#5493);
#5489 = CIRCLE('',#5490,8.5);
#5490 = AXIS2_PLACEMENT_2D('',#5491,#5492);
#5491 = CARTESIAN_POINT('',(0.,0.));
#5492 = DIRECTION('',(1.,0.));
#5493 = ( GEOMETRIC_REPRESENTATION_CONTEXT(2) 
PARAMETRIC_REPRESENTATION_CONTEXT() REPRESENTATION_CONTEXT('2D SPACE',''
  ) );
#5494 = ORIENTED_EDGE('',*,*,#5495,.T.);
#5495 = EDGE_CURVE('',#5465,#5496,#5498,.T.);
#5496 = VERTEX_POINT('',#5497);
#5497 = CARTESIAN_POINT('',(-39.72681989798,-16.45538759169,10.));
#5498 = SURFACE_CURVE('',#5499,(#5503,#5510),.PCURVE_S1.);
#5499 = LINE('',#5500,#5501);
#5500 = CARTESIAN_POINT('',(-39.72681989798,-16.45538759169,17.));
#5501 = VECTOR('',#5502,1.);
#5502 = DIRECTION('',(0.,0.,-1.));
#5503 = PCURVE('',#5476,#5504);
#5504 = DEFINITIONAL_REPRESENTATION('',(#5505),#5509);
#5505 = LINE('',#5506,#5507);
#5506 = CARTESIAN_POINT('',(2.748893571891,1.));
#5507 = VECTOR('',#5508,1.);
#5508 = DIRECTION('',(0.,1.));
#5509 = ( GEOMETRIC_REPRESENTATION_CONTEXT(2) 
PARAMETRIC_REPRESENTATION_CONTEXT() REPRESENTATION_CONTEXT('2D SPACE',''
  ) );
#5510 = PCURVE('',#4180,#5511);
#5511 = DEFINITIONAL_REPRESENTATION('',(#5512),#5516);
#5512 = LINE('',#5513,#5514);
#5513 = CARTESIAN_POINT('',(5.890486225481,1.));
#5514 = VECTOR('',#5515,1.);
#5515 = DIRECTION('',(0.,1.));
#5516 = ( GEOMETRIC_REPRESENTATION_CONTEXT(2) 
PARAMETRIC_REPRESENTATION_CONTEXT() REPRESENTATION_CONTEXT('2D SPACE',''
  ) );
#5517 = ORIENTED_EDGE('',*,*,#5518,.F.);
#5518 = EDGE_CURVE('',#5519,#5496,#5521,.T.);
#5519 = VERTEX_POINT('',#5520);
#5520 = CARTESIAN_POINT('',(-55.43277195067,-22.9610059419,10.));
#5521 = SURFACE_CURVE('',#5522,(#5527,#5534),.PCURVE_S1.);
#5522 = CIRCLE('',#5523,8.5);
#5523 = AXIS2_PLACEMENT_3D('',#5524,#5525,#5526);
#5524 = CARTESIAN_POINT('',(-47.57979592433,-19.7081967668,10.));
#5525 = DIRECTION('',(0.,0.,-1.));
#5526 = DIRECTION('',(-1.,0.,0.));
#5527 = PCURVE('',#5476,#5528);
#5528 = DEFINITIONAL_REPRESENTATION('',(#5529),#5533);
#5529 = LINE('',#5530,#5531);
#5530 = CARTESIAN_POINT('',(-6.28318530718,8.));
#5531 = VECTOR('',#5532,1.);
#5532 = DIRECTION('',(1.,0.));
#5533 = ( GEOMETRIC_REPRESENTATION_CONTEXT(2) 
PARAMETRIC_REPRESENTATION_CONTEXT() REPRESENTATION_CONTEXT('2D SPACE',''
  ) );
#5534 = PCURVE('',#4217,#5535);
#5535 = DEFINITIONAL_REPRESENTATION('',(#5536),#5540);
#5536 = CIRCLE('',#5537,8.5);
#5537 = AXIS2_PLACEMENT_2D('',#5538,#5539);
#5538 = CARTESIAN_POINT('',(0.,0.));
#5539 = DIRECTION('',(1.,0.));
#5540 = ( GEOMETRIC_REPRESENTATION_CONTEXT(2) 
PARAMETRIC_REPRESENTATION_CONTEXT() REPRESENTATION_CONTEXT('2D SPACE',''
  ) );
#5541 = ORIENTED_EDGE('',*,*,#5542,.F.);
#5542 = EDGE_CURVE('',#5467,#5519,#5543,.T.);
#5543 = SURFACE_CURVE('',#5544,(#5548,#5555),.PCURVE_S1.);
#5544 = LINE('',#5545,#5546);
#5545 = CARTESIAN_POINT('',(-55.43277195067,-22.9610059419,17.));
#5546 = VECTOR('',#5547,1.);
#5547 = DIRECTION('',(0.,0.,-1.));
#5548 = PCURVE('',#5476,#5549);
#5549 = DEFINITIONAL_REPRESENTATION('',(#5550),#5554);
#5550 = LINE('',#5551,#5552);
#5551 = CARTESIAN_POINT('',(-0.392699081699,1.));
#5552 = VECTOR('',#5553,1.);
#5553 = DIRECTION('',(0.,1.));
#5554 = ( GEOMETRIC_REPRESENTATION_CONTEXT(2) 
PARAMETRIC_REPRESENTATION_CONTEXT() REPRESENTATION_CONTEXT('2D SPACE',''
  ) );
#5555 = PCURVE('',#2341,#5556);
#5556 = DEFINITIONAL_REPRESENTATION('',(#5557),#5561);
#5557 = LINE('',#5558,#5559);
#5558 = CARTESIAN_POINT('',(5.890486225481,1.));
#5559 = VECTOR('',#5560,1.);
#5560 = DIRECTION('',(0.,1.));
#5561 = ( GEOMETRIC_REPRESENTATION_CONTEXT(2) 
PARAMETRIC_REPRESENTATION_CONTEXT() REPRESENTATION_CONTEXT('2D SPACE',''
  ) );
#5562 = ADVANCED_FACE('',(#5563),#3131,.T.);
#5563 = FACE_BOUND('',#5564,.T.);
#5564 = EDGE_LOOP('',(#5565,#5566,#5595,#5628,#5661,#5690,#5721,#5722));
#5565 = ORIENTED_EDGE('',*,*,#4313,.T.);
#5566 = ORIENTED_EDGE('',*,*,#5567,.T.);
#5567 = EDGE_CURVE('',#4314,#5568,#5570,.T.);
#5568 = VERTEX_POINT('',#5569);
#5569 = CARTESIAN_POINT('',(-52.25122395075,-27.40090501513,9.));
#5570 = SURFACE_CURVE('',#5571,(#5576,#5583),.PCURVE_S1.);
#5571 = CIRCLE('',#5572,59.);
#5572 = AXIS2_PLACEMENT_3D('',#5573,#5574,#5575);
#5573 = CARTESIAN_POINT('',(0.,0.,9.));
#5574 = DIRECTION('',(0.,0.,-1.));
#5575 = DIRECTION('',(-1.,0.,0.));
#5576 = PCURVE('',#3131,#5577);
#5577 = DEFINITIONAL_REPRESENTATION('',(#5578),#5582);
#5578 = CIRCLE('',#5579,59.);
#5579 = AXIS2_PLACEMENT_2D('',#5580,#5581);
#5580 = CARTESIAN_POINT('',(-47.57979592433,19.708196766802));
#5581 = DIRECTION('',(1.,0.));
#5582 = ( GEOMETRIC_REPRESENTATION_CONTEXT(2) 
PARAMETRIC_REPRESENTATION_CONTEXT() REPRESENTATION_CONTEXT('2D SPACE',''
  ) );
#5583 = PCURVE('',#5584,#5589);
#5584 = TOROIDAL_SURFACE('',#5585,59.,1.);
#5585 = AXIS2_PLACEMENT_3D('',#5586,#5587,#5588);
#5586 = CARTESIAN_POINT('',(0.,0.,10.));
#5587 = DIRECTION('',(0.,0.,-1.));
#5588 = DIRECTION('',(-1.,0.,0.));
#5589 = DEFINITIONAL_REPRESENTATION('',(#5590),#5594);
#5590 = LINE('',#5591,#5592);
#5591 = CARTESIAN_POINT('',(0.,1.570796326795));
#5592 = VECTOR('',#5593,1.);
#5593 = DIRECTION('',(1.,0.));
#5594 = ( GEOMETRIC_REPRESENTATION_CONTEXT(2) 
PARAMETRIC_REPRESENTATION_CONTEXT() REPRESENTATION_CONTEXT('2D SPACE',''
  ) );
#5595 = ORIENTED_EDGE('',*,*,#5596,.T.);
#5596 = EDGE_CURVE('',#5568,#5597,#5599,.T.);
#5597 = VERTEX_POINT('',#5598);
#5598 = CARTESIAN_POINT('',(-38.67135746282,-20.9887139192,9.));
#5599 = SURFACE_CURVE('',#5600,(#5605,#5616),.PCURVE_S1.);
#5600 = CIRCLE('',#5601,9.);
#5601 = AXIS2_PLACEMENT_3D('',#5602,#5603,#5604);
#5602 = CARTESIAN_POINT('',(-47.57979592433,-19.7081967668,9.));
#5603 = DIRECTION('',(0.,0.,1.));
#5604 = DIRECTION('',(-1.,0.,0.));
#5605 = PCURVE('',#3131,#5606);
#5606 = DEFINITIONAL_REPRESENTATION('',(#5607),#5615);
#5607 = ( BOUNDED_CURVE() B_SPLINE_CURVE(2,(#5608,#5609,#5610,#5611,
#5612,#5613,#5614),.UNSPECIFIED.,.T.,.F.) B_SPLINE_CURVE_WITH_KNOTS((1,2
    ,2,2,2,1),(-2.094395102393,0.,2.094395102393,4.188790204786,
6.28318530718,8.377580409573),.UNSPECIFIED.) CURVE() 
GEOMETRIC_REPRESENTATION_ITEM() RATIONAL_B_SPLINE_CURVE((1.,0.5,1.,0.5,
1.,0.5,1.)) REPRESENTATION_ITEM('') );
#5608 = CARTESIAN_POINT('',(9.,0.));
#5609 = CARTESIAN_POINT('',(9.,-15.58845726812));
#5610 = CARTESIAN_POINT('',(-4.5,-7.79422863406));
#5611 = CARTESIAN_POINT('',(-18.,-2.204364238465E-15));
#5612 = CARTESIAN_POINT('',(-4.5,7.79422863406));
#5613 = CARTESIAN_POINT('',(9.,15.58845726812));
#5614 = CARTESIAN_POINT('',(9.,0.));
#5615 = ( GEOMETRIC_REPRESENTATION_CONTEXT(2) 
PARAMETRIC_REPRESENTATION_CONTEXT() REPRESENTATION_CONTEXT('2D SPACE',''
  ) );
#5616 = PCURVE('',#5617,#5622);
#5617 = CYLINDRICAL_SURFACE('',#5618,9.);
#5618 = AXIS2_PLACEMENT_3D('',#5619,#5620,#5621);
#5619 = CARTESIAN_POINT('',(-47.57979592433,-19.7081967668,10.));
#5620 = DIRECTION('',(0.,0.,-1.));
#5621 = DIRECTION('',(-1.,0.,0.));
#5622 = DEFINITIONAL_REPRESENTATION('',(#5623),#5627);
#5623 = LINE('',#5624,#5625);
#5624 = CARTESIAN_POINT('',(6.28318530718,1.));
#5625 = VECTOR('',#5626,1.);
#5626 = DIRECTION('',(-1.,0.));
#5627 = ( GEOMETRIC_REPRESENTATION_CONTEXT(2) 
PARAMETRIC_REPRESENTATION_CONTEXT() REPRESENTATION_CONTEXT('2D SPACE',''
  ) );
#5628 = ORIENTED_EDGE('',*,*,#5629,.T.);
#5629 = EDGE_CURVE('',#5597,#5630,#5632,.T.);
#5630 = VERTEX_POINT('',#5631);
#5631 = CARTESIAN_POINT('',(38.671357462827,-20.9887139192,9.));
#5632 = SURFACE_CURVE('',#5633,(#5638,#5649),.PCURVE_S1.);
#5633 = CIRCLE('',#5634,44.);
#5634 = AXIS2_PLACEMENT_3D('',#5635,#5636,#5637);
#5635 = CARTESIAN_POINT('',(0.,0.,9.));
#5636 = DIRECTION('',(0.,0.,1.));
#5637 = DIRECTION('',(-1.,0.,0.));
#5638 = PCURVE('',#3131,#5639);
#5639 = DEFINITIONAL_REPRESENTATION('',(#5640),#5648);
#5640 = ( BOUNDED_CURVE() B_SPLINE_CURVE(2,(#5641,#5642,#5643,#5644,
#5645,#5646,#5647),.UNSPECIFIED.,.T.,.F.) B_SPLINE_CURVE_WITH_KNOTS((1,2
    ,2,2,2,1),(-2.094395102393,0.,2.094395102393,4.188790204786,
6.28318530718,8.377580409573),.UNSPECIFIED.) CURVE() 
GEOMETRIC_REPRESENTATION_ITEM() RATIONAL_B_SPLINE_CURVE((1.,0.5,1.,0.5,
1.,0.5,1.)) REPRESENTATION_ITEM('') );
#5641 = CARTESIAN_POINT('',(-3.579795924331,19.708196766802));
#5642 = CARTESIAN_POINT('',(-3.579795924331,-56.50203876622));
#5643 = CARTESIAN_POINT('',(-69.57979592433,-18.39692099971));
#5644 = CARTESIAN_POINT('',(-135.5797959243,19.708196766802));
#5645 = CARTESIAN_POINT('',(-69.57979592433,57.813314533317));
#5646 = CARTESIAN_POINT('',(-3.579795924331,95.918432299833));
#5647 = CARTESIAN_POINT('',(-3.579795924331,19.708196766802));
#5648 = ( GEOMETRIC_REPRESENTATION_CONTEXT(2) 
PARAMETRIC_REPRESENTATION_CONTEXT() REPRESENTATION_CONTEXT('2D SPACE',''
  ) );
#5649 = PCURVE('',#5650,#5655);
#5650 = TOROIDAL_SURFACE('',#5651,44.,1.);
#5651 = AXIS2_PLACEMENT_3D('',#5652,#5653,#5654);
#5652 = CARTESIAN_POINT('',(0.,0.,10.));
#5653 = DIRECTION('',(0.,0.,-1.));
#5654 = DIRECTION('',(-1.,0.,0.));
#5655 = DEFINITIONAL_REPRESENTATION('',(#5656),#5660);
#5656 = LINE('',#5657,#5658);
#5657 = CARTESIAN_POINT('',(6.28318530718,1.570796326795));
#5658 = VECTOR('',#5659,1.);
#5659 = DIRECTION('',(-1.,1.654672747859E-15));
#5660 = ( GEOMETRIC_REPRESENTATION_CONTEXT(2) 
PARAMETRIC_REPRESENTATION_CONTEXT() REPRESENTATION_CONTEXT('2D SPACE',''
  ) );
#5661 = ORIENTED_EDGE('',*,*,#5662,.F.);
#5662 = EDGE_CURVE('',#5663,#5630,#5665,.T.);
#5663 = VERTEX_POINT('',#5664);
#5664 = CARTESIAN_POINT('',(52.251223950751,-27.40090501513,9.));
#5665 = SURFACE_CURVE('',#5666,(#5671,#5678),.PCURVE_S1.);
#5666 = CIRCLE('',#5667,9.);
#5667 = AXIS2_PLACEMENT_3D('',#5668,#5669,#5670);
#5668 = CARTESIAN_POINT('',(47.579795924331,-19.7081967668,9.));
#5669 = DIRECTION('',(0.,0.,-1.));
#5670 = DIRECTION('',(1.,0.,0.));
#5671 = PCURVE('',#3131,#5672);
#5672 = DEFINITIONAL_REPRESENTATION('',(#5673),#5677);
#5673 = CIRCLE('',#5674,9.);
#5674 = AXIS2_PLACEMENT_2D('',#5675,#5676);
#5675 = CARTESIAN_POINT('',(-95.15959184866,-2.48689957516E-14));
#5676 = DIRECTION('',(-1.,0.));
#5677 = ( GEOMETRIC_REPRESENTATION_CONTEXT(2) 
PARAMETRIC_REPRESENTATION_CONTEXT() REPRESENTATION_CONTEXT('2D SPACE',''
  ) );
#5678 = PCURVE('',#5679,#5684);
#5679 = CYLINDRICAL_SURFACE('',#5680,9.);
#5680 = AXIS2_PLACEMENT_3D('',#5681,#5682,#5683);
#5681 = CARTESIAN_POINT('',(47.579795924331,-19.7081967668,10.));
#5682 = DIRECTION('',(0.,0.,-1.));
#5683 = DIRECTION('',(1.,0.,0.));
#5684 = DEFINITIONAL_REPRESENTATION('',(#5685),#5689);
#5685 = LINE('',#5686,#5687);
#5686 = CARTESIAN_POINT('',(-2.22044604925E-16,1.));
#5687 = VECTOR('',#5688,1.);
#5688 = DIRECTION('',(1.,0.));
#5689 = ( GEOMETRIC_REPRESENTATION_CONTEXT(2) 
PARAMETRIC_REPRESENTATION_CONTEXT() REPRESENTATION_CONTEXT('2D SPACE',''
  ) );
#5690 = ORIENTED_EDGE('',*,*,#5691,.F.);
#5691 = EDGE_CURVE('',#3045,#5663,#5692,.T.);
#5692 = SURFACE_CURVE('',#5693,(#5698,#5709),.PCURVE_S1.);
#5693 = CIRCLE('',#5694,59.);
#5694 = AXIS2_PLACEMENT_3D('',#5695,#5696,#5697);
#5695 = CARTESIAN_POINT('',(0.,0.,9.));
#5696 = DIRECTION('',(0.,0.,1.));
#5697 = DIRECTION('',(1.,0.,0.));
#5698 = PCURVE('',#3131,#5699);
#5699 = DEFINITIONAL_REPRESENTATION('',(#5700),#5708);
#5700 = ( BOUNDED_CURVE() B_SPLINE_CURVE(2,(#5701,#5702,#5703,#5704,
#5705,#5706,#5707),.UNSPECIFIED.,.T.,.F.) B_SPLINE_CURVE_WITH_KNOTS((1,2
    ,2,2,2,1),(-2.094395102393,0.,2.094395102393,4.188790204786,
6.28318530718,8.377580409573),.UNSPECIFIED.) CURVE() 
GEOMETRIC_REPRESENTATION_ITEM() RATIONAL_B_SPLINE_CURVE((1.,0.5,1.,0.5,
1.,0.5,1.)) REPRESENTATION_ITEM('') );
#5701 = CARTESIAN_POINT('',(-106.5797959243,19.708196766802));
#5702 = CARTESIAN_POINT('',(-106.5797959243,121.89919441336));
#5703 = CARTESIAN_POINT('',(-18.07979592433,70.803695590084));
#5704 = CARTESIAN_POINT('',(70.420204075669,19.708196766802));
#5705 = CARTESIAN_POINT('',(-18.07979592433,-31.38730205648));
#5706 = CARTESIAN_POINT('',(-106.5797959243,-82.48280087976));
#5707 = CARTESIAN_POINT('',(-106.5797959243,19.708196766802));
#5708 = ( GEOMETRIC_REPRESENTATION_CONTEXT(2) 
PARAMETRIC_REPRESENTATION_CONTEXT() REPRESENTATION_CONTEXT('2D SPACE',''
  ) );
#5709 = PCURVE('',#5710,#5715);
#5710 = TOROIDAL_SURFACE('',#5711,59.,1.);
#5711 = AXIS2_PLACEMENT_3D('',#5712,#5713,#5714);
#5712 = CARTESIAN_POINT('',(0.,0.,10.));
#5713 = DIRECTION('',(0.,0.,-1.));
#5714 = DIRECTION('',(-1.,0.,0.));
#5715 = DEFINITIONAL_REPRESENTATION('',(#5716),#5720);
#5716 = LINE('',#5717,#5718);
#5717 = CARTESIAN_POINT('',(9.424777960769,1.570796326795));
#5718 = VECTOR('',#5719,1.);
#5719 = DIRECTION('',(-1.,-1.883440066754E-14));
#5720 = ( GEOMETRIC_REPRESENTATION_CONTEXT(2) 
PARAMETRIC_REPRESENTATION_CONTEXT() REPRESENTATION_CONTEXT('2D SPACE',''
  ) );
#5721 = ORIENTED_EDGE('',*,*,#3114,.F.);
#5722 = ORIENTED_EDGE('',*,*,#5723,.T.);
#5723 = EDGE_CURVE('',#3115,#4283,#5724,.T.);
#5724 = SURFACE_CURVE('',#5725,(#5730,#5737),.PCURVE_S1.);
#5725 = CIRCLE('',#5726,50.5);
#5726 = AXIS2_PLACEMENT_3D('',#5727,#5728,#5729);
#5727 = CARTESIAN_POINT('',(0.,0.,9.));
#5728 = DIRECTION('',(0.,0.,-1.));
#5729 = DIRECTION('',(-1.,0.,0.));
#5730 = PCURVE('',#3131,#5731);
#5731 = DEFINITIONAL_REPRESENTATION('',(#5732),#5736);
#5732 = CIRCLE('',#5733,50.5);
#5733 = AXIS2_PLACEMENT_2D('',#5734,#5735);
#5734 = CARTESIAN_POINT('',(-47.57979592433,19.708196766802));
#5735 = DIRECTION('',(1.,0.));
#5736 = ( GEOMETRIC_REPRESENTATION_CONTEXT(2) 
PARAMETRIC_REPRESENTATION_CONTEXT() REPRESENTATION_CONTEXT('2D SPACE',''
  ) );
#5737 = PCURVE('',#3160,#5738);
#5738 = DEFINITIONAL_REPRESENTATION('',(#5739),#5743);
#5739 = LINE('',#5740,#5741);
#5740 = CARTESIAN_POINT('',(0.,4.712388980385));
#5741 = VECTOR('',#5742,1.);
#5742 = DIRECTION('',(1.,0.));
#5743 = ( GEOMETRIC_REPRESENTATION_CONTEXT(2) 
PARAMETRIC_REPRESENTATION_CONTEXT() REPRESENTATION_CONTEXT('2D SPACE',''
  ) );
#5744 = ADVANCED_FACE('',(#5745),#3279,.F.);
#5745 = FACE_BOUND('',#5746,.T.);
#5746 = EDGE_LOOP('',(#5747,#5748,#5774,#5775,#5801,#5802,#5824,#5825));
#5747 = ORIENTED_EDGE('',*,*,#5330,.T.);
#5748 = ORIENTED_EDGE('',*,*,#5749,.T.);
#5749 = EDGE_CURVE('',#5331,#4620,#5750,.T.);
#5750 = SURFACE_CURVE('',#5751,(#5756,#5767),.PCURVE_S1.);
#5751 = CIRCLE('',#5752,59.);
#5752 = AXIS2_PLACEMENT_3D('',#5753,#5754,#5755);
#5753 = CARTESIAN_POINT('',(0.,0.,18.));
#5754 = DIRECTION('',(0.,0.,1.));
#5755 = DIRECTION('',(-1.,0.,0.));
#5756 = PCURVE('',#3279,#5757);
#5757 = DEFINITIONAL_REPRESENTATION('',(#5758),#5766);
#5758 = ( BOUNDED_CURVE() B_SPLINE_CURVE(2,(#5759,#5760,#5761,#5762,
#5763,#5764,#5765),.UNSPECIFIED.,.T.,.F.) B_SPLINE_CURVE_WITH_KNOTS((1,2
    ,2,2,2,1),(-2.094395102393,0.,2.094395102393,4.188790204786,
6.28318530718,8.377580409573),.UNSPECIFIED.) CURVE() 
GEOMETRIC_REPRESENTATION_ITEM() RATIONAL_B_SPLINE_CURVE((1.,0.5,1.,0.5,
1.,0.5,1.)) REPRESENTATION_ITEM('') );
#5759 = CARTESIAN_POINT('',(11.420204075669,19.708196766802));
#5760 = CARTESIAN_POINT('',(11.420204075669,-82.48280087976));
#5761 = CARTESIAN_POINT('',(-77.07979592433,-31.38730205648));
#5762 = CARTESIAN_POINT('',(-165.5797959243,19.708196766802));
#5763 = CARTESIAN_POINT('',(-77.07979592433,70.803695590084));
#5764 = CARTESIAN_POINT('',(11.420204075669,121.89919441336));
#5765 = CARTESIAN_POINT('',(11.420204075669,19.708196766802));
#5766 = ( GEOMETRIC_REPRESENTATION_CONTEXT(2) 
PARAMETRIC_REPRESENTATION_CONTEXT() REPRESENTATION_CONTEXT('2D SPACE',''
  ) );
#5767 = PCURVE('',#5405,#5768);
#5768 = DEFINITIONAL_REPRESENTATION('',(#5769),#5773);
#5769 = LINE('',#5770,#5771);
#5770 = CARTESIAN_POINT('',(6.28318530718,4.712388980385));
#5771 = VECTOR('',#5772,1.);
#5772 = DIRECTION('',(-1.,-8.370844741131E-15));
#5773 = ( GEOMETRIC_REPRESENTATION_CONTEXT(2) 
PARAMETRIC_REPRESENTATION_CONTEXT() REPRESENTATION_CONTEXT('2D SPACE',''
  ) );
#5774 = ORIENTED_EDGE('',*,*,#4619,.T.);
#5775 = ORIENTED_EDGE('',*,*,#5776,.T.);
#5776 = EDGE_CURVE('',#4622,#3234,#5777,.T.);
#5777 = SURFACE_CURVE('',#5778,(#5783,#5794),.PCURVE_S1.);
#5778 = CIRCLE('',#5779,50.5);
#5779 = AXIS2_PLACEMENT_3D('',#5780,#5781,#5782);
#5780 = CARTESIAN_POINT('',(0.,0.,18.));
#5781 = DIRECTION('',(0.,0.,1.));
#5782 = DIRECTION('',(-1.,0.,0.));
#5783 = PCURVE('',#3279,#5784);
#5784 = DEFINITIONAL_REPRESENTATION('',(#5785),#5793);
#5785 = ( BOUNDED_CURVE() B_SPLINE_CURVE(2,(#5786,#5787,#5788,#5789,
#5790,#5791,#5792),.UNSPECIFIED.,.T.,.F.) B_SPLINE_CURVE_WITH_KNOTS((1,2
    ,2,2,2,1),(-2.094395102393,0.,2.094395102393,4.188790204786,
6.28318530718,8.377580409573),.UNSPECIFIED.) CURVE() 
GEOMETRIC_REPRESENTATION_ITEM() RATIONAL_B_SPLINE_CURVE((1.,0.5,1.,0.5,
1.,0.5,1.)) REPRESENTATION_ITEM('') );
#5786 = CARTESIAN_POINT('',(2.920204075669,19.708196766802));
#5787 = CARTESIAN_POINT('',(2.920204075669,-67.76036901542));
#5788 = CARTESIAN_POINT('',(-72.82979592433,-24.02608612431));
#5789 = CARTESIAN_POINT('',(-148.5797959243,19.708196766802));
#5790 = CARTESIAN_POINT('',(-72.82979592433,63.442479657916));
#5791 = CARTESIAN_POINT('',(2.920204075669,107.17676254903));
#5792 = CARTESIAN_POINT('',(2.920204075669,19.708196766802));
#5793 = ( GEOMETRIC_REPRESENTATION_CONTEXT(2) 
PARAMETRIC_REPRESENTATION_CONTEXT() REPRESENTATION_CONTEXT('2D SPACE',''
  ) );
#5794 = PCURVE('',#3250,#5795);
#5795 = DEFINITIONAL_REPRESENTATION('',(#5796),#5800);
#5796 = LINE('',#5797,#5798);
#5797 = CARTESIAN_POINT('',(6.28318530718,1.570796326795));
#5798 = VECTOR('',#5799,1.);
#5799 = DIRECTION('',(-1.,-5.247240058928E-15));
#5800 = ( GEOMETRIC_REPRESENTATION_CONTEXT(2) 
PARAMETRIC_REPRESENTATION_CONTEXT() REPRESENTATION_CONTEXT('2D SPACE',''
  ) );
#5801 = ORIENTED_EDGE('',*,*,#3262,.F.);
#5802 = ORIENTED_EDGE('',*,*,#5803,.F.);
#5803 = EDGE_CURVE('',#3807,#3263,#5804,.T.);
#5804 = SURFACE_CURVE('',#5805,(#5810,#5817),.PCURVE_S1.);
#5805 = CIRCLE('',#5806,59.);
#5806 = AXIS2_PLACEMENT_3D('',#5807,#5808,#5809);
#5807 = CARTESIAN_POINT('',(0.,0.,18.));
#5808 = DIRECTION('',(0.,0.,-1.));
#5809 = DIRECTION('',(1.,0.,0.));
#5810 = PCURVE('',#3279,#5811);
#5811 = DEFINITIONAL_REPRESENTATION('',(#5812),#5816);
#5812 = CIRCLE('',#5813,59.);
#5813 = AXIS2_PLACEMENT_2D('',#5814,#5815);
#5814 = CARTESIAN_POINT('',(-47.57979592433,19.708196766802));
#5815 = DIRECTION('',(-1.,0.));
#5816 = ( GEOMETRIC_REPRESENTATION_CONTEXT(2) 
PARAMETRIC_REPRESENTATION_CONTEXT() REPRESENTATION_CONTEXT('2D SPACE',''
  ) );
#5817 = PCURVE('',#3862,#5818);
#5818 = DEFINITIONAL_REPRESENTATION('',(#5819),#5823);
#5819 = LINE('',#5820,#5821);
#5820 = CARTESIAN_POINT('',(3.14159265359,4.712388980385));
#5821 = VECTOR('',#5822,1.);
#5822 = DIRECTION('',(1.,-3.348337896452E-14));
#5823 = ( GEOMETRIC_REPRESENTATION_CONTEXT(2) 
PARAMETRIC_REPRESENTATION_CONTEXT() REPRESENTATION_CONTEXT('2D SPACE',''
  ) );
#5824 = ORIENTED_EDGE('',*,*,#3896,.F.);
#5825 = ORIENTED_EDGE('',*,*,#5826,.T.);
#5826 = EDGE_CURVE('',#3897,#5283,#5827,.T.);
#5827 = SURFACE_CURVE('',#5828,(#5833,#5840),.PCURVE_S1.);
#5828 = CIRCLE('',#5829,44.);
#5829 = AXIS2_PLACEMENT_3D('',#5830,#5831,#5832);
#5830 = CARTESIAN_POINT('',(0.,0.,18.));
#5831 = DIRECTION('',(0.,0.,-1.));
#5832 = DIRECTION('',(-1.,0.,0.));
#5833 = PCURVE('',#3279,#5834);
#5834 = DEFINITIONAL_REPRESENTATION('',(#5835),#5839);
#5835 = CIRCLE('',#5836,44.);
#5836 = AXIS2_PLACEMENT_2D('',#5837,#5838);
#5837 = CARTESIAN_POINT('',(-47.57979592433,19.708196766802));
#5838 = DIRECTION('',(1.,0.));
#5839 = ( GEOMETRIC_REPRESENTATION_CONTEXT(2) 
PARAMETRIC_REPRESENTATION_CONTEXT() REPRESENTATION_CONTEXT('2D SPACE',''
  ) );
#5840 = PCURVE('',#3966,#5841);
#5841 = DEFINITIONAL_REPRESENTATION('',(#5842),#5846);
#5842 = LINE('',#5843,#5844);
#5843 = CARTESIAN_POINT('',(-4.440892098501E-16,4.712388980385));
#5844 = VECTOR('',#5845,1.);
#5845 = DIRECTION('',(1.,1.654672747859E-15));
#5846 = ( GEOMETRIC_REPRESENTATION_CONTEXT(2) 
PARAMETRIC_REPRESENTATION_CONTEXT() REPRESENTATION_CONTEXT('2D SPACE',''
  ) );
#5847 = ADVANCED_FACE('',(#5848),#2341,.T.);
#5848 = FACE_BOUND('',#5849,.T.);
#5849 = EDGE_LOOP('',(#5850,#5876,#5951,#5952,#6029,#6058,#6084,#6085,
    #6111,#6135,#6210,#6211,#6233,#6254,#6276,#6277,#6354,#6376,#6398,
    #6399));
#5850 = ORIENTED_EDGE('',*,*,#5851,.T.);
#5851 = EDGE_CURVE('',#5852,#5854,#5856,.T.);
#5852 = VERTEX_POINT('',#5853);
#5853 = CARTESIAN_POINT('',(-54.13287578127,-25.8772440505,10.));
#5854 = VERTEX_POINT('',#5855);
#5855 = CARTESIAN_POINT('',(-49.88693818242,-33.33606753627,10.));
#5856 = SURFACE_CURVE('',#5857,(#5862,#5869),.PCURVE_S1.);
#5857 = CIRCLE('',#5858,60.);
#5858 = AXIS2_PLACEMENT_3D('',#5859,#5860,#5861);
#5859 = CARTESIAN_POINT('',(0.,0.,10.));
#5860 = DIRECTION('',(0.,0.,1.));
#5861 = DIRECTION('',(-1.,0.,0.));
#5862 = PCURVE('',#2341,#5863);
#5863 = DEFINITIONAL_REPRESENTATION('',(#5864),#5868);
#5864 = LINE('',#5865,#5866);
#5865 = CARTESIAN_POINT('',(6.28318530718,8.));
#5866 = VECTOR('',#5867,1.);
#5867 = DIRECTION('',(-1.,0.));
#5868 = ( GEOMETRIC_REPRESENTATION_CONTEXT(2) 
PARAMETRIC_REPRESENTATION_CONTEXT() REPRESENTATION_CONTEXT('2D SPACE',''
  ) );
#5869 = PCURVE('',#5584,#5870);
#5870 = DEFINITIONAL_REPRESENTATION('',(#5871),#5875);
#5871 = LINE('',#5872,#5873);
#5872 = CARTESIAN_POINT('',(6.28318530718,0.));
#5873 = VECTOR('',#5874,1.);
#5874 = DIRECTION('',(-1.,0.));
#5875 = ( GEOMETRIC_REPRESENTATION_CONTEXT(2) 
PARAMETRIC_REPRESENTATION_CONTEXT() REPRESENTATION_CONTEXT('2D SPACE',''
  ) );
#5876 = ORIENTED_EDGE('',*,*,#5877,.T.);
#5877 = EDGE_CURVE('',#5854,#4525,#5878,.T.);
#5878 = SURFACE_CURVE('',#5879,(#5893,#5922),.PCURVE_S1.);
#5879 = B_SPLINE_CURVE_WITH_KNOTS('',3,(#5880,#5881,#5882,#5883,#5884,
    #5885,#5886,#5887,#5888,#5889,#5890,#5891,#5892),.UNSPECIFIED.,.F.,
  .F.,(4,3,3,3,4),(0.,1.207297436893E-03,1.81094615534E-03,
    2.414594873786E-03,4.829189747572E-03),.UNSPECIFIED.);
#5880 = CARTESIAN_POINT('',(-49.88693818242,-33.33606753627,10.));
#5881 = CARTESIAN_POINT('',(-49.66011915283,-33.67549890128,10.));
#5882 = CARTESIAN_POINT('',(-49.43634513976,-34.00292216979,
    9.931648746173));
#5883 = CARTESIAN_POINT('',(-49.21410945892,-34.32158839804,
    9.81571620153));
#5884 = CARTESIAN_POINT('',(-49.10299161851,-34.48092151216,
    9.757749929208));
#5885 = CARTESIAN_POINT('',(-48.99286288118,-34.63717341183,
    9.687761603273));
#5886 = CARTESIAN_POINT('',(-48.88533255797,-34.78827763336,
    9.609292269155));
#5887 = CARTESIAN_POINT('',(-48.77780223476,-34.93938185489,
    9.530822935037));
#5888 = CARTESIAN_POINT('',(-48.67224427609,-35.08623741915,
    9.443532187944));
#5889 = CARTESIAN_POINT('',(-48.56816725936,-35.2297194009,
    9.349332870234));
#5890 = CARTESIAN_POINT('',(-48.15185919244,-35.80364732793,
    8.972535599395));
#5891 = CARTESIAN_POINT('',(-47.75831466654,-36.32572146872,
    8.48285359187));
#5892 = CARTESIAN_POINT('',(-47.36299888127,-36.83403775005,8.));
#5893 = PCURVE('',#2341,#5894);
#5894 = DEFINITIONAL_REPRESENTATION('',(#5895),#5921);
#5895 = B_SPLINE_CURVE_WITH_KNOTS('',3,(#5896,#5897,#5898,#5899,#5900,
    #5901,#5902,#5903,#5904,#5905,#5906,#5907,#5908,#5909,#5910,#5911,
    #5912,#5913,#5914,#5915,#5916,#5917,#5918,#5919,#5920),
  .UNSPECIFIED.,.F.,.F.,(4,1,1,1,1,1,1,1,1,1,1,1,1,1,1,1,1,1,1,1,1,1,4),
  (0.,2.195086248896E-04,4.390172497793E-04,6.585258746689E-04,
    8.780344995585E-04,1.097543124448E-03,1.317051749338E-03,
    1.536560374227E-03,1.756068999117E-03,1.975577624007E-03,
    2.195086248896E-03,2.414594873786E-03,2.634103498676E-03,
    2.853612123565E-03,3.073120748455E-03,3.292629373345E-03,
    3.512137998234E-03,3.731646623124E-03,3.951155248013E-03,
    4.170663872903E-03,4.390172497793E-03,4.609681122682E-03,
    4.829189747572E-03),.QUASI_UNIFORM_KNOTS.);
#5896 = CARTESIAN_POINT('',(5.694099529974,8.));
#5897 = CARTESIAN_POINT('',(5.692862436918,8.));
#5898 = CARTESIAN_POINT('',(5.690401118448,8.004519079735));
#5899 = CARTESIAN_POINT('',(5.686745548558,8.024106011915));
#5900 = CARTESIAN_POINT('',(5.683124271891,8.055751918679));
#5901 = CARTESIAN_POINT('',(5.679534892001,8.098708901809));
#5902 = CARTESIAN_POINT('',(5.675976073453,8.152223715351));
#5903 = CARTESIAN_POINT('',(5.672442534463,8.215563064517));
#5904 = CARTESIAN_POINT('',(5.668956257144,8.287960535295));
#5905 = CARTESIAN_POINT('',(5.665529811262,8.368355624176));
#5906 = CARTESIAN_POINT('',(5.662175004879,8.455736588368));
#5907 = CARTESIAN_POINT('',(5.658875504777,8.549735171195));
#5908 = CARTESIAN_POINT('',(5.655629199665,8.649743557507));
#5909 = CARTESIAN_POINT('',(5.652429430142,8.755293377372));
#5910 = CARTESIAN_POINT('',(5.649271753246,8.865916181048));
#5911 = CARTESIAN_POINT('',(5.646153012175,8.981053235946));
#5912 = CARTESIAN_POINT('',(5.643069705816,9.10017000069));
#5913 = CARTESIAN_POINT('',(5.64001842612,9.222725451891));
#5914 = CARTESIAN_POINT('',(5.636995741358,9.348180303008));
#5915 = CARTESIAN_POINT('',(5.633998227829,9.475994802116));
#5916 = CARTESIAN_POINT('',(5.631022461726,9.605629321986));
#5917 = CARTESIAN_POINT('',(5.628065021775,9.736544201978));
#5918 = CARTESIAN_POINT('',(5.625122488565,9.868199790407));
#5919 = CARTESIAN_POINT('',(5.623168460377,9.956104218921));
#5920 = CARTESIAN_POINT('',(5.622192791965,10.));
#5921 = ( GEOMETRIC_REPRESENTATION_CONTEXT(2) 
PARAMETRIC_REPRESENTATION_CONTEXT() REPRESENTATION_CONTEXT('2D SPACE',''
  ) );
#5922 = PCURVE('',#4382,#5923);
#5923 = DEFINITIONAL_REPRESENTATION('',(#5924),#5950);
#5924 = B_SPLINE_CURVE_WITH_KNOTS('',3,(#5925,#5926,#5927,#5928,#5929,
    #5930,#5931,#5932,#5933,#5934,#5935,#5936,#5937,#5938,#5939,#5940,
    #5941,#5942,#5943,#5944,#5945,#5946,#5947,#5948,#5949),
  .UNSPECIFIED.,.F.,.F.,(4,1,1,1,1,1,1,1,1,1,1,1,1,1,1,1,1,1,1,1,1,1,4),
  (0.,2.195086248896E-04,4.390172497793E-04,6.585258746689E-04,
    8.780344995585E-04,1.097543124448E-03,1.317051749338E-03,
    1.536560374227E-03,1.756068999117E-03,1.975577624007E-03,
    2.195086248896E-03,2.414594873786E-03,2.634103498676E-03,
    2.853612123565E-03,3.073120748455E-03,3.292629373345E-03,
    3.512137998234E-03,3.731646623124E-03,3.951155248013E-03,
    4.170663872903E-03,4.390172497793E-03,4.609681122682E-03,
    4.829189747572E-03),.QUASI_UNIFORM_KNOTS.);
#5925 = CARTESIAN_POINT('',(-6.071532E-18,1.));
#5926 = CARTESIAN_POINT('',(7.191536524963E-05,0.999999903201));
#5927 = CARTESIAN_POINT('',(2.157715833943E-04,0.999998476249));
#5928 = CARTESIAN_POINT('',(4.316281809261E-04,0.999995040465));
#5929 = CARTESIAN_POINT('',(6.475536338567E-04,0.999993337949));
#5930 = CARTESIAN_POINT('',(8.635418053015E-04,0.999994213633));
#5931 = CARTESIAN_POINT('',(1.079592631767E-03,0.999998562829));
#5932 = CARTESIAN_POINT('',(1.295684493497E-03,0.999999957649));
#5933 = CARTESIAN_POINT('',(1.51188324953E-03,0.999999551674));
#5934 = CARTESIAN_POINT('',(1.728178308474E-03,1.000000347031));
#5935 = CARTESIAN_POINT('',(1.944593553774E-03,1.000000170115));
#5936 = CARTESIAN_POINT('',(2.161118541808E-03,0.99999832829));
#5937 = CARTESIAN_POINT('',(2.377723662772E-03,1.000003883673));
#5938 = CARTESIAN_POINT('',(2.594460320793E-03,0.999986103301));
#5939 = CARTESIAN_POINT('',(2.811343367367E-03,0.99993316095));
#5940 = CARTESIAN_POINT('',(3.028319446795E-03,0.999866317504));
#5941 = CARTESIAN_POINT('',(3.245351769883E-03,0.999795452119));
#5942 = CARTESIAN_POINT('',(3.462400490543E-03,0.999731672727));
#5943 = CARTESIAN_POINT('',(3.679420258885E-03,0.999687608905));
#5944 = CARTESIAN_POINT('',(3.896391774111E-03,0.999682673073));
#5945 = CARTESIAN_POINT('',(4.113354009588E-03,0.999713060489));
#5946 = CARTESIAN_POINT('',(4.33033573079E-03,0.999765563157));
#5947 = CARTESIAN_POINT('',(4.547368855236E-03,0.999887998922));
#5948 = CARTESIAN_POINT('',(4.692113061927E-03,0.99990028557));
#5949 = CARTESIAN_POINT('',(4.764504333031E-03,0.999870664623));
#5950 = ( GEOMETRIC_REPRESENTATION_CONTEXT(2) 
PARAMETRIC_REPRESENTATION_CONTEXT() REPRESENTATION_CONTEXT('2D SPACE',''
  ) );
#5951 = ORIENTED_EDGE('',*,*,#5100,.T.);
#5952 = ORIENTED_EDGE('',*,*,#5953,.F.);
#5953 = EDGE_CURVE('',#5954,#1496,#5956,.T.);
#5954 = VERTEX_POINT('',#5955);
#5955 = CARTESIAN_POINT('',(-49.88693818242,-33.33606753627,-10.));
#5956 = SURFACE_CURVE('',#5957,(#5971,#6000),.PCURVE_S1.);
#5957 = B_SPLINE_CURVE_WITH_KNOTS('',3,(#5958,#5959,#5960,#5961,#5962,
    #5963,#5964,#5965,#5966,#5967,#5968,#5969,#5970),.UNSPECIFIED.,.F.,
  .F.,(4,3,3,3,4),(0.,1.207297436893E-03,1.81094615534E-03,
    2.414594873786E-03,4.829189747572E-03),.UNSPECIFIED.);
#5958 = CARTESIAN_POINT('',(-49.88693818242,-33.33606753627,-10.));
#5959 = CARTESIAN_POINT('',(-49.66011915283,-33.67549890128,-10.));
#5960 = CARTESIAN_POINT('',(-49.43634513976,-34.00292216979,
    -9.931648746173));
#5961 = CARTESIAN_POINT('',(-49.21410945892,-34.32158839804,
    -9.81571620153));
#5962 = CARTESIAN_POINT('',(-49.10299161851,-34.48092151216,
    -9.757749929208));
#5963 = CARTESIAN_POINT('',(-48.99286288118,-34.63717341183,
    -9.687761603273));
#5964 = CARTESIAN_POINT('',(-48.88533255797,-34.78827763336,
    -9.609292269155));
#5965 = CARTESIAN_POINT('',(-48.77780223476,-34.93938185489,
    -9.530822935037));
#5966 = CARTESIAN_POINT('',(-48.67224427609,-35.08623741915,
    -9.443532187944));
#5967 = CARTESIAN_POINT('',(-48.56816725936,-35.2297194009,
    -9.349332870234));
#5968 = CARTESIAN_POINT('',(-48.15185919244,-35.80364732793,
    -8.972535599395));
#5969 = CARTESIAN_POINT('',(-47.75831466654,-36.32572146872,
    -8.48285359187));
#5970 = CARTESIAN_POINT('',(-47.36299888127,-36.83403775005,-8.));
#5971 = PCURVE('',#2341,#5972);
#5972 = DEFINITIONAL_REPRESENTATION('',(#5973),#5999);
#5973 = B_SPLINE_CURVE_WITH_KNOTS('',3,(#5974,#5975,#5976,#5977,#5978,
    #5979,#5980,#5981,#5982,#5983,#5984,#5985,#5986,#5987,#5988,#5989,
    #5990,#5991,#5992,#5993,#5994,#5995,#5996,#5997,#5998),
  .UNSPECIFIED.,.F.,.F.,(4,1,1,1,1,1,1,1,1,1,1,1,1,1,1,1,1,1,1,1,1,1,4),
  (0.,2.195086248896E-04,4.390172497793E-04,6.585258746689E-04,
    8.780344995585E-04,1.097543124448E-03,1.317051749338E-03,
    1.536560374227E-03,1.756068999117E-03,1.975577624007E-03,
    2.195086248896E-03,2.414594873786E-03,2.634103498676E-03,
    2.853612123565E-03,3.073120748455E-03,3.292629373345E-03,
    3.512137998234E-03,3.731646623124E-03,3.951155248013E-03,
    4.170663872903E-03,4.390172497793E-03,4.609681122682E-03,
    4.829189747572E-03),.QUASI_UNIFORM_KNOTS.);
#5974 = CARTESIAN_POINT('',(5.694099529974,28.));
#5975 = CARTESIAN_POINT('',(5.692862436918,28.));
#5976 = CARTESIAN_POINT('',(5.690401118448,27.995480920265));
#5977 = CARTESIAN_POINT('',(5.686745548558,27.975893988085));
#5978 = CARTESIAN_POINT('',(5.683124271891,27.944248081321));
#5979 = CARTESIAN_POINT('',(5.679534892001,27.901291098191));
#5980 = CARTESIAN_POINT('',(5.675976073453,27.847776284649));
#5981 = CARTESIAN_POINT('',(5.672442534463,27.784436935483));
#5982 = CARTESIAN_POINT('',(5.668956257144,27.712039464705));
#5983 = CARTESIAN_POINT('',(5.665529811262,27.631644375824));
#5984 = CARTESIAN_POINT('',(5.662175004879,27.544263411632));
#5985 = CARTESIAN_POINT('',(5.658875504777,27.450264828805));
#5986 = CARTESIAN_POINT('',(5.655629199665,27.350256442493));
#5987 = CARTESIAN_POINT('',(5.652429430142,27.244706622628));
#5988 = CARTESIAN_POINT('',(5.649271753246,27.134083818952));
#5989 = CARTESIAN_POINT('',(5.646153012175,27.018946764054));
#5990 = CARTESIAN_POINT('',(5.643069705816,26.89982999931));
#5991 = CARTESIAN_POINT('',(5.64001842612,26.777274548109));
#5992 = CARTESIAN_POINT('',(5.636995741358,26.651819696992));
#5993 = CARTESIAN_POINT('',(5.633998227829,26.524005197884));
#5994 = CARTESIAN_POINT('',(5.631022461726,26.394370678014));
#5995 = CARTESIAN_POINT('',(5.628065021775,26.263455798022));
#5996 = CARTESIAN_POINT('',(5.625122488565,26.131800209593));
#5997 = CARTESIAN_POINT('',(5.623168460377,26.043895781079));
#5998 = CARTESIAN_POINT('',(5.622192791965,26.));
#5999 = ( GEOMETRIC_REPRESENTATION_CONTEXT(2) 
PARAMETRIC_REPRESENTATION_CONTEXT() REPRESENTATION_CONTEXT('2D SPACE',''
  ) );
#6000 = PCURVE('',#1543,#6001);
#6001 = DEFINITIONAL_REPRESENTATION('',(#6002),#6028);
#6002 = B_SPLINE_CURVE_WITH_KNOTS('',3,(#6003,#6004,#6005,#6006,#6007,
    #6008,#6009,#6010,#6011,#6012,#6013,#6014,#6015,#6016,#6017,#6018,
    #6019,#6020,#6021,#6022,#6023,#6024,#6025,#6026,#6027),
  .UNSPECIFIED.,.F.,.F.,(4,1,1,1,1,1,1,1,1,1,1,1,1,1,1,1,1,1,1,1,1,1,4),
  (0.,2.195086248896E-04,4.390172497793E-04,6.585258746689E-04,
    8.780344995585E-04,1.097543124448E-03,1.317051749338E-03,
    1.536560374227E-03,1.756068999117E-03,1.975577624007E-03,
    2.195086248896E-03,2.414594873786E-03,2.634103498676E-03,
    2.853612123565E-03,3.073120748455E-03,3.292629373345E-03,
    3.512137998234E-03,3.731646623124E-03,3.951155248013E-03,
    4.170663872903E-03,4.390172497793E-03,4.609681122682E-03,
    4.829189747572E-03),.QUASI_UNIFORM_KNOTS.);
#6003 = CARTESIAN_POINT('',(-6.071532E-18,0.));
#6004 = CARTESIAN_POINT('',(7.191536524962E-05,9.679859891746E-08));
#6005 = CARTESIAN_POINT('',(2.157715833943E-04,1.523751315607E-06));
#6006 = CARTESIAN_POINT('',(4.316281809261E-04,4.959535483262E-06));
#6007 = CARTESIAN_POINT('',(6.475536338567E-04,6.66205080465E-06));
#6008 = CARTESIAN_POINT('',(8.635418053015E-04,5.786367003181E-06));
#6009 = CARTESIAN_POINT('',(1.079592631767E-03,1.437171424581E-06));
#6010 = CARTESIAN_POINT('',(1.295684493497E-03,4.235063637269E-08));
#6011 = CARTESIAN_POINT('',(1.51188324953E-03,4.483262617139E-07));
#6012 = CARTESIAN_POINT('',(1.728178308474E-03,-3.470314658626E-07));
#6013 = CARTESIAN_POINT('',(1.944593553774E-03,-1.701148123073E-07));
#6014 = CARTESIAN_POINT('',(2.161118541808E-03,1.671709984261E-06));
#6015 = CARTESIAN_POINT('',(2.377723662772E-03,-3.883673322569E-06));
#6016 = CARTESIAN_POINT('',(2.594460320793E-03,1.389669903811E-05));
#6017 = CARTESIAN_POINT('',(2.811343367367E-03,6.683905037106E-05));
#6018 = CARTESIAN_POINT('',(3.028319446795E-03,1.336824961583E-04));
#6019 = CARTESIAN_POINT('',(3.245351769883E-03,2.045478814794E-04));
#6020 = CARTESIAN_POINT('',(3.462400490543E-03,2.683272734073E-04));
#6021 = CARTESIAN_POINT('',(3.679420258885E-03,3.123910949806E-04));
#6022 = CARTESIAN_POINT('',(3.896391774111E-03,3.173269267843E-04));
#6023 = CARTESIAN_POINT('',(4.113354009588E-03,2.869395114438E-04));
#6024 = CARTESIAN_POINT('',(4.33033573079E-03,2.3443684261E-04));
#6025 = CARTESIAN_POINT('',(4.547368855236E-03,1.120010775419E-04));
#6026 = CARTESIAN_POINT('',(4.692113061927E-03,9.971443043508E-05));
#6027 = CARTESIAN_POINT('',(4.764504333031E-03,1.293353766099E-04));
#6028 = ( GEOMETRIC_REPRESENTATION_CONTEXT(2) 
PARAMETRIC_REPRESENTATION_CONTEXT() REPRESENTATION_CONTEXT('2D SPACE',''
  ) );
#6029 = ORIENTED_EDGE('',*,*,#6030,.F.);
#6030 = EDGE_CURVE('',#6031,#5954,#6033,.T.);
#6031 = VERTEX_POINT('',#6032);
#6032 = CARTESIAN_POINT('',(-54.13287578127,-25.8772440505,-10.));
#6033 = SURFACE_CURVE('',#6034,(#6039,#6046),.PCURVE_S1.);
#6034 = CIRCLE('',#6035,60.);
#6035 = AXIS2_PLACEMENT_3D('',#6036,#6037,#6038);
#6036 = CARTESIAN_POINT('',(0.,0.,-10.));
#6037 = DIRECTION('',(0.,0.,1.));
#6038 = DIRECTION('',(-1.,0.,0.));
#6039 = PCURVE('',#2341,#6040);
#6040 = DEFINITIONAL_REPRESENTATION('',(#6041),#6045);
#6041 = LINE('',#6042,#6043);
#6042 = CARTESIAN_POINT('',(6.28318530718,28.));
#6043 = VECTOR('',#6044,1.);
#6044 = DIRECTION('',(-1.,0.));
#6045 = ( GEOMETRIC_REPRESENTATION_CONTEXT(2) 
PARAMETRIC_REPRESENTATION_CONTEXT() REPRESENTATION_CONTEXT('2D SPACE',''
  ) );
#6046 = PCURVE('',#6047,#6052);
#6047 = TOROIDAL_SURFACE('',#6048,59.,1.);
#6048 = AXIS2_PLACEMENT_3D('',#6049,#6050,#6051);
#6049 = CARTESIAN_POINT('',(0.,0.,-10.));
#6050 = DIRECTION('',(0.,0.,1.));
#6051 = DIRECTION('',(1.,0.,0.));
#6052 = DEFINITIONAL_REPRESENTATION('',(#6053),#6057);
#6053 = LINE('',#6054,#6055);
#6054 = CARTESIAN_POINT('',(3.14159265359,0.));
#6055 = VECTOR('',#6056,1.);
#6056 = DIRECTION('',(1.,0.));
#6057 = ( GEOMETRIC_REPRESENTATION_CONTEXT(2) 
PARAMETRIC_REPRESENTATION_CONTEXT() REPRESENTATION_CONTEXT('2D SPACE',''
  ) );
#6058 = ORIENTED_EDGE('',*,*,#6059,.T.);
#6059 = EDGE_CURVE('',#6031,#2685,#6060,.T.);
#6060 = SURFACE_CURVE('',#6061,(#6066,#6073),.PCURVE_S1.);
#6061 = CIRCLE('',#6062,60.);
#6062 = AXIS2_PLACEMENT_3D('',#6063,#6064,#6065);
#6063 = CARTESIAN_POINT('',(0.,0.,-10.));
#6064 = DIRECTION('',(0.,0.,-1.));
#6065 = DIRECTION('',(-1.,0.,0.));
#6066 = PCURVE('',#2341,#6067);
#6067 = DEFINITIONAL_REPRESENTATION('',(#6068),#6072);
#6068 = LINE('',#6069,#6070);
#6069 = CARTESIAN_POINT('',(0.,28.));
#6070 = VECTOR('',#6071,1.);
#6071 = DIRECTION('',(1.,0.));
#6072 = ( GEOMETRIC_REPRESENTATION_CONTEXT(2) 
PARAMETRIC_REPRESENTATION_CONTEXT() REPRESENTATION_CONTEXT('2D SPACE',''
  ) );
#6073 = PCURVE('',#1422,#6074);
#6074 = DEFINITIONAL_REPRESENTATION('',(#6075),#6083);
#6075 = ( BOUNDED_CURVE() B_SPLINE_CURVE(2,(#6076,#6077,#6078,#6079,
#6080,#6081,#6082),.UNSPECIFIED.,.T.,.F.) B_SPLINE_CURVE_WITH_KNOTS((1,2
    ,2,2,2,1),(-2.094395102393,0.,2.094395102393,4.188790204786,
6.28318530718,8.377580409573),.UNSPECIFIED.) CURVE() 
GEOMETRIC_REPRESENTATION_ITEM() RATIONAL_B_SPLINE_CURVE((1.,0.5,1.,0.5,
1.,0.5,1.)) REPRESENTATION_ITEM('') );
#6076 = CARTESIAN_POINT('',(-12.42020407566,19.708196766802));
#6077 = CARTESIAN_POINT('',(-12.42020407566,123.63124522093));
#6078 = CARTESIAN_POINT('',(77.579795924331,71.669720993868));
#6079 = CARTESIAN_POINT('',(167.57979592433,19.708196766802));
#6080 = CARTESIAN_POINT('',(77.579795924331,-32.25332746026));
#6081 = CARTESIAN_POINT('',(-12.42020407566,-84.21485168733));
#6082 = CARTESIAN_POINT('',(-12.42020407566,19.708196766802));
#6083 = ( GEOMETRIC_REPRESENTATION_CONTEXT(2) 
PARAMETRIC_REPRESENTATION_CONTEXT() REPRESENTATION_CONTEXT('2D SPACE',''
  ) );
#6084 = ORIENTED_EDGE('',*,*,#2684,.F.);
#6085 = ORIENTED_EDGE('',*,*,#6086,.T.);
#6086 = EDGE_CURVE('',#2652,#2379,#6087,.T.);
#6087 = SURFACE_CURVE('',#6088,(#6093,#6100),.PCURVE_S1.);
#6088 = CIRCLE('',#6089,60.);
#6089 = AXIS2_PLACEMENT_3D('',#6090,#6091,#6092);
#6090 = CARTESIAN_POINT('',(0.,0.,-17.));
#6091 = DIRECTION('',(0.,0.,1.));
#6092 = DIRECTION('',(1.,0.,0.));
#6093 = PCURVE('',#2341,#6094);
#6094 = DEFINITIONAL_REPRESENTATION('',(#6095),#6099);
#6095 = LINE('',#6096,#6097);
#6096 = CARTESIAN_POINT('',(9.424777960769,35.));
#6097 = VECTOR('',#6098,1.);
#6098 = DIRECTION('',(-1.,0.));
#6099 = ( GEOMETRIC_REPRESENTATION_CONTEXT(2) 
PARAMETRIC_REPRESENTATION_CONTEXT() REPRESENTATION_CONTEXT('2D SPACE',''
  ) );
#6100 = PCURVE('',#1475,#6101);
#6101 = DEFINITIONAL_REPRESENTATION('',(#6102),#6110);
#6102 = ( BOUNDED_CURVE() B_SPLINE_CURVE(2,(#6103,#6104,#6105,#6106,
#6107,#6108,#6109),.UNSPECIFIED.,.T.,.F.) B_SPLINE_CURVE_WITH_KNOTS((1,2
    ,2,2,2,1),(-2.094395102393,0.,2.094395102393,4.188790204786,
6.28318530718,8.377580409573),.UNSPECIFIED.) CURVE() 
GEOMETRIC_REPRESENTATION_ITEM() RATIONAL_B_SPLINE_CURVE((1.,0.5,1.,0.5,
1.,0.5,1.)) REPRESENTATION_ITEM('') );
#6103 = CARTESIAN_POINT('',(-107.5797959243,19.708196766802));
#6104 = CARTESIAN_POINT('',(-107.5797959243,123.63124522093));
#6105 = CARTESIAN_POINT('',(-17.57979592433,71.669720993868));
#6106 = CARTESIAN_POINT('',(72.420204075669,19.708196766802));
#6107 = CARTESIAN_POINT('',(-17.57979592433,-32.25332746026));
#6108 = CARTESIAN_POINT('',(-107.5797959243,-84.21485168733));
#6109 = CARTESIAN_POINT('',(-107.5797959243,19.708196766802));
#6110 = ( GEOMETRIC_REPRESENTATION_CONTEXT(2) 
PARAMETRIC_REPRESENTATION_CONTEXT() REPRESENTATION_CONTEXT('2D SPACE',''
  ) );
#6111 = ORIENTED_EDGE('',*,*,#6112,.F.);
#6112 = EDGE_CURVE('',#6113,#2379,#6115,.T.);
#6113 = VERTEX_POINT('',#6114);
#6114 = CARTESIAN_POINT('',(-49.88693818242,-33.33606753627,-17.));
#6115 = SURFACE_CURVE('',#6116,(#6121,#6128),.PCURVE_S1.);
#6116 = CIRCLE('',#6117,60.);
#6117 = AXIS2_PLACEMENT_3D('',#6118,#6119,#6120);
#6118 = CARTESIAN_POINT('',(0.,0.,-17.));
#6119 = DIRECTION('',(0.,0.,-1.));
#6120 = DIRECTION('',(-1.,0.,0.));
#6121 = PCURVE('',#2341,#6122);
#6122 = DEFINITIONAL_REPRESENTATION('',(#6123),#6127);
#6123 = LINE('',#6124,#6125);
#6124 = CARTESIAN_POINT('',(0.,35.));
#6125 = VECTOR('',#6126,1.);
#6126 = DIRECTION('',(1.,0.));
#6127 = ( GEOMETRIC_REPRESENTATION_CONTEXT(2) 
PARAMETRIC_REPRESENTATION_CONTEXT() REPRESENTATION_CONTEXT('2D SPACE',''
  ) );
#6128 = PCURVE('',#2436,#6129);
#6129 = DEFINITIONAL_REPRESENTATION('',(#6130),#6134);
#6130 = LINE('',#6131,#6132);
#6131 = CARTESIAN_POINT('',(9.424777960769,6.28318530718));
#6132 = VECTOR('',#6133,1.);
#6133 = DIRECTION('',(-1.,0.));
#6134 = ( GEOMETRIC_REPRESENTATION_CONTEXT(2) 
PARAMETRIC_REPRESENTATION_CONTEXT() REPRESENTATION_CONTEXT('2D SPACE',''
  ) );
#6135 = ORIENTED_EDGE('',*,*,#6136,.F.);
#6136 = EDGE_CURVE('',#1836,#6113,#6137,.T.);
#6137 = SURFACE_CURVE('',#6138,(#6152,#6181),.PCURVE_S1.);
#6138 = B_SPLINE_CURVE_WITH_KNOTS('',3,(#6139,#6140,#6141,#6142,#6143,
    #6144,#6145,#6146,#6147,#6148,#6149,#6150,#6151),.UNSPECIFIED.,.F.,
  .F.,(4,3,3,3,4),(-1.1934085905E-05,2.412893295318E-03,
    3.019100140624E-03,3.625306985929E-03,4.837720676541E-03),
  .UNSPECIFIED.);
#6139 = CARTESIAN_POINT('',(-47.36299888127,-36.83403775005,-19.));
#6140 = CARTESIAN_POINT('',(-47.75998992552,-36.32356733917,
    -18.51510018375));
#6141 = CARTESIAN_POINT('',(-48.15187610398,-35.80362446096,
    -18.02744632521));
#6142 = CARTESIAN_POINT('',(-48.56818031573,-35.22970140121,
    -17.65065531258));
#6143 = CARTESIAN_POINT('',(-48.67225636866,-35.08622063627,
    -17.55645755943));
#6144 = CARTESIAN_POINT('',(-48.77781335198,-34.93936632572,
    -17.46916830656));
#6145 = CARTESIAN_POINT('',(-48.88534267516,-34.78826341644,
    -17.39070034794));
#6146 = CARTESIAN_POINT('',(-48.99287199834,-34.63716050715,
    -17.31223238931));
#6147 = CARTESIAN_POINT('',(-49.1029997327,-34.48090994608,
    -17.24224531715));
#6148 = CARTESIAN_POINT('',(-49.21411642874,-34.32157840394,
    -17.18428016257));
#6149 = CARTESIAN_POINT('',(-49.43634982081,-34.00291531966,
    -17.06834985343));
#6150 = CARTESIAN_POINT('',(-49.66012152401,-33.67549535283,-17.));
#6151 = CARTESIAN_POINT('',(-49.88693818242,-33.33606753627,-17.));
#6152 = PCURVE('',#2341,#6153);
#6153 = DEFINITIONAL_REPRESENTATION('',(#6154),#6180);
#6154 = B_SPLINE_CURVE_WITH_KNOTS('',3,(#6155,#6156,#6157,#6158,#6159,
    #6160,#6161,#6162,#6163,#6164,#6165,#6166,#6167,#6168,#6169,#6170,
    #6171,#6172,#6173,#6174,#6175,#6176,#6177,#6178,#6179),
  .UNSPECIFIED.,.F.,.F.,(4,1,1,1,1,1,1,1,1,1,1,1,1,1,1,1,1,1,1,1,1,1,4),
  (-1.1934085905E-05,2.085047669335E-04,4.289436197719E-04,
    6.493824726104E-04,8.698213254488E-04,1.090260178287E-03,
    1.310699031126E-03,1.531137883964E-03,1.751576736803E-03,
    1.972015589641E-03,2.19245444248E-03,2.412893295318E-03,
    2.633332148156E-03,2.853771000995E-03,3.074209853833E-03,
    3.294648706672E-03,3.51508755951E-03,3.735526412349E-03,
    3.955965265187E-03,4.176404118026E-03,4.396842970864E-03,
    4.617281823703E-03,4.837720676541E-03),.UNSPECIFIED.);
#6155 = CARTESIAN_POINT('',(5.622192791965,37.));
#6156 = CARTESIAN_POINT('',(5.623172595053,36.955918198523));
#6157 = CARTESIAN_POINT('',(5.625133396855,36.867709074211));
#6158 = CARTESIAN_POINT('',(5.628082213586,36.735770995948));
#6159 = CARTESIAN_POINT('',(5.631042670424,36.604720698245));
#6160 = CARTESIAN_POINT('',(5.634018797196,36.475070353195));
#6161 = CARTESIAN_POINT('',(5.637014625822,36.347332133859));
#6162 = CARTESIAN_POINT('',(5.640034190117,36.222018209694));
#6163 = CARTESIAN_POINT('',(5.643081526234,36.099640763602));
#6164 = CARTESIAN_POINT('',(5.646160669044,35.980711928306));
#6165 = CARTESIAN_POINT('',(5.649275664023,35.865744023804));
#6166 = CARTESIAN_POINT('',(5.65243052105,35.755248671173));
#6167 = CARTESIAN_POINT('',(5.655629384861,35.649740099899));
#6168 = CARTESIAN_POINT('',(5.658875896727,35.54972280475));
#6169 = CARTESIAN_POINT('',(5.662175304776,35.455728668047));
#6170 = CARTESIAN_POINT('',(5.665530098247,35.368348468999));
#6171 = CARTESIAN_POINT('',(5.66895650919,35.287955011545));
#6172 = CARTESIAN_POINT('',(5.672442755604,35.215558810558));
#6173 = CARTESIAN_POINT('',(5.675976258776,35.152220701073));
#6174 = CARTESIAN_POINT('',(5.67953504162,35.098706928848));
#6175 = CARTESIAN_POINT('',(5.683124385088,35.055750796851));
#6176 = CARTESIAN_POINT('',(5.686745624766,35.024105522996));
#6177 = CARTESIAN_POINT('',(5.690401156982,35.004518987168));
#6178 = CARTESIAN_POINT('',(5.69286244985,35.));
#6179 = CARTESIAN_POINT('',(5.694099529974,35.));
#6180 = ( GEOMETRIC_REPRESENTATION_CONTEXT(2) 
PARAMETRIC_REPRESENTATION_CONTEXT() REPRESENTATION_CONTEXT('2D SPACE',''
  ) );
#6181 = PCURVE('',#1962,#6182);
#6182 = DEFINITIONAL_REPRESENTATION('',(#6183),#6209);
#6183 = B_SPLINE_CURVE_WITH_KNOTS('',3,(#6184,#6185,#6186,#6187,#6188,
    #6189,#6190,#6191,#6192,#6193,#6194,#6195,#6196,#6197,#6198,#6199,
    #6200,#6201,#6202,#6203,#6204,#6205,#6206,#6207,#6208),
  .UNSPECIFIED.,.F.,.F.,(4,1,1,1,1,1,1,1,1,1,1,1,1,1,1,1,1,1,1,1,1,1,4),
  (-1.1934085905E-05,2.085047669335E-04,4.289436197719E-04,
    6.493824726104E-04,8.698213254488E-04,1.090260178287E-03,
    1.310699031126E-03,1.531137883964E-03,1.751576736803E-03,
    1.972015589641E-03,2.19245444248E-03,2.412893295318E-03,
    2.633332148156E-03,2.853771000995E-03,3.074209853833E-03,
    3.294648706672E-03,3.51508755951E-03,3.735526412349E-03,
    3.955965265187E-03,4.176404118026E-03,4.396842970864E-03,
    4.617281823703E-03,4.837720676541E-03),.UNSPECIFIED.);
#6184 = CARTESIAN_POINT('',(4.764504333031E-03,0.999882098669));
#6185 = CARTESIAN_POINT('',(4.691806450101E-03,0.999904859438));
#6186 = CARTESIAN_POINT('',(4.546561364773E-03,0.999894899907));
#6187 = CARTESIAN_POINT('',(4.329066302847E-03,0.99980315318));
#6188 = CARTESIAN_POINT('',(4.111863697887E-03,0.999780755068));
#6189 = CARTESIAN_POINT('',(3.894875658272E-03,0.999776040677));
#6190 = CARTESIAN_POINT('',(3.678028293389E-03,0.999795472268));
#6191 = CARTESIAN_POINT('',(3.461238218387E-03,0.999840179853));
#6192 = CARTESIAN_POINT('',(3.244480494963E-03,0.999890371193));
#6193 = CARTESIAN_POINT('',(3.02775588284E-03,0.999936040382));
#6194 = CARTESIAN_POINT('',(2.811056901988E-03,0.999971879365));
#6195 = CARTESIAN_POINT('',(2.594382266118E-03,0.999995201293));
#6196 = CARTESIAN_POINT('',(2.377712377286E-03,1.000001446025));
#6197 = CARTESIAN_POINT('',(2.161092251203E-03,0.999998980519));
#6198 = CARTESIAN_POINT('',(1.944574160187E-03,0.99999999581));
#6199 = CARTESIAN_POINT('',(1.728159971566E-03,1.000000395472));
#6200 = CARTESIAN_POINT('',(1.51186751713E-03,0.999999536836));
#6201 = CARTESIAN_POINT('',(1.295670896256E-03,0.999999960797));
#6202 = CARTESIAN_POINT('',(1.0795813493E-03,0.999998556713));
#6203 = CARTESIAN_POINT('',(8.635327702789E-04,0.999994203146));
#6204 = CARTESIAN_POINT('',(6.475468619266E-04,0.999993329197));
#6205 = CARTESIAN_POINT('',(4.316236665858E-04,0.999995035493));
#6206 = CARTESIAN_POINT('',(2.157693272319E-04,0.999998475051));
#6207 = CARTESIAN_POINT('',(7.191461337998E-05,0.999999903234));
#6208 = CARTESIAN_POINT('',(0.,1.));
#6209 = ( GEOMETRIC_REPRESENTATION_CONTEXT(2) 
PARAMETRIC_REPRESENTATION_CONTEXT() REPRESENTATION_CONTEXT('2D SPACE',''
  ) );
#6210 = ORIENTED_EDGE('',*,*,#2327,.F.);
#6211 = ORIENTED_EDGE('',*,*,#6212,.F.);
#6212 = EDGE_CURVE('',#2238,#2297,#6213,.T.);
#6213 = SURFACE_CURVE('',#6214,(#6219,#6226),.PCURVE_S1.);
#6214 = CIRCLE('',#6215,60.);
#6215 = AXIS2_PLACEMENT_3D('',#6216,#6217,#6218);
#6216 = CARTESIAN_POINT('',(0.,0.,-26.));
#6217 = DIRECTION('',(0.,0.,-1.));
#6218 = DIRECTION('',(1.,-3.339551E-13,0.));
#6219 = PCURVE('',#2341,#6220);
#6220 = DEFINITIONAL_REPRESENTATION('',(#6221),#6225);
#6221 = LINE('',#6222,#6223);
#6222 = CARTESIAN_POINT('',(3.14159265359,44.));
#6223 = VECTOR('',#6224,1.);
#6224 = DIRECTION('',(1.,0.));
#6225 = ( GEOMETRIC_REPRESENTATION_CONTEXT(2) 
PARAMETRIC_REPRESENTATION_CONTEXT() REPRESENTATION_CONTEXT('2D SPACE',''
  ) );
#6226 = PCURVE('',#2281,#6227);
#6227 = DEFINITIONAL_REPRESENTATION('',(#6228),#6232);
#6228 = LINE('',#6229,#6230);
#6229 = CARTESIAN_POINT('',(3.14159265359,0.));
#6230 = VECTOR('',#6231,1.);
#6231 = DIRECTION('',(1.,0.));
#6232 = ( GEOMETRIC_REPRESENTATION_CONTEXT(2) 
PARAMETRIC_REPRESENTATION_CONTEXT() REPRESENTATION_CONTEXT('2D SPACE',''
  ) );
#6233 = ORIENTED_EDGE('',*,*,#6234,.F.);
#6234 = EDGE_CURVE('',#4995,#2238,#6235,.T.);
#6235 = SURFACE_CURVE('',#6236,(#6240,#6247),.PCURVE_S1.);
#6236 = LINE('',#6237,#6238);
#6237 = CARTESIAN_POINT('',(-47.24149530789,-36.9897434578,26.));
#6238 = VECTOR('',#6239,1.);
#6239 = DIRECTION('',(0.,0.,-1.));
#6240 = PCURVE('',#2341,#6241);
#6241 = DEFINITIONAL_REPRESENTATION('',(#6242),#6246);
#6242 = LINE('',#6243,#6244);
#6243 = CARTESIAN_POINT('',(5.618901075889,-8.));
#6244 = VECTOR('',#6245,1.);
#6245 = DIRECTION('',(0.,1.));
#6246 = ( GEOMETRIC_REPRESENTATION_CONTEXT(2) 
PARAMETRIC_REPRESENTATION_CONTEXT() REPRESENTATION_CONTEXT('2D SPACE',''
  ) );
#6247 = PCURVE('',#2254,#6248);
#6248 = DEFINITIONAL_REPRESENTATION('',(#6249),#6253);
#6249 = LINE('',#6250,#6251);
#6250 = CARTESIAN_POINT('',(2.4773084223,-8.));
#6251 = VECTOR('',#6252,1.);
#6252 = DIRECTION('',(0.,1.));
#6253 = ( GEOMETRIC_REPRESENTATION_CONTEXT(2) 
PARAMETRIC_REPRESENTATION_CONTEXT() REPRESENTATION_CONTEXT('2D SPACE',''
  ) );
#6254 = ORIENTED_EDGE('',*,*,#6255,.T.);
#6255 = EDGE_CURVE('',#4995,#5125,#6256,.T.);
#6256 = SURFACE_CURVE('',#6257,(#6262,#6269),.PCURVE_S1.);
#6257 = CIRCLE('',#6258,60.);
#6258 = AXIS2_PLACEMENT_3D('',#6259,#6260,#6261);
#6259 = CARTESIAN_POINT('',(0.,0.,26.));
#6260 = DIRECTION('',(0.,0.,-1.));
#6261 = DIRECTION('',(1.,-3.339551E-13,0.));
#6262 = PCURVE('',#2341,#6263);
#6263 = DEFINITIONAL_REPRESENTATION('',(#6264),#6268);
#6264 = LINE('',#6265,#6266);
#6265 = CARTESIAN_POINT('',(3.14159265359,-8.));
#6266 = VECTOR('',#6267,1.);
#6267 = DIRECTION('',(1.,0.));
#6268 = ( GEOMETRIC_REPRESENTATION_CONTEXT(2) 
PARAMETRIC_REPRESENTATION_CONTEXT() REPRESENTATION_CONTEXT('2D SPACE',''
  ) );
#6269 = PCURVE('',#5011,#6270);
#6270 = DEFINITIONAL_REPRESENTATION('',(#6271),#6275);
#6271 = LINE('',#6272,#6273);
#6272 = CARTESIAN_POINT('',(6.283185307179,0.));
#6273 = VECTOR('',#6274,1.);
#6274 = DIRECTION('',(-1.,0.));
#6275 = ( GEOMETRIC_REPRESENTATION_CONTEXT(2) 
PARAMETRIC_REPRESENTATION_CONTEXT() REPRESENTATION_CONTEXT('2D SPACE',''
  ) );
#6276 = ORIENTED_EDGE('',*,*,#5177,.T.);
#6277 = ORIENTED_EDGE('',*,*,#6278,.T.);
#6278 = EDGE_CURVE('',#4675,#6279,#6281,.T.);
#6279 = VERTEX_POINT('',#6280);
#6280 = CARTESIAN_POINT('',(-49.88693818242,-33.33606753627,17.));
#6281 = SURFACE_CURVE('',#6282,(#6296,#6325),.PCURVE_S1.);
#6282 = B_SPLINE_CURVE_WITH_KNOTS('',3,(#6283,#6284,#6285,#6286,#6287,
    #6288,#6289,#6290,#6291,#6292,#6293,#6294,#6295),.UNSPECIFIED.,.F.,
  .F.,(4,3,3,3,4),(-1.1934085905E-05,2.412893295318E-03,
    3.019100140624E-03,3.625306985929E-03,4.837720676541E-03),
  .UNSPECIFIED.);
#6283 = CARTESIAN_POINT('',(-47.36299888127,-36.83403775005,19.));
#6284 = CARTESIAN_POINT('',(-47.75998992552,-36.32356733917,
    18.515100183754));
#6285 = CARTESIAN_POINT('',(-48.15187610398,-35.80362446096,
    18.027446325211));
#6286 = CARTESIAN_POINT('',(-48.56818031573,-35.22970140121,
    17.650655312586));
#6287 = CARTESIAN_POINT('',(-48.67225636866,-35.08622063627,
    17.55645755943));
#6288 = CARTESIAN_POINT('',(-48.77781335198,-34.93936632572,
    17.469168306569));
#6289 = CARTESIAN_POINT('',(-48.88534267516,-34.78826341644,
    17.390700347943));
#6290 = CARTESIAN_POINT('',(-48.99287199834,-34.63716050715,
    17.312232389316));
#6291 = CARTESIAN_POINT('',(-49.1029997327,-34.48090994608,
    17.24224531715));
#6292 = CARTESIAN_POINT('',(-49.21411642874,-34.32157840394,
    17.184280162579));
#6293 = CARTESIAN_POINT('',(-49.43634982081,-34.00291531966,
    17.068349853437));
#6294 = CARTESIAN_POINT('',(-49.66012152401,-33.67549535283,17.));
#6295 = CARTESIAN_POINT('',(-49.88693818242,-33.33606753627,17.));
#6296 = PCURVE('',#2341,#6297);
#6297 = DEFINITIONAL_REPRESENTATION('',(#6298),#6324);
#6298 = B_SPLINE_CURVE_WITH_KNOTS('',3,(#6299,#6300,#6301,#6302,#6303,
    #6304,#6305,#6306,#6307,#6308,#6309,#6310,#6311,#6312,#6313,#6314,
    #6315,#6316,#6317,#6318,#6319,#6320,#6321,#6322,#6323),
  .UNSPECIFIED.,.F.,.F.,(4,1,1,1,1,1,1,1,1,1,1,1,1,1,1,1,1,1,1,1,1,1,4),
  (-1.1934085905E-05,2.085047669335E-04,4.289436197719E-04,
    6.493824726104E-04,8.698213254488E-04,1.090260178287E-03,
    1.310699031126E-03,1.531137883964E-03,1.751576736803E-03,
    1.972015589641E-03,2.19245444248E-03,2.412893295318E-03,
    2.633332148156E-03,2.853771000995E-03,3.074209853833E-03,
    3.294648706672E-03,3.51508755951E-03,3.735526412349E-03,
    3.955965265187E-03,4.176404118026E-03,4.396842970864E-03,
    4.617281823703E-03,4.837720676541E-03),.UNSPECIFIED.);
#6299 = CARTESIAN_POINT('',(5.622192791965,-1.));
#6300 = CARTESIAN_POINT('',(5.623172595053,-0.955918198523));
#6301 = CARTESIAN_POINT('',(5.625133396855,-0.867709074211));
#6302 = CARTESIAN_POINT('',(5.628082213586,-0.735770995948));
#6303 = CARTESIAN_POINT('',(5.631042670424,-0.604720698245));
#6304 = CARTESIAN_POINT('',(5.634018797196,-0.475070353195));
#6305 = CARTESIAN_POINT('',(5.637014625822,-0.347332133859));
#6306 = CARTESIAN_POINT('',(5.640034190117,-0.222018209694));
#6307 = CARTESIAN_POINT('',(5.643081526234,-9.964076360194E-02));
#6308 = CARTESIAN_POINT('',(5.646160669044,1.928807169391E-02));
#6309 = CARTESIAN_POINT('',(5.649275664023,0.134255976196));
#6310 = CARTESIAN_POINT('',(5.65243052105,0.244751328827));
#6311 = CARTESIAN_POINT('',(5.655629384861,0.350259900101));
#6312 = CARTESIAN_POINT('',(5.658875896727,0.45027719525));
#6313 = CARTESIAN_POINT('',(5.662175304776,0.544271331953));
#6314 = CARTESIAN_POINT('',(5.665530098247,0.631651531001));
#6315 = CARTESIAN_POINT('',(5.66895650919,0.712044988455));
#6316 = CARTESIAN_POINT('',(5.672442755604,0.784441189442));
#6317 = CARTESIAN_POINT('',(5.675976258776,0.847779298927));
#6318 = CARTESIAN_POINT('',(5.67953504162,0.901293071152));
#6319 = CARTESIAN_POINT('',(5.683124385088,0.944249203149));
#6320 = CARTESIAN_POINT('',(5.686745624766,0.975894477004));
#6321 = CARTESIAN_POINT('',(5.690401156982,0.995481012832));
#6322 = CARTESIAN_POINT('',(5.69286244985,1.));
#6323 = CARTESIAN_POINT('',(5.694099529974,1.));
#6324 = ( GEOMETRIC_REPRESENTATION_CONTEXT(2) 
PARAMETRIC_REPRESENTATION_CONTEXT() REPRESENTATION_CONTEXT('2D SPACE',''
  ) );
#6325 = PCURVE('',#4746,#6326);
#6326 = DEFINITIONAL_REPRESENTATION('',(#6327),#6353);
#6327 = B_SPLINE_CURVE_WITH_KNOTS('',3,(#6328,#6329,#6330,#6331,#6332,
    #6333,#6334,#6335,#6336,#6337,#6338,#6339,#6340,#6341,#6342,#6343,
    #6344,#6345,#6346,#6347,#6348,#6349,#6350,#6351,#6352),
  .UNSPECIFIED.,.F.,.F.,(4,1,1,1,1,1,1,1,1,1,1,1,1,1,1,1,1,1,1,1,1,1,4),
  (-1.1934085905E-05,2.085047669335E-04,4.289436197719E-04,
    6.493824726104E-04,8.698213254488E-04,1.090260178287E-03,
    1.310699031126E-03,1.531137883964E-03,1.751576736803E-03,
    1.972015589641E-03,2.19245444248E-03,2.412893295318E-03,
    2.633332148156E-03,2.853771000995E-03,3.074209853833E-03,
    3.294648706672E-03,3.51508755951E-03,3.735526412349E-03,
    3.955965265187E-03,4.176404118026E-03,4.396842970864E-03,
    4.617281823703E-03,4.837720676541E-03),.UNSPECIFIED.);
#6328 = CARTESIAN_POINT('',(4.764504333031E-03,1.179013312096E-04));
#6329 = CARTESIAN_POINT('',(4.691806450101E-03,9.514056192952E-05));
#6330 = CARTESIAN_POINT('',(4.546561364773E-03,1.05100092734E-04));
#6331 = CARTESIAN_POINT('',(4.329066302847E-03,1.968468197942E-04));
#6332 = CARTESIAN_POINT('',(4.111863697887E-03,2.192449321042E-04));
#6333 = CARTESIAN_POINT('',(3.894875658272E-03,2.239593233319E-04));
#6334 = CARTESIAN_POINT('',(3.678028293389E-03,2.045277321304E-04));
#6335 = CARTESIAN_POINT('',(3.461238218387E-03,1.598201467828E-04));
#6336 = CARTESIAN_POINT('',(3.244480494963E-03,1.096288070851E-04));
#6337 = CARTESIAN_POINT('',(3.02775588284E-03,6.395961791755E-05));
#6338 = CARTESIAN_POINT('',(2.811056901988E-03,2.812063549181E-05));
#6339 = CARTESIAN_POINT('',(2.594382266118E-03,4.798706870264E-06));
#6340 = CARTESIAN_POINT('',(2.377712377286E-03,-1.446025254007E-06));
#6341 = CARTESIAN_POINT('',(2.161092251203E-03,1.019480902078E-06));
#6342 = CARTESIAN_POINT('',(1.944574160187E-03,4.189685317294E-09));
#6343 = CARTESIAN_POINT('',(1.728159971566E-03,-3.954720042349E-07));
#6344 = CARTESIAN_POINT('',(1.51186751713E-03,4.631638979796E-07));
#6345 = CARTESIAN_POINT('',(1.295670896256E-03,3.920261260982E-08));
#6346 = CARTESIAN_POINT('',(1.0795813493E-03,1.443287021264E-06));
#6347 = CARTESIAN_POINT('',(8.635327702789E-04,5.79685356161E-06));
#6348 = CARTESIAN_POINT('',(6.475468619266E-04,6.670802980452E-06));
#6349 = CARTESIAN_POINT('',(4.316236665858E-04,4.964506980783E-06));
#6350 = CARTESIAN_POINT('',(2.157693272318E-04,1.52494885574E-06));
#6351 = CARTESIAN_POINT('',(7.191461337996E-05,9.676581062002E-08));
#6352 = CARTESIAN_POINT('',(0.,0.));
#6353 = ( GEOMETRIC_REPRESENTATION_CONTEXT(2) 
PARAMETRIC_REPRESENTATION_CONTEXT() REPRESENTATION_CONTEXT('2D SPACE',''
  ) );
#6354 = ORIENTED_EDGE('',*,*,#6355,.T.);
#6355 = EDGE_CURVE('',#6279,#5355,#6356,.T.);
#6356 = SURFACE_CURVE('',#6357,(#6362,#6369),.PCURVE_S1.);
#6357 = CIRCLE('',#6358,60.);
#6358 = AXIS2_PLACEMENT_3D('',#6359,#6360,#6361);
#6359 = CARTESIAN_POINT('',(0.,0.,17.));
#6360 = DIRECTION('',(0.,0.,-1.));
#6361 = DIRECTION('',(-1.,0.,0.));
#6362 = PCURVE('',#2341,#6363);
#6363 = DEFINITIONAL_REPRESENTATION('',(#6364),#6368);
#6364 = LINE('',#6365,#6366);
#6365 = CARTESIAN_POINT('',(0.,1.));
#6366 = VECTOR('',#6367,1.);
#6367 = DIRECTION('',(1.,0.));
#6368 = ( GEOMETRIC_REPRESENTATION_CONTEXT(2) 
PARAMETRIC_REPRESENTATION_CONTEXT() REPRESENTATION_CONTEXT('2D SPACE',''
  ) );
#6369 = PCURVE('',#5405,#6370);
#6370 = DEFINITIONAL_REPRESENTATION('',(#6371),#6375);
#6371 = LINE('',#6372,#6373);
#6372 = CARTESIAN_POINT('',(0.,6.28318530718));
#6373 = VECTOR('',#6374,1.);
#6374 = DIRECTION('',(1.,0.));
#6375 = ( GEOMETRIC_REPRESENTATION_CONTEXT(2) 
PARAMETRIC_REPRESENTATION_CONTEXT() REPRESENTATION_CONTEXT('2D SPACE',''
  ) );
#6376 = ORIENTED_EDGE('',*,*,#6377,.F.);
#6377 = EDGE_CURVE('',#5467,#5355,#6378,.T.);
#6378 = SURFACE_CURVE('',#6379,(#6384,#6391),.PCURVE_S1.);
#6379 = CIRCLE('',#6380,60.);
#6380 = AXIS2_PLACEMENT_3D('',#6381,#6382,#6383);
#6381 = CARTESIAN_POINT('',(0.,0.,17.));
#6382 = DIRECTION('',(0.,0.,1.));
#6383 = DIRECTION('',(1.,0.,0.));
#6384 = PCURVE('',#2341,#6385);
#6385 = DEFINITIONAL_REPRESENTATION('',(#6386),#6390);
#6386 = LINE('',#6387,#6388);
#6387 = CARTESIAN_POINT('',(9.424777960769,1.));
#6388 = VECTOR('',#6389,1.);
#6389 = DIRECTION('',(-1.,0.));
#6390 = ( GEOMETRIC_REPRESENTATION_CONTEXT(2) 
PARAMETRIC_REPRESENTATION_CONTEXT() REPRESENTATION_CONTEXT('2D SPACE',''
  ) );
#6391 = PCURVE('',#4266,#6392);
#6392 = DEFINITIONAL_REPRESENTATION('',(#6393),#6397);
#6393 = CIRCLE('',#6394,60.);
#6394 = AXIS2_PLACEMENT_2D('',#6395,#6396);
#6395 = CARTESIAN_POINT('',(47.579795924331,19.708196766802));
#6396 = DIRECTION('',(1.,0.));
#6397 = ( GEOMETRIC_REPRESENTATION_CONTEXT(2) 
PARAMETRIC_REPRESENTATION_CONTEXT() REPRESENTATION_CONTEXT('2D SPACE',''
  ) );
#6398 = ORIENTED_EDGE('',*,*,#5542,.T.);
#6399 = ORIENTED_EDGE('',*,*,#6400,.F.);
#6400 = EDGE_CURVE('',#5852,#5519,#6401,.T.);
#6401 = SURFACE_CURVE('',#6402,(#6407,#6414),.PCURVE_S1.);
#6402 = CIRCLE('',#6403,60.);
#6403 = AXIS2_PLACEMENT_3D('',#6404,#6405,#6406);
#6404 = CARTESIAN_POINT('',(0.,0.,10.));
#6405 = DIRECTION('',(0.,0.,-1.));
#6406 = DIRECTION('',(-1.,0.,0.));
#6407 = PCURVE('',#2341,#6408);
#6408 = DEFINITIONAL_REPRESENTATION('',(#6409),#6413);
#6409 = LINE('',#6410,#6411);
#6410 = CARTESIAN_POINT('',(0.,8.));
#6411 = VECTOR('',#6412,1.);
#6412 = DIRECTION('',(1.,0.));
#6413 = ( GEOMETRIC_REPRESENTATION_CONTEXT(2) 
PARAMETRIC_REPRESENTATION_CONTEXT() REPRESENTATION_CONTEXT('2D SPACE',''
  ) );
#6414 = PCURVE('',#4217,#6415);
#6415 = DEFINITIONAL_REPRESENTATION('',(#6416),#6420);
#6416 = CIRCLE('',#6417,60.);
#6417 = AXIS2_PLACEMENT_2D('',#6418,#6419);
#6418 = CARTESIAN_POINT('',(-47.57979592433,19.708196766802));
#6419 = DIRECTION('',(1.,0.));
#6420 = ( GEOMETRIC_REPRESENTATION_CONTEXT(2) 
PARAMETRIC_REPRESENTATION_CONTEXT() REPRESENTATION_CONTEXT('2D SPACE',''
  ) );
#6421 = ADVANCED_FACE('',(#6422),#4180,.F.);
#6422 = FACE_BOUND('',#6423,.F.);
#6423 = EDGE_LOOP('',(#6424,#6450,#6451,#6479,#6503,#6525,#6526,#6548));
#6424 = ORIENTED_EDGE('',*,*,#6425,.T.);
#6425 = EDGE_CURVE('',#5204,#5465,#6426,.T.);
#6426 = SURFACE_CURVE('',#6427,(#6432,#6439),.PCURVE_S1.);
#6427 = CIRCLE('',#6428,43.);
#6428 = AXIS2_PLACEMENT_3D('',#6429,#6430,#6431);
#6429 = CARTESIAN_POINT('',(0.,0.,17.));
#6430 = DIRECTION('',(0.,0.,-1.));
#6431 = DIRECTION('',(1.,0.,0.));
#6432 = PCURVE('',#4180,#6433);
#6433 = DEFINITIONAL_REPRESENTATION('',(#6434),#6438);
#6434 = LINE('',#6435,#6436);
#6435 = CARTESIAN_POINT('',(3.14159265359,1.));
#6436 = VECTOR('',#6437,1.);
#6437 = DIRECTION('',(1.,0.));
#6438 = ( GEOMETRIC_REPRESENTATION_CONTEXT(2) 
PARAMETRIC_REPRESENTATION_CONTEXT() REPRESENTATION_CONTEXT('2D SPACE',''
  ) );
#6439 = PCURVE('',#4266,#6440);
#6440 = DEFINITIONAL_REPRESENTATION('',(#6441),#6449);
#6441 = ( BOUNDED_CURVE() B_SPLINE_CURVE(2,(#6442,#6443,#6444,#6445,
#6446,#6447,#6448),.UNSPECIFIED.,.T.,.F.) B_SPLINE_CURVE_WITH_KNOTS((1,2
    ,2,2,2,1),(-2.094395102393,0.,2.094395102393,4.188790204786,
6.28318530718,8.377580409573),.UNSPECIFIED.) CURVE() 
GEOMETRIC_REPRESENTATION_ITEM() RATIONAL_B_SPLINE_CURVE((1.,0.5,1.,0.5,
1.,0.5,1.)) REPRESENTATION_ITEM('') );
#6442 = CARTESIAN_POINT('',(90.579795924331,19.708196766802));
#6443 = CARTESIAN_POINT('',(90.579795924331,-54.76998795866));
#6444 = CARTESIAN_POINT('',(26.079795924331,-17.53089559592));
#6445 = CARTESIAN_POINT('',(-38.42020407566,19.708196766802));
#6446 = CARTESIAN_POINT('',(26.079795924331,56.947289129533));
#6447 = CARTESIAN_POINT('',(90.579795924331,94.186381492264));
#6448 = CARTESIAN_POINT('',(90.579795924331,19.708196766802));
#6449 = ( GEOMETRIC_REPRESENTATION_CONTEXT(2) 
PARAMETRIC_REPRESENTATION_CONTEXT() REPRESENTATION_CONTEXT('2D SPACE',''
  ) );
#6450 = ORIENTED_EDGE('',*,*,#5495,.T.);
#6451 = ORIENTED_EDGE('',*,*,#6452,.T.);
#6452 = EDGE_CURVE('',#5496,#6453,#6455,.T.);
#6453 = VERTEX_POINT('',#6454);
#6454 = CARTESIAN_POINT('',(-38.61447983819,-18.91882519677,10.));
#6455 = SURFACE_CURVE('',#6456,(#6461,#6468),.PCURVE_S1.);
#6456 = CIRCLE('',#6457,43.);
#6457 = AXIS2_PLACEMENT_3D('',#6458,#6459,#6460);
#6458 = CARTESIAN_POINT('',(0.,0.,10.));
#6459 = DIRECTION('',(0.,0.,1.));
#6460 = DIRECTION('',(-1.,0.,0.));
#6461 = PCURVE('',#4180,#6462);
#6462 = DEFINITIONAL_REPRESENTATION('',(#6463),#6467);
#6463 = LINE('',#6464,#6465);
#6464 = CARTESIAN_POINT('',(6.28318530718,8.));
#6465 = VECTOR('',#6466,1.);
#6466 = DIRECTION('',(-1.,0.));
#6467 = ( GEOMETRIC_REPRESENTATION_CONTEXT(2) 
PARAMETRIC_REPRESENTATION_CONTEXT() REPRESENTATION_CONTEXT('2D SPACE',''
  ) );
#6468 = PCURVE('',#4217,#6469);
#6469 = DEFINITIONAL_REPRESENTATION('',(#6470),#6478);
#6470 = ( BOUNDED_CURVE() B_SPLINE_CURVE(2,(#6471,#6472,#6473,#6474,
#6475,#6476,#6477),.UNSPECIFIED.,.T.,.F.) B_SPLINE_CURVE_WITH_KNOTS((1,2
    ,2,2,2,1),(-2.094395102393,0.,2.094395102393,4.188790204786,
6.28318530718,8.377580409573),.UNSPECIFIED.) CURVE() 
GEOMETRIC_REPRESENTATION_ITEM() RATIONAL_B_SPLINE_CURVE((1.,0.5,1.,0.5,
1.,0.5,1.)) REPRESENTATION_ITEM('') );
#6471 = CARTESIAN_POINT('',(-4.579795924331,19.708196766802));
#6472 = CARTESIAN_POINT('',(-4.579795924331,-54.76998795866));
#6473 = CARTESIAN_POINT('',(-69.07979592433,-17.53089559592));
#6474 = CARTESIAN_POINT('',(-133.5797959243,19.708196766802));
#6475 = CARTESIAN_POINT('',(-69.07979592433,56.947289129533));
#6476 = CARTESIAN_POINT('',(-4.579795924331,94.186381492264));
#6477 = CARTESIAN_POINT('',(-4.579795924331,19.708196766802));
#6478 = ( GEOMETRIC_REPRESENTATION_CONTEXT(2) 
PARAMETRIC_REPRESENTATION_CONTEXT() REPRESENTATION_CONTEXT('2D SPACE',''
  ) );
#6479 = ORIENTED_EDGE('',*,*,#6480,.F.);
#6480 = EDGE_CURVE('',#6481,#6453,#6483,.T.);
#6481 = VERTEX_POINT('',#6482);
#6482 = CARTESIAN_POINT('',(38.61447983819,-18.91882519677,10.));
#6483 = SURFACE_CURVE('',#6484,(#6489,#6496),.PCURVE_S1.);
#6484 = CIRCLE('',#6485,43.);
#6485 = AXIS2_PLACEMENT_3D('',#6486,#6487,#6488);
#6486 = CARTESIAN_POINT('',(0.,0.,10.));
#6487 = DIRECTION('',(0.,0.,-1.));
#6488 = DIRECTION('',(-1.,0.,0.));
#6489 = PCURVE('',#4180,#6490);
#6490 = DEFINITIONAL_REPRESENTATION('',(#6491),#6495);
#6491 = LINE('',#6492,#6493);
#6492 = CARTESIAN_POINT('',(0.,8.));
#6493 = VECTOR('',#6494,1.);
#6494 = DIRECTION('',(1.,0.));
#6495 = ( GEOMETRIC_REPRESENTATION_CONTEXT(2) 
PARAMETRIC_REPRESENTATION_CONTEXT() REPRESENTATION_CONTEXT('2D SPACE',''
  ) );
#6496 = PCURVE('',#5650,#6497);
#6497 = DEFINITIONAL_REPRESENTATION('',(#6498),#6502);
#6498 = LINE('',#6499,#6500);
#6499 = CARTESIAN_POINT('',(0.,3.14159265359));
#6500 = VECTOR('',#6501,1.);
#6501 = DIRECTION('',(1.,1.99102416267E-16));
#6502 = ( GEOMETRIC_REPRESENTATION_CONTEXT(2) 
PARAMETRIC_REPRESENTATION_CONTEXT() REPRESENTATION_CONTEXT('2D SPACE',''
  ) );
#6503 = ORIENTED_EDGE('',*,*,#6504,.F.);
#6504 = EDGE_CURVE('',#4139,#6481,#6505,.T.);
#6505 = SURFACE_CURVE('',#6506,(#6511,#6518),.PCURVE_S1.);
#6506 = CIRCLE('',#6507,43.);
#6507 = AXIS2_PLACEMENT_3D('',#6508,#6509,#6510);
#6508 = CARTESIAN_POINT('',(0.,0.,10.));
#6509 = DIRECTION('',(0.,0.,-1.));
#6510 = DIRECTION('',(1.,0.,0.));
#6511 = PCURVE('',#4180,#6512);
#6512 = DEFINITIONAL_REPRESENTATION('',(#6513),#6517);
#6513 = LINE('',#6514,#6515);
#6514 = CARTESIAN_POINT('',(3.14159265359,8.));
#6515 = VECTOR('',#6516,1.);
#6516 = DIRECTION('',(1.,0.));
#6517 = ( GEOMETRIC_REPRESENTATION_CONTEXT(2) 
PARAMETRIC_REPRESENTATION_CONTEXT() REPRESENTATION_CONTEXT('2D SPACE',''
  ) );
#6518 = PCURVE('',#2781,#6519);
#6519 = DEFINITIONAL_REPRESENTATION('',(#6520),#6524);
#6520 = CIRCLE('',#6521,43.);
#6521 = AXIS2_PLACEMENT_2D('',#6522,#6523);
#6522 = CARTESIAN_POINT('',(47.579795924331,19.708196766802));
#6523 = DIRECTION('',(-1.,0.));
#6524 = ( GEOMETRIC_REPRESENTATION_CONTEXT(2) 
PARAMETRIC_REPRESENTATION_CONTEXT() REPRESENTATION_CONTEXT('2D SPACE',''
  ) );
#6525 = ORIENTED_EDGE('',*,*,#4166,.F.);
#6526 = ORIENTED_EDGE('',*,*,#6527,.F.);
#6527 = EDGE_CURVE('',#3978,#4081,#6528,.T.);
#6528 = SURFACE_CURVE('',#6529,(#6534,#6541),.PCURVE_S1.);
#6529 = CIRCLE('',#6530,43.);
#6530 = AXIS2_PLACEMENT_3D('',#6531,#6532,#6533);
#6531 = CARTESIAN_POINT('',(0.,0.,17.));
#6532 = DIRECTION('',(0.,0.,1.));
#6533 = DIRECTION('',(-1.,0.,0.));
#6534 = PCURVE('',#4180,#6535);
#6535 = DEFINITIONAL_REPRESENTATION('',(#6536),#6540);
#6536 = LINE('',#6537,#6538);
#6537 = CARTESIAN_POINT('',(6.28318530718,1.));
#6538 = VECTOR('',#6539,1.);
#6539 = DIRECTION('',(-1.,0.));
#6540 = ( GEOMETRIC_REPRESENTATION_CONTEXT(2) 
PARAMETRIC_REPRESENTATION_CONTEXT() REPRESENTATION_CONTEXT('2D SPACE',''
  ) );
#6541 = PCURVE('',#2834,#6542);
#6542 = DEFINITIONAL_REPRESENTATION('',(#6543),#6547);
#6543 = CIRCLE('',#6544,43.);
#6544 = AXIS2_PLACEMENT_2D('',#6545,#6546);
#6545 = CARTESIAN_POINT('',(-47.57979592433,19.708196766802));
#6546 = DIRECTION('',(-1.,0.));
#6547 = ( GEOMETRIC_REPRESENTATION_CONTEXT(2) 
PARAMETRIC_REPRESENTATION_CONTEXT() REPRESENTATION_CONTEXT('2D SPACE',''
  ) );
#6548 = ORIENTED_EDGE('',*,*,#6549,.F.);
#6549 = EDGE_CURVE('',#5204,#3978,#6550,.T.);
#6550 = SURFACE_CURVE('',#6551,(#6556,#6563),.PCURVE_S1.);
#6551 = CIRCLE('',#6552,43.);
#6552 = AXIS2_PLACEMENT_3D('',#6553,#6554,#6555);
#6553 = CARTESIAN_POINT('',(0.,0.,17.));
#6554 = DIRECTION('',(0.,0.,1.));
#6555 = DIRECTION('',(-1.,0.,0.));
#6556 = PCURVE('',#4180,#6557);
#6557 = DEFINITIONAL_REPRESENTATION('',(#6558),#6562);
#6558 = LINE('',#6559,#6560);
#6559 = CARTESIAN_POINT('',(6.28318530718,1.));
#6560 = VECTOR('',#6561,1.);
#6561 = DIRECTION('',(-1.,0.));
#6562 = ( GEOMETRIC_REPRESENTATION_CONTEXT(2) 
PARAMETRIC_REPRESENTATION_CONTEXT() REPRESENTATION_CONTEXT('2D SPACE',''
  ) );
#6563 = PCURVE('',#3966,#6564);
#6564 = DEFINITIONAL_REPRESENTATION('',(#6565),#6569);
#6565 = LINE('',#6566,#6567);
#6566 = CARTESIAN_POINT('',(6.28318530718,3.14159265359));
#6567 = VECTOR('',#6568,1.);
#6568 = DIRECTION('',(-1.,6.968584569346E-15));
#6569 = ( GEOMETRIC_REPRESENTATION_CONTEXT(2) 
PARAMETRIC_REPRESENTATION_CONTEXT() REPRESENTATION_CONTEXT('2D SPACE',''
  ) );
#6570 = ADVANCED_FACE('',(#6571),#2254,.F.);
#6571 = FACE_BOUND('',#6572,.F.);
#6572 = EDGE_LOOP('',(#6573,#6574,#6575,#6576));
#6573 = ORIENTED_EDGE('',*,*,#2237,.T.);
#6574 = ORIENTED_EDGE('',*,*,#6234,.F.);
#6575 = ORIENTED_EDGE('',*,*,#5023,.F.);
#6576 = ORIENTED_EDGE('',*,*,#6577,.T.);
#6577 = EDGE_CURVE('',#5024,#2209,#6578,.T.);
#6578 = SURFACE_CURVE('',#6579,(#6583,#6590),.PCURVE_S1.);
#6579 = LINE('',#6580,#6581);
#6580 = CARTESIAN_POINT('',(-47.39953317197,-38.38338514356,26.));
#6581 = VECTOR('',#6582,1.);
#6582 = DIRECTION('',(0.,0.,-1.));
#6583 = PCURVE('',#2254,#6584);
#6584 = DEFINITIONAL_REPRESENTATION('',(#6585),#6589);
#6585 = LINE('',#6586,#6587);
#6586 = CARTESIAN_POINT('',(4.031710572107,-8.));
#6587 = VECTOR('',#6588,1.);
#6588 = DIRECTION('',(0.,1.));
#6589 = ( GEOMETRIC_REPRESENTATION_CONTEXT(2) 
PARAMETRIC_REPRESENTATION_CONTEXT() REPRESENTATION_CONTEXT('2D SPACE',''
  ) );
#6590 = PCURVE('',#6591,#6596);
#6591 = PLANE('',#6592);
#6592 = AXIS2_PLACEMENT_3D('',#6593,#6594,#6595);
#6593 = CARTESIAN_POINT('',(-47.39953317197,-38.38338514356,18.));
#6594 = DIRECTION('',(0.62932039105,-0.777145961457,0.));
#6595 = DIRECTION('',(0.,0.,-1.));
#6596 = DEFINITIONAL_REPRESENTATION('',(#6597),#6601);
#6597 = LINE('',#6598,#6599);
#6598 = CARTESIAN_POINT('',(-8.,0.));
#6599 = VECTOR('',#6600,1.);
#6600 = DIRECTION('',(1.,0.));
#6601 = ( GEOMETRIC_REPRESENTATION_CONTEXT(2) 
PARAMETRIC_REPRESENTATION_CONTEXT() REPRESENTATION_CONTEXT('2D SPACE',''
  ) );
#6602 = ADVANCED_FACE('',(#6603),#6591,.F.);
#6603 = FACE_BOUND('',#6604,.T.);
#6604 = EDGE_LOOP('',(#6605,#6635,#6656,#6657));
#6605 = ORIENTED_EDGE('',*,*,#6606,.F.);
#6606 = EDGE_CURVE('',#6607,#6609,#6611,.T.);
#6607 = VERTEX_POINT('',#6608);
#6608 = CARTESIAN_POINT('',(-48.18304961033,-39.01786424509,26.));
#6609 = VERTEX_POINT('',#6610);
#6610 = CARTESIAN_POINT('',(-48.18304961033,-39.01786424509,-26.));
#6611 = SURFACE_CURVE('',#6612,(#6616,#6623),.PCURVE_S1.);
#6612 = LINE('',#6613,#6614);
#6613 = CARTESIAN_POINT('',(-48.18304961033,-39.01786424509,26.));
#6614 = VECTOR('',#6615,1.);
#6615 = DIRECTION('',(0.,0.,-1.));
#6616 = PCURVE('',#6591,#6617);
#6617 = DEFINITIONAL_REPRESENTATION('',(#6618),#6622);
#6618 = LINE('',#6619,#6620);
#6619 = CARTESIAN_POINT('',(-8.,-1.008197272092));
#6620 = VECTOR('',#6621,1.);
#6621 = DIRECTION('',(1.,0.));
#6622 = ( GEOMETRIC_REPRESENTATION_CONTEXT(2) 
PARAMETRIC_REPRESENTATION_CONTEXT() REPRESENTATION_CONTEXT('2D SPACE',''
  ) );
#6623 = PCURVE('',#6624,#6629);
#6624 = CYLINDRICAL_SURFACE('',#6625,62.);
#6625 = AXIS2_PLACEMENT_3D('',#6626,#6627,#6628);
#6626 = CARTESIAN_POINT('',(0.,0.,18.));
#6627 = DIRECTION('',(0.,0.,-1.));
#6628 = DIRECTION('',(-1.,0.,0.));
#6629 = DEFINITIONAL_REPRESENTATION('',(#6630),#6634);
#6630 = LINE('',#6631,#6632);
#6631 = CARTESIAN_POINT('',(5.602506898902,-8.));
#6632 = VECTOR('',#6633,1.);
#6633 = DIRECTION('',(0.,1.));
#6634 = ( GEOMETRIC_REPRESENTATION_CONTEXT(2) 
PARAMETRIC_REPRESENTATION_CONTEXT() REPRESENTATION_CONTEXT('2D SPACE',''
  ) );
#6635 = ORIENTED_EDGE('',*,*,#6636,.T.);
#6636 = EDGE_CURVE('',#6607,#5024,#6637,.T.);
#6637 = SURFACE_CURVE('',#6638,(#6642,#6649),.PCURVE_S1.);
#6638 = LINE('',#6639,#6640);
#6639 = CARTESIAN_POINT('',(-48.18304961033,-39.01786424509,26.));
#6640 = VECTOR('',#6641,1.);
#6641 = DIRECTION('',(0.777145961457,0.62932039105,0.));
#6642 = PCURVE('',#6591,#6643);
#6643 = DEFINITIONAL_REPRESENTATION('',(#6644),#6648);
#6644 = LINE('',#6645,#6646);
#6645 = CARTESIAN_POINT('',(-8.,-1.008197272092));
#6646 = VECTOR('',#6647,1.);
#6647 = DIRECTION('',(0.,1.));
#6648 = ( GEOMETRIC_REPRESENTATION_CONTEXT(2) 
PARAMETRIC_REPRESENTATION_CONTEXT() REPRESENTATION_CONTEXT('2D SPACE',''
  ) );
#6649 = PCURVE('',#5062,#6650);
#6650 = DEFINITIONAL_REPRESENTATION('',(#6651),#6655);
#6651 = LINE('',#6652,#6653);
#6652 = CARTESIAN_POINT('',(0.,-62.));
#6653 = VECTOR('',#6654,1.);
#6654 = DIRECTION('',(0.,1.));
#6655 = ( GEOMETRIC_REPRESENTATION_CONTEXT(2) 
PARAMETRIC_REPRESENTATION_CONTEXT() REPRESENTATION_CONTEXT('2D SPACE',''
  ) );
#6656 = ORIENTED_EDGE('',*,*,#6577,.T.);
#6657 = ORIENTED_EDGE('',*,*,#6658,.F.);
#6658 = EDGE_CURVE('',#6609,#2209,#6659,.T.);
#6659 = SURFACE_CURVE('',#6660,(#6664,#6671),.PCURVE_S1.);
#6660 = LINE('',#6661,#6662);
#6661 = CARTESIAN_POINT('',(-48.18304961033,-39.01786424509,-26.));
#6662 = VECTOR('',#6663,1.);
#6663 = DIRECTION('',(0.777145961457,0.62932039105,0.));
#6664 = PCURVE('',#6591,#6665);
#6665 = DEFINITIONAL_REPRESENTATION('',(#6666),#6670);
#6666 = LINE('',#6667,#6668);
#6667 = CARTESIAN_POINT('',(44.,-1.008197272092));
#6668 = VECTOR('',#6669,1.);
#6669 = DIRECTION('',(0.,1.));
#6670 = ( GEOMETRIC_REPRESENTATION_CONTEXT(2) 
PARAMETRIC_REPRESENTATION_CONTEXT() REPRESENTATION_CONTEXT('2D SPACE',''
  ) );
#6671 = PCURVE('',#2225,#6672);
#6672 = DEFINITIONAL_REPRESENTATION('',(#6673),#6677);
#6673 = LINE('',#6674,#6675);
#6674 = CARTESIAN_POINT('',(6.28318530718,-62.));
#6675 = VECTOR('',#6676,1.);
#6676 = DIRECTION('',(0.,1.));
#6677 = ( GEOMETRIC_REPRESENTATION_CONTEXT(2) 
PARAMETRIC_REPRESENTATION_CONTEXT() REPRESENTATION_CONTEXT('2D SPACE',''
  ) );
#6678 = ADVANCED_FACE('',(#6679),#6624,.T.);
#6679 = FACE_BOUND('',#6680,.T.);
#6680 = EDGE_LOOP('',(#6681,#6707,#6756,#6757,#6808,#6836,#6887,#6915));
#6681 = ORIENTED_EDGE('',*,*,#6682,.F.);
#6682 = EDGE_CURVE('',#6683,#6685,#6687,.T.);
#6683 = VERTEX_POINT('',#6684);
#6684 = CARTESIAN_POINT('',(-47.54746150548,-39.78993471198,27.));
#6685 = VERTEX_POINT('',#6686);
#6686 = CARTESIAN_POINT('',(47.547461505486,-39.78993471198,27.));
#6687 = SURFACE_CURVE('',#6688,(#6693,#6700),.PCURVE_S1.);
#6688 = CIRCLE('',#6689,62.);
#6689 = AXIS2_PLACEMENT_3D('',#6690,#6691,#6692);
#6690 = CARTESIAN_POINT('',(0.,0.,27.));
#6691 = DIRECTION('',(0.,0.,1.));
#6692 = DIRECTION('',(1.,0.,0.));
#6693 = PCURVE('',#6624,#6694);
#6694 = DEFINITIONAL_REPRESENTATION('',(#6695),#6699);
#6695 = LINE('',#6696,#6697);
#6696 = CARTESIAN_POINT('',(9.424777960769,-9.));
#6697 = VECTOR('',#6698,1.);
#6698 = DIRECTION('',(-1.,0.));
#6699 = ( GEOMETRIC_REPRESENTATION_CONTEXT(2) 
PARAMETRIC_REPRESENTATION_CONTEXT() REPRESENTATION_CONTEXT('2D SPACE',''
  ) );
#6700 = PCURVE('',#3575,#6701);
#6701 = DEFINITIONAL_REPRESENTATION('',(#6702),#6706);
#6702 = CIRCLE('',#6703,62.);
#6703 = AXIS2_PLACEMENT_2D('',#6704,#6705);
#6704 = CARTESIAN_POINT('',(0.,0.));
#6705 = DIRECTION('',(1.,0.));
#6706 = ( GEOMETRIC_REPRESENTATION_CONTEXT(2) 
PARAMETRIC_REPRESENTATION_CONTEXT() REPRESENTATION_CONTEXT('2D SPACE',''
  ) );
#6707 = ORIENTED_EDGE('',*,*,#6708,.T.);
#6708 = EDGE_CURVE('',#6683,#6607,#6709,.T.);
#6709 = SURFACE_CURVE('',#6710,(#6721,#6750),.PCURVE_S1.);
#6710 = B_SPLINE_CURVE_WITH_KNOTS('',3,(#6711,#6712,#6713,#6714,#6715,
    #6716,#6717,#6718,#6719,#6720),.UNSPECIFIED.,.F.,.F.,(4,3,3,4),(0.,
    6.81593611931E-04,1.490015182902E-03,1.562200778165E-03),
  .UNSPECIFIED.);
#6711 = CARTESIAN_POINT('',(-47.54746150548,-39.78993471198,27.));
#6712 = CARTESIAN_POINT('',(-47.69537007179,-39.61318959004,27.));
#6713 = CARTESIAN_POINT('',(-47.83925111429,-39.43903166354,
    26.918557165917));
#6714 = CARTESIAN_POINT('',(-47.95116065906,-39.30249599514,
    26.77426041085));
#6715 = CARTESIAN_POINT('',(-48.08389384259,-39.14055436658,
    26.603113546537));
#6716 = CARTESIAN_POINT('',(-48.16883976074,-39.03541049361,
    26.344856612918));
#6717 = CARTESIAN_POINT('',(-48.18136850699,-39.01994014338,
    26.073043286618));
#6718 = CARTESIAN_POINT('',(-48.18248722405,-39.01855876456,
    26.048772525589));
#6719 = CARTESIAN_POINT('',(-48.18304961033,-39.01786424509,
    26.02440829009));
#6720 = CARTESIAN_POINT('',(-48.18304961033,-39.01786424509,26.));
#6721 = PCURVE('',#6624,#6722);
#6722 = DEFINITIONAL_REPRESENTATION('',(#6723),#6749);
#6723 = B_SPLINE_CURVE_WITH_KNOTS('',3,(#6724,#6725,#6726,#6727,#6728,
    #6729,#6730,#6731,#6732,#6733,#6734,#6735,#6736,#6737,#6738,#6739,
    #6740,#6741,#6742,#6743,#6744,#6745,#6746,#6747,#6748),
  .UNSPECIFIED.,.F.,.F.,(4,1,1,1,1,1,1,1,1,1,1,1,1,1,1,1,1,1,1,1,1,1,4),
  (0.,7.100912628023E-05,1.420182525605E-04,2.130273788407E-04,
    2.840365051209E-04,3.550456314011E-04,4.260547576814E-04,
    4.970638839616E-04,5.680730102418E-04,6.39082136522E-04,
    7.100912628023E-04,7.811003890825E-04,8.521095153627E-04,
    9.23118641643E-04,9.941277679232E-04,1.065136894203E-03,
    1.136146020484E-03,1.207155146764E-03,1.278164273044E-03,
    1.349173399324E-03,1.420182525605E-03,1.491191651885E-03,
    1.562200778165E-03),.QUASI_UNIFORM_KNOTS.);
#6724 = CARTESIAN_POINT('',(5.586377167246,-9.));
#6725 = CARTESIAN_POINT('',(5.586764432665,-9.));
#6726 = CARTESIAN_POINT('',(5.587537363993,-8.998232089949));
#6727 = CARTESIAN_POINT('',(5.588687061301,-8.990402610147));
#6728 = CARTESIAN_POINT('',(5.589822157868,-8.977521634532));
#6729 = CARTESIAN_POINT('',(5.59093775233,-8.959715269829));
#6730 = CARTESIAN_POINT('',(5.592028942272,-8.937109668023));
#6731 = CARTESIAN_POINT('',(5.59309082804,-8.909830812244));
#6732 = CARTESIAN_POINT('',(5.594118498629,-8.878005315788));
#6733 = CARTESIAN_POINT('',(5.595107084711,-8.841757440141));
#6734 = CARTESIAN_POINT('',(5.596051560937,-8.801220223862));
#6735 = CARTESIAN_POINT('',(5.596947483954,-8.756493949025));
#6736 = CARTESIAN_POINT('',(5.597786658121,-8.70784165627));
#6737 = CARTESIAN_POINT('',(5.598566712779,-8.655579624159));
#6738 = CARTESIAN_POINT('',(5.59928487083,-8.60000232144));
#6739 = CARTESIAN_POINT('',(5.599938464011,-8.541410062537));
#6740 = CARTESIAN_POINT('',(5.600524794417,-8.480101588992));
#6741 = CARTESIAN_POINT('',(5.601041173124,-8.416376088198));
#6742 = CARTESIAN_POINT('',(5.601484904157,-8.35053253702));
#6743 = CARTESIAN_POINT('',(5.601853310003,-8.282870308594));
#6744 = CARTESIAN_POINT('',(5.602143645603,-8.213687401493));
#6745 = CARTESIAN_POINT('',(5.602353416928,-8.143286916269));
#6746 = CARTESIAN_POINT('',(5.602479192798,-8.071952920129));
#6747 = CARTESIAN_POINT('',(5.602507092204,-8.024011361017));
#6748 = CARTESIAN_POINT('',(5.602506898902,-8.));
#6749 = ( GEOMETRIC_REPRESENTATION_CONTEXT(2) 
PARAMETRIC_REPRESENTATION_CONTEXT() REPRESENTATION_CONTEXT('2D SPACE',''
  ) );
#6750 = PCURVE('',#5062,#6751);
#6751 = DEFINITIONAL_REPRESENTATION('',(#6752),#6755);
#6752 = B_SPLINE_CURVE_WITH_KNOTS('',1,(#6753,#6754),.UNSPECIFIED.,.F.,
  .F.,(2,2),(0.,1.562200778165E-03),.PIECEWISE_BEZIER_KNOTS.);
#6753 = CARTESIAN_POINT('',(1.570796326795,-61.99193495931));
#6754 = CARTESIAN_POINT('',(0.,-62.));
#6755 = ( GEOMETRIC_REPRESENTATION_CONTEXT(2) 
PARAMETRIC_REPRESENTATION_CONTEXT() REPRESENTATION_CONTEXT('2D SPACE',''
  ) );
#6756 = ORIENTED_EDGE('',*,*,#6606,.T.);
#6757 = ORIENTED_EDGE('',*,*,#6758,.F.);
#6758 = EDGE_CURVE('',#6759,#6609,#6761,.T.);
#6759 = VERTEX_POINT('',#6760);
#6760 = CARTESIAN_POINT('',(-47.54746150548,-39.78993471198,-27.));
#6761 = SURFACE_CURVE('',#6762,(#6773,#6802),.PCURVE_S1.);
#6762 = B_SPLINE_CURVE_WITH_KNOTS('',3,(#6763,#6764,#6765,#6766,#6767,
    #6768,#6769,#6770,#6771,#6772),.UNSPECIFIED.,.F.,.F.,(4,3,3,4),(0.,
    6.81593611932E-04,1.490015182903E-03,1.562200778165E-03),
  .UNSPECIFIED.);
#6763 = CARTESIAN_POINT('',(-47.54746150548,-39.78993471198,-27.));
#6764 = CARTESIAN_POINT('',(-47.69537007179,-39.61318959004,-27.));
#6765 = CARTESIAN_POINT('',(-47.8392511143,-39.43903166354,
    -26.91855716591));
#6766 = CARTESIAN_POINT('',(-47.95116065906,-39.30249599514,
    -26.77426041085));
#6767 = CARTESIAN_POINT('',(-48.08389384259,-39.14055436658,
    -26.60311354653));
#6768 = CARTESIAN_POINT('',(-48.16883976074,-39.03541049361,
    -26.34485661291));
#6769 = CARTESIAN_POINT('',(-48.18136850699,-39.01994014338,
    -26.07304328661));
#6770 = CARTESIAN_POINT('',(-48.18248722405,-39.01855876456,
    -26.04877252558));
#6771 = CARTESIAN_POINT('',(-48.18304961033,-39.01786424509,
    -26.02440829008));
#6772 = CARTESIAN_POINT('',(-48.18304961033,-39.01786424509,-26.));
#6773 = PCURVE('',#6624,#6774);
#6774 = DEFINITIONAL_REPRESENTATION('',(#6775),#6801);
#6775 = B_SPLINE_CURVE_WITH_KNOTS('',3,(#6776,#6777,#6778,#6779,#6780,
    #6781,#6782,#6783,#6784,#6785,#6786,#6787,#6788,#6789,#6790,#6791,
    #6792,#6793,#6794,#6795,#6796,#6797,#6798,#6799,#6800),
  .UNSPECIFIED.,.F.,.F.,(4,1,1,1,1,1,1,1,1,1,1,1,1,1,1,1,1,1,1,1,1,1,4),
  (0.,7.100912628023E-05,1.420182525605E-04,2.130273788407E-04,
    2.840365051209E-04,3.550456314011E-04,4.260547576814E-04,
    4.970638839616E-04,5.680730102418E-04,6.39082136522E-04,
    7.100912628023E-04,7.811003890825E-04,8.521095153627E-04,
    9.23118641643E-04,9.941277679232E-04,1.065136894203E-03,
    1.136146020484E-03,1.207155146764E-03,1.278164273044E-03,
    1.349173399324E-03,1.420182525605E-03,1.491191651885E-03,
    1.562200778165E-03),.QUASI_UNIFORM_KNOTS.);
#6776 = CARTESIAN_POINT('',(5.586377167246,45.));
#6777 = CARTESIAN_POINT('',(5.586764432665,45.));
#6778 = CARTESIAN_POINT('',(5.587537363993,44.998232089949));
#6779 = CARTESIAN_POINT('',(5.588687061301,44.990402610147));
#6780 = CARTESIAN_POINT('',(5.589822157868,44.977521634532));
#6781 = CARTESIAN_POINT('',(5.59093775233,44.959715269829));
#6782 = CARTESIAN_POINT('',(5.592028942272,44.937109668023));
#6783 = CARTESIAN_POINT('',(5.59309082804,44.909830812244));
#6784 = CARTESIAN_POINT('',(5.594118498629,44.878005315788));
#6785 = CARTESIAN_POINT('',(5.595107084711,44.841757440141));
#6786 = CARTESIAN_POINT('',(5.596051560937,44.801220223862));
#6787 = CARTESIAN_POINT('',(5.596947483954,44.756493949025));
#6788 = CARTESIAN_POINT('',(5.597786658121,44.707841656271));
#6789 = CARTESIAN_POINT('',(5.598566712779,44.655579624159));
#6790 = CARTESIAN_POINT('',(5.59928487083,44.60000232144));
#6791 = CARTESIAN_POINT('',(5.599938464011,44.541410062538));
#6792 = CARTESIAN_POINT('',(5.600524794417,44.480101588992));
#6793 = CARTESIAN_POINT('',(5.601041173124,44.416376088199));
#6794 = CARTESIAN_POINT('',(5.601484904157,44.350532537021));
#6795 = CARTESIAN_POINT('',(5.601853310003,44.282870308594));
#6796 = CARTESIAN_POINT('',(5.602143645603,44.213687401494));
#6797 = CARTESIAN_POINT('',(5.602353416928,44.14328691627));
#6798 = CARTESIAN_POINT('',(5.602479192798,44.071952920129));
#6799 = CARTESIAN_POINT('',(5.602507092204,44.024011361017));
#6800 = CARTESIAN_POINT('',(5.602506898902,44.));
#6801 = ( GEOMETRIC_REPRESENTATION_CONTEXT(2) 
PARAMETRIC_REPRESENTATION_CONTEXT() REPRESENTATION_CONTEXT('2D SPACE',''
  ) );
#6802 = PCURVE('',#2225,#6803);
#6803 = DEFINITIONAL_REPRESENTATION('',(#6804),#6807);
#6804 = B_SPLINE_CURVE_WITH_KNOTS('',1,(#6805,#6806),.UNSPECIFIED.,.F.,
  .F.,(2,2),(0.,1.562200778165E-03),.PIECEWISE_BEZIER_KNOTS.);
#6805 = CARTESIAN_POINT('',(4.712388980385,-61.99193495931));
#6806 = CARTESIAN_POINT('',(6.28318530718,-62.));
#6807 = ( GEOMETRIC_REPRESENTATION_CONTEXT(2) 
PARAMETRIC_REPRESENTATION_CONTEXT() REPRESENTATION_CONTEXT('2D SPACE',''
  ) );
#6808 = ORIENTED_EDGE('',*,*,#6809,.T.);
#6809 = EDGE_CURVE('',#6759,#6810,#6812,.T.);
#6810 = VERTEX_POINT('',#6811);
#6811 = CARTESIAN_POINT('',(47.547461505486,-39.78993471198,-27.));
#6812 = SURFACE_CURVE('',#6813,(#6818,#6825),.PCURVE_S1.);
#6813 = CIRCLE('',#6814,62.);
#6814 = AXIS2_PLACEMENT_3D('',#6815,#6816,#6817);
#6815 = CARTESIAN_POINT('',(0.,0.,-27.));
#6816 = DIRECTION('',(0.,0.,1.));
#6817 = DIRECTION('',(1.,0.,0.));
#6818 = PCURVE('',#6624,#6819);
#6819 = DEFINITIONAL_REPRESENTATION('',(#6820),#6824);
#6820 = LINE('',#6821,#6822);
#6821 = CARTESIAN_POINT('',(9.424777960769,45.));
#6822 = VECTOR('',#6823,1.);
#6823 = DIRECTION('',(-1.,0.));
#6824 = ( GEOMETRIC_REPRESENTATION_CONTEXT(2) 
PARAMETRIC_REPRESENTATION_CONTEXT() REPRESENTATION_CONTEXT('2D SPACE',''
  ) );
#6825 = PCURVE('',#834,#6826);
#6826 = DEFINITIONAL_REPRESENTATION('',(#6827),#6835);
#6827 = ( BOUNDED_CURVE() B_SPLINE_CURVE(2,(#6828,#6829,#6830,#6831,
#6832,#6833,#6834),.UNSPECIFIED.,.T.,.F.) B_SPLINE_CURVE_WITH_KNOTS((1,2
    ,2,2,2,1),(-2.094395102393,0.,2.094395102393,4.188790204786,
6.28318530718,8.377580409573),.UNSPECIFIED.) CURVE() 
GEOMETRIC_REPRESENTATION_ITEM() RATIONAL_B_SPLINE_CURVE((1.,0.5,1.,0.5,
1.,0.5,1.)) REPRESENTATION_ITEM('') );
#6828 = CARTESIAN_POINT('',(-62.,0.));
#6829 = CARTESIAN_POINT('',(-62.,107.38715006927));
#6830 = CARTESIAN_POINT('',(31.,53.693575034635));
#6831 = CARTESIAN_POINT('',(124.,1.518562030943E-14));
#6832 = CARTESIAN_POINT('',(31.,-53.69357503463));
#6833 = CARTESIAN_POINT('',(-62.,-107.3871500692));
#6834 = CARTESIAN_POINT('',(-62.,0.));
#6835 = ( GEOMETRIC_REPRESENTATION_CONTEXT(2) 
PARAMETRIC_REPRESENTATION_CONTEXT() REPRESENTATION_CONTEXT('2D SPACE',''
  ) );
#6836 = ORIENTED_EDGE('',*,*,#6837,.T.);
#6837 = EDGE_CURVE('',#6810,#6838,#6840,.T.);
#6838 = VERTEX_POINT('',#6839);
#6839 = CARTESIAN_POINT('',(48.183049610332,-39.01786424509,-26.));
#6840 = SURFACE_CURVE('',#6841,(#6852,#6881),.PCURVE_S1.);
#6841 = B_SPLINE_CURVE_WITH_KNOTS('',3,(#6842,#6843,#6844,#6845,#6846,
    #6847,#6848,#6849,#6850,#6851),.UNSPECIFIED.,.F.,.F.,(4,3,3,4),(0.,
    6.81593611932E-04,1.490015182902E-03,1.562200778165E-03),
  .UNSPECIFIED.);
#6842 = CARTESIAN_POINT('',(47.547461505486,-39.78993471198,-27.));
#6843 = CARTESIAN_POINT('',(47.695370071797,-39.61318959004,-27.));
#6844 = CARTESIAN_POINT('',(47.8392511143,-39.43903166354,
    -26.91855716591));
#6845 = CARTESIAN_POINT('',(47.951160659063,-39.30249599514,
    -26.77426041084));
#6846 = CARTESIAN_POINT('',(48.083893842592,-39.14055436658,
    -26.60311354653));
#6847 = CARTESIAN_POINT('',(48.168839760743,-39.03541049361,
    -26.34485661291));
#6848 = CARTESIAN_POINT('',(48.181368506991,-39.01994014338,
    -26.07304328661));
#6849 = CARTESIAN_POINT('',(48.182487224054,-39.01855876456,
    -26.04877252558));
#6850 = CARTESIAN_POINT('',(48.183049610332,-39.01786424509,
    -26.02440829009));
#6851 = CARTESIAN_POINT('',(48.183049610332,-39.01786424509,-26.));
#6852 = PCURVE('',#6624,#6853);
#6853 = DEFINITIONAL_REPRESENTATION('',(#6854),#6880);
#6854 = B_SPLINE_CURVE_WITH_KNOTS('',3,(#6855,#6856,#6857,#6858,#6859,
    #6860,#6861,#6862,#6863,#6864,#6865,#6866,#6867,#6868,#6869,#6870,
    #6871,#6872,#6873,#6874,#6875,#6876,#6877,#6878,#6879),
  .UNSPECIFIED.,.F.,.F.,(4,1,1,1,1,1,1,1,1,1,1,1,1,1,1,1,1,1,1,1,1,1,4),
  (0.,7.100912628023E-05,1.420182525605E-04,2.130273788407E-04,
    2.840365051209E-04,3.550456314011E-04,4.260547576814E-04,
    4.970638839616E-04,5.680730102418E-04,6.39082136522E-04,
    7.100912628023E-04,7.811003890825E-04,8.521095153627E-04,
    9.23118641643E-04,9.941277679232E-04,1.065136894203E-03,
    1.136146020484E-03,1.207155146764E-03,1.278164273044E-03,
    1.349173399324E-03,1.420182525605E-03,1.491191651885E-03,
    1.562200778165E-03),.QUASI_UNIFORM_KNOTS.);
#6855 = CARTESIAN_POINT('',(3.838400793524,45.));
#6856 = CARTESIAN_POINT('',(3.838013528104,45.));
#6857 = CARTESIAN_POINT('',(3.837240596777,44.998232089949));
#6858 = CARTESIAN_POINT('',(3.836090899468,44.990402610147));
#6859 = CARTESIAN_POINT('',(3.834955802901,44.977521634532));
#6860 = CARTESIAN_POINT('',(3.833840208439,44.959715269829));
#6861 = CARTESIAN_POINT('',(3.832749018498,44.937109668023));
#6862 = CARTESIAN_POINT('',(3.831687132729,44.909830812244));
#6863 = CARTESIAN_POINT('',(3.830659462141,44.878005315788));
#6864 = CARTESIAN_POINT('',(3.829670876058,44.841757440141));
#6865 = CARTESIAN_POINT('',(3.828726399832,44.801220223862));
#6866 = CARTESIAN_POINT('',(3.827830476815,44.756493949025));
#6867 = CARTESIAN_POINT('',(3.826991302649,44.707841656271));
#6868 = CARTESIAN_POINT('',(3.826211247991,44.655579624159));
#6869 = CARTESIAN_POINT('',(3.825493089939,44.60000232144));
#6870 = CARTESIAN_POINT('',(3.824839496758,44.541410062538));
#6871 = CARTESIAN_POINT('',(3.824253166352,44.480101588992));
#6872 = CARTESIAN_POINT('',(3.823736787645,44.416376088199));
#6873 = CARTESIAN_POINT('',(3.823293056612,44.35053253702));
#6874 = CARTESIAN_POINT('',(3.822924650767,44.282870308594));
#6875 = CARTESIAN_POINT('',(3.822634315166,44.213687401494));
#6876 = CARTESIAN_POINT('',(3.822424543841,44.14328691627));
#6877 = CARTESIAN_POINT('',(3.822298767971,44.071952920129));
#6878 = CARTESIAN_POINT('',(3.822270868565,44.024011361017));
#6879 = CARTESIAN_POINT('',(3.822271061868,44.));
#6880 = ( GEOMETRIC_REPRESENTATION_CONTEXT(2) 
PARAMETRIC_REPRESENTATION_CONTEXT() REPRESENTATION_CONTEXT('2D SPACE',''
  ) );
#6881 = PCURVE('',#923,#6882);
#6882 = DEFINITIONAL_REPRESENTATION('',(#6883),#6886);
#6883 = B_SPLINE_CURVE_WITH_KNOTS('',1,(#6884,#6885),.UNSPECIFIED.,.F.,
  .F.,(2,2),(0.,1.562200778165E-03),.PIECEWISE_BEZIER_KNOTS.);
#6884 = CARTESIAN_POINT('',(1.570796326795,-61.99193495931));
#6885 = CARTESIAN_POINT('',(0.,-62.));
#6886 = ( GEOMETRIC_REPRESENTATION_CONTEXT(2) 
PARAMETRIC_REPRESENTATION_CONTEXT() REPRESENTATION_CONTEXT('2D SPACE',''
  ) );
#6887 = ORIENTED_EDGE('',*,*,#6888,.F.);
#6888 = EDGE_CURVE('',#6889,#6838,#6891,.T.);
#6889 = VERTEX_POINT('',#6890);
#6890 = CARTESIAN_POINT('',(48.183049610332,-39.01786424509,26.));
#6891 = SURFACE_CURVE('',#6892,(#6896,#6903),.PCURVE_S1.);
#6892 = LINE('',#6893,#6894);
#6893 = CARTESIAN_POINT('',(48.183049610332,-39.01786424509,26.));
#6894 = VECTOR('',#6895,1.);
#6895 = DIRECTION('',(0.,0.,-1.));
#6896 = PCURVE('',#6624,#6897);
#6897 = DEFINITIONAL_REPRESENTATION('',(#6898),#6902);
#6898 = LINE('',#6899,#6900);
#6899 = CARTESIAN_POINT('',(3.822271061868,-8.));
#6900 = VECTOR('',#6901,1.);
#6901 = DIRECTION('',(0.,1.));
#6902 = ( GEOMETRIC_REPRESENTATION_CONTEXT(2) 
PARAMETRIC_REPRESENTATION_CONTEXT() REPRESENTATION_CONTEXT('2D SPACE',''
  ) );
#6903 = PCURVE('',#6904,#6909);
#6904 = PLANE('',#6905);
#6905 = AXIS2_PLACEMENT_3D('',#6906,#6907,#6908);
#6906 = CARTESIAN_POINT('',(47.399533171974,-38.38338514356,18.));
#6907 = DIRECTION('',(-0.62932039105,-0.777145961457,0.));
#6908 = DIRECTION('',(0.,0.,1.));
#6909 = DEFINITIONAL_REPRESENTATION('',(#6910),#6914);
#6910 = LINE('',#6911,#6912);
#6911 = CARTESIAN_POINT('',(8.,-1.008197272092));
#6912 = VECTOR('',#6913,1.);
#6913 = DIRECTION('',(-1.,0.));
#6914 = ( GEOMETRIC_REPRESENTATION_CONTEXT(2) 
PARAMETRIC_REPRESENTATION_CONTEXT() REPRESENTATION_CONTEXT('2D SPACE',''
  ) );
#6915 = ORIENTED_EDGE('',*,*,#6916,.F.);
#6916 = EDGE_CURVE('',#6685,#6889,#6917,.T.);
#6917 = SURFACE_CURVE('',#6918,(#6929,#6958),.PCURVE_S1.);
#6918 = B_SPLINE_CURVE_WITH_KNOTS('',3,(#6919,#6920,#6921,#6922,#6923,
    #6924,#6925,#6926,#6927,#6928),.UNSPECIFIED.,.F.,.F.,(4,3,3,4),(0.,
    6.81593611933E-04,1.490015182903E-03,1.562200778165E-03),
  .UNSPECIFIED.);
#6919 = CARTESIAN_POINT('',(47.547461505486,-39.78993471198,27.));
#6920 = CARTESIAN_POINT('',(47.695370071797,-39.61318959004,27.));
#6921 = CARTESIAN_POINT('',(47.8392511143,-39.43903166354,
    26.918557165917));
#6922 = CARTESIAN_POINT('',(47.951160659064,-39.30249599514,
    26.774260410849));
#6923 = CARTESIAN_POINT('',(48.083893842592,-39.14055436658,
    26.603113546536));
#6924 = CARTESIAN_POINT('',(48.168839760743,-39.03541049361,
    26.344856612917));
#6925 = CARTESIAN_POINT('',(48.181368506991,-39.01994014338,
    26.073043286617));
#6926 = CARTESIAN_POINT('',(48.182487224054,-39.01855876456,
    26.048772525588));
#6927 = CARTESIAN_POINT('',(48.183049610332,-39.01786424509,
    26.024408290089));
#6928 = CARTESIAN_POINT('',(48.183049610332,-39.01786424509,26.));
#6929 = PCURVE('',#6624,#6930);
#6930 = DEFINITIONAL_REPRESENTATION('',(#6931),#6957);
#6931 = B_SPLINE_CURVE_WITH_KNOTS('',3,(#6932,#6933,#6934,#6935,#6936,
    #6937,#6938,#6939,#6940,#6941,#6942,#6943,#6944,#6945,#6946,#6947,
    #6948,#6949,#6950,#6951,#6952,#6953,#6954,#6955,#6956),
  .UNSPECIFIED.,.F.,.F.,(4,1,1,1,1,1,1,1,1,1,1,1,1,1,1,1,1,1,1,1,1,1,4),
  (0.,7.100912628023E-05,1.420182525605E-04,2.130273788407E-04,
    2.840365051209E-04,3.550456314011E-04,4.260547576814E-04,
    4.970638839616E-04,5.680730102418E-04,6.39082136522E-04,
    7.100912628023E-04,7.811003890825E-04,8.521095153627E-04,
    9.23118641643E-04,9.941277679232E-04,1.065136894203E-03,
    1.136146020484E-03,1.207155146764E-03,1.278164273044E-03,
    1.349173399324E-03,1.420182525605E-03,1.491191651885E-03,
    1.562200778165E-03),.QUASI_UNIFORM_KNOTS.);
#6932 = CARTESIAN_POINT('',(3.838400793524,-9.));
#6933 = CARTESIAN_POINT('',(3.838013528104,-9.));
#6934 = CARTESIAN_POINT('',(3.837240596777,-8.998232089949));
#6935 = CARTESIAN_POINT('',(3.836090899468,-8.990402610147));
#6936 = CARTESIAN_POINT('',(3.834955802901,-8.977521634532));
#6937 = CARTESIAN_POINT('',(3.833840208439,-8.959715269829));
#6938 = CARTESIAN_POINT('',(3.832749018498,-8.937109668023));
#6939 = CARTESIAN_POINT('',(3.831687132729,-8.909830812244));
#6940 = CARTESIAN_POINT('',(3.830659462141,-8.878005315788));
#6941 = CARTESIAN_POINT('',(3.829670876058,-8.841757440141));
#6942 = CARTESIAN_POINT('',(3.828726399832,-8.801220223862));
#6943 = CARTESIAN_POINT('',(3.827830476815,-8.756493949025));
#6944 = CARTESIAN_POINT('',(3.826991302649,-8.707841656271));
#6945 = CARTESIAN_POINT('',(3.826211247991,-8.655579624159));
#6946 = CARTESIAN_POINT('',(3.825493089939,-8.600002321441));
#6947 = CARTESIAN_POINT('',(3.824839496758,-8.541410062538));
#6948 = CARTESIAN_POINT('',(3.824253166352,-8.480101588992));
#6949 = CARTESIAN_POINT('',(3.823736787645,-8.416376088199));
#6950 = CARTESIAN_POINT('',(3.823293056612,-8.350532537021));
#6951 = CARTESIAN_POINT('',(3.822924650767,-8.282870308594));
#6952 = CARTESIAN_POINT('',(3.822634315166,-8.213687401494));
#6953 = CARTESIAN_POINT('',(3.822424543841,-8.14328691627));
#6954 = CARTESIAN_POINT('',(3.822298767971,-8.071952920129));
#6955 = CARTESIAN_POINT('',(3.822270868565,-8.024011361017));
#6956 = CARTESIAN_POINT('',(3.822271061868,-8.));
#6957 = ( GEOMETRIC_REPRESENTATION_CONTEXT(2) 
PARAMETRIC_REPRESENTATION_CONTEXT() REPRESENTATION_CONTEXT('2D SPACE',''
  ) );
#6958 = PCURVE('',#3604,#6959);
#6959 = DEFINITIONAL_REPRESENTATION('',(#6960),#6963);
#6960 = B_SPLINE_CURVE_WITH_KNOTS('',1,(#6961,#6962),.UNSPECIFIED.,.F.,
  .F.,(2,2),(0.,1.562200778165E-03),.PIECEWISE_BEZIER_KNOTS.);
#6961 = CARTESIAN_POINT('',(4.712388980385,-61.99193495931));
#6962 = CARTESIAN_POINT('',(6.28318530718,-62.));
#6963 = ( GEOMETRIC_REPRESENTATION_CONTEXT(2) 
PARAMETRIC_REPRESENTATION_CONTEXT() REPRESENTATION_CONTEXT('2D SPACE',''
  ) );
#6964 = ADVANCED_FACE('',(#6965,#6971),#4266,.T.);
#6965 = FACE_BOUND('',#6966,.T.);
#6966 = EDGE_LOOP('',(#6967,#6968,#6969,#6970));
#6967 = ORIENTED_EDGE('',*,*,#6377,.T.);
#6968 = ORIENTED_EDGE('',*,*,#5439,.T.);
#6969 = ORIENTED_EDGE('',*,*,#6425,.T.);
#6970 = ORIENTED_EDGE('',*,*,#5464,.T.);
#6971 = FACE_BOUND('',#6972,.T.);
#6972 = EDGE_LOOP('',(#6973));
#6973 = ORIENTED_EDGE('',*,*,#4251,.F.);
#6974 = ADVANCED_FACE('',(#6975,#7006),#4217,.T.);
#6975 = FACE_BOUND('',#6976,.T.);
#6976 = EDGE_LOOP('',(#6977,#6978,#6979,#6980));
#6977 = ORIENTED_EDGE('',*,*,#6400,.T.);
#6978 = ORIENTED_EDGE('',*,*,#5518,.T.);
#6979 = ORIENTED_EDGE('',*,*,#6452,.T.);
#6980 = ORIENTED_EDGE('',*,*,#6981,.F.);
#6981 = EDGE_CURVE('',#5852,#6453,#6982,.T.);
#6982 = SURFACE_CURVE('',#6983,(#6988,#6999),.PCURVE_S1.);
#6983 = CIRCLE('',#6984,9.);
#6984 = AXIS2_PLACEMENT_3D('',#6985,#6986,#6987);
#6985 = CARTESIAN_POINT('',(-47.57979592433,-19.7081967668,10.));
#6986 = DIRECTION('',(0.,0.,1.));
#6987 = DIRECTION('',(1.,0.,0.));
#6988 = PCURVE('',#4217,#6989);
#6989 = DEFINITIONAL_REPRESENTATION('',(#6990),#6998);
#6990 = ( BOUNDED_CURVE() B_SPLINE_CURVE(2,(#6991,#6992,#6993,#6994,
#6995,#6996,#6997),.UNSPECIFIED.,.T.,.F.) B_SPLINE_CURVE_WITH_KNOTS((1,2
    ,2,2,2,1),(-2.094395102393,0.,2.094395102393,4.188790204786,
6.28318530718,8.377580409573),.UNSPECIFIED.) CURVE() 
GEOMETRIC_REPRESENTATION_ITEM() RATIONAL_B_SPLINE_CURVE((1.,0.5,1.,0.5,
1.,0.5,1.)) REPRESENTATION_ITEM('') );
#6991 = CARTESIAN_POINT('',(-9.,0.));
#6992 = CARTESIAN_POINT('',(-9.,15.58845726812));
#6993 = CARTESIAN_POINT('',(4.5,7.79422863406));
#6994 = CARTESIAN_POINT('',(18.,2.204364238465E-15));
#6995 = CARTESIAN_POINT('',(4.5,-7.79422863406));
#6996 = CARTESIAN_POINT('',(-9.,-15.58845726812));
#6997 = CARTESIAN_POINT('',(-9.,0.));
#6998 = ( GEOMETRIC_REPRESENTATION_CONTEXT(2) 
PARAMETRIC_REPRESENTATION_CONTEXT() REPRESENTATION_CONTEXT('2D SPACE',''
  ) );
#6999 = PCURVE('',#5617,#7000);
#7000 = DEFINITIONAL_REPRESENTATION('',(#7001),#7005);
#7001 = LINE('',#7002,#7003);
#7002 = CARTESIAN_POINT('',(9.424777960769,0.));
#7003 = VECTOR('',#7004,1.);
#7004 = DIRECTION('',(-1.,0.));
#7005 = ( GEOMETRIC_REPRESENTATION_CONTEXT(2) 
PARAMETRIC_REPRESENTATION_CONTEXT() REPRESENTATION_CONTEXT('2D SPACE',''
  ) );
#7006 = FACE_BOUND('',#7007,.T.);
#7007 = EDGE_LOOP('',(#7008));
#7008 = ORIENTED_EDGE('',*,*,#4195,.F.);
#7009 = ADVANCED_FACE('',(#7010),#5617,.F.);
#7010 = FACE_BOUND('',#7011,.F.);
#7011 = EDGE_LOOP('',(#7012,#7087,#7088,#7166));
#7012 = ORIENTED_EDGE('',*,*,#7013,.F.);
#7013 = EDGE_CURVE('',#6453,#5597,#7014,.T.);
#7014 = SURFACE_CURVE('',#7015,(#7029,#7058),.PCURVE_S1.);
#7015 = B_SPLINE_CURVE_WITH_KNOTS('',3,(#7016,#7017,#7018,#7019,#7020,
    #7021,#7022,#7023,#7024,#7025,#7026,#7027,#7028),.UNSPECIFIED.,.F.,
  .F.,(4,3,3,3,4),(1.43049E-17,4.17503795318E-04,9.20442065775E-04,
    1.884821387531E-03,2.46414327089E-03),.UNSPECIFIED.);
#7016 = CARTESIAN_POINT('',(-38.61447983819,-18.91882519677,10.));
#7017 = CARTESIAN_POINT('',(-38.61447983819,-18.91882519677,
    9.858352515499));
#7018 = CARTESIAN_POINT('',(-38.60683883934,-19.00399243394,
    9.733312537847));
#7019 = CARTESIAN_POINT('',(-38.6001616541,-19.10307828834,
    9.636128260168));
#7020 = CARTESIAN_POINT('',(-38.59211810567,-19.22244024096,
    9.519057006974));
#7021 = CARTESIAN_POINT('',(-38.58503730266,-19.36714940093,
    9.429686852029));
#7022 = CARTESIAN_POINT('',(-38.58186064247,-19.51542575344,
    9.353961454161));
#7023 = CARTESIAN_POINT('',(-38.57576942697,-19.79974424076,
    9.208758728247));
#7024 = CARTESIAN_POINT('',(-38.58335775486,-20.11009543545,
    9.111138045858));
#7025 = CARTESIAN_POINT('',(-38.60808651375,-20.42123971938,
    9.053870806495));
#7026 = CARTESIAN_POINT('',(-38.62294157219,-20.60815029337,
    9.019469234194));
#7027 = CARTESIAN_POINT('',(-38.64381033771,-20.79707113771,9.));
#7028 = CARTESIAN_POINT('',(-38.67135746282,-20.9887139192,9.));
#7029 = PCURVE('',#5617,#7030);
#7030 = DEFINITIONAL_REPRESENTATION('',(#7031),#7057);
#7031 = B_SPLINE_CURVE_WITH_KNOTS('',3,(#7032,#7033,#7034,#7035,#7036,
    #7037,#7038,#7039,#7040,#7041,#7042,#7043,#7044,#7045,#7046,#7047,
    #7048,#7049,#7050,#7051,#7052,#7053,#7054,#7055,#7056),
  .UNSPECIFIED.,.F.,.F.,(4,1,1,1,1,1,1,1,1,1,1,1,1,1,1,1,1,1,1,1,1,1,4),
  (1.43049E-17,1.120065123132E-04,2.240130246264E-04,3.360195369396E-04,
    4.480260492527E-04,5.600325615659E-04,6.720390738791E-04,
    7.840455861923E-04,8.960520985055E-04,1.008058610819E-03,
    1.120065123132E-03,1.232071635445E-03,1.344078147758E-03,
    1.456084660071E-03,1.568091172385E-03,1.680097684698E-03,
    1.792104197011E-03,1.904110709324E-03,2.016117221637E-03,
    2.12812373395E-03,2.240130246264E-03,2.352136758577E-03,
    2.46414327089E-03),.QUASI_UNIFORM_KNOTS.);
#7032 = CARTESIAN_POINT('',(3.053771858691,0.));
#7033 = CARTESIAN_POINT('',(3.053771881127,3.800071016065E-02));
#7034 = CARTESIAN_POINT('',(3.055140310853,0.111621583607));
#7035 = CARTESIAN_POINT('',(3.06036752662,0.213517996795));
#7036 = CARTESIAN_POINT('',(3.067869008693,0.305846824352));
#7037 = CARTESIAN_POINT('',(3.076638477398,0.386313390645));
#7038 = CARTESIAN_POINT('',(3.08611918491,0.45819897372));
#7039 = CARTESIAN_POINT('',(3.096250715266,0.523183306746));
#7040 = CARTESIAN_POINT('',(3.106846797289,0.58200579159));
#7041 = CARTESIAN_POINT('',(3.117750898588,0.635618428036));
#7042 = CARTESIAN_POINT('',(3.128815107962,0.685063155506));
#7043 = CARTESIAN_POINT('',(3.140107775665,0.730780486339));
#7044 = CARTESIAN_POINT('',(3.151583086748,0.772748921836));
#7045 = CARTESIAN_POINT('',(3.163221789199,0.811060343575));
#7046 = CARTESIAN_POINT('',(3.174997499296,0.845776425982));
#7047 = CARTESIAN_POINT('',(3.186886081858,0.876966291809));
#7048 = CARTESIAN_POINT('',(3.198862022476,0.904699477657));
#7049 = CARTESIAN_POINT('',(3.210903772237,0.929036416397));
#7050 = CARTESIAN_POINT('',(3.222976220036,0.950073541982));
#7051 = CARTESIAN_POINT('',(3.235099616266,0.967763647946));
#7052 = CARTESIAN_POINT('',(3.247294382821,0.981864425947));
#7053 = CARTESIAN_POINT('',(3.25956206553,0.992191354325));
#7054 = CARTESIAN_POINT('',(3.271909357521,0.998544422209));
#7055 = CARTESIAN_POINT('',(3.280197566143,1.));
#7056 = CARTESIAN_POINT('',(3.284356803576,1.));
#7057 = ( GEOMETRIC_REPRESENTATION_CONTEXT(2) 
PARAMETRIC_REPRESENTATION_CONTEXT() REPRESENTATION_CONTEXT('2D SPACE',''
  ) );
#7058 = PCURVE('',#5650,#7059);
#7059 = DEFINITIONAL_REPRESENTATION('',(#7060),#7086);
#7060 = B_SPLINE_CURVE_WITH_KNOTS('',3,(#7061,#7062,#7063,#7064,#7065,
    #7066,#7067,#7068,#7069,#7070,#7071,#7072,#7073,#7074,#7075,#7076,
    #7077,#7078,#7079,#7080,#7081,#7082,#7083,#7084,#7085),
  .UNSPECIFIED.,.F.,.F.,(4,1,1,1,1,1,1,1,1,1,1,1,1,1,1,1,1,1,1,1,1,1,4),
  (1.43049E-17,1.120065123132E-04,2.240130246264E-04,3.360195369396E-04,
    4.480260492527E-04,5.600325615659E-04,6.720390738791E-04,
    7.840455861923E-04,8.960520985055E-04,1.008058610819E-03,
    1.120065123132E-03,1.232071635445E-03,1.344078147758E-03,
    1.456084660071E-03,1.568091172385E-03,1.680097684698E-03,
    1.792104197011E-03,1.904110709324E-03,2.016117221637E-03,
    2.12812373395E-03,2.240130246264E-03,2.352136758577E-03,
    2.46414327089E-03),.QUASI_UNIFORM_KNOTS.);
#7061 = CARTESIAN_POINT('',(5.827617057915,3.14159265359));
#7062 = CARTESIAN_POINT('',(5.82761709035,3.103638057112));
#7063 = CARTESIAN_POINT('',(5.827349565089,3.029930895667));
#7064 = CARTESIAN_POINT('',(5.826330627707,2.926757154153));
#7065 = CARTESIAN_POINT('',(5.824873225132,2.831195616609));
#7066 = CARTESIAN_POINT('',(5.823177319793,2.745416446159));
#7067 = CARTESIAN_POINT('',(5.821354318063,2.666253559572));
#7068 = CARTESIAN_POINT('',(5.819417280731,2.591779347835));
#7069 = CARTESIAN_POINT('',(5.817403904567,2.52112759302));
#7070 = CARTESIAN_POINT('',(5.815345872955,2.453353105062));
#7071 = CARTESIAN_POINT('',(5.813273277662,2.387607233276));
#7072 = CARTESIAN_POINT('',(5.811174122862,2.323145033309));
#7073 = CARTESIAN_POINT('',(5.809057930968,2.259827966148));
#7074 = CARTESIAN_POINT('',(5.806929184167,2.197370361713));
#7075 = CARTESIAN_POINT('',(5.804793682264,2.135533328496));
#7076 = CARTESIAN_POINT('',(5.802656775845,2.074079549401));
#7077 = CARTESIAN_POINT('',(5.800524060301,2.0127945421));
#7078 = CARTESIAN_POINT('',(5.798400352456,1.951475649744));
#7079 = CARTESIAN_POINT('',(5.796293077407,1.889980136376));
#7080 = CARTESIAN_POINT('',(5.794198972696,1.828056799269));
#7081 = CARTESIAN_POINT('',(5.792115026532,1.765460589076));
#7082 = CARTESIAN_POINT('',(5.790041881003,1.701955495883));
#7083 = CARTESIAN_POINT('',(5.787979205517,1.637266380451));
#7084 = CARTESIAN_POINT('',(5.786611028777,1.593150559816));
#7085 = CARTESIAN_POINT('',(5.785928652625,1.570796326795));
#7086 = ( GEOMETRIC_REPRESENTATION_CONTEXT(2) 
PARAMETRIC_REPRESENTATION_CONTEXT() REPRESENTATION_CONTEXT('2D SPACE',''
  ) );
#7087 = ORIENTED_EDGE('',*,*,#6981,.F.);
#7088 = ORIENTED_EDGE('',*,*,#7089,.F.);
#7089 = EDGE_CURVE('',#5568,#5852,#7090,.T.);
#7090 = SURFACE_CURVE('',#7091,(#7108,#7137),.PCURVE_S1.);
#7091 = B_SPLINE_CURVE_WITH_KNOTS('',3,(#7092,#7093,#7094,#7095,#7096,
    #7097,#7098,#7099,#7100,#7101,#7102,#7103,#7104,#7105,#7106,#7107),
  .UNSPECIFIED.,.F.,.F.,(4,3,3,3,3,4),(7.757919E-18,1.120307962498E-03,
    1.935304598359E-03,2.342802916289E-03,2.652454179142E-03,
    2.75030123422E-03),.UNSPECIFIED.);
#7092 = CARTESIAN_POINT('',(-52.25122395075,-27.40090501513,9.));
#7093 = CARTESIAN_POINT('',(-52.57516739309,-27.20418905676,9.));
#7094 = CARTESIAN_POINT('',(-52.87829340737,-26.99230795133,
    9.053063674782));
#7095 = CARTESIAN_POINT('',(-53.16361058557,-26.76659699836,
    9.146806449781));
#7096 = CARTESIAN_POINT('',(-53.37117185281,-26.60239780178,9.2150020253
    ));
#7097 = CARTESIAN_POINT('',(-53.57013039584,-26.42947901563,
    9.304851360147));
#7098 = CARTESIAN_POINT('',(-53.74811754132,-26.26195968815,
    9.429055281007));
#7099 = CARTESIAN_POINT('',(-53.83711111406,-26.17820002442,
    9.491157241438));
#7100 = CARTESIAN_POINT('',(-53.92206050578,-26.09462518714,
    9.562078812258));
#7101 = CARTESIAN_POINT('',(-53.99490921517,-26.02059104042,
    9.652407668658));
#7102 = CARTESIAN_POINT('',(-54.05026575007,-25.96433371121,
    9.721047079486));
#7103 = CARTESIAN_POINT('',(-54.09997790488,-25.91208737618,
    9.802245310511));
#7104 = CARTESIAN_POINT('',(-54.12203619433,-25.88873818722,
    9.90193010374));
#7105 = CARTESIAN_POINT('',(-54.12900641833,-25.88136005042,
    9.933429615041));
#7106 = CARTESIAN_POINT('',(-54.13287578127,-25.8772440505,
    9.966411739802));
#7107 = CARTESIAN_POINT('',(-54.13287578127,-25.8772440505,10.));
#7108 = PCURVE('',#5617,#7109);
#7109 = DEFINITIONAL_REPRESENTATION('',(#7110),#7136);
#7110 = B_SPLINE_CURVE_WITH_KNOTS('',3,(#7111,#7112,#7113,#7114,#7115,
    #7116,#7117,#7118,#7119,#7120,#7121,#7122,#7123,#7124,#7125,#7126,
    #7127,#7128,#7129,#7130,#7131,#7132,#7133,#7134,#7135),
  .UNSPECIFIED.,.F.,.F.,(4,1,1,1,1,1,1,1,1,1,1,1,1,1,1,1,1,1,1,1,1,1,4),
  (7.757919E-18,1.250136924646E-04,2.500273849291E-04,3.750410773936E-04
    ,5.000547698582E-04,6.250684623227E-04,7.500821547873E-04,
    8.750958472518E-04,1.000109539716E-03,1.125123232181E-03,
    1.250136924645E-03,1.37515061711E-03,1.500164309575E-03,
    1.625178002039E-03,1.750191694504E-03,1.875205386968E-03,
    2.000219079433E-03,2.125232771897E-03,2.250246464362E-03,
    2.375260156826E-03,2.500273849291E-03,2.625287541755E-03,
    2.75030123422E-03),.QUASI_UNIFORM_KNOTS.);
#7111 = CARTESIAN_POINT('',(5.258125255051,1.));
#7112 = CARTESIAN_POINT('',(5.262824301068,1.));
#7113 = CARTESIAN_POINT('',(5.272194953189,0.99867849865));
#7114 = CARTESIAN_POINT('',(5.286173015453,0.992834992478));
#7115 = CARTESIAN_POINT('',(5.300077585149,0.983233485077));
#7116 = CARTESIAN_POINT('',(5.313913017273,0.969977218817));
#7117 = CARTESIAN_POINT('',(5.327683581143,0.953169475235));
#7118 = CARTESIAN_POINT('',(5.34139357792,0.932913389761));
#7119 = CARTESIAN_POINT('',(5.355046850279,0.909312643073));
#7120 = CARTESIAN_POINT('',(5.368648590489,0.882468880974));
#7121 = CARTESIAN_POINT('',(5.38219856434,0.852491343514));
#7122 = CARTESIAN_POINT('',(5.395716477849,0.81946082813));
#7123 = CARTESIAN_POINT('',(5.409172554808,0.783083663314));
#7124 = CARTESIAN_POINT('',(5.422521428452,0.743090609573));
#7125 = CARTESIAN_POINT('',(5.435721364318,0.699202084198));
#7126 = CARTESIAN_POINT('',(5.448730145304,0.651155445323));
#7127 = CARTESIAN_POINT('',(5.461502787248,0.598630630935));
#7128 = CARTESIAN_POINT('',(5.474005243947,0.541520318757));
#7129 = CARTESIAN_POINT('',(5.486220295865,0.478599853403));
#7130 = CARTESIAN_POINT('',(5.497874382316,0.407825743772));
#7131 = CARTESIAN_POINT('',(5.508763520269,0.327674201326));
#7132 = CARTESIAN_POINT('',(5.518587610288,0.235002301585));
#7133 = CARTESIAN_POINT('',(5.525872518153,0.126421148465));
#7134 = CARTESIAN_POINT('',(5.527915983874,4.388496886368E-02));
#7135 = CARTESIAN_POINT('',(5.527964172233,0.));
#7136 = ( GEOMETRIC_REPRESENTATION_CONTEXT(2) 
PARAMETRIC_REPRESENTATION_CONTEXT() REPRESENTATION_CONTEXT('2D SPACE',''
  ) );
#7137 = PCURVE('',#5584,#7138);
#7138 = DEFINITIONAL_REPRESENTATION('',(#7139),#7165);
#7139 = B_SPLINE_CURVE_WITH_KNOTS('',3,(#7140,#7141,#7142,#7143,#7144,
    #7145,#7146,#7147,#7148,#7149,#7150,#7151,#7152,#7153,#7154,#7155,
    #7156,#7157,#7158,#7159,#7160,#7161,#7162,#7163,#7164),
  .UNSPECIFIED.,.F.,.F.,(4,1,1,1,1,1,1,1,1,1,1,1,1,1,1,1,1,1,1,1,1,1,4),
  (7.757919E-18,1.250136924646E-04,2.500273849291E-04,3.750410773936E-04
    ,5.000547698582E-04,6.250684623227E-04,7.500821547873E-04,
    8.750958472518E-04,1.000109539716E-03,1.125123232181E-03,
    1.250136924645E-03,1.37515061711E-03,1.500164309575E-03,
    1.625178002039E-03,1.750191694504E-03,1.875205386968E-03,
    2.000219079433E-03,2.125232771897E-03,2.250246464362E-03,
    2.375260156826E-03,2.500273849291E-03,2.625287541755E-03,
    2.75030123422E-03),.QUASI_UNIFORM_KNOTS.);
#7140 = CARTESIAN_POINT('',(5.800203327998,1.570796326795));
#7141 = CARTESIAN_POINT('',(5.800817369736,1.548976814973));
#7142 = CARTESIAN_POINT('',(5.802045680153,1.505908220362));
#7143 = CARTESIAN_POINT('',(5.803889013916,1.442753832492));
#7144 = CARTESIAN_POINT('',(5.805733404395,1.380786059829));
#7145 = CARTESIAN_POINT('',(5.807579035735,1.319739883775));
#7146 = CARTESIAN_POINT('',(5.809426083983,1.259357448832));
#7147 = CARTESIAN_POINT('',(5.811274737825,1.199392605652));
#7148 = CARTESIAN_POINT('',(5.813125119657,1.139616276558));
#7149 = CARTESIAN_POINT('',(5.814977580907,1.079819131518));
#7150 = CARTESIAN_POINT('',(5.816831599983,1.019821289594));
#7151 = CARTESIAN_POINT('',(5.81868991219,0.959455242243));
#7152 = CARTESIAN_POINT('',(5.820548013807,0.898451994167));
#7153 = CARTESIAN_POINT('',(5.822398951289,0.836503530981));
#7154 = CARTESIAN_POINT('',(5.824236439117,0.773250366569));
#7155 = CARTESIAN_POINT('',(5.826054164485,0.708308454077));
#7156 = CARTESIAN_POINT('',(5.827845439261,0.641221527682));
#7157 = CARTESIAN_POINT('',(5.829605274722,0.571685756809));
#7158 = CARTESIAN_POINT('',(5.831330497532,0.498402232046));
#7159 = CARTESIAN_POINT('',(5.83298128816,0.419532824577));
#7160 = CARTESIAN_POINT('',(5.834528111731,0.333376791069));
#7161 = CARTESIAN_POINT('',(5.835927568378,0.236720584364));
#7162 = CARTESIAN_POINT('',(5.836967116171,0.126502366165));
#7163 = CARTESIAN_POINT('',(5.837259173883,4.381836149562E-02));
#7164 = CARTESIAN_POINT('',(5.837266081923,0.));
#7165 = ( GEOMETRIC_REPRESENTATION_CONTEXT(2) 
PARAMETRIC_REPRESENTATION_CONTEXT() REPRESENTATION_CONTEXT('2D SPACE',''
  ) );
#7166 = ORIENTED_EDGE('',*,*,#5596,.T.);
#7167 = ADVANCED_FACE('',(#7168),#3575,.T.);
#7168 = FACE_BOUND('',#7169,.T.);
#7169 = EDGE_LOOP('',(#7170,#7171,#7192,#7193,#7214,#7215,#7243,#7271,
    #7304,#7328));
#7170 = ORIENTED_EDGE('',*,*,#4959,.T.);
#7171 = ORIENTED_EDGE('',*,*,#7172,.T.);
#7172 = EDGE_CURVE('',#4962,#6683,#7173,.T.);
#7173 = SURFACE_CURVE('',#7174,(#7178,#7185),.PCURVE_S1.);
#7174 = LINE('',#7175,#7176);
#7175 = CARTESIAN_POINT('',(-46.77021278092,-39.16053110501,27.));
#7176 = VECTOR('',#7177,1.);
#7177 = DIRECTION('',(-0.777145961457,-0.62932039105,0.));
#7178 = PCURVE('',#3575,#7179);
#7179 = DEFINITIONAL_REPRESENTATION('',(#7180),#7184);
#7180 = LINE('',#7181,#7182);
#7181 = CARTESIAN_POINT('',(-46.77021278092,-39.16053110501));
#7182 = VECTOR('',#7183,1.);
#7183 = DIRECTION('',(-0.777145961457,-0.62932039105));
#7184 = ( GEOMETRIC_REPRESENTATION_CONTEXT(2) 
PARAMETRIC_REPRESENTATION_CONTEXT() REPRESENTATION_CONTEXT('2D SPACE',''
  ) );
#7185 = PCURVE('',#5062,#7186);
#7186 = DEFINITIONAL_REPRESENTATION('',(#7187),#7191);
#7187 = LINE('',#7188,#7189);
#7188 = CARTESIAN_POINT('',(1.570796326795,-60.9918027279));
#7189 = VECTOR('',#7190,1.);
#7190 = DIRECTION('',(0.,-1.));
#7191 = ( GEOMETRIC_REPRESENTATION_CONTEXT(2) 
PARAMETRIC_REPRESENTATION_CONTEXT() REPRESENTATION_CONTEXT('2D SPACE',''
  ) );
#7192 = ORIENTED_EDGE('',*,*,#6682,.T.);
#7193 = ORIENTED_EDGE('',*,*,#7194,.F.);
#7194 = EDGE_CURVE('',#3554,#6685,#7195,.T.);
#7195 = SURFACE_CURVE('',#7196,(#7200,#7207),.PCURVE_S1.);
#7196 = LINE('',#7197,#7198);
#7197 = CARTESIAN_POINT('',(46.770212780924,-39.16053110501,27.));
#7198 = VECTOR('',#7199,1.);
#7199 = DIRECTION('',(0.777145961457,-0.62932039105,0.));
#7200 = PCURVE('',#3575,#7201);
#7201 = DEFINITIONAL_REPRESENTATION('',(#7202),#7206);
#7202 = LINE('',#7203,#7204);
#7203 = CARTESIAN_POINT('',(46.770212780924,-39.16053110501));
#7204 = VECTOR('',#7205,1.);
#7205 = DIRECTION('',(0.777145961457,-0.62932039105));
#7206 = ( GEOMETRIC_REPRESENTATION_CONTEXT(2) 
PARAMETRIC_REPRESENTATION_CONTEXT() REPRESENTATION_CONTEXT('2D SPACE',''
  ) );
#7207 = PCURVE('',#3604,#7208);
#7208 = DEFINITIONAL_REPRESENTATION('',(#7209),#7213);
#7209 = LINE('',#7210,#7211);
#7210 = CARTESIAN_POINT('',(4.712388980385,-60.9918027279));
#7211 = VECTOR('',#7212,1.);
#7212 = DIRECTION('',(7.104487921161E-15,-1.));
#7213 = ( GEOMETRIC_REPRESENTATION_CONTEXT(2) 
PARAMETRIC_REPRESENTATION_CONTEXT() REPRESENTATION_CONTEXT('2D SPACE',''
  ) );
#7214 = ORIENTED_EDGE('',*,*,#3551,.F.);
#7215 = ORIENTED_EDGE('',*,*,#7216,.F.);
#7216 = EDGE_CURVE('',#7217,#3552,#7219,.T.);
#7217 = VERTEX_POINT('',#7218);
#7218 = CARTESIAN_POINT('',(46.573615566585,-36.22013712088,27.));
#7219 = SURFACE_CURVE('',#7220,(#7225,#7236),.PCURVE_S1.);
#7220 = CIRCLE('',#7221,59.);
#7221 = AXIS2_PLACEMENT_3D('',#7222,#7223,#7224);
#7222 = CARTESIAN_POINT('',(0.,0.,27.));
#7223 = DIRECTION('',(0.,0.,-1.));
#7224 = DIRECTION('',(-1.,0.,0.));
#7225 = PCURVE('',#3575,#7226);
#7226 = DEFINITIONAL_REPRESENTATION('',(#7227),#7235);
#7227 = ( BOUNDED_CURVE() B_SPLINE_CURVE(2,(#7228,#7229,#7230,#7231,
#7232,#7233,#7234),.UNSPECIFIED.,.T.,.F.) B_SPLINE_CURVE_WITH_KNOTS((1,2
    ,2,2,2,1),(-2.094395102393,0.,2.094395102393,4.188790204786,
6.28318530718,8.377580409573),.UNSPECIFIED.) CURVE() 
GEOMETRIC_REPRESENTATION_ITEM() RATIONAL_B_SPLINE_CURVE((1.,0.5,1.,0.5,
1.,0.5,1.)) REPRESENTATION_ITEM('') );
#7228 = CARTESIAN_POINT('',(-59.,0.));
#7229 = CARTESIAN_POINT('',(-59.,102.19099764656));
#7230 = CARTESIAN_POINT('',(29.5,51.095498823282));
#7231 = CARTESIAN_POINT('',(118.,1.445083222994E-14));
#7232 = CARTESIAN_POINT('',(29.5,-51.09549882328));
#7233 = CARTESIAN_POINT('',(-59.,-102.1909976465));
#7234 = CARTESIAN_POINT('',(-59.,0.));
#7235 = ( GEOMETRIC_REPRESENTATION_CONTEXT(2) 
PARAMETRIC_REPRESENTATION_CONTEXT() REPRESENTATION_CONTEXT('2D SPACE',''
  ) );
#7236 = PCURVE('',#3655,#7237);
#7237 = DEFINITIONAL_REPRESENTATION('',(#7238),#7242);
#7238 = LINE('',#7239,#7240);
#7239 = CARTESIAN_POINT('',(9.424777960769,1.570796326795));
#7240 = VECTOR('',#7241,1.);
#7241 = DIRECTION('',(-1.,0.));
#7242 = ( GEOMETRIC_REPRESENTATION_CONTEXT(2) 
PARAMETRIC_REPRESENTATION_CONTEXT() REPRESENTATION_CONTEXT('2D SPACE',''
  ) );
#7243 = ORIENTED_EDGE('',*,*,#7244,.F.);
#7244 = EDGE_CURVE('',#7245,#7217,#7247,.T.);
#7245 = VERTEX_POINT('',#7246);
#7246 = CARTESIAN_POINT('',(41.442624021114,-32.22978303129,27.));
#7247 = SURFACE_CURVE('',#7248,(#7253,#7264),.PCURVE_S1.);
#7248 = CIRCLE('',#7249,3.25);
#7249 = AXIS2_PLACEMENT_3D('',#7250,#7251,#7252);
#7250 = CARTESIAN_POINT('',(44.008119793849,-34.22496007609,27.));
#7251 = DIRECTION('',(0.,0.,-1.));
#7252 = DIRECTION('',(-1.,0.,0.));
#7253 = PCURVE('',#3575,#7254);
#7254 = DEFINITIONAL_REPRESENTATION('',(#7255),#7263);
#7255 = ( BOUNDED_CURVE() B_SPLINE_CURVE(2,(#7256,#7257,#7258,#7259,
#7260,#7261,#7262),.UNSPECIFIED.,.T.,.F.) B_SPLINE_CURVE_WITH_KNOTS((1,2
    ,2,2,2,1),(-2.094395102393,0.,2.094395102393,4.188790204786,
6.28318530718,8.377580409573),.UNSPECIFIED.) CURVE() 
GEOMETRIC_REPRESENTATION_ITEM() RATIONAL_B_SPLINE_CURVE((1.,0.5,1.,0.5,
1.,0.5,1.)) REPRESENTATION_ITEM('') );
#7256 = CARTESIAN_POINT('',(40.758119793849,-34.22496007609));
#7257 = CARTESIAN_POINT('',(40.758119793849,-28.59579495149));
#7258 = CARTESIAN_POINT('',(45.633119793849,-31.41037751379));
#7259 = CARTESIAN_POINT('',(50.508119793849,-34.22496007609));
#7260 = CARTESIAN_POINT('',(45.633119793849,-37.03954263839));
#7261 = CARTESIAN_POINT('',(40.758119793849,-39.85412520069));
#7262 = CARTESIAN_POINT('',(40.758119793849,-34.22496007609));
#7263 = ( GEOMETRIC_REPRESENTATION_CONTEXT(2) 
PARAMETRIC_REPRESENTATION_CONTEXT() REPRESENTATION_CONTEXT('2D SPACE',''
  ) );
#7264 = PCURVE('',#3741,#7265);
#7265 = DEFINITIONAL_REPRESENTATION('',(#7266),#7270);
#7266 = LINE('',#7267,#7268);
#7267 = CARTESIAN_POINT('',(3.14159265359,1.570796326795));
#7268 = VECTOR('',#7269,1.);
#7269 = DIRECTION('',(-1.,2.120369787642E-16));
#7270 = ( GEOMETRIC_REPRESENTATION_CONTEXT(2) 
PARAMETRIC_REPRESENTATION_CONTEXT() REPRESENTATION_CONTEXT('2D SPACE',''
  ) );
#7271 = ORIENTED_EDGE('',*,*,#7272,.T.);
#7272 = EDGE_CURVE('',#7245,#7273,#7275,.T.);
#7273 = VERTEX_POINT('',#7274);
#7274 = CARTESIAN_POINT('',(-41.44262402111,-32.22978303129,27.));
#7275 = SURFACE_CURVE('',#7276,(#7281,#7292),.PCURVE_S1.);
#7276 = CIRCLE('',#7277,52.5);
#7277 = AXIS2_PLACEMENT_3D('',#7278,#7279,#7280);
#7278 = CARTESIAN_POINT('',(0.,0.,27.));
#7279 = DIRECTION('',(0.,0.,-1.));
#7280 = DIRECTION('',(1.,0.,0.));
#7281 = PCURVE('',#3575,#7282);
#7282 = DEFINITIONAL_REPRESENTATION('',(#7283),#7291);
#7283 = ( BOUNDED_CURVE() B_SPLINE_CURVE(2,(#7284,#7285,#7286,#7287,
#7288,#7289,#7290),.UNSPECIFIED.,.T.,.F.) B_SPLINE_CURVE_WITH_KNOTS((1,2
    ,2,2,2,1),(-2.094395102393,0.,2.094395102393,4.188790204786,
6.28318530718,8.377580409573),.UNSPECIFIED.) CURVE() 
GEOMETRIC_REPRESENTATION_ITEM() RATIONAL_B_SPLINE_CURVE((1.,0.5,1.,0.5,
1.,0.5,1.)) REPRESENTATION_ITEM('') );
#7284 = CARTESIAN_POINT('',(52.5,0.));
#7285 = CARTESIAN_POINT('',(52.5,-90.93266739736));
#7286 = CARTESIAN_POINT('',(-26.25,-45.46633369868));
#7287 = CARTESIAN_POINT('',(-105.,-1.285879139105E-14));
#7288 = CARTESIAN_POINT('',(-26.25,45.466333698683));
#7289 = CARTESIAN_POINT('',(52.5,90.932667397366));
#7290 = CARTESIAN_POINT('',(52.5,0.));
#7291 = ( GEOMETRIC_REPRESENTATION_CONTEXT(2) 
PARAMETRIC_REPRESENTATION_CONTEXT() REPRESENTATION_CONTEXT('2D SPACE',''
  ) );
#7292 = PCURVE('',#7293,#7298);
#7293 = TOROIDAL_SURFACE('',#7294,52.5,1.);
#7294 = AXIS2_PLACEMENT_3D('',#7295,#7296,#7297);
#7295 = CARTESIAN_POINT('',(0.,0.,26.));
#7296 = DIRECTION('',(0.,0.,1.));
#7297 = DIRECTION('',(1.,0.,0.));
#7298 = DEFINITIONAL_REPRESENTATION('',(#7299),#7303);
#7299 = LINE('',#7300,#7301);
#7300 = CARTESIAN_POINT('',(6.28318530718,1.570796326795));
#7301 = VECTOR('',#7302,1.);
#7302 = DIRECTION('',(-1.,-9.762307086378E-16));
#7303 = ( GEOMETRIC_REPRESENTATION_CONTEXT(2) 
PARAMETRIC_REPRESENTATION_CONTEXT() REPRESENTATION_CONTEXT('2D SPACE',''
  ) );
#7304 = ORIENTED_EDGE('',*,*,#7305,.T.);
#7305 = EDGE_CURVE('',#7273,#7306,#7308,.T.);
#7306 = VERTEX_POINT('',#7307);
#7307 = CARTESIAN_POINT('',(-46.57361556658,-36.22013712088,27.));
#7308 = SURFACE_CURVE('',#7309,(#7314,#7321),.PCURVE_S1.);
#7309 = CIRCLE('',#7310,3.25);
#7310 = AXIS2_PLACEMENT_3D('',#7311,#7312,#7313);
#7311 = CARTESIAN_POINT('',(-44.00811979384,-34.22496007609,27.));
#7312 = DIRECTION('',(0.,0.,1.));
#7313 = DIRECTION('',(1.,0.,0.));
#7314 = PCURVE('',#3575,#7315);
#7315 = DEFINITIONAL_REPRESENTATION('',(#7316),#7320);
#7316 = CIRCLE('',#7317,3.25);
#7317 = AXIS2_PLACEMENT_2D('',#7318,#7319);
#7318 = CARTESIAN_POINT('',(-44.00811979384,-34.22496007609));
#7319 = DIRECTION('',(1.,0.));
#7320 = ( GEOMETRIC_REPRESENTATION_CONTEXT(2) 
PARAMETRIC_REPRESENTATION_CONTEXT() REPRESENTATION_CONTEXT('2D SPACE',''
  ) );
#7321 = PCURVE('',#5143,#7322);
#7322 = DEFINITIONAL_REPRESENTATION('',(#7323),#7327);
#7323 = LINE('',#7324,#7325);
#7324 = CARTESIAN_POINT('',(-1.33226762955E-15,1.570796326795));
#7325 = VECTOR('',#7326,1.);
#7326 = DIRECTION('',(1.,-5.654319433713E-16));
#7327 = ( GEOMETRIC_REPRESENTATION_CONTEXT(2) 
PARAMETRIC_REPRESENTATION_CONTEXT() REPRESENTATION_CONTEXT('2D SPACE',''
  ) );
#7328 = ORIENTED_EDGE('',*,*,#7329,.T.);
#7329 = EDGE_CURVE('',#7306,#4960,#7330,.T.);
#7330 = SURFACE_CURVE('',#7331,(#7336,#7343),.PCURVE_S1.);
#7331 = CIRCLE('',#7332,59.);
#7332 = AXIS2_PLACEMENT_3D('',#7333,#7334,#7335);
#7333 = CARTESIAN_POINT('',(0.,0.,27.));
#7334 = DIRECTION('',(0.,0.,1.));
#7335 = DIRECTION('',(1.,0.,0.));
#7336 = PCURVE('',#3575,#7337);
#7337 = DEFINITIONAL_REPRESENTATION('',(#7338),#7342);
#7338 = CIRCLE('',#7339,59.);
#7339 = AXIS2_PLACEMENT_2D('',#7340,#7341);
#7340 = CARTESIAN_POINT('',(0.,0.));
#7341 = DIRECTION('',(1.,0.));
#7342 = ( GEOMETRIC_REPRESENTATION_CONTEXT(2) 
PARAMETRIC_REPRESENTATION_CONTEXT() REPRESENTATION_CONTEXT('2D SPACE',''
  ) );
#7343 = PCURVE('',#5011,#7344);
#7344 = DEFINITIONAL_REPRESENTATION('',(#7345),#7349);
#7345 = LINE('',#7346,#7347);
#7346 = CARTESIAN_POINT('',(-4.440892098501E-16,1.570796326807));
#7347 = VECTOR('',#7348,1.);
#7348 = DIRECTION('',(1.,-3.102956510535E-12));
#7349 = ( GEOMETRIC_REPRESENTATION_CONTEXT(2) 
PARAMETRIC_REPRESENTATION_CONTEXT() REPRESENTATION_CONTEXT('2D SPACE',''
  ) );
#7350 = ADVANCED_FACE('',(#7351),#3789,.F.);
#7351 = FACE_BOUND('',#7352,.F.);
#7352 = EDGE_LOOP('',(#7353,#7375,#7376,#7398));
#7353 = ORIENTED_EDGE('',*,*,#7354,.F.);
#7354 = EDGE_CURVE('',#3198,#4651,#7355,.T.);
#7355 = SURFACE_CURVE('',#7356,(#7361,#7368),.PCURVE_S1.);
#7356 = CIRCLE('',#7357,51.5);
#7357 = AXIS2_PLACEMENT_3D('',#7358,#7359,#7360);
#7358 = CARTESIAN_POINT('',(0.,0.,19.));
#7359 = DIRECTION('',(0.,0.,-1.));
#7360 = DIRECTION('',(-1.,0.,0.));
#7361 = PCURVE('',#3789,#7362);
#7362 = DEFINITIONAL_REPRESENTATION('',(#7363),#7367);
#7363 = LINE('',#7364,#7365);
#7364 = CARTESIAN_POINT('',(-4.440892098501E-16,8.));
#7365 = VECTOR('',#7366,1.);
#7366 = DIRECTION('',(1.,0.));
#7367 = ( GEOMETRIC_REPRESENTATION_CONTEXT(2) 
PARAMETRIC_REPRESENTATION_CONTEXT() REPRESENTATION_CONTEXT('2D SPACE',''
  ) );
#7368 = PCURVE('',#3250,#7369);
#7369 = DEFINITIONAL_REPRESENTATION('',(#7370),#7374);
#7370 = LINE('',#7371,#7372);
#7371 = CARTESIAN_POINT('',(-4.440892098501E-16,0.));
#7372 = VECTOR('',#7373,1.);
#7373 = DIRECTION('',(1.,0.));
#7374 = ( GEOMETRIC_REPRESENTATION_CONTEXT(2) 
PARAMETRIC_REPRESENTATION_CONTEXT() REPRESENTATION_CONTEXT('2D SPACE',''
  ) );
#7375 = ORIENTED_EDGE('',*,*,#3775,.F.);
#7376 = ORIENTED_EDGE('',*,*,#7377,.F.);
#7377 = EDGE_CURVE('',#5127,#3725,#7378,.T.);
#7378 = SURFACE_CURVE('',#7379,(#7384,#7391),.PCURVE_S1.);
#7379 = CIRCLE('',#7380,51.5);
#7380 = AXIS2_PLACEMENT_3D('',#7381,#7382,#7383);
#7381 = CARTESIAN_POINT('',(0.,0.,26.));
#7382 = DIRECTION('',(0.,0.,1.));
#7383 = DIRECTION('',(1.,0.,0.));
#7384 = PCURVE('',#3789,#7385);
#7385 = DEFINITIONAL_REPRESENTATION('',(#7386),#7390);
#7386 = LINE('',#7387,#7388);
#7387 = CARTESIAN_POINT('',(9.424777960769,1.));
#7388 = VECTOR('',#7389,1.);
#7389 = DIRECTION('',(-1.,0.));
#7390 = ( GEOMETRIC_REPRESENTATION_CONTEXT(2) 
PARAMETRIC_REPRESENTATION_CONTEXT() REPRESENTATION_CONTEXT('2D SPACE',''
  ) );
#7391 = PCURVE('',#7293,#7392);
#7392 = DEFINITIONAL_REPRESENTATION('',(#7393),#7397);
#7393 = LINE('',#7394,#7395);
#7394 = CARTESIAN_POINT('',(-4.440892098501E-16,3.14159265359));
#7395 = VECTOR('',#7396,1.);
#7396 = DIRECTION('',(1.,8.053903346262E-15));
#7397 = ( GEOMETRIC_REPRESENTATION_CONTEXT(2) 
PARAMETRIC_REPRESENTATION_CONTEXT() REPRESENTATION_CONTEXT('2D SPACE',''
  ) );
#7398 = ORIENTED_EDGE('',*,*,#5155,.T.);
#7399 = ADVANCED_FACE('',(#7400),#3707,.F.);
#7400 = FACE_BOUND('',#7401,.F.);
#7401 = EDGE_LOOP('',(#7402,#7424,#7425,#7447));
#7402 = ORIENTED_EDGE('',*,*,#7403,.T.);
#7403 = EDGE_CURVE('',#1780,#111,#7404,.T.);
#7404 = SURFACE_CURVE('',#7405,(#7410,#7417),.PCURVE_S1.);
#7405 = CIRCLE('',#7406,51.5);
#7406 = AXIS2_PLACEMENT_3D('',#7407,#7408,#7409);
#7407 = CARTESIAN_POINT('',(0.,0.,-8.));
#7408 = DIRECTION('',(0.,0.,1.));
#7409 = DIRECTION('',(-1.,0.,0.));
#7410 = PCURVE('',#3707,#7411);
#7411 = DEFINITIONAL_REPRESENTATION('',(#7412),#7416);
#7412 = LINE('',#7413,#7414);
#7413 = CARTESIAN_POINT('',(6.28318530718,35.));
#7414 = VECTOR('',#7415,1.);
#7415 = DIRECTION('',(-1.,0.));
#7416 = ( GEOMETRIC_REPRESENTATION_CONTEXT(2) 
PARAMETRIC_REPRESENTATION_CONTEXT() REPRESENTATION_CONTEXT('2D SPACE',''
  ) );
#7417 = PCURVE('',#132,#7418);
#7418 = DEFINITIONAL_REPRESENTATION('',(#7419),#7423);
#7419 = LINE('',#7420,#7421);
#7420 = CARTESIAN_POINT('',(3.14159265359,6.28318530718));
#7421 = VECTOR('',#7422,1.);
#7422 = DIRECTION('',(1.,0.));
#7423 = ( GEOMETRIC_REPRESENTATION_CONTEXT(2) 
PARAMETRIC_REPRESENTATION_CONTEXT() REPRESENTATION_CONTEXT('2D SPACE',''
  ) );
#7424 = ORIENTED_EDGE('',*,*,#3693,.F.);
#7425 = ORIENTED_EDGE('',*,*,#7426,.F.);
#7426 = EDGE_CURVE('',#4285,#3144,#7427,.T.);
#7427 = SURFACE_CURVE('',#7428,(#7433,#7440),.PCURVE_S1.);
#7428 = CIRCLE('',#7429,51.5);
#7429 = AXIS2_PLACEMENT_3D('',#7430,#7431,#7432);
#7430 = CARTESIAN_POINT('',(0.,0.,8.));
#7431 = DIRECTION('',(0.,0.,1.));
#7432 = DIRECTION('',(-1.,0.,0.));
#7433 = PCURVE('',#3707,#7434);
#7434 = DEFINITIONAL_REPRESENTATION('',(#7435),#7439);
#7435 = LINE('',#7436,#7437);
#7436 = CARTESIAN_POINT('',(6.28318530718,19.));
#7437 = VECTOR('',#7438,1.);
#7438 = DIRECTION('',(-1.,0.));
#7439 = ( GEOMETRIC_REPRESENTATION_CONTEXT(2) 
PARAMETRIC_REPRESENTATION_CONTEXT() REPRESENTATION_CONTEXT('2D SPACE',''
  ) );
#7440 = PCURVE('',#3160,#7441);
#7441 = DEFINITIONAL_REPRESENTATION('',(#7442),#7446);
#7442 = LINE('',#7443,#7444);
#7443 = CARTESIAN_POINT('',(6.28318530718,6.28318530718));
#7444 = VECTOR('',#7445,1.);
#7445 = DIRECTION('',(-1.,0.));
#7446 = ( GEOMETRIC_REPRESENTATION_CONTEXT(2) 
PARAMETRIC_REPRESENTATION_CONTEXT() REPRESENTATION_CONTEXT('2D SPACE',''
  ) );
#7447 = ORIENTED_EDGE('',*,*,#5078,.T.);
#7448 = ADVANCED_FACE('',(#7449),#7293,.T.);
#7449 = FACE_BOUND('',#7450,.T.);
#7450 = EDGE_LOOP('',(#7451,#7452,#7474,#7475));
#7451 = ORIENTED_EDGE('',*,*,#7272,.F.);
#7452 = ORIENTED_EDGE('',*,*,#7453,.T.);
#7453 = EDGE_CURVE('',#7245,#3725,#7454,.T.);
#7454 = SURFACE_CURVE('',#7455,(#7460,#7467),.PCURVE_S1.);
#7455 = CIRCLE('',#7456,1.);
#7456 = AXIS2_PLACEMENT_3D('',#7457,#7458,#7459);
#7457 = CARTESIAN_POINT('',(41.442624021114,-32.22978303129,26.));
#7458 = DIRECTION('',(-0.613900629168,-0.789383314688,0.));
#7459 = DIRECTION('',(0.789383314688,-0.613900629168,0.));
#7460 = PCURVE('',#7293,#7461);
#7461 = DEFINITIONAL_REPRESENTATION('',(#7462),#7466);
#7462 = LINE('',#7463,#7464);
#7463 = CARTESIAN_POINT('',(5.622192791965,4.440892098501E-15));
#7464 = VECTOR('',#7465,1.);
#7465 = DIRECTION('',(0.,1.));
#7466 = ( GEOMETRIC_REPRESENTATION_CONTEXT(2) 
PARAMETRIC_REPRESENTATION_CONTEXT() REPRESENTATION_CONTEXT('2D SPACE',''
  ) );
#7467 = PCURVE('',#3741,#7468);
#7468 = DEFINITIONAL_REPRESENTATION('',(#7469),#7473);
#7469 = LINE('',#7470,#7471);
#7470 = CARTESIAN_POINT('',(2.480600138375,3.14159265359));
#7471 = VECTOR('',#7472,1.);
#7472 = DIRECTION('',(2.827159716856E-16,-1.));
#7473 = ( GEOMETRIC_REPRESENTATION_CONTEXT(2) 
PARAMETRIC_REPRESENTATION_CONTEXT() REPRESENTATION_CONTEXT('2D SPACE',''
  ) );
#7474 = ORIENTED_EDGE('',*,*,#7377,.F.);
#7475 = ORIENTED_EDGE('',*,*,#7476,.F.);
#7476 = EDGE_CURVE('',#7273,#5127,#7477,.T.);
#7477 = SURFACE_CURVE('',#7478,(#7483,#7490),.PCURVE_S1.);
#7478 = CIRCLE('',#7479,1.);
#7479 = AXIS2_PLACEMENT_3D('',#7480,#7481,#7482);
#7480 = CARTESIAN_POINT('',(-41.44262402111,-32.22978303129,26.));
#7481 = DIRECTION('',(-0.613900629168,0.789383314688,0.));
#7482 = DIRECTION('',(-0.789383314688,-0.613900629168,0.));
#7483 = PCURVE('',#7293,#7484);
#7484 = DEFINITIONAL_REPRESENTATION('',(#7485),#7489);
#7485 = LINE('',#7486,#7487);
#7486 = CARTESIAN_POINT('',(3.802585168805,2.6645352591E-15));
#7487 = VECTOR('',#7488,1.);
#7488 = DIRECTION('',(0.,1.));
#7489 = ( GEOMETRIC_REPRESENTATION_CONTEXT(2) 
PARAMETRIC_REPRESENTATION_CONTEXT() REPRESENTATION_CONTEXT('2D SPACE',''
  ) );
#7490 = PCURVE('',#5143,#7491);
#7491 = DEFINITIONAL_REPRESENTATION('',(#7492),#7496);
#7492 = LINE('',#7493,#7494);
#7493 = CARTESIAN_POINT('',(0.660992515215,3.14159265359));
#7494 = VECTOR('',#7495,1.);
#7495 = DIRECTION('',(7.774689221355E-16,-1.));
#7496 = ( GEOMETRIC_REPRESENTATION_CONTEXT(2) 
PARAMETRIC_REPRESENTATION_CONTEXT() REPRESENTATION_CONTEXT('2D SPACE',''
  ) );
#7497 = ADVANCED_FACE('',(#7498),#5143,.T.);
#7498 = FACE_BOUND('',#7499,.T.);
#7499 = EDGE_LOOP('',(#7500,#7501,#7502,#7524));
#7500 = ORIENTED_EDGE('',*,*,#7476,.T.);
#7501 = ORIENTED_EDGE('',*,*,#5124,.F.);
#7502 = ORIENTED_EDGE('',*,*,#7503,.F.);
#7503 = EDGE_CURVE('',#7306,#5125,#7504,.T.);
#7504 = SURFACE_CURVE('',#7505,(#7510,#7517),.PCURVE_S1.);
#7505 = CIRCLE('',#7506,1.);
#7506 = AXIS2_PLACEMENT_3D('',#7507,#7508,#7509);
#7507 = CARTESIAN_POINT('',(-46.57361556658,-36.22013712088,26.));
#7508 = DIRECTION('',(0.613900629168,-0.789383314688,0.));
#7509 = DIRECTION('',(0.789383314688,0.613900629168,0.));
#7510 = PCURVE('',#5143,#7511);
#7511 = DEFINITIONAL_REPRESENTATION('',(#7512),#7516);
#7512 = LINE('',#7513,#7514);
#7513 = CARTESIAN_POINT('',(3.802585168805,3.14159265359));
#7514 = VECTOR('',#7515,1.);
#7515 = DIRECTION('',(1.696295830114E-15,-1.));
#7516 = ( GEOMETRIC_REPRESENTATION_CONTEXT(2) 
PARAMETRIC_REPRESENTATION_CONTEXT() REPRESENTATION_CONTEXT('2D SPACE',''
  ) );
#7517 = PCURVE('',#5011,#7518);
#7518 = DEFINITIONAL_REPRESENTATION('',(#7519),#7523);
#7519 = LINE('',#7520,#7521);
#7520 = CARTESIAN_POINT('',(3.802585168805,3.14159265359));
#7521 = VECTOR('',#7522,1.);
#7522 = DIRECTION('',(0.,-1.));
#7523 = ( GEOMETRIC_REPRESENTATION_CONTEXT(2) 
PARAMETRIC_REPRESENTATION_CONTEXT() REPRESENTATION_CONTEXT('2D SPACE',''
  ) );
#7524 = ORIENTED_EDGE('',*,*,#7305,.F.);
#7525 = ADVANCED_FACE('',(#7526),#5011,.T.);
#7526 = FACE_BOUND('',#7527,.T.);
#7527 = EDGE_LOOP('',(#7528,#7529,#7530,#7531));
#7528 = ORIENTED_EDGE('',*,*,#7503,.T.);
#7529 = ORIENTED_EDGE('',*,*,#6255,.F.);
#7530 = ORIENTED_EDGE('',*,*,#4994,.F.);
#7531 = ORIENTED_EDGE('',*,*,#7329,.F.);
#7532 = ADVANCED_FACE('',(#7533),#5062,.T.);
#7533 = FACE_BOUND('',#7534,.T.);
#7534 = EDGE_LOOP('',(#7535,#7536,#7537,#7538));
#7535 = ORIENTED_EDGE('',*,*,#5047,.T.);
#7536 = ORIENTED_EDGE('',*,*,#6636,.F.);
#7537 = ORIENTED_EDGE('',*,*,#6708,.F.);
#7538 = ORIENTED_EDGE('',*,*,#7172,.F.);
#7539 = ADVANCED_FACE('',(#7540),#3250,.F.);
#7540 = FACE_BOUND('',#7541,.F.);
#7541 = EDGE_LOOP('',(#7542,#7543,#7544,#7545));
#7542 = ORIENTED_EDGE('',*,*,#4650,.T.);
#7543 = ORIENTED_EDGE('',*,*,#5776,.T.);
#7544 = ORIENTED_EDGE('',*,*,#3233,.F.);
#7545 = ORIENTED_EDGE('',*,*,#7354,.T.);
#7546 = ADVANCED_FACE('',(#7547),#3160,.F.);
#7547 = FACE_BOUND('',#7548,.F.);
#7548 = EDGE_LOOP('',(#7549,#7550,#7551,#7552));
#7549 = ORIENTED_EDGE('',*,*,#4282,.T.);
#7550 = ORIENTED_EDGE('',*,*,#7426,.T.);
#7551 = ORIENTED_EDGE('',*,*,#3143,.F.);
#7552 = ORIENTED_EDGE('',*,*,#5723,.T.);
#7553 = ADVANCED_FACE('',(#7554),#5650,.T.);
#7554 = FACE_BOUND('',#7555,.T.);
#7555 = EDGE_LOOP('',(#7556,#7557,#7632,#7633));
#7556 = ORIENTED_EDGE('',*,*,#6480,.F.);
#7557 = ORIENTED_EDGE('',*,*,#7558,.T.);
#7558 = EDGE_CURVE('',#6481,#5630,#7559,.T.);
#7559 = SURFACE_CURVE('',#7560,(#7574,#7603),.PCURVE_S1.);
#7560 = B_SPLINE_CURVE_WITH_KNOTS('',3,(#7561,#7562,#7563,#7564,#7565,
    #7566,#7567,#7568,#7569,#7570,#7571,#7572,#7573),.UNSPECIFIED.,.F.,
  .F.,(4,3,3,3,4),(1.43049E-17,4.17503795318E-04,9.20442065775E-04,
    1.88482138753E-03,2.46414327089E-03),.UNSPECIFIED.);
#7561 = CARTESIAN_POINT('',(38.61447983819,-18.91882519677,10.));
#7562 = CARTESIAN_POINT('',(38.61447983819,-18.91882519677,
    9.858352515499));
#7563 = CARTESIAN_POINT('',(38.606838839349,-19.00399243394,
    9.733312537847));
#7564 = CARTESIAN_POINT('',(38.600161654105,-19.10307828834,
    9.636128260168));
#7565 = CARTESIAN_POINT('',(38.592118105673,-19.22244024096,
    9.519057006974));
#7566 = CARTESIAN_POINT('',(38.585037302661,-19.36714940093,
    9.42968685203));
#7567 = CARTESIAN_POINT('',(38.581860642479,-19.51542575344,
    9.353961454161));
#7568 = CARTESIAN_POINT('',(38.575769426972,-19.79974424076,
    9.208758728248));
#7569 = CARTESIAN_POINT('',(38.583357754862,-20.11009543544,
    9.111138045858));
#7570 = CARTESIAN_POINT('',(38.608086513758,-20.42123971938,
    9.053870806495));
#7571 = CARTESIAN_POINT('',(38.622941572192,-20.60815029337,
    9.019469234194));
#7572 = CARTESIAN_POINT('',(38.643810337717,-20.79707113771,9.));
#7573 = CARTESIAN_POINT('',(38.671357462827,-20.9887139192,9.));
#7574 = PCURVE('',#5650,#7575);
#7575 = DEFINITIONAL_REPRESENTATION('',(#7576),#7602);
#7576 = B_SPLINE_CURVE_WITH_KNOTS('',3,(#7577,#7578,#7579,#7580,#7581,
    #7582,#7583,#7584,#7585,#7586,#7587,#7588,#7589,#7590,#7591,#7592,
    #7593,#7594,#7595,#7596,#7597,#7598,#7599,#7600,#7601),
  .UNSPECIFIED.,.F.,.F.,(4,1,1,1,1,1,1,1,1,1,1,1,1,1,1,1,1,1,1,1,1,1,4),
  (1.43049E-17,1.120065123132E-04,2.240130246264E-04,3.360195369396E-04,
    4.480260492527E-04,5.600325615659E-04,6.720390738791E-04,
    7.840455861923E-04,8.960520985055E-04,1.008058610819E-03,
    1.120065123132E-03,1.232071635445E-03,1.344078147758E-03,
    1.456084660071E-03,1.568091172385E-03,1.680097684698E-03,
    1.792104197011E-03,1.904110709324E-03,2.016117221637E-03,
    2.12812373395E-03,2.240130246264E-03,2.352136758577E-03,
    2.46414327089E-03),.QUASI_UNIFORM_KNOTS.);
#7577 = CARTESIAN_POINT('',(3.597160902855,3.14159265359));
#7578 = CARTESIAN_POINT('',(3.597160870419,3.103638057112));
#7579 = CARTESIAN_POINT('',(3.597428395681,3.029930895667));
#7580 = CARTESIAN_POINT('',(3.598447333063,2.926757154153));
#7581 = CARTESIAN_POINT('',(3.599904735638,2.831195616609));
#7582 = CARTESIAN_POINT('',(3.601600640976,2.745416446159));
#7583 = CARTESIAN_POINT('',(3.603423642707,2.666253559572));
#7584 = CARTESIAN_POINT('',(3.605360680038,2.591779347835));
#7585 = CARTESIAN_POINT('',(3.607374056202,2.521127593021));
#7586 = CARTESIAN_POINT('',(3.609432087814,2.453353105063));
#7587 = CARTESIAN_POINT('',(3.611504683108,2.387607233276));
#7588 = CARTESIAN_POINT('',(3.613603837907,2.323145033309));
#7589 = CARTESIAN_POINT('',(3.615720029801,2.259827966149));
#7590 = CARTESIAN_POINT('',(3.617848776603,2.197370361713));
#7591 = CARTESIAN_POINT('',(3.619984278505,2.135533328497));
#7592 = CARTESIAN_POINT('',(3.622121184925,2.074079549401));
#7593 = CARTESIAN_POINT('',(3.624253900468,2.012794542101));
#7594 = CARTESIAN_POINT('',(3.626377608314,1.951475649744));
#7595 = CARTESIAN_POINT('',(3.628484883362,1.889980136377));
#7596 = CARTESIAN_POINT('',(3.630578988073,1.828056799269));
#7597 = CARTESIAN_POINT('',(3.632662934238,1.765460589076));
#7598 = CARTESIAN_POINT('',(3.634736079766,1.701955495883));
#7599 = CARTESIAN_POINT('',(3.636798755253,1.637266380452));
#7600 = CARTESIAN_POINT('',(3.638166931992,1.593150559816));
#7601 = CARTESIAN_POINT('',(3.638849308145,1.570796326795));
#7602 = ( GEOMETRIC_REPRESENTATION_CONTEXT(2) 
PARAMETRIC_REPRESENTATION_CONTEXT() REPRESENTATION_CONTEXT('2D SPACE',''
  ) );
#7603 = PCURVE('',#5679,#7604);
#7604 = DEFINITIONAL_REPRESENTATION('',(#7605),#7631);
#7605 = B_SPLINE_CURVE_WITH_KNOTS('',3,(#7606,#7607,#7608,#7609,#7610,
    #7611,#7612,#7613,#7614,#7615,#7616,#7617,#7618,#7619,#7620,#7621,
    #7622,#7623,#7624,#7625,#7626,#7627,#7628,#7629,#7630),
  .UNSPECIFIED.,.F.,.F.,(4,1,1,1,1,1,1,1,1,1,1,1,1,1,1,1,1,1,1,1,1,1,4),
  (1.43049E-17,1.120065123132E-04,2.240130246264E-04,3.360195369396E-04,
    4.480260492527E-04,5.600325615659E-04,6.720390738791E-04,
    7.840455861923E-04,8.960520985055E-04,1.008058610819E-03,
    1.120065123132E-03,1.232071635445E-03,1.344078147758E-03,
    1.456084660071E-03,1.568091172385E-03,1.680097684698E-03,
    1.792104197011E-03,1.904110709324E-03,2.016117221637E-03,
    2.12812373395E-03,2.240130246264E-03,2.352136758577E-03,
    2.46414327089E-03),.QUASI_UNIFORM_KNOTS.);
#7606 = CARTESIAN_POINT('',(3.229413448488,0.));
#7607 = CARTESIAN_POINT('',(3.229413426053,3.800071016065E-02));
#7608 = CARTESIAN_POINT('',(3.228044996326,0.111621583607));
#7609 = CARTESIAN_POINT('',(3.222817780559,0.213517996795));
#7610 = CARTESIAN_POINT('',(3.215316298486,0.305846824352));
#7611 = CARTESIAN_POINT('',(3.206546829781,0.386313390645));
#7612 = CARTESIAN_POINT('',(3.19706612227,0.45819897372));
#7613 = CARTESIAN_POINT('',(3.186934591914,0.523183306746));
#7614 = CARTESIAN_POINT('',(3.17633850989,0.58200579159));
#7615 = CARTESIAN_POINT('',(3.165434408591,0.635618428036));
#7616 = CARTESIAN_POINT('',(3.154370199218,0.685063155506));
#7617 = CARTESIAN_POINT('',(3.143077531514,0.730780486338));
#7618 = CARTESIAN_POINT('',(3.131602220431,0.772748921836));
#7619 = CARTESIAN_POINT('',(3.119963517981,0.811060343575));
#7620 = CARTESIAN_POINT('',(3.108187807884,0.845776425982));
#7621 = CARTESIAN_POINT('',(3.096299225322,0.876966291808));
#7622 = CARTESIAN_POINT('',(3.084323284704,0.904699477657));
#7623 = CARTESIAN_POINT('',(3.072281534942,0.929036416397));
#7624 = CARTESIAN_POINT('',(3.060209087144,0.950073541982));
#7625 = CARTESIAN_POINT('',(3.048085690914,0.967763647946));
#7626 = CARTESIAN_POINT('',(3.035890924359,0.981864425947));
#7627 = CARTESIAN_POINT('',(3.023623241649,0.992191354325));
#7628 = CARTESIAN_POINT('',(3.011275949658,0.998544422209));
#7629 = CARTESIAN_POINT('',(3.002987741037,1.));
#7630 = CARTESIAN_POINT('',(2.998828503603,1.));
#7631 = ( GEOMETRIC_REPRESENTATION_CONTEXT(2) 
PARAMETRIC_REPRESENTATION_CONTEXT() REPRESENTATION_CONTEXT('2D SPACE',''
  ) );
#7632 = ORIENTED_EDGE('',*,*,#5629,.F.);
#7633 = ORIENTED_EDGE('',*,*,#7013,.F.);
#7634 = ADVANCED_FACE('',(#7635),#3966,.T.);
#7635 = FACE_BOUND('',#7636,.T.);
#7636 = EDGE_LOOP('',(#7637,#7638,#7639,#7640,#7641,#7642));
#7637 = ORIENTED_EDGE('',*,*,#5826,.F.);
#7638 = ORIENTED_EDGE('',*,*,#3924,.T.);
#7639 = ORIENTED_EDGE('',*,*,#3977,.T.);
#7640 = ORIENTED_EDGE('',*,*,#6549,.F.);
#7641 = ORIENTED_EDGE('',*,*,#5201,.F.);
#7642 = ORIENTED_EDGE('',*,*,#5282,.F.);
#7643 = ADVANCED_FACE('',(#7644),#5584,.T.);
#7644 = FACE_BOUND('',#7645,.T.);
#7645 = EDGE_LOOP('',(#7646,#7647,#7648,#7669));
#7646 = ORIENTED_EDGE('',*,*,#7089,.F.);
#7647 = ORIENTED_EDGE('',*,*,#5567,.F.);
#7648 = ORIENTED_EDGE('',*,*,#7649,.F.);
#7649 = EDGE_CURVE('',#5854,#4314,#7650,.T.);
#7650 = SURFACE_CURVE('',#7651,(#7656,#7663),.PCURVE_S1.);
#7651 = CIRCLE('',#7652,1.);
#7652 = AXIS2_PLACEMENT_3D('',#7653,#7654,#7655);
#7653 = CARTESIAN_POINT('',(-49.05548921271,-32.78046641066,10.));
#7654 = DIRECTION('',(0.555601125605,-0.831448969707,5.769336E-15));
#7655 = DIRECTION('',(0.831448969707,0.555601125605,3.944304526105E-31)
  );
#7656 = PCURVE('',#5584,#7657);
#7657 = DEFINITIONAL_REPRESENTATION('',(#7658),#7662);
#7658 = LINE('',#7659,#7660);
#7659 = CARTESIAN_POINT('',(5.694099529974,-3.14159265359));
#7660 = VECTOR('',#7661,1.);
#7661 = DIRECTION('',(0.,1.));
#7662 = ( GEOMETRIC_REPRESENTATION_CONTEXT(2) 
PARAMETRIC_REPRESENTATION_CONTEXT() REPRESENTATION_CONTEXT('2D SPACE',''
  ) );
#7663 = PCURVE('',#4382,#7664);
#7664 = DEFINITIONAL_REPRESENTATION('',(#7665),#7668);
#7665 = B_SPLINE_CURVE_WITH_KNOTS('',1,(#7666,#7667),.UNSPECIFIED.,.F.,
  .F.,(2,2),(3.14159265359,4.712388980385),.PIECEWISE_BEZIER_KNOTS.);
#7666 = CARTESIAN_POINT('',(-1.357303158697E-17,1.));
#7667 = CARTESIAN_POINT('',(-1.314952783068E-18,0.));
#7668 = ( GEOMETRIC_REPRESENTATION_CONTEXT(2) 
PARAMETRIC_REPRESENTATION_CONTEXT() REPRESENTATION_CONTEXT('2D SPACE',''
  ) );
#7669 = ORIENTED_EDGE('',*,*,#5851,.F.);
#7670 = ADVANCED_FACE('',(#7671),#4382,.T.);
#7671 = FACE_BOUND('',#7672,.T.);
#7672 = EDGE_LOOP('',(#7673,#7674,#7675,#7676));
#7673 = ORIENTED_EDGE('',*,*,#7649,.T.);
#7674 = ORIENTED_EDGE('',*,*,#4341,.F.);
#7675 = ORIENTED_EDGE('',*,*,#4524,.F.);
#7676 = ORIENTED_EDGE('',*,*,#5877,.F.);
#7677 = ADVANCED_FACE('',(#7678),#5405,.T.);
#7678 = FACE_BOUND('',#7679,.T.);
#7679 = EDGE_LOOP('',(#7680,#7681,#7682,#7703));
#7680 = ORIENTED_EDGE('',*,*,#5354,.F.);
#7681 = ORIENTED_EDGE('',*,*,#6355,.F.);
#7682 = ORIENTED_EDGE('',*,*,#7683,.F.);
#7683 = EDGE_CURVE('',#4620,#6279,#7684,.T.);
#7684 = SURFACE_CURVE('',#7685,(#7690,#7697),.PCURVE_S1.);
#7685 = CIRCLE('',#7686,1.);
#7686 = AXIS2_PLACEMENT_3D('',#7687,#7688,#7689);
#7687 = CARTESIAN_POINT('',(-49.05548921271,-32.78046641066,17.));
#7688 = DIRECTION('',(0.555601125605,-0.831448969707,0.));
#7689 = DIRECTION('',(0.831448969707,0.555601125605,0.));
#7690 = PCURVE('',#5405,#7691);
#7691 = DEFINITIONAL_REPRESENTATION('',(#7692),#7696);
#7692 = LINE('',#7693,#7694);
#7693 = CARTESIAN_POINT('',(5.694099529974,3.14159265359));
#7694 = VECTOR('',#7695,1.);
#7695 = DIRECTION('',(0.,1.));
#7696 = ( GEOMETRIC_REPRESENTATION_CONTEXT(2) 
PARAMETRIC_REPRESENTATION_CONTEXT() REPRESENTATION_CONTEXT('2D SPACE',''
  ) );
#7697 = PCURVE('',#4746,#7698);
#7698 = DEFINITIONAL_REPRESENTATION('',(#7699),#7702);
#7699 = B_SPLINE_CURVE_WITH_KNOTS('',1,(#7700,#7701),.UNSPECIFIED.,.F.,
  .F.,(2,2),(1.570796326795,3.14159265359),.PIECEWISE_BEZIER_KNOTS.);
#7700 = CARTESIAN_POINT('',(1.167339570061E-17,1.));
#7701 = CARTESIAN_POINT('',(1.229389849347E-18,0.));
#7702 = ( GEOMETRIC_REPRESENTATION_CONTEXT(2) 
PARAMETRIC_REPRESENTATION_CONTEXT() REPRESENTATION_CONTEXT('2D SPACE',''
  ) );
#7703 = ORIENTED_EDGE('',*,*,#5749,.F.);
#7704 = ADVANCED_FACE('',(#7705),#4746,.T.);
#7705 = FACE_BOUND('',#7706,.T.);
#7706 = EDGE_LOOP('',(#7707,#7708,#7709,#7710));
#7707 = ORIENTED_EDGE('',*,*,#6278,.F.);
#7708 = ORIENTED_EDGE('',*,*,#4703,.F.);
#7709 = ORIENTED_EDGE('',*,*,#4888,.F.);
#7710 = ORIENTED_EDGE('',*,*,#7683,.T.);
#7711 = ADVANCED_FACE('',(#7712),#1010,.T.);
#7712 = FACE_BOUND('',#7713,.T.);
#7713 = EDGE_LOOP('',(#7714,#7740,#7766,#7767,#7793,#7817,#7892,#7893,
    #7915,#7936,#7958,#7959,#8036,#8058,#8080,#8081,#8105,#8134,#8209,
    #8210));
#7714 = ORIENTED_EDGE('',*,*,#7715,.F.);
#7715 = EDGE_CURVE('',#7716,#7718,#7720,.T.);
#7716 = VERTEX_POINT('',#7717);
#7717 = CARTESIAN_POINT('',(54.132875781272,-25.8772440505,10.));
#7718 = VERTEX_POINT('',#7719);
#7719 = CARTESIAN_POINT('',(49.886938182426,-33.33606753627,10.));
#7720 = SURFACE_CURVE('',#7721,(#7726,#7733),.PCURVE_S1.);
#7721 = CIRCLE('',#7722,60.);
#7722 = AXIS2_PLACEMENT_3D('',#7723,#7724,#7725);
#7723 = CARTESIAN_POINT('',(0.,0.,10.));
#7724 = DIRECTION('',(0.,0.,-1.));
#7725 = DIRECTION('',(1.,0.,0.));
#7726 = PCURVE('',#1010,#7727);
#7727 = DEFINITIONAL_REPRESENTATION('',(#7728),#7732);
#7728 = LINE('',#7729,#7730);
#7729 = CARTESIAN_POINT('',(0.,8.));
#7730 = VECTOR('',#7731,1.);
#7731 = DIRECTION('',(1.,0.));
#7732 = ( GEOMETRIC_REPRESENTATION_CONTEXT(2) 
PARAMETRIC_REPRESENTATION_CONTEXT() REPRESENTATION_CONTEXT('2D SPACE',''
  ) );
#7733 = PCURVE('',#5710,#7734);
#7734 = DEFINITIONAL_REPRESENTATION('',(#7735),#7739);
#7735 = LINE('',#7736,#7737);
#7736 = CARTESIAN_POINT('',(3.14159265359,0.));
#7737 = VECTOR('',#7738,1.);
#7738 = DIRECTION('',(1.,0.));
#7739 = ( GEOMETRIC_REPRESENTATION_CONTEXT(2) 
PARAMETRIC_REPRESENTATION_CONTEXT() REPRESENTATION_CONTEXT('2D SPACE',''
  ) );
#7740 = ORIENTED_EDGE('',*,*,#7741,.T.);
#7741 = EDGE_CURVE('',#7716,#4116,#7742,.T.);
#7742 = SURFACE_CURVE('',#7743,(#7748,#7755),.PCURVE_S1.);
#7743 = CIRCLE('',#7744,60.);
#7744 = AXIS2_PLACEMENT_3D('',#7745,#7746,#7747);
#7745 = CARTESIAN_POINT('',(0.,0.,10.));
#7746 = DIRECTION('',(0.,0.,1.));
#7747 = DIRECTION('',(1.,0.,0.));
#7748 = PCURVE('',#1010,#7749);
#7749 = DEFINITIONAL_REPRESENTATION('',(#7750),#7754);
#7750 = LINE('',#7751,#7752);
#7751 = CARTESIAN_POINT('',(6.28318530718,8.));
#7752 = VECTOR('',#7753,1.);
#7753 = DIRECTION('',(-1.,0.));
#7754 = ( GEOMETRIC_REPRESENTATION_CONTEXT(2) 
PARAMETRIC_REPRESENTATION_CONTEXT() REPRESENTATION_CONTEXT('2D SPACE',''
  ) );
#7755 = PCURVE('',#2781,#7756);
#7756 = DEFINITIONAL_REPRESENTATION('',(#7757),#7765);
#7757 = ( BOUNDED_CURVE() B_SPLINE_CURVE(2,(#7758,#7759,#7760,#7761,
#7762,#7763,#7764),.UNSPECIFIED.,.T.,.F.) B_SPLINE_CURVE_WITH_KNOTS((1,2
    ,2,2,2,1),(-2.094395102393,0.,2.094395102393,4.188790204786,
6.28318530718,8.377580409573),.UNSPECIFIED.) CURVE() 
GEOMETRIC_REPRESENTATION_ITEM() RATIONAL_B_SPLINE_CURVE((1.,0.5,1.,0.5,
1.,0.5,1.)) REPRESENTATION_ITEM('') );
#7758 = CARTESIAN_POINT('',(-12.42020407566,19.708196766802));
#7759 = CARTESIAN_POINT('',(-12.42020407566,123.63124522093));
#7760 = CARTESIAN_POINT('',(77.579795924331,71.669720993868));
#7761 = CARTESIAN_POINT('',(167.57979592433,19.708196766802));
#7762 = CARTESIAN_POINT('',(77.579795924331,-32.25332746026));
#7763 = CARTESIAN_POINT('',(-12.42020407566,-84.21485168733));
#7764 = CARTESIAN_POINT('',(-12.42020407566,19.708196766802));
#7765 = ( GEOMETRIC_REPRESENTATION_CONTEXT(2) 
PARAMETRIC_REPRESENTATION_CONTEXT() REPRESENTATION_CONTEXT('2D SPACE',''
  ) );
#7766 = ORIENTED_EDGE('',*,*,#4115,.F.);
#7767 = ORIENTED_EDGE('',*,*,#7768,.T.);
#7768 = EDGE_CURVE('',#4083,#3805,#7769,.T.);
#7769 = SURFACE_CURVE('',#7770,(#7775,#7782),.PCURVE_S1.);
#7770 = CIRCLE('',#7771,60.);
#7771 = AXIS2_PLACEMENT_3D('',#7772,#7773,#7774);
#7772 = CARTESIAN_POINT('',(0.,0.,17.));
#7773 = DIRECTION('',(0.,0.,-1.));
#7774 = DIRECTION('',(-1.,0.,0.));
#7775 = PCURVE('',#1010,#7776);
#7776 = DEFINITIONAL_REPRESENTATION('',(#7777),#7781);
#7777 = LINE('',#7778,#7779);
#7778 = CARTESIAN_POINT('',(-3.14159265359,1.));
#7779 = VECTOR('',#7780,1.);
#7780 = DIRECTION('',(1.,0.));
#7781 = ( GEOMETRIC_REPRESENTATION_CONTEXT(2) 
PARAMETRIC_REPRESENTATION_CONTEXT() REPRESENTATION_CONTEXT('2D SPACE',''
  ) );
#7782 = PCURVE('',#2834,#7783);
#7783 = DEFINITIONAL_REPRESENTATION('',(#7784),#7792);
#7784 = ( BOUNDED_CURVE() B_SPLINE_CURVE(2,(#7785,#7786,#7787,#7788,
#7789,#7790,#7791),.UNSPECIFIED.,.T.,.F.) B_SPLINE_CURVE_WITH_KNOTS((1,2
    ,2,2,2,1),(-2.094395102393,0.,2.094395102393,4.188790204786,
6.28318530718,8.377580409573),.UNSPECIFIED.) CURVE() 
GEOMETRIC_REPRESENTATION_ITEM() RATIONAL_B_SPLINE_CURVE((1.,0.5,1.,0.5,
1.,0.5,1.)) REPRESENTATION_ITEM('') );
#7785 = CARTESIAN_POINT('',(-107.5797959243,19.708196766802));
#7786 = CARTESIAN_POINT('',(-107.5797959243,123.63124522093));
#7787 = CARTESIAN_POINT('',(-17.57979592433,71.669720993868));
#7788 = CARTESIAN_POINT('',(72.420204075669,19.708196766802));
#7789 = CARTESIAN_POINT('',(-17.57979592433,-32.25332746026));
#7790 = CARTESIAN_POINT('',(-107.5797959243,-84.21485168733));
#7791 = CARTESIAN_POINT('',(-107.5797959243,19.708196766802));
#7792 = ( GEOMETRIC_REPRESENTATION_CONTEXT(2) 
PARAMETRIC_REPRESENTATION_CONTEXT() REPRESENTATION_CONTEXT('2D SPACE',''
  ) );
#7793 = ORIENTED_EDGE('',*,*,#7794,.F.);
#7794 = EDGE_CURVE('',#7795,#3805,#7797,.T.);
#7795 = VERTEX_POINT('',#7796);
#7796 = CARTESIAN_POINT('',(49.886938182426,-33.33606753627,17.));
#7797 = SURFACE_CURVE('',#7798,(#7803,#7810),.PCURVE_S1.);
#7798 = CIRCLE('',#7799,60.);
#7799 = AXIS2_PLACEMENT_3D('',#7800,#7801,#7802);
#7800 = CARTESIAN_POINT('',(0.,0.,17.));
#7801 = DIRECTION('',(0.,0.,1.));
#7802 = DIRECTION('',(1.,0.,0.));
#7803 = PCURVE('',#1010,#7804);
#7804 = DEFINITIONAL_REPRESENTATION('',(#7805),#7809);
#7805 = LINE('',#7806,#7807);
#7806 = CARTESIAN_POINT('',(6.28318530718,1.));
#7807 = VECTOR('',#7808,1.);
#7808 = DIRECTION('',(-1.,0.));
#7809 = ( GEOMETRIC_REPRESENTATION_CONTEXT(2) 
PARAMETRIC_REPRESENTATION_CONTEXT() REPRESENTATION_CONTEXT('2D SPACE',''
  ) );
#7810 = PCURVE('',#3862,#7811);
#7811 = DEFINITIONAL_REPRESENTATION('',(#7812),#7816);
#7812 = LINE('',#7813,#7814);
#7813 = CARTESIAN_POINT('',(9.424777960769,6.28318530718));
#7814 = VECTOR('',#7815,1.);
#7815 = DIRECTION('',(-1.,0.));
#7816 = ( GEOMETRIC_REPRESENTATION_CONTEXT(2) 
PARAMETRIC_REPRESENTATION_CONTEXT() REPRESENTATION_CONTEXT('2D SPACE',''
  ) );
#7817 = ORIENTED_EDGE('',*,*,#7818,.F.);
#7818 = EDGE_CURVE('',#3200,#7795,#7819,.T.);
#7819 = SURFACE_CURVE('',#7820,(#7834,#7863),.PCURVE_S1.);
#7820 = B_SPLINE_CURVE_WITH_KNOTS('',3,(#7821,#7822,#7823,#7824,#7825,
    #7826,#7827,#7828,#7829,#7830,#7831,#7832,#7833),.UNSPECIFIED.,.F.,
  .F.,(4,3,3,3,4),(-1.1934085905E-05,2.412893295318E-03,
    3.019100140624E-03,3.625306985929E-03,4.837720676541E-03),
  .UNSPECIFIED.);
#7821 = CARTESIAN_POINT('',(47.362998881273,-36.83403775005,19.));
#7822 = CARTESIAN_POINT('',(47.759989925523,-36.32356733917,
    18.515100183754));
#7823 = CARTESIAN_POINT('',(48.151876103986,-35.80362446096,
    18.027446325211));
#7824 = CARTESIAN_POINT('',(48.568180315733,-35.22970140121,
    17.650655312586));
#7825 = CARTESIAN_POINT('',(48.672256368669,-35.08622063627,
    17.55645755943));
#7826 = CARTESIAN_POINT('',(48.777813351987,-34.93936632572,
    17.469168306569));
#7827 = CARTESIAN_POINT('',(48.885342675165,-34.78826341644,
    17.390700347943));
#7828 = CARTESIAN_POINT('',(48.992871998344,-34.63716050715,
    17.312232389316));
#7829 = CARTESIAN_POINT('',(49.102999732708,-34.48090994608,
    17.24224531715));
#7830 = CARTESIAN_POINT('',(49.214116428743,-34.32157840394,
    17.184280162579));
#7831 = CARTESIAN_POINT('',(49.436349820813,-34.00291531966,
    17.068349853437));
#7832 = CARTESIAN_POINT('',(49.660121524019,-33.67549535283,17.));
#7833 = CARTESIAN_POINT('',(49.886938182426,-33.33606753627,17.));
#7834 = PCURVE('',#1010,#7835);
#7835 = DEFINITIONAL_REPRESENTATION('',(#7836),#7862);
#7836 = B_SPLINE_CURVE_WITH_KNOTS('',3,(#7837,#7838,#7839,#7840,#7841,
    #7842,#7843,#7844,#7845,#7846,#7847,#7848,#7849,#7850,#7851,#7852,
    #7853,#7854,#7855,#7856,#7857,#7858,#7859,#7860,#7861),
  .UNSPECIFIED.,.F.,.F.,(4,1,1,1,1,1,1,1,1,1,1,1,1,1,1,1,1,1,1,1,1,1,4),
  (-1.1934085905E-05,2.085047669335E-04,4.289436197719E-04,
    6.493824726104E-04,8.698213254488E-04,1.090260178287E-03,
    1.310699031126E-03,1.531137883964E-03,1.751576736803E-03,
    1.972015589641E-03,2.19245444248E-03,2.412893295318E-03,
    2.633332148156E-03,2.853771000995E-03,3.074209853833E-03,
    3.294648706672E-03,3.51508755951E-03,3.735526412349E-03,
    3.955965265187E-03,4.176404118026E-03,4.396842970864E-03,
    4.617281823703E-03,4.837720676541E-03),.UNSPECIFIED.);
#7837 = CARTESIAN_POINT('',(0.660992515215,-1.));
#7838 = CARTESIAN_POINT('',(0.660012712126,-0.955918198523));
#7839 = CARTESIAN_POINT('',(0.658051910324,-0.867709074211));
#7840 = CARTESIAN_POINT('',(0.655103093594,-0.735770995948));
#7841 = CARTESIAN_POINT('',(0.652142636755,-0.604720698245));
#7842 = CARTESIAN_POINT('',(0.649166509983,-0.475070353195));
#7843 = CARTESIAN_POINT('',(0.646170681357,-0.347332133859));
#7844 = CARTESIAN_POINT('',(0.643151117062,-0.222018209694));
#7845 = CARTESIAN_POINT('',(0.640103780946,-9.964076360194E-02));
#7846 = CARTESIAN_POINT('',(0.637024638136,1.928807169391E-02));
#7847 = CARTESIAN_POINT('',(0.633909643156,0.134255976196));
#7848 = CARTESIAN_POINT('',(0.63075478613,0.244751328827));
#7849 = CARTESIAN_POINT('',(0.627555922318,0.350259900101));
#7850 = CARTESIAN_POINT('',(0.624309410453,0.45027719525));
#7851 = CARTESIAN_POINT('',(0.621010002404,0.544271331953));
#7852 = CARTESIAN_POINT('',(0.617655208933,0.631651531001));
#7853 = CARTESIAN_POINT('',(0.61422879799,0.712044988455));
#7854 = CARTESIAN_POINT('',(0.610742551576,0.784441189442));
#7855 = CARTESIAN_POINT('',(0.607209048404,0.847779298927));
#7856 = CARTESIAN_POINT('',(0.60365026556,0.901293071152));
#7857 = CARTESIAN_POINT('',(0.600060922091,0.944249203149));
#7858 = CARTESIAN_POINT('',(0.596439682414,0.975894477004));
#7859 = CARTESIAN_POINT('',(0.592784150197,0.995481012832));
#7860 = CARTESIAN_POINT('',(0.590322857329,1.));
#7861 = CARTESIAN_POINT('',(0.589085777205,1.));
#7862 = ( GEOMETRIC_REPRESENTATION_CONTEXT(2) 
PARAMETRIC_REPRESENTATION_CONTEXT() REPRESENTATION_CONTEXT('2D SPACE',''
  ) );
#7863 = PCURVE('',#3336,#7864);
#7864 = DEFINITIONAL_REPRESENTATION('',(#7865),#7891);
#7865 = B_SPLINE_CURVE_WITH_KNOTS('',3,(#7866,#7867,#7868,#7869,#7870,
    #7871,#7872,#7873,#7874,#7875,#7876,#7877,#7878,#7879,#7880,#7881,
    #7882,#7883,#7884,#7885,#7886,#7887,#7888,#7889,#7890),
  .UNSPECIFIED.,.F.,.F.,(4,1,1,1,1,1,1,1,1,1,1,1,1,1,1,1,1,1,1,1,1,1,4),
  (-1.1934085905E-05,2.085047669335E-04,4.289436197719E-04,
    6.493824726104E-04,8.698213254488E-04,1.090260178287E-03,
    1.310699031126E-03,1.531137883964E-03,1.751576736803E-03,
    1.972015589641E-03,2.19245444248E-03,2.412893295318E-03,
    2.633332148156E-03,2.853771000995E-03,3.074209853833E-03,
    3.294648706672E-03,3.51508755951E-03,3.735526412349E-03,
    3.955965265187E-03,4.176404118026E-03,4.396842970864E-03,
    4.617281823703E-03,4.837720676541E-03),.UNSPECIFIED.);
#7866 = CARTESIAN_POINT('',(4.764504333031E-03,0.999882098669));
#7867 = CARTESIAN_POINT('',(4.691806450101E-03,0.999904859438));
#7868 = CARTESIAN_POINT('',(4.546561364773E-03,0.999894899907));
#7869 = CARTESIAN_POINT('',(4.329066302847E-03,0.99980315318));
#7870 = CARTESIAN_POINT('',(4.111863697887E-03,0.999780755068));
#7871 = CARTESIAN_POINT('',(3.894875658272E-03,0.999776040677));
#7872 = CARTESIAN_POINT('',(3.678028293389E-03,0.999795472268));
#7873 = CARTESIAN_POINT('',(3.461238218387E-03,0.999840179853));
#7874 = CARTESIAN_POINT('',(3.244480494963E-03,0.999890371193));
#7875 = CARTESIAN_POINT('',(3.02775588284E-03,0.999936040382));
#7876 = CARTESIAN_POINT('',(2.811056901988E-03,0.999971879365));
#7877 = CARTESIAN_POINT('',(2.594382266118E-03,0.999995201293));
#7878 = CARTESIAN_POINT('',(2.377712377286E-03,1.000001446025));
#7879 = CARTESIAN_POINT('',(2.161092251203E-03,0.999998980519));
#7880 = CARTESIAN_POINT('',(1.944574160187E-03,0.99999999581));
#7881 = CARTESIAN_POINT('',(1.728159971566E-03,1.000000395472));
#7882 = CARTESIAN_POINT('',(1.51186751713E-03,0.999999536836));
#7883 = CARTESIAN_POINT('',(1.295670896256E-03,0.999999960797));
#7884 = CARTESIAN_POINT('',(1.079581349301E-03,0.999998556713));
#7885 = CARTESIAN_POINT('',(8.635327702789E-04,0.999994203146));
#7886 = CARTESIAN_POINT('',(6.475468619266E-04,0.999993329197));
#7887 = CARTESIAN_POINT('',(4.316236665858E-04,0.999995035493));
#7888 = CARTESIAN_POINT('',(2.157693272318E-04,0.999998475051));
#7889 = CARTESIAN_POINT('',(7.191461337998E-05,0.999999903234));
#7890 = CARTESIAN_POINT('',(0.,1.));
#7891 = ( GEOMETRIC_REPRESENTATION_CONTEXT(2) 
PARAMETRIC_REPRESENTATION_CONTEXT() REPRESENTATION_CONTEXT('2D SPACE',''
  ) );
#7892 = ORIENTED_EDGE('',*,*,#3753,.F.);
#7893 = ORIENTED_EDGE('',*,*,#7894,.F.);
#7894 = EDGE_CURVE('',#3617,#3723,#7895,.T.);
#7895 = SURFACE_CURVE('',#7896,(#7901,#7908),.PCURVE_S1.);
#7896 = CIRCLE('',#7897,60.);
#7897 = AXIS2_PLACEMENT_3D('',#7898,#7899,#7900);
#7898 = CARTESIAN_POINT('',(0.,0.,26.));
#7899 = DIRECTION('',(0.,0.,1.));
#7900 = DIRECTION('',(-1.,-3.335877E-13,0.));
#7901 = PCURVE('',#1010,#7902);
#7902 = DEFINITIONAL_REPRESENTATION('',(#7903),#7907);
#7903 = LINE('',#7904,#7905);
#7904 = CARTESIAN_POINT('',(3.141592653589,-8.));
#7905 = VECTOR('',#7906,1.);
#7906 = DIRECTION('',(-1.,0.));
#7907 = ( GEOMETRIC_REPRESENTATION_CONTEXT(2) 
PARAMETRIC_REPRESENTATION_CONTEXT() REPRESENTATION_CONTEXT('2D SPACE',''
  ) );
#7908 = PCURVE('',#3655,#7909);
#7909 = DEFINITIONAL_REPRESENTATION('',(#7910),#7914);
#7910 = LINE('',#7911,#7912);
#7911 = CARTESIAN_POINT('',(3.14159265359,0.));
#7912 = VECTOR('',#7913,1.);
#7913 = DIRECTION('',(1.,0.));
#7914 = ( GEOMETRIC_REPRESENTATION_CONTEXT(2) 
PARAMETRIC_REPRESENTATION_CONTEXT() REPRESENTATION_CONTEXT('2D SPACE',''
  ) );
#7915 = ORIENTED_EDGE('',*,*,#7916,.T.);
#7916 = EDGE_CURVE('',#3617,#851,#7917,.T.);
#7917 = SURFACE_CURVE('',#7918,(#7922,#7929),.PCURVE_S1.);
#7918 = LINE('',#7919,#7920);
#7919 = CARTESIAN_POINT('',(47.241495307892,-36.9897434578,26.));
#7920 = VECTOR('',#7921,1.);
#7921 = DIRECTION('',(0.,0.,-1.));
#7922 = PCURVE('',#1010,#7923);
#7923 = DEFINITIONAL_REPRESENTATION('',(#7924),#7928);
#7924 = LINE('',#7925,#7926);
#7925 = CARTESIAN_POINT('',(0.66428423129,-8.));
#7926 = VECTOR('',#7927,1.);
#7927 = DIRECTION('',(0.,1.));
#7928 = ( GEOMETRIC_REPRESENTATION_CONTEXT(2) 
PARAMETRIC_REPRESENTATION_CONTEXT() REPRESENTATION_CONTEXT('2D SPACE',''
  ) );
#7929 = PCURVE('',#896,#7930);
#7930 = DEFINITIONAL_REPRESENTATION('',(#7931),#7935);
#7931 = LINE('',#7932,#7933);
#7932 = CARTESIAN_POINT('',(3.80587688488,-8.));
#7933 = VECTOR('',#7934,1.);
#7934 = DIRECTION('',(0.,1.));
#7935 = ( GEOMETRIC_REPRESENTATION_CONTEXT(2) 
PARAMETRIC_REPRESENTATION_CONTEXT() REPRESENTATION_CONTEXT('2D SPACE',''
  ) );
#7936 = ORIENTED_EDGE('',*,*,#7937,.T.);
#7937 = EDGE_CURVE('',#851,#939,#7938,.T.);
#7938 = SURFACE_CURVE('',#7939,(#7944,#7951),.PCURVE_S1.);
#7939 = CIRCLE('',#7940,60.);
#7940 = AXIS2_PLACEMENT_3D('',#7941,#7942,#7943);
#7941 = CARTESIAN_POINT('',(0.,0.,-26.));
#7942 = DIRECTION('',(0.,0.,1.));
#7943 = DIRECTION('',(-1.,-3.335877E-13,0.));
#7944 = PCURVE('',#1010,#7945);
#7945 = DEFINITIONAL_REPRESENTATION('',(#7946),#7950);
#7946 = LINE('',#7947,#7948);
#7947 = CARTESIAN_POINT('',(3.141592653589,44.));
#7948 = VECTOR('',#7949,1.);
#7949 = DIRECTION('',(-1.,0.));
#7950 = ( GEOMETRIC_REPRESENTATION_CONTEXT(2) 
PARAMETRIC_REPRESENTATION_CONTEXT() REPRESENTATION_CONTEXT('2D SPACE',''
  ) );
#7951 = PCURVE('',#867,#7952);
#7952 = DEFINITIONAL_REPRESENTATION('',(#7953),#7957);
#7953 = LINE('',#7954,#7955);
#7954 = CARTESIAN_POINT('',(6.283185307179,0.));
#7955 = VECTOR('',#7956,1.);
#7956 = DIRECTION('',(-1.,0.));
#7957 = ( GEOMETRIC_REPRESENTATION_CONTEXT(2) 
PARAMETRIC_REPRESENTATION_CONTEXT() REPRESENTATION_CONTEXT('2D SPACE',''
  ) );
#7958 = ORIENTED_EDGE('',*,*,#996,.T.);
#7959 = ORIENTED_EDGE('',*,*,#7960,.T.);
#7960 = EDGE_CURVE('',#526,#7961,#7963,.T.);
#7961 = VERTEX_POINT('',#7962);
#7962 = CARTESIAN_POINT('',(49.886938182426,-33.33606753627,-17.));
#7963 = SURFACE_CURVE('',#7964,(#7978,#8007),.PCURVE_S1.);
#7964 = B_SPLINE_CURVE_WITH_KNOTS('',3,(#7965,#7966,#7967,#7968,#7969,
    #7970,#7971,#7972,#7973,#7974,#7975,#7976,#7977),.UNSPECIFIED.,.F.,
  .F.,(4,3,3,3,4),(-1.1934085905E-05,2.412893295318E-03,
    3.019100140624E-03,3.625306985929E-03,4.837720676541E-03),
  .UNSPECIFIED.);
#7965 = CARTESIAN_POINT('',(47.362998881273,-36.83403775005,-19.));
#7966 = CARTESIAN_POINT('',(47.759989925523,-36.32356733917,
    -18.51510018375));
#7967 = CARTESIAN_POINT('',(48.151876103986,-35.80362446096,
    -18.02744632521));
#7968 = CARTESIAN_POINT('',(48.568180315733,-35.22970140121,
    -17.65065531258));
#7969 = CARTESIAN_POINT('',(48.672256368669,-35.08622063627,
    -17.55645755943));
#7970 = CARTESIAN_POINT('',(48.777813351987,-34.93936632572,
    -17.46916830656));
#7971 = CARTESIAN_POINT('',(48.885342675165,-34.78826341644,
    -17.39070034794));
#7972 = CARTESIAN_POINT('',(48.992871998344,-34.63716050715,
    -17.31223238931));
#7973 = CARTESIAN_POINT('',(49.102999732708,-34.48090994608,
    -17.24224531715));
#7974 = CARTESIAN_POINT('',(49.214116428743,-34.32157840394,
    -17.18428016257));
#7975 = CARTESIAN_POINT('',(49.436349820813,-34.00291531966,
    -17.06834985343));
#7976 = CARTESIAN_POINT('',(49.660121524019,-33.67549535283,-17.));
#7977 = CARTESIAN_POINT('',(49.886938182426,-33.33606753627,-17.));
#7978 = PCURVE('',#1010,#7979);
#7979 = DEFINITIONAL_REPRESENTATION('',(#7980),#8006);
#7980 = B_SPLINE_CURVE_WITH_KNOTS('',3,(#7981,#7982,#7983,#7984,#7985,
    #7986,#7987,#7988,#7989,#7990,#7991,#7992,#7993,#7994,#7995,#7996,
    #7997,#7998,#7999,#8000,#8001,#8002,#8003,#8004,#8005),
  .UNSPECIFIED.,.F.,.F.,(4,1,1,1,1,1,1,1,1,1,1,1,1,1,1,1,1,1,1,1,1,1,4),
  (-1.1934085905E-05,2.085047669335E-04,4.289436197719E-04,
    6.493824726104E-04,8.698213254488E-04,1.090260178287E-03,
    1.310699031126E-03,1.531137883964E-03,1.751576736803E-03,
    1.972015589641E-03,2.19245444248E-03,2.412893295318E-03,
    2.633332148156E-03,2.853771000995E-03,3.074209853833E-03,
    3.294648706672E-03,3.51508755951E-03,3.735526412349E-03,
    3.955965265187E-03,4.176404118026E-03,4.396842970864E-03,
    4.617281823703E-03,4.837720676541E-03),.UNSPECIFIED.);
#7981 = CARTESIAN_POINT('',(0.660992515215,37.));
#7982 = CARTESIAN_POINT('',(0.660012712126,36.955918198523));
#7983 = CARTESIAN_POINT('',(0.658051910324,36.867709074211));
#7984 = CARTESIAN_POINT('',(0.655103093594,36.735770995948));
#7985 = CARTESIAN_POINT('',(0.652142636755,36.604720698245));
#7986 = CARTESIAN_POINT('',(0.649166509983,36.475070353195));
#7987 = CARTESIAN_POINT('',(0.646170681357,36.347332133859));
#7988 = CARTESIAN_POINT('',(0.643151117062,36.222018209694));
#7989 = CARTESIAN_POINT('',(0.640103780946,36.099640763602));
#7990 = CARTESIAN_POINT('',(0.637024638136,35.980711928306));
#7991 = CARTESIAN_POINT('',(0.633909643156,35.865744023804));
#7992 = CARTESIAN_POINT('',(0.63075478613,35.755248671173));
#7993 = CARTESIAN_POINT('',(0.627555922318,35.649740099899));
#7994 = CARTESIAN_POINT('',(0.624309410453,35.54972280475));
#7995 = CARTESIAN_POINT('',(0.621010002404,35.455728668047));
#7996 = CARTESIAN_POINT('',(0.617655208933,35.368348468999));
#7997 = CARTESIAN_POINT('',(0.61422879799,35.287955011545));
#7998 = CARTESIAN_POINT('',(0.610742551576,35.215558810558));
#7999 = CARTESIAN_POINT('',(0.607209048404,35.152220701073));
#8000 = CARTESIAN_POINT('',(0.60365026556,35.098706928848));
#8001 = CARTESIAN_POINT('',(0.600060922091,35.055750796851));
#8002 = CARTESIAN_POINT('',(0.596439682414,35.024105522996));
#8003 = CARTESIAN_POINT('',(0.592784150197,35.004518987168));
#8004 = CARTESIAN_POINT('',(0.590322857329,35.));
#8005 = CARTESIAN_POINT('',(0.589085777205,35.));
#8006 = ( GEOMETRIC_REPRESENTATION_CONTEXT(2) 
PARAMETRIC_REPRESENTATION_CONTEXT() REPRESENTATION_CONTEXT('2D SPACE',''
  ) );
#8007 = PCURVE('',#597,#8008);
#8008 = DEFINITIONAL_REPRESENTATION('',(#8009),#8035);
#8009 = B_SPLINE_CURVE_WITH_KNOTS('',3,(#8010,#8011,#8012,#8013,#8014,
    #8015,#8016,#8017,#8018,#8019,#8020,#8021,#8022,#8023,#8024,#8025,
    #8026,#8027,#8028,#8029,#8030,#8031,#8032,#8033,#8034),
  .UNSPECIFIED.,.F.,.F.,(4,1,1,1,1,1,1,1,1,1,1,1,1,1,1,1,1,1,1,1,1,1,4),
  (-1.1934085905E-05,2.085047669335E-04,4.289436197719E-04,
    6.493824726104E-04,8.698213254488E-04,1.090260178287E-03,
    1.310699031126E-03,1.531137883964E-03,1.751576736803E-03,
    1.972015589641E-03,2.19245444248E-03,2.412893295318E-03,
    2.633332148156E-03,2.853771000995E-03,3.074209853833E-03,
    3.294648706672E-03,3.51508755951E-03,3.735526412349E-03,
    3.955965265187E-03,4.176404118026E-03,4.396842970864E-03,
    4.617281823703E-03,4.837720676541E-03),.UNSPECIFIED.);
#8010 = CARTESIAN_POINT('',(4.764504333031E-03,1.179013312216E-04));
#8011 = CARTESIAN_POINT('',(4.691806450101E-03,9.514056195809E-05));
#8012 = CARTESIAN_POINT('',(4.546561364773E-03,1.051000927546E-04));
#8013 = CARTESIAN_POINT('',(4.329066302847E-03,1.968468197514E-04));
#8014 = CARTESIAN_POINT('',(4.111863697887E-03,2.192449320842E-04));
#8015 = CARTESIAN_POINT('',(3.894875658272E-03,2.239593233279E-04));
#8016 = CARTESIAN_POINT('',(3.678028293389E-03,2.045277321787E-04));
#8017 = CARTESIAN_POINT('',(3.461238218387E-03,1.598201467806E-04));
#8018 = CARTESIAN_POINT('',(3.244480494963E-03,1.096288070729E-04));
#8019 = CARTESIAN_POINT('',(3.02775588284E-03,6.395961792545E-05));
#8020 = CARTESIAN_POINT('',(2.811056901988E-03,2.812063547567E-05));
#8021 = CARTESIAN_POINT('',(2.594382266118E-03,4.798706876507E-06));
#8022 = CARTESIAN_POINT('',(2.377712377286E-03,-1.446025272673E-06));
#8023 = CARTESIAN_POINT('',(2.161092251203E-03,1.019480901393E-06));
#8024 = CARTESIAN_POINT('',(1.944574160187E-03,4.189691566735E-09));
#8025 = CARTESIAN_POINT('',(1.728159971566E-03,-3.954720107912E-07));
#8026 = CARTESIAN_POINT('',(1.51186751713E-03,4.631638995405E-07));
#8027 = CARTESIAN_POINT('',(1.295670896256E-03,3.920261082382E-08));
#8028 = CARTESIAN_POINT('',(1.0795813493E-03,1.443287016474E-06));
#8029 = CARTESIAN_POINT('',(8.635327702789E-04,5.796853564255E-06));
#8030 = CARTESIAN_POINT('',(6.475468619266E-04,6.670802982522E-06));
#8031 = CARTESIAN_POINT('',(4.316236665858E-04,4.964506985368E-06));
#8032 = CARTESIAN_POINT('',(2.157693272318E-04,1.524948855574E-06));
#8033 = CARTESIAN_POINT('',(7.191461337998E-05,9.676580964349E-08));
#8034 = CARTESIAN_POINT('',(0.,0.));
#8035 = ( GEOMETRIC_REPRESENTATION_CONTEXT(2) 
PARAMETRIC_REPRESENTATION_CONTEXT() REPRESENTATION_CONTEXT('2D SPACE',''
  ) );
#8036 = ORIENTED_EDGE('',*,*,#8037,.T.);
#8037 = EDGE_CURVE('',#7961,#1184,#8038,.T.);
#8038 = SURFACE_CURVE('',#8039,(#8044,#8051),.PCURVE_S1.);
#8039 = CIRCLE('',#8040,60.);
#8040 = AXIS2_PLACEMENT_3D('',#8041,#8042,#8043);
#8041 = CARTESIAN_POINT('',(0.,0.,-17.));
#8042 = DIRECTION('',(0.,0.,1.));
#8043 = DIRECTION('',(1.,0.,0.));
#8044 = PCURVE('',#1010,#8045);
#8045 = DEFINITIONAL_REPRESENTATION('',(#8046),#8050);
#8046 = LINE('',#8047,#8048);
#8047 = CARTESIAN_POINT('',(6.28318530718,35.));
#8048 = VECTOR('',#8049,1.);
#8049 = DIRECTION('',(-1.,0.));
#8050 = ( GEOMETRIC_REPRESENTATION_CONTEXT(2) 
PARAMETRIC_REPRESENTATION_CONTEXT() REPRESENTATION_CONTEXT('2D SPACE',''
  ) );
#8051 = PCURVE('',#1234,#8052);
#8052 = DEFINITIONAL_REPRESENTATION('',(#8053),#8057);
#8053 = LINE('',#8054,#8055);
#8054 = CARTESIAN_POINT('',(0.,6.28318530718));
#8055 = VECTOR('',#8056,1.);
#8056 = DIRECTION('',(1.,0.));
#8057 = ( GEOMETRIC_REPRESENTATION_CONTEXT(2) 
PARAMETRIC_REPRESENTATION_CONTEXT() REPRESENTATION_CONTEXT('2D SPACE',''
  ) );
#8058 = ORIENTED_EDGE('',*,*,#8059,.F.);
#8059 = EDGE_CURVE('',#1296,#1184,#8060,.T.);
#8060 = SURFACE_CURVE('',#8061,(#8066,#8073),.PCURVE_S1.);
#8061 = CIRCLE('',#8062,60.);
#8062 = AXIS2_PLACEMENT_3D('',#8063,#8064,#8065);
#8063 = CARTESIAN_POINT('',(0.,0.,-17.));
#8064 = DIRECTION('',(0.,0.,-1.));
#8065 = DIRECTION('',(-1.,0.,0.));
#8066 = PCURVE('',#1010,#8067);
#8067 = DEFINITIONAL_REPRESENTATION('',(#8068),#8072);
#8068 = LINE('',#8069,#8070);
#8069 = CARTESIAN_POINT('',(-3.14159265359,35.));
#8070 = VECTOR('',#8071,1.);
#8071 = DIRECTION('',(1.,0.));
#8072 = ( GEOMETRIC_REPRESENTATION_CONTEXT(2) 
PARAMETRIC_REPRESENTATION_CONTEXT() REPRESENTATION_CONTEXT('2D SPACE',''
  ) );
#8073 = PCURVE('',#92,#8074);
#8074 = DEFINITIONAL_REPRESENTATION('',(#8075),#8079);
#8075 = CIRCLE('',#8076,60.);
#8076 = AXIS2_PLACEMENT_2D('',#8077,#8078);
#8077 = CARTESIAN_POINT('',(47.579795924331,19.708196766802));
#8078 = DIRECTION('',(1.,0.));
#8079 = ( GEOMETRIC_REPRESENTATION_CONTEXT(2) 
PARAMETRIC_REPRESENTATION_CONTEXT() REPRESENTATION_CONTEXT('2D SPACE',''
  ) );
#8080 = ORIENTED_EDGE('',*,*,#1376,.T.);
#8081 = ORIENTED_EDGE('',*,*,#8082,.F.);
#8082 = EDGE_CURVE('',#8083,#1353,#8085,.T.);
#8083 = VERTEX_POINT('',#8084);
#8084 = CARTESIAN_POINT('',(54.132875781272,-25.8772440505,-10.));
#8085 = SURFACE_CURVE('',#8086,(#8091,#8098),.PCURVE_S1.);
#8086 = CIRCLE('',#8087,60.);
#8087 = AXIS2_PLACEMENT_3D('',#8088,#8089,#8090);
#8088 = CARTESIAN_POINT('',(0.,0.,-10.));
#8089 = DIRECTION('',(0.,0.,1.));
#8090 = DIRECTION('',(1.,0.,0.));
#8091 = PCURVE('',#1010,#8092);
#8092 = DEFINITIONAL_REPRESENTATION('',(#8093),#8097);
#8093 = LINE('',#8094,#8095);
#8094 = CARTESIAN_POINT('',(6.28318530718,28.));
#8095 = VECTOR('',#8096,1.);
#8096 = DIRECTION('',(-1.,0.));
#8097 = ( GEOMETRIC_REPRESENTATION_CONTEXT(2) 
PARAMETRIC_REPRESENTATION_CONTEXT() REPRESENTATION_CONTEXT('2D SPACE',''
  ) );
#8098 = PCURVE('',#43,#8099);
#8099 = DEFINITIONAL_REPRESENTATION('',(#8100),#8104);
#8100 = CIRCLE('',#8101,60.);
#8101 = AXIS2_PLACEMENT_2D('',#8102,#8103);
#8102 = CARTESIAN_POINT('',(-47.57979592433,19.708196766802));
#8103 = DIRECTION('',(1.,0.));
#8104 = ( GEOMETRIC_REPRESENTATION_CONTEXT(2) 
PARAMETRIC_REPRESENTATION_CONTEXT() REPRESENTATION_CONTEXT('2D SPACE',''
  ) );
#8105 = ORIENTED_EDGE('',*,*,#8106,.T.);
#8106 = EDGE_CURVE('',#8083,#8107,#8109,.T.);
#8107 = VERTEX_POINT('',#8108);
#8108 = CARTESIAN_POINT('',(49.886938182426,-33.33606753627,-10.));
#8109 = SURFACE_CURVE('',#8110,(#8115,#8122),.PCURVE_S1.);
#8110 = CIRCLE('',#8111,60.);
#8111 = AXIS2_PLACEMENT_3D('',#8112,#8113,#8114);
#8112 = CARTESIAN_POINT('',(0.,0.,-10.));
#8113 = DIRECTION('',(0.,0.,-1.));
#8114 = DIRECTION('',(1.,0.,0.));
#8115 = PCURVE('',#1010,#8116);
#8116 = DEFINITIONAL_REPRESENTATION('',(#8117),#8121);
#8117 = LINE('',#8118,#8119);
#8118 = CARTESIAN_POINT('',(0.,28.));
#8119 = VECTOR('',#8120,1.);
#8120 = DIRECTION('',(1.,0.));
#8121 = ( GEOMETRIC_REPRESENTATION_CONTEXT(2) 
PARAMETRIC_REPRESENTATION_CONTEXT() REPRESENTATION_CONTEXT('2D SPACE',''
  ) );
#8122 = PCURVE('',#8123,#8128);
#8123 = TOROIDAL_SURFACE('',#8124,59.,1.);
#8124 = AXIS2_PLACEMENT_3D('',#8125,#8126,#8127);
#8125 = CARTESIAN_POINT('',(0.,0.,-10.));
#8126 = DIRECTION('',(0.,0.,1.));
#8127 = DIRECTION('',(1.,0.,0.));
#8128 = DEFINITIONAL_REPRESENTATION('',(#8129),#8133);
#8129 = LINE('',#8130,#8131);
#8130 = CARTESIAN_POINT('',(6.28318530718,0.));
#8131 = VECTOR('',#8132,1.);
#8132 = DIRECTION('',(-1.,0.));
#8133 = ( GEOMETRIC_REPRESENTATION_CONTEXT(2) 
PARAMETRIC_REPRESENTATION_CONTEXT() REPRESENTATION_CONTEXT('2D SPACE',''
  ) );
#8134 = ORIENTED_EDGE('',*,*,#8135,.T.);
#8135 = EDGE_CURVE('',#8107,#361,#8136,.T.);
#8136 = SURFACE_CURVE('',#8137,(#8151,#8180),.PCURVE_S1.);
#8137 = B_SPLINE_CURVE_WITH_KNOTS('',3,(#8138,#8139,#8140,#8141,#8142,
    #8143,#8144,#8145,#8146,#8147,#8148,#8149,#8150),.UNSPECIFIED.,.F.,
  .F.,(4,3,3,3,4),(0.,1.207297436893E-03,1.81094615534E-03,
    2.414594873786E-03,4.829189747572E-03),.UNSPECIFIED.);
#8138 = CARTESIAN_POINT('',(49.886938182426,-33.33606753627,-10.));
#8139 = CARTESIAN_POINT('',(49.660119152833,-33.67549890128,-10.));
#8140 = CARTESIAN_POINT('',(49.43634513976,-34.00292216979,
    -9.931648746173));
#8141 = CARTESIAN_POINT('',(49.214109458928,-34.32158839804,
    -9.81571620153));
#8142 = CARTESIAN_POINT('',(49.102991618512,-34.48092151216,
    -9.757749929208));
#8143 = CARTESIAN_POINT('',(48.992862881189,-34.63717341183,
    -9.687761603273));
#8144 = CARTESIAN_POINT('',(48.885332557976,-34.78827763336,
    -9.609292269155));
#8145 = CARTESIAN_POINT('',(48.777802234764,-34.93938185489,
    -9.530822935037));
#8146 = CARTESIAN_POINT('',(48.67224427609,-35.08623741915,
    -9.443532187944));
#8147 = CARTESIAN_POINT('',(48.568167259361,-35.2297194009,
    -9.349332870234));
#8148 = CARTESIAN_POINT('',(48.151859192443,-35.80364732793,
    -8.972535599395));
#8149 = CARTESIAN_POINT('',(47.758314666541,-36.32572146872,
    -8.48285359187));
#8150 = CARTESIAN_POINT('',(47.362998881273,-36.83403775005,-8.));
#8151 = PCURVE('',#1010,#8152);
#8152 = DEFINITIONAL_REPRESENTATION('',(#8153),#8179);
#8153 = B_SPLINE_CURVE_WITH_KNOTS('',3,(#8154,#8155,#8156,#8157,#8158,
    #8159,#8160,#8161,#8162,#8163,#8164,#8165,#8166,#8167,#8168,#8169,
    #8170,#8171,#8172,#8173,#8174,#8175,#8176,#8177,#8178),
  .UNSPECIFIED.,.F.,.F.,(4,1,1,1,1,1,1,1,1,1,1,1,1,1,1,1,1,1,1,1,1,1,4),
  (0.,2.195086248896E-04,4.390172497793E-04,6.585258746689E-04,
    8.780344995585E-04,1.097543124448E-03,1.317051749338E-03,
    1.536560374227E-03,1.756068999117E-03,1.975577624007E-03,
    2.195086248896E-03,2.414594873786E-03,2.634103498676E-03,
    2.853612123565E-03,3.073120748455E-03,3.292629373345E-03,
    3.512137998234E-03,3.731646623124E-03,3.951155248013E-03,
    4.170663872903E-03,4.390172497793E-03,4.609681122682E-03,
    4.829189747572E-03),.QUASI_UNIFORM_KNOTS.);
#8154 = CARTESIAN_POINT('',(0.589085777205,28.));
#8155 = CARTESIAN_POINT('',(0.590322870262,28.));
#8156 = CARTESIAN_POINT('',(0.592784188731,27.995480920265));
#8157 = CARTESIAN_POINT('',(0.596439758621,27.975893988085));
#8158 = CARTESIAN_POINT('',(0.600061035289,27.944248081321));
#8159 = CARTESIAN_POINT('',(0.603650415178,27.901291098191));
#8160 = CARTESIAN_POINT('',(0.607209233727,27.847776284649));
#8161 = CARTESIAN_POINT('',(0.610742772716,27.784436935483));
#8162 = CARTESIAN_POINT('',(0.614229050036,27.712039464705));
#8163 = CARTESIAN_POINT('',(0.617655495918,27.631644375824));
#8164 = CARTESIAN_POINT('',(0.621010302301,27.544263411632));
#8165 = CARTESIAN_POINT('',(0.624309802402,27.450264828805));
#8166 = CARTESIAN_POINT('',(0.627556107515,27.350256442493));
#8167 = CARTESIAN_POINT('',(0.630755877037,27.244706622628));
#8168 = CARTESIAN_POINT('',(0.633913553934,27.134083818952));
#8169 = CARTESIAN_POINT('',(0.637032295005,27.018946764054));
#8170 = CARTESIAN_POINT('',(0.640115601364,26.89982999931));
#8171 = CARTESIAN_POINT('',(0.64316688106,26.777274548109));
#8172 = CARTESIAN_POINT('',(0.646189565821,26.651819696992));
#8173 = CARTESIAN_POINT('',(0.64918707935,26.524005197884));
#8174 = CARTESIAN_POINT('',(0.652162845454,26.394370678014));
#8175 = CARTESIAN_POINT('',(0.655120285404,26.263455798022));
#8176 = CARTESIAN_POINT('',(0.658062818615,26.131800209593));
#8177 = CARTESIAN_POINT('',(0.660016846802,26.043895781079));
#8178 = CARTESIAN_POINT('',(0.660992515215,26.));
#8179 = ( GEOMETRIC_REPRESENTATION_CONTEXT(2) 
PARAMETRIC_REPRESENTATION_CONTEXT() REPRESENTATION_CONTEXT('2D SPACE',''
  ) );
#8180 = PCURVE('',#218,#8181);
#8181 = DEFINITIONAL_REPRESENTATION('',(#8182),#8208);
#8182 = B_SPLINE_CURVE_WITH_KNOTS('',3,(#8183,#8184,#8185,#8186,#8187,
    #8188,#8189,#8190,#8191,#8192,#8193,#8194,#8195,#8196,#8197,#8198,
    #8199,#8200,#8201,#8202,#8203,#8204,#8205,#8206,#8207),
  .UNSPECIFIED.,.F.,.F.,(4,1,1,1,1,1,1,1,1,1,1,1,1,1,1,1,1,1,1,1,1,1,4),
  (0.,2.195086248896E-04,4.390172497793E-04,6.585258746689E-04,
    8.780344995585E-04,1.097543124448E-03,1.317051749338E-03,
    1.536560374227E-03,1.756068999117E-03,1.975577624007E-03,
    2.195086248896E-03,2.414594873786E-03,2.634103498676E-03,
    2.853612123565E-03,3.073120748455E-03,3.292629373345E-03,
    3.512137998234E-03,3.731646623124E-03,3.951155248013E-03,
    4.170663872903E-03,4.390172497793E-03,4.609681122682E-03,
    4.829189747572E-03),.QUASI_UNIFORM_KNOTS.);
#8183 = CARTESIAN_POINT('',(-6.071532E-18,1.));
#8184 = CARTESIAN_POINT('',(7.191536524963E-05,0.999999903201));
#8185 = CARTESIAN_POINT('',(2.157715833943E-04,0.999998476249));
#8186 = CARTESIAN_POINT('',(4.316281809261E-04,0.999995040465));
#8187 = CARTESIAN_POINT('',(6.475536338567E-04,0.999993337949));
#8188 = CARTESIAN_POINT('',(8.635418053015E-04,0.999994213633));
#8189 = CARTESIAN_POINT('',(1.079592631767E-03,0.999998562829));
#8190 = CARTESIAN_POINT('',(1.295684493497E-03,0.999999957649));
#8191 = CARTESIAN_POINT('',(1.51188324953E-03,0.999999551674));
#8192 = CARTESIAN_POINT('',(1.728178308474E-03,1.000000347031));
#8193 = CARTESIAN_POINT('',(1.944593553774E-03,1.000000170115));
#8194 = CARTESIAN_POINT('',(2.161118541808E-03,0.99999832829));
#8195 = CARTESIAN_POINT('',(2.377723662772E-03,1.000003883673));
#8196 = CARTESIAN_POINT('',(2.594460320793E-03,0.999986103301));
#8197 = CARTESIAN_POINT('',(2.811343367367E-03,0.99993316095));
#8198 = CARTESIAN_POINT('',(3.028319446795E-03,0.999866317504));
#8199 = CARTESIAN_POINT('',(3.245351769883E-03,0.999795452119));
#8200 = CARTESIAN_POINT('',(3.462400490543E-03,0.999731672727));
#8201 = CARTESIAN_POINT('',(3.679420258885E-03,0.999687608905));
#8202 = CARTESIAN_POINT('',(3.896391774111E-03,0.999682673073));
#8203 = CARTESIAN_POINT('',(4.113354009588E-03,0.999713060489));
#8204 = CARTESIAN_POINT('',(4.33033573079E-03,0.999765563157));
#8205 = CARTESIAN_POINT('',(4.547368855236E-03,0.999887998922));
#8206 = CARTESIAN_POINT('',(4.692113061927E-03,0.99990028557));
#8207 = CARTESIAN_POINT('',(4.764504333031E-03,0.999870664623));
#8208 = ( GEOMETRIC_REPRESENTATION_CONTEXT(2) 
PARAMETRIC_REPRESENTATION_CONTEXT() REPRESENTATION_CONTEXT('2D SPACE',''
  ) );
#8209 = ORIENTED_EDGE('',*,*,#3671,.F.);
#8210 = ORIENTED_EDGE('',*,*,#8211,.F.);
#8211 = EDGE_CURVE('',#7718,#2855,#8212,.T.);
#8212 = SURFACE_CURVE('',#8213,(#8227,#8256),.PCURVE_S1.);
#8213 = B_SPLINE_CURVE_WITH_KNOTS('',3,(#8214,#8215,#8216,#8217,#8218,
    #8219,#8220,#8221,#8222,#8223,#8224,#8225,#8226),.UNSPECIFIED.,.F.,
  .F.,(4,3,3,3,4),(0.,1.207297436893E-03,1.81094615534E-03,
    2.414594873786E-03,4.829189747572E-03),.UNSPECIFIED.);
#8214 = CARTESIAN_POINT('',(49.886938182426,-33.33606753627,10.));
#8215 = CARTESIAN_POINT('',(49.660119152833,-33.67549890128,10.));
#8216 = CARTESIAN_POINT('',(49.43634513976,-34.00292216979,
    9.931648746173));
#8217 = CARTESIAN_POINT('',(49.214109458928,-34.32158839804,
    9.81571620153));
#8218 = CARTESIAN_POINT('',(49.102991618512,-34.48092151216,
    9.757749929208));
#8219 = CARTESIAN_POINT('',(48.992862881189,-34.63717341183,
    9.687761603273));
#8220 = CARTESIAN_POINT('',(48.885332557976,-34.78827763336,
    9.609292269155));
#8221 = CARTESIAN_POINT('',(48.777802234764,-34.93938185489,
    9.530822935037));
#8222 = CARTESIAN_POINT('',(48.67224427609,-35.08623741915,
    9.443532187944));
#8223 = CARTESIAN_POINT('',(48.568167259361,-35.2297194009,
    9.349332870234));
#8224 = CARTESIAN_POINT('',(48.151859192443,-35.80364732793,
    8.972535599395));
#8225 = CARTESIAN_POINT('',(47.758314666541,-36.32572146872,
    8.48285359187));
#8226 = CARTESIAN_POINT('',(47.362998881273,-36.83403775005,8.));
#8227 = PCURVE('',#1010,#8228);
#8228 = DEFINITIONAL_REPRESENTATION('',(#8229),#8255);
#8229 = B_SPLINE_CURVE_WITH_KNOTS('',3,(#8230,#8231,#8232,#8233,#8234,
    #8235,#8236,#8237,#8238,#8239,#8240,#8241,#8242,#8243,#8244,#8245,
    #8246,#8247,#8248,#8249,#8250,#8251,#8252,#8253,#8254),
  .UNSPECIFIED.,.F.,.F.,(4,1,1,1,1,1,1,1,1,1,1,1,1,1,1,1,1,1,1,1,1,1,4),
  (0.,2.195086248896E-04,4.390172497793E-04,6.585258746689E-04,
    8.780344995585E-04,1.097543124448E-03,1.317051749338E-03,
    1.536560374227E-03,1.756068999117E-03,1.975577624007E-03,
    2.195086248896E-03,2.414594873786E-03,2.634103498676E-03,
    2.853612123565E-03,3.073120748455E-03,3.292629373345E-03,
    3.512137998234E-03,3.731646623124E-03,3.951155248013E-03,
    4.170663872903E-03,4.390172497793E-03,4.609681122682E-03,
    4.829189747572E-03),.QUASI_UNIFORM_KNOTS.);
#8230 = CARTESIAN_POINT('',(0.589085777205,8.));
#8231 = CARTESIAN_POINT('',(0.590322870262,8.));
#8232 = CARTESIAN_POINT('',(0.592784188731,8.004519079735));
#8233 = CARTESIAN_POINT('',(0.596439758621,8.024106011915));
#8234 = CARTESIAN_POINT('',(0.600061035289,8.055751918679));
#8235 = CARTESIAN_POINT('',(0.603650415178,8.098708901809));
#8236 = CARTESIAN_POINT('',(0.607209233727,8.152223715351));
#8237 = CARTESIAN_POINT('',(0.610742772716,8.215563064517));
#8238 = CARTESIAN_POINT('',(0.614229050036,8.287960535295));
#8239 = CARTESIAN_POINT('',(0.617655495918,8.368355624176));
#8240 = CARTESIAN_POINT('',(0.621010302301,8.455736588368));
#8241 = CARTESIAN_POINT('',(0.624309802402,8.549735171195));
#8242 = CARTESIAN_POINT('',(0.627556107515,8.649743557507));
#8243 = CARTESIAN_POINT('',(0.630755877037,8.755293377372));
#8244 = CARTESIAN_POINT('',(0.633913553934,8.865916181048));
#8245 = CARTESIAN_POINT('',(0.637032295005,8.981053235946));
#8246 = CARTESIAN_POINT('',(0.640115601364,9.10017000069));
#8247 = CARTESIAN_POINT('',(0.64316688106,9.222725451891));
#8248 = CARTESIAN_POINT('',(0.646189565821,9.348180303008));
#8249 = CARTESIAN_POINT('',(0.64918707935,9.475994802116));
#8250 = CARTESIAN_POINT('',(0.652162845454,9.605629321986));
#8251 = CARTESIAN_POINT('',(0.655120285404,9.736544201978));
#8252 = CARTESIAN_POINT('',(0.658062818615,9.868199790407));
#8253 = CARTESIAN_POINT('',(0.660016846802,9.956104218921));
#8254 = CARTESIAN_POINT('',(0.660992515215,10.));
#8255 = ( GEOMETRIC_REPRESENTATION_CONTEXT(2) 
PARAMETRIC_REPRESENTATION_CONTEXT() REPRESENTATION_CONTEXT('2D SPACE',''
  ) );
#8256 = PCURVE('',#2902,#8257);
#8257 = DEFINITIONAL_REPRESENTATION('',(#8258),#8284);
#8258 = B_SPLINE_CURVE_WITH_KNOTS('',3,(#8259,#8260,#8261,#8262,#8263,
    #8264,#8265,#8266,#8267,#8268,#8269,#8270,#8271,#8272,#8273,#8274,
    #8275,#8276,#8277,#8278,#8279,#8280,#8281,#8282,#8283),
  .UNSPECIFIED.,.F.,.F.,(4,1,1,1,1,1,1,1,1,1,1,1,1,1,1,1,1,1,1,1,1,1,4),
  (0.,2.195086248896E-04,4.390172497793E-04,6.585258746689E-04,
    8.780344995585E-04,1.097543124448E-03,1.317051749338E-03,
    1.536560374227E-03,1.756068999117E-03,1.975577624007E-03,
    2.195086248896E-03,2.414594873786E-03,2.634103498676E-03,
    2.853612123565E-03,3.073120748455E-03,3.292629373345E-03,
    3.512137998234E-03,3.731646623124E-03,3.951155248013E-03,
    4.170663872903E-03,4.390172497793E-03,4.609681122682E-03,
    4.829189747572E-03),.QUASI_UNIFORM_KNOTS.);
#8259 = CARTESIAN_POINT('',(-6.071532E-18,0.));
#8260 = CARTESIAN_POINT('',(7.191536524963E-05,9.679859856681E-08));
#8261 = CARTESIAN_POINT('',(2.157715833943E-04,1.523751315351E-06));
#8262 = CARTESIAN_POINT('',(4.316281809261E-04,4.959535484233E-06));
#8263 = CARTESIAN_POINT('',(6.475536338567E-04,6.662050801314E-06));
#8264 = CARTESIAN_POINT('',(8.635418053015E-04,5.78636700201E-06));
#8265 = CARTESIAN_POINT('',(1.079592631767E-03,1.437171418697E-06));
#8266 = CARTESIAN_POINT('',(1.295684493497E-03,4.235063893573E-08));
#8267 = CARTESIAN_POINT('',(1.51188324953E-03,4.483262626444E-07));
#8268 = CARTESIAN_POINT('',(1.728178308474E-03,-3.470314670269E-07));
#8269 = CARTESIAN_POINT('',(1.944593553774E-03,-1.701147899495E-07));
#8270 = CARTESIAN_POINT('',(2.161118541808E-03,1.671709997503E-06));
#8271 = CARTESIAN_POINT('',(2.377723662772E-03,-3.883673309307E-06));
#8272 = CARTESIAN_POINT('',(2.594460320793E-03,1.389669905223E-05));
#8273 = CARTESIAN_POINT('',(2.811343367367E-03,6.683905038884E-05));
#8274 = CARTESIAN_POINT('',(3.028319446795E-03,1.33682496162E-04));
#8275 = CARTESIAN_POINT('',(3.245351769883E-03,2.045478815082E-04));
#8276 = CARTESIAN_POINT('',(3.462400490543E-03,2.683272734352E-04));
#8277 = CARTESIAN_POINT('',(3.679420258885E-03,3.123910949833E-04));
#8278 = CARTESIAN_POINT('',(3.896391774111E-03,3.17326926818E-04));
#8279 = CARTESIAN_POINT('',(4.113354009588E-03,2.869395114362E-04));
#8280 = CARTESIAN_POINT('',(4.33033573079E-03,2.344368427749E-04));
#8281 = CARTESIAN_POINT('',(4.547368855236E-03,1.120010773929E-04));
#8282 = CARTESIAN_POINT('',(4.692113061927E-03,9.971443024916E-05));
#8283 = CARTESIAN_POINT('',(4.764504333031E-03,1.29335376504E-04));
#8284 = ( GEOMETRIC_REPRESENTATION_CONTEXT(2) 
PARAMETRIC_REPRESENTATION_CONTEXT() REPRESENTATION_CONTEXT('2D SPACE',''
  ) );
#8285 = ADVANCED_FACE('',(#8286),#896,.F.);
#8286 = FACE_BOUND('',#8287,.F.);
#8287 = EDGE_LOOP('',(#8288,#8289,#8290,#8291));
#8288 = ORIENTED_EDGE('',*,*,#3616,.T.);
#8289 = ORIENTED_EDGE('',*,*,#7916,.T.);
#8290 = ORIENTED_EDGE('',*,*,#879,.F.);
#8291 = ORIENTED_EDGE('',*,*,#8292,.F.);
#8292 = EDGE_CURVE('',#3588,#880,#8293,.T.);
#8293 = SURFACE_CURVE('',#8294,(#8298,#8305),.PCURVE_S1.);
#8294 = LINE('',#8295,#8296);
#8295 = CARTESIAN_POINT('',(47.399533171974,-38.38338514356,26.));
#8296 = VECTOR('',#8297,1.);
#8297 = DIRECTION('',(0.,0.,-1.));
#8298 = PCURVE('',#896,#8299);
#8299 = DEFINITIONAL_REPRESENTATION('',(#8300),#8304);
#8300 = LINE('',#8301,#8302);
#8301 = CARTESIAN_POINT('',(2.251474735073,-8.));
#8302 = VECTOR('',#8303,1.);
#8303 = DIRECTION('',(0.,1.));
#8304 = ( GEOMETRIC_REPRESENTATION_CONTEXT(2) 
PARAMETRIC_REPRESENTATION_CONTEXT() REPRESENTATION_CONTEXT('2D SPACE',''
  ) );
#8305 = PCURVE('',#6904,#8306);
#8306 = DEFINITIONAL_REPRESENTATION('',(#8307),#8311);
#8307 = LINE('',#8308,#8309);
#8308 = CARTESIAN_POINT('',(8.,9.993544498647E-15));
#8309 = VECTOR('',#8310,1.);
#8310 = DIRECTION('',(-1.,0.));
#8311 = ( GEOMETRIC_REPRESENTATION_CONTEXT(2) 
PARAMETRIC_REPRESENTATION_CONTEXT() REPRESENTATION_CONTEXT('2D SPACE',''
  ) );
#8312 = ADVANCED_FACE('',(#8313),#6904,.F.);
#8313 = FACE_BOUND('',#8314,.T.);
#8314 = EDGE_LOOP('',(#8315,#8316,#8337,#8338));
#8315 = ORIENTED_EDGE('',*,*,#6888,.T.);
#8316 = ORIENTED_EDGE('',*,*,#8317,.T.);
#8317 = EDGE_CURVE('',#6838,#880,#8318,.T.);
#8318 = SURFACE_CURVE('',#8319,(#8323,#8330),.PCURVE_S1.);
#8319 = LINE('',#8320,#8321);
#8320 = CARTESIAN_POINT('',(48.183049610332,-39.01786424509,-26.));
#8321 = VECTOR('',#8322,1.);
#8322 = DIRECTION('',(-0.777145961457,0.62932039105,0.));
#8323 = PCURVE('',#6904,#8324);
#8324 = DEFINITIONAL_REPRESENTATION('',(#8325),#8329);
#8325 = LINE('',#8326,#8327);
#8326 = CARTESIAN_POINT('',(-44.,-1.008197272092));
#8327 = VECTOR('',#8328,1.);
#8328 = DIRECTION('',(0.,1.));
#8329 = ( GEOMETRIC_REPRESENTATION_CONTEXT(2) 
PARAMETRIC_REPRESENTATION_CONTEXT() REPRESENTATION_CONTEXT('2D SPACE',''
  ) );
#8330 = PCURVE('',#923,#8331);
#8331 = DEFINITIONAL_REPRESENTATION('',(#8332),#8336);
#8332 = LINE('',#8333,#8334);
#8333 = CARTESIAN_POINT('',(0.,-62.));
#8334 = VECTOR('',#8335,1.);
#8335 = DIRECTION('',(0.,1.));
#8336 = ( GEOMETRIC_REPRESENTATION_CONTEXT(2) 
PARAMETRIC_REPRESENTATION_CONTEXT() REPRESENTATION_CONTEXT('2D SPACE',''
  ) );
#8337 = ORIENTED_EDGE('',*,*,#8292,.F.);
#8338 = ORIENTED_EDGE('',*,*,#8339,.F.);
#8339 = EDGE_CURVE('',#6889,#3588,#8340,.T.);
#8340 = SURFACE_CURVE('',#8341,(#8345,#8352),.PCURVE_S1.);
#8341 = LINE('',#8342,#8343);
#8342 = CARTESIAN_POINT('',(48.183049610332,-39.01786424509,26.));
#8343 = VECTOR('',#8344,1.);
#8344 = DIRECTION('',(-0.777145961457,0.62932039105,0.));
#8345 = PCURVE('',#6904,#8346);
#8346 = DEFINITIONAL_REPRESENTATION('',(#8347),#8351);
#8347 = LINE('',#8348,#8349);
#8348 = CARTESIAN_POINT('',(8.,-1.008197272092));
#8349 = VECTOR('',#8350,1.);
#8350 = DIRECTION('',(0.,1.));
#8351 = ( GEOMETRIC_REPRESENTATION_CONTEXT(2) 
PARAMETRIC_REPRESENTATION_CONTEXT() REPRESENTATION_CONTEXT('2D SPACE',''
  ) );
#8352 = PCURVE('',#3604,#8353);
#8353 = DEFINITIONAL_REPRESENTATION('',(#8354),#8358);
#8354 = LINE('',#8355,#8356);
#8355 = CARTESIAN_POINT('',(6.28318530718,-62.));
#8356 = VECTOR('',#8357,1.);
#8357 = DIRECTION('',(0.,1.));
#8358 = ( GEOMETRIC_REPRESENTATION_CONTEXT(2) 
PARAMETRIC_REPRESENTATION_CONTEXT() REPRESENTATION_CONTEXT('2D SPACE',''
  ) );
#8359 = ADVANCED_FACE('',(#8360,#8366),#2834,.T.);
#8360 = FACE_BOUND('',#8361,.T.);
#8361 = EDGE_LOOP('',(#8362,#8363,#8364,#8365));
#8362 = ORIENTED_EDGE('',*,*,#7768,.F.);
#8363 = ORIENTED_EDGE('',*,*,#4080,.F.);
#8364 = ORIENTED_EDGE('',*,*,#6527,.F.);
#8365 = ORIENTED_EDGE('',*,*,#4051,.F.);
#8366 = FACE_BOUND('',#8367,.T.);
#8367 = EDGE_LOOP('',(#8368));
#8368 = ORIENTED_EDGE('',*,*,#2819,.T.);
#8369 = ADVANCED_FACE('',(#8370,#8397),#2781,.T.);
#8370 = FACE_BOUND('',#8371,.T.);
#8371 = EDGE_LOOP('',(#8372,#8373,#8395,#8396));
#8372 = ORIENTED_EDGE('',*,*,#7741,.F.);
#8373 = ORIENTED_EDGE('',*,*,#8374,.T.);
#8374 = EDGE_CURVE('',#7716,#6481,#8375,.T.);
#8375 = SURFACE_CURVE('',#8376,(#8381,#8388),.PCURVE_S1.);
#8376 = CIRCLE('',#8377,9.);
#8377 = AXIS2_PLACEMENT_3D('',#8378,#8379,#8380);
#8378 = CARTESIAN_POINT('',(47.579795924331,-19.7081967668,10.));
#8379 = DIRECTION('',(0.,0.,-1.));
#8380 = DIRECTION('',(-1.,0.,0.));
#8381 = PCURVE('',#2781,#8382);
#8382 = DEFINITIONAL_REPRESENTATION('',(#8383),#8387);
#8383 = CIRCLE('',#8384,9.);
#8384 = AXIS2_PLACEMENT_2D('',#8385,#8386);
#8385 = CARTESIAN_POINT('',(0.,0.));
#8386 = DIRECTION('',(1.,0.));
#8387 = ( GEOMETRIC_REPRESENTATION_CONTEXT(2) 
PARAMETRIC_REPRESENTATION_CONTEXT() REPRESENTATION_CONTEXT('2D SPACE',''
  ) );
#8388 = PCURVE('',#5679,#8389);
#8389 = DEFINITIONAL_REPRESENTATION('',(#8390),#8394);
#8390 = LINE('',#8391,#8392);
#8391 = CARTESIAN_POINT('',(-3.14159265359,0.));
#8392 = VECTOR('',#8393,1.);
#8393 = DIRECTION('',(1.,0.));
#8394 = ( GEOMETRIC_REPRESENTATION_CONTEXT(2) 
PARAMETRIC_REPRESENTATION_CONTEXT() REPRESENTATION_CONTEXT('2D SPACE',''
  ) );
#8395 = ORIENTED_EDGE('',*,*,#6504,.F.);
#8396 = ORIENTED_EDGE('',*,*,#4138,.F.);
#8397 = FACE_BOUND('',#8398,.T.);
#8398 = EDGE_LOOP('',(#8399));
#8399 = ORIENTED_EDGE('',*,*,#2759,.T.);
#8400 = ADVANCED_FACE('',(#8401),#5679,.F.);
#8401 = FACE_BOUND('',#8402,.F.);
#8402 = EDGE_LOOP('',(#8403,#8481,#8482,#8483));
#8403 = ORIENTED_EDGE('',*,*,#8404,.T.);
#8404 = EDGE_CURVE('',#5663,#7716,#8405,.T.);
#8405 = SURFACE_CURVE('',#8406,(#8423,#8452),.PCURVE_S1.);
#8406 = B_SPLINE_CURVE_WITH_KNOTS('',3,(#8407,#8408,#8409,#8410,#8411,
    #8412,#8413,#8414,#8415,#8416,#8417,#8418,#8419,#8420,#8421,#8422),
  .UNSPECIFIED.,.F.,.F.,(4,3,3,3,3,4),(7.757919E-18,1.120307962499E-03,
    1.935304598359E-03,2.342802916289E-03,2.652454179143E-03,
    2.75030123422E-03),.UNSPECIFIED.);
#8407 = CARTESIAN_POINT('',(52.251223950751,-27.40090501513,9.));
#8408 = CARTESIAN_POINT('',(52.575167393093,-27.20418905676,9.));
#8409 = CARTESIAN_POINT('',(52.878293407372,-26.99230795133,
    9.053063674782));
#8410 = CARTESIAN_POINT('',(53.163610585578,-26.76659699835,
    9.146806449781));
#8411 = CARTESIAN_POINT('',(53.371171852814,-26.60239780178,9.2150020253
    ));
#8412 = CARTESIAN_POINT('',(53.570130395843,-26.42947901563,
    9.304851360147));
#8413 = CARTESIAN_POINT('',(53.748117541324,-26.26195968815,
    9.429055281007));
#8414 = CARTESIAN_POINT('',(53.837111114064,-26.17820002442,
    9.491157241438));
#8415 = CARTESIAN_POINT('',(53.922060505786,-26.09462518714,
    9.562078812258));
#8416 = CARTESIAN_POINT('',(53.994909215173,-26.02059104042,
    9.652407668658));
#8417 = CARTESIAN_POINT('',(54.050265750074,-25.96433371121,
    9.721047079486));
#8418 = CARTESIAN_POINT('',(54.099977904888,-25.91208737618,
    9.802245310511));
#8419 = CARTESIAN_POINT('',(54.122036194335,-25.88873818722,
    9.901930103741));
#8420 = CARTESIAN_POINT('',(54.12900641833,-25.88136005042,
    9.933429615041));
#8421 = CARTESIAN_POINT('',(54.132875781272,-25.8772440505,
    9.966411739802));
#8422 = CARTESIAN_POINT('',(54.132875781272,-25.8772440505,10.));
#8423 = PCURVE('',#5679,#8424);
#8424 = DEFINITIONAL_REPRESENTATION('',(#8425),#8451);
#8425 = B_SPLINE_CURVE_WITH_KNOTS('',3,(#8426,#8427,#8428,#8429,#8430,
    #8431,#8432,#8433,#8434,#8435,#8436,#8437,#8438,#8439,#8440,#8441,
    #8442,#8443,#8444,#8445,#8446,#8447,#8448,#8449,#8450),
  .UNSPECIFIED.,.F.,.F.,(4,1,1,1,1,1,1,1,1,1,1,1,1,1,1,1,1,1,1,1,1,1,4),
  (7.757919E-18,1.250136924646E-04,2.500273849291E-04,3.750410773936E-04
    ,5.000547698582E-04,6.250684623227E-04,7.500821547873E-04,
    8.750958472518E-04,1.000109539716E-03,1.125123232181E-03,
    1.250136924645E-03,1.37515061711E-03,1.500164309575E-03,
    1.625178002039E-03,1.750191694504E-03,1.875205386968E-03,
    2.000219079433E-03,2.125232771897E-03,2.250246464362E-03,
    2.375260156826E-03,2.500273849291E-03,2.625287541755E-03,
    2.75030123422E-03),.QUASI_UNIFORM_KNOTS.);
#8426 = CARTESIAN_POINT('',(1.025060052129,1.));
#8427 = CARTESIAN_POINT('',(1.020361006112,1.));
#8428 = CARTESIAN_POINT('',(1.010990353991,0.99867849865));
#8429 = CARTESIAN_POINT('',(0.997012291727,0.992834992478));
#8430 = CARTESIAN_POINT('',(0.98310772203,0.983233485077));
#8431 = CARTESIAN_POINT('',(0.969272289907,0.969977218817));
#8432 = CARTESIAN_POINT('',(0.955501726037,0.953169475235));
#8433 = CARTESIAN_POINT('',(0.941791729259,0.932913389761));
#8434 = CARTESIAN_POINT('',(0.928138456901,0.909312643073));
#8435 = CARTESIAN_POINT('',(0.914536716691,0.882468880974));
#8436 = CARTESIAN_POINT('',(0.900986742839,0.852491343514));
#8437 = CARTESIAN_POINT('',(0.887468829331,0.81946082813));
#8438 = CARTESIAN_POINT('',(0.874012752372,0.783083663314));
#8439 = CARTESIAN_POINT('',(0.860663878728,0.743090609573));
#8440 = CARTESIAN_POINT('',(0.847463942862,0.699202084198));
#8441 = CARTESIAN_POINT('',(0.834455161875,0.651155445323));
#8442 = CARTESIAN_POINT('',(0.821682519931,0.598630630935));
#8443 = CARTESIAN_POINT('',(0.809180063233,0.541520318757));
#8444 = CARTESIAN_POINT('',(0.796965011314,0.478599853403));
#8445 = CARTESIAN_POINT('',(0.785310924864,0.407825743772));
#8446 = CARTESIAN_POINT('',(0.774421786911,0.327674201326));
#8447 = CARTESIAN_POINT('',(0.764597696891,0.235002301585));
#8448 = CARTESIAN_POINT('',(0.757312789027,0.126421148465));
#8449 = CARTESIAN_POINT('',(0.755269323306,4.388496886406E-02));
#8450 = CARTESIAN_POINT('',(0.755221134946,0.));
#8451 = ( GEOMETRIC_REPRESENTATION_CONTEXT(2) 
PARAMETRIC_REPRESENTATION_CONTEXT() REPRESENTATION_CONTEXT('2D SPACE',''
  ) );
#8452 = PCURVE('',#5710,#8453);
#8453 = DEFINITIONAL_REPRESENTATION('',(#8454),#8480);
#8454 = B_SPLINE_CURVE_WITH_KNOTS('',3,(#8455,#8456,#8457,#8458,#8459,
    #8460,#8461,#8462,#8463,#8464,#8465,#8466,#8467,#8468,#8469,#8470,
    #8471,#8472,#8473,#8474,#8475,#8476,#8477,#8478,#8479),
  .UNSPECIFIED.,.F.,.F.,(4,1,1,1,1,1,1,1,1,1,1,1,1,1,1,1,1,1,1,1,1,1,4),
  (7.757919E-18,1.250136924646E-04,2.500273849291E-04,3.750410773936E-04
    ,5.000547698582E-04,6.250684623227E-04,7.500821547873E-04,
    8.750958472518E-04,1.000109539716E-03,1.125123232181E-03,
    1.250136924645E-03,1.37515061711E-03,1.500164309575E-03,
    1.625178002039E-03,1.750191694504E-03,1.875205386968E-03,
    2.000219079433E-03,2.125232771897E-03,2.250246464362E-03,
    2.375260156826E-03,2.500273849291E-03,2.625287541755E-03,
    2.75030123422E-03),.QUASI_UNIFORM_KNOTS.);
#8455 = CARTESIAN_POINT('',(3.624574632771,1.570796326795));
#8456 = CARTESIAN_POINT('',(3.623960591034,1.548976814973));
#8457 = CARTESIAN_POINT('',(3.622732280617,1.505908220362));
#8458 = CARTESIAN_POINT('',(3.620888946854,1.442753832492));
#8459 = CARTESIAN_POINT('',(3.619044556375,1.380786059829));
#8460 = CARTESIAN_POINT('',(3.617198925035,1.319739883775));
#8461 = CARTESIAN_POINT('',(3.615351876787,1.259357448832));
#8462 = CARTESIAN_POINT('',(3.613503222944,1.199392605652));
#8463 = CARTESIAN_POINT('',(3.611652841112,1.139616276558));
#8464 = CARTESIAN_POINT('',(3.609800379862,1.079819131518));
#8465 = CARTESIAN_POINT('',(3.607946360786,1.019821289594));
#8466 = CARTESIAN_POINT('',(3.60608804858,0.959455242243));
#8467 = CARTESIAN_POINT('',(3.604229946963,0.898451994167));
#8468 = CARTESIAN_POINT('',(3.60237900948,0.836503530981));
#8469 = CARTESIAN_POINT('',(3.600541521652,0.773250366569));
#8470 = CARTESIAN_POINT('',(3.598723796284,0.708308454077));
#8471 = CARTESIAN_POINT('',(3.596932521508,0.641221527682));
#8472 = CARTESIAN_POINT('',(3.595172686048,0.571685756808));
#8473 = CARTESIAN_POINT('',(3.593447463237,0.498402232046));
#8474 = CARTESIAN_POINT('',(3.59179667261,0.419532824577));
#8475 = CARTESIAN_POINT('',(3.590249849038,0.333376791069));
#8476 = CARTESIAN_POINT('',(3.588850392392,0.236720584364));
#8477 = CARTESIAN_POINT('',(3.587810844598,0.126502366165));
#8478 = CARTESIAN_POINT('',(3.587518786886,4.3818361496E-02));
#8479 = CARTESIAN_POINT('',(3.587511878847,0.));
#8480 = ( GEOMETRIC_REPRESENTATION_CONTEXT(2) 
PARAMETRIC_REPRESENTATION_CONTEXT() REPRESENTATION_CONTEXT('2D SPACE',''
  ) );
#8481 = ORIENTED_EDGE('',*,*,#8374,.T.);
#8482 = ORIENTED_EDGE('',*,*,#7558,.T.);
#8483 = ORIENTED_EDGE('',*,*,#5662,.F.);
#8484 = ADVANCED_FACE('',(#8485),#3741,.T.);
#8485 = FACE_BOUND('',#8486,.T.);
#8486 = EDGE_LOOP('',(#8487,#8488,#8489,#8511));
#8487 = ORIENTED_EDGE('',*,*,#7453,.F.);
#8488 = ORIENTED_EDGE('',*,*,#7244,.T.);
#8489 = ORIENTED_EDGE('',*,*,#8490,.T.);
#8490 = EDGE_CURVE('',#7217,#3723,#8491,.T.);
#8491 = SURFACE_CURVE('',#8492,(#8497,#8504),.PCURVE_S1.);
#8492 = CIRCLE('',#8493,1.);
#8493 = AXIS2_PLACEMENT_3D('',#8494,#8495,#8496);
#8494 = CARTESIAN_POINT('',(46.573615566585,-36.22013712088,26.));
#8495 = DIRECTION('',(0.613900629168,0.789383314688,-0.));
#8496 = DIRECTION('',(-0.789383314688,0.613900629168,0.));
#8497 = PCURVE('',#3741,#8498);
#8498 = DEFINITIONAL_REPRESENTATION('',(#8499),#8503);
#8499 = LINE('',#8500,#8501);
#8500 = CARTESIAN_POINT('',(-0.660992515215,3.14159265359));
#8501 = VECTOR('',#8502,1.);
#8502 = DIRECTION('',(-1.696295830114E-15,-1.));
#8503 = ( GEOMETRIC_REPRESENTATION_CONTEXT(2) 
PARAMETRIC_REPRESENTATION_CONTEXT() REPRESENTATION_CONTEXT('2D SPACE',''
  ) );
#8504 = PCURVE('',#3655,#8505);
#8505 = DEFINITIONAL_REPRESENTATION('',(#8506),#8510);
#8506 = LINE('',#8507,#8508);
#8507 = CARTESIAN_POINT('',(5.622192791965,3.14159265359));
#8508 = VECTOR('',#8509,1.);
#8509 = DIRECTION('',(0.,-1.));
#8510 = ( GEOMETRIC_REPRESENTATION_CONTEXT(2) 
PARAMETRIC_REPRESENTATION_CONTEXT() REPRESENTATION_CONTEXT('2D SPACE',''
  ) );
#8511 = ORIENTED_EDGE('',*,*,#3722,.T.);
#8512 = ADVANCED_FACE('',(#8513),#3655,.T.);
#8513 = FACE_BOUND('',#8514,.T.);
#8514 = EDGE_LOOP('',(#8515,#8516,#8517,#8518));
#8515 = ORIENTED_EDGE('',*,*,#8490,.F.);
#8516 = ORIENTED_EDGE('',*,*,#7216,.T.);
#8517 = ORIENTED_EDGE('',*,*,#3640,.T.);
#8518 = ORIENTED_EDGE('',*,*,#7894,.T.);
#8519 = ADVANCED_FACE('',(#8520),#3604,.T.);
#8520 = FACE_BOUND('',#8521,.T.);
#8521 = EDGE_LOOP('',(#8522,#8523,#8524,#8525));
#8522 = ORIENTED_EDGE('',*,*,#3587,.F.);
#8523 = ORIENTED_EDGE('',*,*,#7194,.T.);
#8524 = ORIENTED_EDGE('',*,*,#6916,.T.);
#8525 = ORIENTED_EDGE('',*,*,#8339,.T.);
#8526 = ADVANCED_FACE('',(#8527),#5710,.T.);
#8527 = FACE_BOUND('',#8528,.T.);
#8528 = EDGE_LOOP('',(#8529,#8530,#8531,#8552));
#8529 = ORIENTED_EDGE('',*,*,#8404,.T.);
#8530 = ORIENTED_EDGE('',*,*,#7715,.T.);
#8531 = ORIENTED_EDGE('',*,*,#8532,.T.);
#8532 = EDGE_CURVE('',#7718,#3045,#8533,.T.);
#8533 = SURFACE_CURVE('',#8534,(#8539,#8546),.PCURVE_S1.);
#8534 = CIRCLE('',#8535,1.);
#8535 = AXIS2_PLACEMENT_3D('',#8536,#8537,#8538);
#8536 = CARTESIAN_POINT('',(49.055489212719,-32.78046641066,10.));
#8537 = DIRECTION('',(0.555601125605,0.831448969707,-5.769336E-15));
#8538 = DIRECTION('',(-0.831448969707,0.555601125605,-2.366582715663E-30
    ));
#8539 = PCURVE('',#5710,#8540);
#8540 = DEFINITIONAL_REPRESENTATION('',(#8541),#8545);
#8541 = LINE('',#8542,#8543);
#8542 = CARTESIAN_POINT('',(3.730678430795,-3.14159265359));
#8543 = VECTOR('',#8544,1.);
#8544 = DIRECTION('',(0.,1.));
#8545 = ( GEOMETRIC_REPRESENTATION_CONTEXT(2) 
PARAMETRIC_REPRESENTATION_CONTEXT() REPRESENTATION_CONTEXT('2D SPACE',''
  ) );
#8546 = PCURVE('',#2902,#8547);
#8547 = DEFINITIONAL_REPRESENTATION('',(#8548),#8551);
#8548 = B_SPLINE_CURVE_WITH_KNOTS('',1,(#8549,#8550),.UNSPECIFIED.,.F.,
  .F.,(2,2),(3.14159265359,4.712388980385),.PIECEWISE_BEZIER_KNOTS.);
#8549 = CARTESIAN_POINT('',(1.695807971614E-18,0.));
#8550 = CARTESIAN_POINT('',(-1.739312959866E-17,1.));
#8551 = ( GEOMETRIC_REPRESENTATION_CONTEXT(2) 
PARAMETRIC_REPRESENTATION_CONTEXT() REPRESENTATION_CONTEXT('2D SPACE',''
  ) );
#8552 = ORIENTED_EDGE('',*,*,#5691,.T.);
#8553 = ADVANCED_FACE('',(#8554),#2902,.T.);
#8554 = FACE_BOUND('',#8555,.T.);
#8555 = EDGE_LOOP('',(#8556,#8557,#8558,#8559));
#8556 = ORIENTED_EDGE('',*,*,#8532,.F.);
#8557 = ORIENTED_EDGE('',*,*,#8211,.T.);
#8558 = ORIENTED_EDGE('',*,*,#2854,.T.);
#8559 = ORIENTED_EDGE('',*,*,#3044,.T.);
#8560 = ADVANCED_FACE('',(#8561),#3862,.T.);
#8561 = FACE_BOUND('',#8562,.T.);
#8562 = EDGE_LOOP('',(#8563,#8564,#8565,#8586));
#8563 = ORIENTED_EDGE('',*,*,#3804,.T.);
#8564 = ORIENTED_EDGE('',*,*,#5803,.T.);
#8565 = ORIENTED_EDGE('',*,*,#8566,.T.);
#8566 = EDGE_CURVE('',#3263,#7795,#8567,.T.);
#8567 = SURFACE_CURVE('',#8568,(#8573,#8580),.PCURVE_S1.);
#8568 = CIRCLE('',#8569,1.);
#8569 = AXIS2_PLACEMENT_3D('',#8570,#8571,#8572);
#8570 = CARTESIAN_POINT('',(49.055489212719,-32.78046641066,17.));
#8571 = DIRECTION('',(0.555601125605,0.831448969707,-0.));
#8572 = DIRECTION('',(-0.831448969707,0.555601125605,0.));
#8573 = PCURVE('',#3862,#8574);
#8574 = DEFINITIONAL_REPRESENTATION('',(#8575),#8579);
#8575 = LINE('',#8576,#8577);
#8576 = CARTESIAN_POINT('',(3.730678430795,3.14159265359));
#8577 = VECTOR('',#8578,1.);
#8578 = DIRECTION('',(0.,1.));
#8579 = ( GEOMETRIC_REPRESENTATION_CONTEXT(2) 
PARAMETRIC_REPRESENTATION_CONTEXT() REPRESENTATION_CONTEXT('2D SPACE',''
  ) );
#8580 = PCURVE('',#3336,#8581);
#8581 = DEFINITIONAL_REPRESENTATION('',(#8582),#8585);
#8582 = B_SPLINE_CURVE_WITH_KNOTS('',1,(#8583,#8584),.UNSPECIFIED.,.F.,
  .F.,(2,2),(1.570796326795,3.14159265359),.PIECEWISE_BEZIER_KNOTS.);
#8583 = CARTESIAN_POINT('',(6.832701351903E-18,5.461255622867E-16));
#8584 = CARTESIAN_POINT('',(-1.052287079148E-17,1.));
#8585 = ( GEOMETRIC_REPRESENTATION_CONTEXT(2) 
PARAMETRIC_REPRESENTATION_CONTEXT() REPRESENTATION_CONTEXT('2D SPACE',''
  ) );
#8586 = ORIENTED_EDGE('',*,*,#7794,.T.);
#8587 = ADVANCED_FACE('',(#8588),#3336,.T.);
#8588 = FACE_BOUND('',#8589,.T.);
#8589 = EDGE_LOOP('',(#8590,#8591,#8592,#8593));
#8590 = ORIENTED_EDGE('',*,*,#7818,.T.);
#8591 = ORIENTED_EDGE('',*,*,#8566,.F.);
#8592 = ORIENTED_EDGE('',*,*,#3295,.T.);
#8593 = ORIENTED_EDGE('',*,*,#3478,.T.);
#8594 = ADVANCED_FACE('',(#8595),#161,.T.);
#8595 = FACE_BOUND('',#8596,.T.);
#8596 = EDGE_LOOP('',(#8597,#8598,#8624,#8625,#8649,#8682,#8711,#8740));
#8597 = ORIENTED_EDGE('',*,*,#1755,.F.);
#8598 = ORIENTED_EDGE('',*,*,#8599,.F.);
#8599 = EDGE_CURVE('',#109,#1756,#8600,.T.);
#8600 = SURFACE_CURVE('',#8601,(#8606,#8617),.PCURVE_S1.);
#8601 = CIRCLE('',#8602,50.5);
#8602 = AXIS2_PLACEMENT_3D('',#8603,#8604,#8605);
#8603 = CARTESIAN_POINT('',(0.,0.,-9.));
#8604 = DIRECTION('',(0.,0.,-1.));
#8605 = DIRECTION('',(-1.,0.,0.));
#8606 = PCURVE('',#161,#8607);
#8607 = DEFINITIONAL_REPRESENTATION('',(#8608),#8616);
#8608 = ( BOUNDED_CURVE() B_SPLINE_CURVE(2,(#8609,#8610,#8611,#8612,
#8613,#8614,#8615),.UNSPECIFIED.,.T.,.F.) B_SPLINE_CURVE_WITH_KNOTS((1,2
    ,2,2,2,1),(-2.094395102393,0.,2.094395102393,4.188790204786,
6.28318530718,8.377580409573),.UNSPECIFIED.) CURVE() 
GEOMETRIC_REPRESENTATION_ITEM() RATIONAL_B_SPLINE_CURVE((1.,0.5,1.,0.5,
1.,0.5,1.)) REPRESENTATION_ITEM('') );
#8609 = CARTESIAN_POINT('',(-2.920204075669,19.708196766802));
#8610 = CARTESIAN_POINT('',(-2.920204075669,107.17676254903));
#8611 = CARTESIAN_POINT('',(72.829795924331,63.442479657916));
#8612 = CARTESIAN_POINT('',(148.57979592433,19.708196766802));
#8613 = CARTESIAN_POINT('',(72.829795924331,-24.02608612431));
#8614 = CARTESIAN_POINT('',(-2.920204075669,-67.76036901542));
#8615 = CARTESIAN_POINT('',(-2.920204075669,19.708196766802));
#8616 = ( GEOMETRIC_REPRESENTATION_CONTEXT(2) 
PARAMETRIC_REPRESENTATION_CONTEXT() REPRESENTATION_CONTEXT('2D SPACE',''
  ) );
#8617 = PCURVE('',#132,#8618);
#8618 = DEFINITIONAL_REPRESENTATION('',(#8619),#8623);
#8619 = LINE('',#8620,#8621);
#8620 = CARTESIAN_POINT('',(9.424777960769,4.712388980385));
#8621 = VECTOR('',#8622,1.);
#8622 = DIRECTION('',(-1.,2.928692125913E-15));
#8623 = ( GEOMETRIC_REPRESENTATION_CONTEXT(2) 
PARAMETRIC_REPRESENTATION_CONTEXT() REPRESENTATION_CONTEXT('2D SPACE',''
  ) );
#8624 = ORIENTED_EDGE('',*,*,#144,.T.);
#8625 = ORIENTED_EDGE('',*,*,#8626,.T.);
#8626 = EDGE_CURVE('',#145,#8627,#8629,.T.);
#8627 = VERTEX_POINT('',#8628);
#8628 = CARTESIAN_POINT('',(52.251223950751,-27.40090501513,-9.));
#8629 = SURFACE_CURVE('',#8630,(#8635,#8642),.PCURVE_S1.);
#8630 = CIRCLE('',#8631,59.);
#8631 = AXIS2_PLACEMENT_3D('',#8632,#8633,#8634);
#8632 = CARTESIAN_POINT('',(0.,0.,-9.));
#8633 = DIRECTION('',(0.,0.,1.));
#8634 = DIRECTION('',(1.,0.,0.));
#8635 = PCURVE('',#161,#8636);
#8636 = DEFINITIONAL_REPRESENTATION('',(#8637),#8641);
#8637 = CIRCLE('',#8638,59.);
#8638 = AXIS2_PLACEMENT_2D('',#8639,#8640);
#8639 = CARTESIAN_POINT('',(47.579795924331,19.708196766802));
#8640 = DIRECTION('',(1.,0.));
#8641 = ( GEOMETRIC_REPRESENTATION_CONTEXT(2) 
PARAMETRIC_REPRESENTATION_CONTEXT() REPRESENTATION_CONTEXT('2D SPACE',''
  ) );
#8642 = PCURVE('',#8123,#8643);
#8643 = DEFINITIONAL_REPRESENTATION('',(#8644),#8648);
#8644 = LINE('',#8645,#8646);
#8645 = CARTESIAN_POINT('',(0.,1.570796326795));
#8646 = VECTOR('',#8647,1.);
#8647 = DIRECTION('',(1.,0.));
#8648 = ( GEOMETRIC_REPRESENTATION_CONTEXT(2) 
PARAMETRIC_REPRESENTATION_CONTEXT() REPRESENTATION_CONTEXT('2D SPACE',''
  ) );
#8649 = ORIENTED_EDGE('',*,*,#8650,.T.);
#8650 = EDGE_CURVE('',#8627,#8651,#8653,.T.);
#8651 = VERTEX_POINT('',#8652);
#8652 = CARTESIAN_POINT('',(38.671357462827,-20.9887139192,-9.));
#8653 = SURFACE_CURVE('',#8654,(#8659,#8670),.PCURVE_S1.);
#8654 = CIRCLE('',#8655,9.);
#8655 = AXIS2_PLACEMENT_3D('',#8656,#8657,#8658);
#8656 = CARTESIAN_POINT('',(47.579795924331,-19.7081967668,-9.));
#8657 = DIRECTION('',(0.,0.,-1.));
#8658 = DIRECTION('',(1.,0.,0.));
#8659 = PCURVE('',#161,#8660);
#8660 = DEFINITIONAL_REPRESENTATION('',(#8661),#8669);
#8661 = ( BOUNDED_CURVE() B_SPLINE_CURVE(2,(#8662,#8663,#8664,#8665,
#8666,#8667,#8668),.UNSPECIFIED.,.T.,.F.) B_SPLINE_CURVE_WITH_KNOTS((1,2
    ,2,2,2,1),(-2.094395102393,0.,2.094395102393,4.188790204786,
6.28318530718,8.377580409573),.UNSPECIFIED.) CURVE() 
GEOMETRIC_REPRESENTATION_ITEM() RATIONAL_B_SPLINE_CURVE((1.,0.5,1.,0.5,
1.,0.5,1.)) REPRESENTATION_ITEM('') );
#8662 = CARTESIAN_POINT('',(104.15959184866,-2.48689957516E-14));
#8663 = CARTESIAN_POINT('',(104.15959184866,-15.58845726812));
#8664 = CARTESIAN_POINT('',(90.659591848663,-7.79422863406));
#8665 = CARTESIAN_POINT('',(77.159591848663,-2.707335999007E-14));
#8666 = CARTESIAN_POINT('',(90.659591848663,7.79422863406));
#8667 = CARTESIAN_POINT('',(104.15959184866,15.58845726812));
#8668 = CARTESIAN_POINT('',(104.15959184866,-2.48689957516E-14));
#8669 = ( GEOMETRIC_REPRESENTATION_CONTEXT(2) 
PARAMETRIC_REPRESENTATION_CONTEXT() REPRESENTATION_CONTEXT('2D SPACE',''
  ) );
#8670 = PCURVE('',#8671,#8676);
#8671 = CYLINDRICAL_SURFACE('',#8672,9.);
#8672 = AXIS2_PLACEMENT_3D('',#8673,#8674,#8675);
#8673 = CARTESIAN_POINT('',(47.579795924331,-19.7081967668,-10.));
#8674 = DIRECTION('',(0.,0.,1.));
#8675 = DIRECTION('',(1.,0.,0.));
#8676 = DEFINITIONAL_REPRESENTATION('',(#8677),#8681);
#8677 = LINE('',#8678,#8679);
#8678 = CARTESIAN_POINT('',(6.28318530718,1.));
#8679 = VECTOR('',#8680,1.);
#8680 = DIRECTION('',(-1.,0.));
#8681 = ( GEOMETRIC_REPRESENTATION_CONTEXT(2) 
PARAMETRIC_REPRESENTATION_CONTEXT() REPRESENTATION_CONTEXT('2D SPACE',''
  ) );
#8682 = ORIENTED_EDGE('',*,*,#8683,.F.);
#8683 = EDGE_CURVE('',#8684,#8651,#8686,.T.);
#8684 = VERTEX_POINT('',#8685);
#8685 = CARTESIAN_POINT('',(-38.67135746282,-20.9887139192,-9.));
#8686 = SURFACE_CURVE('',#8687,(#8692,#8699),.PCURVE_S1.);
#8687 = CIRCLE('',#8688,44.);
#8688 = AXIS2_PLACEMENT_3D('',#8689,#8690,#8691);
#8689 = CARTESIAN_POINT('',(0.,0.,-9.));
#8690 = DIRECTION('',(0.,0.,1.));
#8691 = DIRECTION('',(-1.,0.,0.));
#8692 = PCURVE('',#161,#8693);
#8693 = DEFINITIONAL_REPRESENTATION('',(#8694),#8698);
#8694 = CIRCLE('',#8695,44.);
#8695 = AXIS2_PLACEMENT_2D('',#8696,#8697);
#8696 = CARTESIAN_POINT('',(47.579795924331,19.708196766802));
#8697 = DIRECTION('',(-1.,0.));
#8698 = ( GEOMETRIC_REPRESENTATION_CONTEXT(2) 
PARAMETRIC_REPRESENTATION_CONTEXT() REPRESENTATION_CONTEXT('2D SPACE',''
  ) );
#8699 = PCURVE('',#8700,#8705);
#8700 = TOROIDAL_SURFACE('',#8701,44.,1.);
#8701 = AXIS2_PLACEMENT_3D('',#8702,#8703,#8704);
#8702 = CARTESIAN_POINT('',(0.,0.,-10.));
#8703 = DIRECTION('',(0.,0.,1.));
#8704 = DIRECTION('',(1.,0.,0.));
#8705 = DEFINITIONAL_REPRESENTATION('',(#8706),#8710);
#8706 = LINE('',#8707,#8708);
#8707 = CARTESIAN_POINT('',(3.14159265359,1.570796326795));
#8708 = VECTOR('',#8709,1.);
#8709 = DIRECTION('',(1.,3.102511402235E-16));
#8710 = ( GEOMETRIC_REPRESENTATION_CONTEXT(2) 
PARAMETRIC_REPRESENTATION_CONTEXT() REPRESENTATION_CONTEXT('2D SPACE',''
  ) );
#8711 = ORIENTED_EDGE('',*,*,#8712,.F.);
#8712 = EDGE_CURVE('',#8713,#8684,#8715,.T.);
#8713 = VERTEX_POINT('',#8714);
#8714 = CARTESIAN_POINT('',(-52.25122395075,-27.40090501513,-9.));
#8715 = SURFACE_CURVE('',#8716,(#8721,#8728),.PCURVE_S1.);
#8716 = CIRCLE('',#8717,9.);
#8717 = AXIS2_PLACEMENT_3D('',#8718,#8719,#8720);
#8718 = CARTESIAN_POINT('',(-47.57979592433,-19.7081967668,-9.));
#8719 = DIRECTION('',(0.,0.,1.));
#8720 = DIRECTION('',(-1.,0.,0.));
#8721 = PCURVE('',#161,#8722);
#8722 = DEFINITIONAL_REPRESENTATION('',(#8723),#8727);
#8723 = CIRCLE('',#8724,9.);
#8724 = AXIS2_PLACEMENT_2D('',#8725,#8726);
#8725 = CARTESIAN_POINT('',(0.,0.));
#8726 = DIRECTION('',(-1.,0.));
#8727 = ( GEOMETRIC_REPRESENTATION_CONTEXT(2) 
PARAMETRIC_REPRESENTATION_CONTEXT() REPRESENTATION_CONTEXT('2D SPACE',''
  ) );
#8728 = PCURVE('',#8729,#8734);
#8729 = CYLINDRICAL_SURFACE('',#8730,9.);
#8730 = AXIS2_PLACEMENT_3D('',#8731,#8732,#8733);
#8731 = CARTESIAN_POINT('',(-47.57979592433,-19.7081967668,-10.));
#8732 = DIRECTION('',(0.,0.,1.));
#8733 = DIRECTION('',(-1.,0.,0.));
#8734 = DEFINITIONAL_REPRESENTATION('',(#8735),#8739);
#8735 = LINE('',#8736,#8737);
#8736 = CARTESIAN_POINT('',(4.440892098501E-16,1.));
#8737 = VECTOR('',#8738,1.);
#8738 = DIRECTION('',(1.,0.));
#8739 = ( GEOMETRIC_REPRESENTATION_CONTEXT(2) 
PARAMETRIC_REPRESENTATION_CONTEXT() REPRESENTATION_CONTEXT('2D SPACE',''
  ) );
#8740 = ORIENTED_EDGE('',*,*,#8741,.F.);
#8741 = EDGE_CURVE('',#1686,#8713,#8742,.T.);
#8742 = SURFACE_CURVE('',#8743,(#8748,#8759),.PCURVE_S1.);
#8743 = CIRCLE('',#8744,59.);
#8744 = AXIS2_PLACEMENT_3D('',#8745,#8746,#8747);
#8745 = CARTESIAN_POINT('',(0.,0.,-9.));
#8746 = DIRECTION('',(0.,0.,-1.));
#8747 = DIRECTION('',(-1.,0.,0.));
#8748 = PCURVE('',#161,#8749);
#8749 = DEFINITIONAL_REPRESENTATION('',(#8750),#8758);
#8750 = ( BOUNDED_CURVE() B_SPLINE_CURVE(2,(#8751,#8752,#8753,#8754,
#8755,#8756,#8757),.UNSPECIFIED.,.T.,.F.) B_SPLINE_CURVE_WITH_KNOTS((1,2
    ,2,2,2,1),(-2.094395102393,0.,2.094395102393,4.188790204786,
6.28318530718,8.377580409573),.UNSPECIFIED.) CURVE() 
GEOMETRIC_REPRESENTATION_ITEM() RATIONAL_B_SPLINE_CURVE((1.,0.5,1.,0.5,
1.,0.5,1.)) REPRESENTATION_ITEM('') );
#8751 = CARTESIAN_POINT('',(-11.42020407566,19.708196766802));
#8752 = CARTESIAN_POINT('',(-11.42020407566,121.89919441336));
#8753 = CARTESIAN_POINT('',(77.079795924331,70.803695590084));
#8754 = CARTESIAN_POINT('',(165.57979592433,19.708196766802));
#8755 = CARTESIAN_POINT('',(77.079795924331,-31.38730205648));
#8756 = CARTESIAN_POINT('',(-11.42020407566,-82.48280087976));
#8757 = CARTESIAN_POINT('',(-11.42020407566,19.708196766802));
#8758 = ( GEOMETRIC_REPRESENTATION_CONTEXT(2) 
PARAMETRIC_REPRESENTATION_CONTEXT() REPRESENTATION_CONTEXT('2D SPACE',''
  ) );
#8759 = PCURVE('',#6047,#8760);
#8760 = DEFINITIONAL_REPRESENTATION('',(#8761),#8765);
#8761 = LINE('',#8762,#8763);
#8762 = CARTESIAN_POINT('',(9.424777960769,1.570796326795));
#8763 = VECTOR('',#8764,1.);
#8764 = DIRECTION('',(-1.,4.185422370566E-15));
#8765 = ( GEOMETRIC_REPRESENTATION_CONTEXT(2) 
PARAMETRIC_REPRESENTATION_CONTEXT() REPRESENTATION_CONTEXT('2D SPACE',''
  ) );
#8766 = ADVANCED_FACE('',(#8767),#484,.F.);
#8767 = FACE_BOUND('',#8768,.T.);
#8768 = EDGE_LOOP('',(#8769,#8770,#8796,#8797,#8823,#8824,#8846,#8847));
#8769 = ORIENTED_EDGE('',*,*,#2470,.F.);
#8770 = ORIENTED_EDGE('',*,*,#8771,.F.);
#8771 = EDGE_CURVE('',#1112,#2471,#8772,.T.);
#8772 = SURFACE_CURVE('',#8773,(#8778,#8789),.PCURVE_S1.);
#8773 = CIRCLE('',#8774,44.);
#8774 = AXIS2_PLACEMENT_3D('',#8775,#8776,#8777);
#8775 = CARTESIAN_POINT('',(0.,0.,-18.));
#8776 = DIRECTION('',(0.,0.,-1.));
#8777 = DIRECTION('',(-1.,0.,0.));
#8778 = PCURVE('',#484,#8779);
#8779 = DEFINITIONAL_REPRESENTATION('',(#8780),#8788);
#8780 = ( BOUNDED_CURVE() B_SPLINE_CURVE(2,(#8781,#8782,#8783,#8784,
#8785,#8786,#8787),.UNSPECIFIED.,.T.,.F.) B_SPLINE_CURVE_WITH_KNOTS((1,2
    ,2,2,2,1),(-2.094395102393,0.,2.094395102393,4.188790204786,
6.28318530718,8.377580409573),.UNSPECIFIED.) CURVE() 
GEOMETRIC_REPRESENTATION_ITEM() RATIONAL_B_SPLINE_CURVE((1.,0.5,1.,0.5,
1.,0.5,1.)) REPRESENTATION_ITEM('') );
#8781 = CARTESIAN_POINT('',(3.579795924331,19.708196766802));
#8782 = CARTESIAN_POINT('',(3.579795924331,95.918432299833));
#8783 = CARTESIAN_POINT('',(69.579795924331,57.813314533317));
#8784 = CARTESIAN_POINT('',(135.57979592433,19.708196766802));
#8785 = CARTESIAN_POINT('',(69.579795924331,-18.39692099971));
#8786 = CARTESIAN_POINT('',(3.579795924331,-56.50203876622));
#8787 = CARTESIAN_POINT('',(3.579795924331,19.708196766802));
#8788 = ( GEOMETRIC_REPRESENTATION_CONTEXT(2) 
PARAMETRIC_REPRESENTATION_CONTEXT() REPRESENTATION_CONTEXT('2D SPACE',''
  ) );
#8789 = PCURVE('',#1077,#8790);
#8790 = DEFINITIONAL_REPRESENTATION('',(#8791),#8795);
#8791 = LINE('',#8792,#8793);
#8792 = CARTESIAN_POINT('',(9.424777960769,4.712388980385));
#8793 = VECTOR('',#8794,1.);
#8794 = DIRECTION('',(-1.,4.136681869646E-16));
#8795 = ( GEOMETRIC_REPRESENTATION_CONTEXT(2) 
PARAMETRIC_REPRESENTATION_CONTEXT() REPRESENTATION_CONTEXT('2D SPACE',''
  ) );
#8796 = ORIENTED_EDGE('',*,*,#1159,.T.);
#8797 = ORIENTED_EDGE('',*,*,#8798,.T.);
#8798 = EDGE_CURVE('',#1160,#461,#8799,.T.);
#8799 = SURFACE_CURVE('',#8800,(#8805,#8816),.PCURVE_S1.);
#8800 = CIRCLE('',#8801,59.);
#8801 = AXIS2_PLACEMENT_3D('',#8802,#8803,#8804);
#8802 = CARTESIAN_POINT('',(0.,0.,-18.));
#8803 = DIRECTION('',(0.,0.,-1.));
#8804 = DIRECTION('',(1.,0.,0.));
#8805 = PCURVE('',#484,#8806);
#8806 = DEFINITIONAL_REPRESENTATION('',(#8807),#8815);
#8807 = ( BOUNDED_CURVE() B_SPLINE_CURVE(2,(#8808,#8809,#8810,#8811,
#8812,#8813,#8814),.UNSPECIFIED.,.T.,.F.) B_SPLINE_CURVE_WITH_KNOTS((1,2
    ,2,2,2,1),(-2.094395102393,0.,2.094395102393,4.188790204786,
6.28318530718,8.377580409573),.UNSPECIFIED.) CURVE() 
GEOMETRIC_REPRESENTATION_ITEM() RATIONAL_B_SPLINE_CURVE((1.,0.5,1.,0.5,
1.,0.5,1.)) REPRESENTATION_ITEM('') );
#8808 = CARTESIAN_POINT('',(106.57979592433,19.708196766802));
#8809 = CARTESIAN_POINT('',(106.57979592433,-82.48280087976));
#8810 = CARTESIAN_POINT('',(18.079795924331,-31.38730205648));
#8811 = CARTESIAN_POINT('',(-70.42020407566,19.708196766802));
#8812 = CARTESIAN_POINT('',(18.079795924331,70.803695590084));
#8813 = CARTESIAN_POINT('',(106.57979592433,121.89919441336));
#8814 = CARTESIAN_POINT('',(106.57979592433,19.708196766802));
#8815 = ( GEOMETRIC_REPRESENTATION_CONTEXT(2) 
PARAMETRIC_REPRESENTATION_CONTEXT() REPRESENTATION_CONTEXT('2D SPACE',''
  ) );
#8816 = PCURVE('',#1234,#8817);
#8817 = DEFINITIONAL_REPRESENTATION('',(#8818),#8822);
#8818 = LINE('',#8819,#8820);
#8819 = CARTESIAN_POINT('',(6.28318530718,4.712388980385));
#8820 = VECTOR('',#8821,1.);
#8821 = DIRECTION('',(-1.,-5.022506844679E-14));
#8822 = ( GEOMETRIC_REPRESENTATION_CONTEXT(2) 
PARAMETRIC_REPRESENTATION_CONTEXT() REPRESENTATION_CONTEXT('2D SPACE',''
  ) );
#8823 = ORIENTED_EDGE('',*,*,#460,.T.);
#8824 = ORIENTED_EDGE('',*,*,#8825,.F.);
#8825 = EDGE_CURVE('',#1870,#463,#8826,.T.);
#8826 = SURFACE_CURVE('',#8827,(#8832,#8839),.PCURVE_S1.);
#8827 = CIRCLE('',#8828,50.5);
#8828 = AXIS2_PLACEMENT_3D('',#8829,#8830,#8831);
#8829 = CARTESIAN_POINT('',(0.,0.,-18.));
#8830 = DIRECTION('',(0.,0.,1.));
#8831 = DIRECTION('',(-1.,0.,0.));
#8832 = PCURVE('',#484,#8833);
#8833 = DEFINITIONAL_REPRESENTATION('',(#8834),#8838);
#8834 = CIRCLE('',#8835,50.5);
#8835 = AXIS2_PLACEMENT_2D('',#8836,#8837);
#8836 = CARTESIAN_POINT('',(47.579795924331,19.708196766802));
#8837 = DIRECTION('',(-1.,0.));
#8838 = ( GEOMETRIC_REPRESENTATION_CONTEXT(2) 
PARAMETRIC_REPRESENTATION_CONTEXT() REPRESENTATION_CONTEXT('2D SPACE',''
  ) );
#8839 = PCURVE('',#513,#8840);
#8840 = DEFINITIONAL_REPRESENTATION('',(#8841),#8845);
#8841 = LINE('',#8842,#8843);
#8842 = CARTESIAN_POINT('',(3.14159265359,1.570796326795));
#8843 = VECTOR('',#8844,1.);
#8844 = DIRECTION('',(1.,-4.026951673131E-15));
#8845 = ( GEOMETRIC_REPRESENTATION_CONTEXT(2) 
PARAMETRIC_REPRESENTATION_CONTEXT() REPRESENTATION_CONTEXT('2D SPACE',''
  ) );
#8846 = ORIENTED_EDGE('',*,*,#1893,.F.);
#8847 = ORIENTED_EDGE('',*,*,#8848,.F.);
#8848 = EDGE_CURVE('',#2381,#1894,#8849,.T.);
#8849 = SURFACE_CURVE('',#8850,(#8855,#8862),.PCURVE_S1.);
#8850 = CIRCLE('',#8851,59.);
#8851 = AXIS2_PLACEMENT_3D('',#8852,#8853,#8854);
#8852 = CARTESIAN_POINT('',(0.,0.,-18.));
#8853 = DIRECTION('',(0.,0.,1.));
#8854 = DIRECTION('',(-1.,0.,0.));
#8855 = PCURVE('',#484,#8856);
#8856 = DEFINITIONAL_REPRESENTATION('',(#8857),#8861);
#8857 = CIRCLE('',#8858,59.);
#8858 = AXIS2_PLACEMENT_2D('',#8859,#8860);
#8859 = CARTESIAN_POINT('',(47.579795924331,19.708196766802));
#8860 = DIRECTION('',(-1.,0.));
#8861 = ( GEOMETRIC_REPRESENTATION_CONTEXT(2) 
PARAMETRIC_REPRESENTATION_CONTEXT() REPRESENTATION_CONTEXT('2D SPACE',''
  ) );
#8862 = PCURVE('',#2436,#8863);
#8863 = DEFINITIONAL_REPRESENTATION('',(#8864),#8868);
#8864 = LINE('',#8865,#8866);
#8865 = CARTESIAN_POINT('',(3.14159265359,4.712388980385));
#8866 = VECTOR('',#8867,1.);
#8867 = DIRECTION('',(1.,-5.022506844679E-14));
#8868 = ( GEOMETRIC_REPRESENTATION_CONTEXT(2) 
PARAMETRIC_REPRESENTATION_CONTEXT() REPRESENTATION_CONTEXT('2D SPACE',''
  ) );
#8869 = ADVANCED_FACE('',(#8870),#1340,.F.);
#8870 = FACE_BOUND('',#8871,.F.);
#8871 = EDGE_LOOP('',(#8872,#8898,#8899,#8927,#8951,#8973,#8974,#8996));
#8872 = ORIENTED_EDGE('',*,*,#8873,.T.);
#8873 = EDGE_CURVE('',#1028,#1294,#8874,.T.);
#8874 = SURFACE_CURVE('',#8875,(#8880,#8887),.PCURVE_S1.);
#8875 = CIRCLE('',#8876,43.);
#8876 = AXIS2_PLACEMENT_3D('',#8877,#8878,#8879);
#8877 = CARTESIAN_POINT('',(0.,0.,-17.));
#8878 = DIRECTION('',(0.,0.,1.));
#8879 = DIRECTION('',(-1.,0.,0.));
#8880 = PCURVE('',#1340,#8881);
#8881 = DEFINITIONAL_REPRESENTATION('',(#8882),#8886);
#8882 = LINE('',#8883,#8884);
#8883 = CARTESIAN_POINT('',(0.,1.));
#8884 = VECTOR('',#8885,1.);
#8885 = DIRECTION('',(1.,0.));
#8886 = ( GEOMETRIC_REPRESENTATION_CONTEXT(2) 
PARAMETRIC_REPRESENTATION_CONTEXT() REPRESENTATION_CONTEXT('2D SPACE',''
  ) );
#8887 = PCURVE('',#92,#8888);
#8888 = DEFINITIONAL_REPRESENTATION('',(#8889),#8897);
#8889 = ( BOUNDED_CURVE() B_SPLINE_CURVE(2,(#8890,#8891,#8892,#8893,
#8894,#8895,#8896),.UNSPECIFIED.,.T.,.F.) B_SPLINE_CURVE_WITH_KNOTS((1,2
    ,2,2,2,1),(-2.094395102393,0.,2.094395102393,4.188790204786,
6.28318530718,8.377580409573),.UNSPECIFIED.) CURVE() 
GEOMETRIC_REPRESENTATION_ITEM() RATIONAL_B_SPLINE_CURVE((1.,0.5,1.,0.5,
1.,0.5,1.)) REPRESENTATION_ITEM('') );
#8890 = CARTESIAN_POINT('',(90.579795924331,19.708196766802));
#8891 = CARTESIAN_POINT('',(90.579795924331,-54.76998795866));
#8892 = CARTESIAN_POINT('',(26.079795924331,-17.53089559592));
#8893 = CARTESIAN_POINT('',(-38.42020407566,19.708196766802));
#8894 = CARTESIAN_POINT('',(26.079795924331,56.947289129533));
#8895 = CARTESIAN_POINT('',(90.579795924331,94.186381492264));
#8896 = CARTESIAN_POINT('',(90.579795924331,19.708196766802));
#8897 = ( GEOMETRIC_REPRESENTATION_CONTEXT(2) 
PARAMETRIC_REPRESENTATION_CONTEXT() REPRESENTATION_CONTEXT('2D SPACE',''
  ) );
#8898 = ORIENTED_EDGE('',*,*,#1324,.T.);
#8899 = ORIENTED_EDGE('',*,*,#8900,.T.);
#8900 = EDGE_CURVE('',#1325,#8901,#8903,.T.);
#8901 = VERTEX_POINT('',#8902);
#8902 = CARTESIAN_POINT('',(38.61447983819,-18.91882519677,-10.));
#8903 = SURFACE_CURVE('',#8904,(#8909,#8916),.PCURVE_S1.);
#8904 = CIRCLE('',#8905,43.);
#8905 = AXIS2_PLACEMENT_3D('',#8906,#8907,#8908);
#8906 = CARTESIAN_POINT('',(0.,0.,-10.));
#8907 = DIRECTION('',(0.,0.,-1.));
#8908 = DIRECTION('',(1.,0.,0.));
#8909 = PCURVE('',#1340,#8910);
#8910 = DEFINITIONAL_REPRESENTATION('',(#8911),#8915);
#8911 = LINE('',#8912,#8913);
#8912 = CARTESIAN_POINT('',(3.14159265359,8.));
#8913 = VECTOR('',#8914,1.);
#8914 = DIRECTION('',(-1.,0.));
#8915 = ( GEOMETRIC_REPRESENTATION_CONTEXT(2) 
PARAMETRIC_REPRESENTATION_CONTEXT() REPRESENTATION_CONTEXT('2D SPACE',''
  ) );
#8916 = PCURVE('',#43,#8917);
#8917 = DEFINITIONAL_REPRESENTATION('',(#8918),#8926);
#8918 = ( BOUNDED_CURVE() B_SPLINE_CURVE(2,(#8919,#8920,#8921,#8922,
#8923,#8924,#8925),.UNSPECIFIED.,.T.,.F.) B_SPLINE_CURVE_WITH_KNOTS((1,2
    ,2,2,2,1),(-2.094395102393,0.,2.094395102393,4.188790204786,
6.28318530718,8.377580409573),.UNSPECIFIED.) CURVE() 
GEOMETRIC_REPRESENTATION_ITEM() RATIONAL_B_SPLINE_CURVE((1.,0.5,1.,0.5,
1.,0.5,1.)) REPRESENTATION_ITEM('') );
#8919 = CARTESIAN_POINT('',(-4.579795924331,19.708196766802));
#8920 = CARTESIAN_POINT('',(-4.579795924331,-54.76998795866));
#8921 = CARTESIAN_POINT('',(-69.07979592433,-17.53089559592));
#8922 = CARTESIAN_POINT('',(-133.5797959243,19.708196766802));
#8923 = CARTESIAN_POINT('',(-69.07979592433,56.947289129533));
#8924 = CARTESIAN_POINT('',(-4.579795924331,94.186381492264));
#8925 = CARTESIAN_POINT('',(-4.579795924331,19.708196766802));
#8926 = ( GEOMETRIC_REPRESENTATION_CONTEXT(2) 
PARAMETRIC_REPRESENTATION_CONTEXT() REPRESENTATION_CONTEXT('2D SPACE',''
  ) );
#8927 = ORIENTED_EDGE('',*,*,#8928,.T.);
#8928 = EDGE_CURVE('',#8901,#8929,#8931,.T.);
#8929 = VERTEX_POINT('',#8930);
#8930 = CARTESIAN_POINT('',(-38.61447983819,-18.91882519677,-10.));
#8931 = SURFACE_CURVE('',#8932,(#8937,#8944),.PCURVE_S1.);
#8932 = CIRCLE('',#8933,43.);
#8933 = AXIS2_PLACEMENT_3D('',#8934,#8935,#8936);
#8934 = CARTESIAN_POINT('',(0.,0.,-10.));
#8935 = DIRECTION('',(0.,0.,-1.));
#8936 = DIRECTION('',(-1.,0.,0.));
#8937 = PCURVE('',#1340,#8938);
#8938 = DEFINITIONAL_REPRESENTATION('',(#8939),#8943);
#8939 = LINE('',#8940,#8941);
#8940 = CARTESIAN_POINT('',(6.28318530718,8.));
#8941 = VECTOR('',#8942,1.);
#8942 = DIRECTION('',(-1.,0.));
#8943 = ( GEOMETRIC_REPRESENTATION_CONTEXT(2) 
PARAMETRIC_REPRESENTATION_CONTEXT() REPRESENTATION_CONTEXT('2D SPACE',''
  ) );
#8944 = PCURVE('',#8700,#8945);
#8945 = DEFINITIONAL_REPRESENTATION('',(#8946),#8950);
#8946 = LINE('',#8947,#8948);
#8947 = CARTESIAN_POINT('',(9.424777960769,3.14159265359));
#8948 = VECTOR('',#8949,1.);
#8949 = DIRECTION('',(-1.,-1.99102416267E-16));
#8950 = ( GEOMETRIC_REPRESENTATION_CONTEXT(2) 
PARAMETRIC_REPRESENTATION_CONTEXT() REPRESENTATION_CONTEXT('2D SPACE',''
  ) );
#8951 = ORIENTED_EDGE('',*,*,#8952,.F.);
#8952 = EDGE_CURVE('',#2708,#8929,#8953,.T.);
#8953 = SURFACE_CURVE('',#8954,(#8959,#8966),.PCURVE_S1.);
#8954 = CIRCLE('',#8955,43.);
#8955 = AXIS2_PLACEMENT_3D('',#8956,#8957,#8958);
#8956 = CARTESIAN_POINT('',(0.,0.,-10.));
#8957 = DIRECTION('',(0.,0.,1.));
#8958 = DIRECTION('',(-1.,0.,0.));
#8959 = PCURVE('',#1340,#8960);
#8960 = DEFINITIONAL_REPRESENTATION('',(#8961),#8965);
#8961 = LINE('',#8962,#8963);
#8962 = CARTESIAN_POINT('',(-5.551115123126E-17,8.));
#8963 = VECTOR('',#8964,1.);
#8964 = DIRECTION('',(1.,0.));
#8965 = ( GEOMETRIC_REPRESENTATION_CONTEXT(2) 
PARAMETRIC_REPRESENTATION_CONTEXT() REPRESENTATION_CONTEXT('2D SPACE',''
  ) );
#8966 = PCURVE('',#1422,#8967);
#8967 = DEFINITIONAL_REPRESENTATION('',(#8968),#8972);
#8968 = CIRCLE('',#8969,43.);
#8969 = AXIS2_PLACEMENT_2D('',#8970,#8971);
#8970 = CARTESIAN_POINT('',(47.579795924331,19.708196766802));
#8971 = DIRECTION('',(-1.,0.));
#8972 = ( GEOMETRIC_REPRESENTATION_CONTEXT(2) 
PARAMETRIC_REPRESENTATION_CONTEXT() REPRESENTATION_CONTEXT('2D SPACE',''
  ) );
#8973 = ORIENTED_EDGE('',*,*,#2735,.F.);
#8974 = ORIENTED_EDGE('',*,*,#8975,.F.);
#8975 = EDGE_CURVE('',#2547,#2650,#8976,.T.);
#8976 = SURFACE_CURVE('',#8977,(#8982,#8989),.PCURVE_S1.);
#8977 = CIRCLE('',#8978,43.);
#8978 = AXIS2_PLACEMENT_3D('',#8979,#8980,#8981);
#8979 = CARTESIAN_POINT('',(0.,0.,-17.));
#8980 = DIRECTION('',(0.,0.,-1.));
#8981 = DIRECTION('',(1.,0.,0.));
#8982 = PCURVE('',#1340,#8983);
#8983 = DEFINITIONAL_REPRESENTATION('',(#8984),#8988);
#8984 = LINE('',#8985,#8986);
#8985 = CARTESIAN_POINT('',(3.14159265359,1.));
#8986 = VECTOR('',#8987,1.);
#8987 = DIRECTION('',(-1.,0.));
#8988 = ( GEOMETRIC_REPRESENTATION_CONTEXT(2) 
PARAMETRIC_REPRESENTATION_CONTEXT() REPRESENTATION_CONTEXT('2D SPACE',''
  ) );
#8989 = PCURVE('',#1475,#8990);
#8990 = DEFINITIONAL_REPRESENTATION('',(#8991),#8995);
#8991 = CIRCLE('',#8992,43.);
#8992 = AXIS2_PLACEMENT_2D('',#8993,#8994);
#8993 = CARTESIAN_POINT('',(-47.57979592433,19.708196766802));
#8994 = DIRECTION('',(-1.,0.));
#8995 = ( GEOMETRIC_REPRESENTATION_CONTEXT(2) 
PARAMETRIC_REPRESENTATION_CONTEXT() REPRESENTATION_CONTEXT('2D SPACE',''
  ) );
#8996 = ORIENTED_EDGE('',*,*,#8997,.T.);
#8997 = EDGE_CURVE('',#2547,#1028,#8998,.T.);
#8998 = SURFACE_CURVE('',#8999,(#9004,#9011),.PCURVE_S1.);
#8999 = CIRCLE('',#9000,43.);
#9000 = AXIS2_PLACEMENT_3D('',#9001,#9002,#9003);
#9001 = CARTESIAN_POINT('',(0.,0.,-17.));
#9002 = DIRECTION('',(0.,0.,1.));
#9003 = DIRECTION('',(-1.,0.,0.));
#9004 = PCURVE('',#1340,#9005);
#9005 = DEFINITIONAL_REPRESENTATION('',(#9006),#9010);
#9006 = LINE('',#9007,#9008);
#9007 = CARTESIAN_POINT('',(-5.551115123126E-17,1.));
#9008 = VECTOR('',#9009,1.);
#9009 = DIRECTION('',(1.,0.));
#9010 = ( GEOMETRIC_REPRESENTATION_CONTEXT(2) 
PARAMETRIC_REPRESENTATION_CONTEXT() REPRESENTATION_CONTEXT('2D SPACE',''
  ) );
#9011 = PCURVE('',#1077,#9012);
#9012 = DEFINITIONAL_REPRESENTATION('',(#9013),#9017);
#9013 = LINE('',#9014,#9015);
#9014 = CARTESIAN_POINT('',(3.14159265359,3.14159265359));
#9015 = VECTOR('',#9016,1.);
#9016 = DIRECTION('',(1.,1.393716913869E-15));
#9017 = ( GEOMETRIC_REPRESENTATION_CONTEXT(2) 
PARAMETRIC_REPRESENTATION_CONTEXT() REPRESENTATION_CONTEXT('2D SPACE',''
  ) );
#9018 = ADVANCED_FACE('',(#9019,#9025),#1475,.T.);
#9019 = FACE_BOUND('',#9020,.T.);
#9020 = EDGE_LOOP('',(#9021,#9022,#9023,#9024));
#9021 = ORIENTED_EDGE('',*,*,#6086,.F.);
#9022 = ORIENTED_EDGE('',*,*,#2649,.F.);
#9023 = ORIENTED_EDGE('',*,*,#8975,.F.);
#9024 = ORIENTED_EDGE('',*,*,#2620,.F.);
#9025 = FACE_BOUND('',#9026,.T.);
#9026 = EDGE_LOOP('',(#9027));
#9027 = ORIENTED_EDGE('',*,*,#1460,.T.);
#9028 = ADVANCED_FACE('',(#9029,#9056),#1422,.T.);
#9029 = FACE_BOUND('',#9030,.T.);
#9030 = EDGE_LOOP('',(#9031,#9032,#9054,#9055));
#9031 = ORIENTED_EDGE('',*,*,#6059,.F.);
#9032 = ORIENTED_EDGE('',*,*,#9033,.T.);
#9033 = EDGE_CURVE('',#6031,#8929,#9034,.T.);
#9034 = SURFACE_CURVE('',#9035,(#9040,#9047),.PCURVE_S1.);
#9035 = CIRCLE('',#9036,9.);
#9036 = AXIS2_PLACEMENT_3D('',#9037,#9038,#9039);
#9037 = CARTESIAN_POINT('',(-47.57979592433,-19.7081967668,-10.));
#9038 = DIRECTION('',(0.,0.,1.));
#9039 = DIRECTION('',(1.,0.,0.));
#9040 = PCURVE('',#1422,#9041);
#9041 = DEFINITIONAL_REPRESENTATION('',(#9042),#9046);
#9042 = CIRCLE('',#9043,9.);
#9043 = AXIS2_PLACEMENT_2D('',#9044,#9045);
#9044 = CARTESIAN_POINT('',(0.,0.));
#9045 = DIRECTION('',(1.,0.));
#9046 = ( GEOMETRIC_REPRESENTATION_CONTEXT(2) 
PARAMETRIC_REPRESENTATION_CONTEXT() REPRESENTATION_CONTEXT('2D SPACE',''
  ) );
#9047 = PCURVE('',#8729,#9048);
#9048 = DEFINITIONAL_REPRESENTATION('',(#9049),#9053);
#9049 = LINE('',#9050,#9051);
#9050 = CARTESIAN_POINT('',(-3.14159265359,0.));
#9051 = VECTOR('',#9052,1.);
#9052 = DIRECTION('',(1.,0.));
#9053 = ( GEOMETRIC_REPRESENTATION_CONTEXT(2) 
PARAMETRIC_REPRESENTATION_CONTEXT() REPRESENTATION_CONTEXT('2D SPACE',''
  ) );
#9054 = ORIENTED_EDGE('',*,*,#8952,.F.);
#9055 = ORIENTED_EDGE('',*,*,#2707,.F.);
#9056 = FACE_BOUND('',#9057,.T.);
#9057 = EDGE_LOOP('',(#9058));
#9058 = ORIENTED_EDGE('',*,*,#1400,.T.);
#9059 = ADVANCED_FACE('',(#9060),#8729,.F.);
#9060 = FACE_BOUND('',#9061,.F.);
#9061 = EDGE_LOOP('',(#9062,#9140,#9141,#9216));
#9062 = ORIENTED_EDGE('',*,*,#9063,.T.);
#9063 = EDGE_CURVE('',#8713,#6031,#9064,.T.);
#9064 = SURFACE_CURVE('',#9065,(#9082,#9111),.PCURVE_S1.);
#9065 = B_SPLINE_CURVE_WITH_KNOTS('',3,(#9066,#9067,#9068,#9069,#9070,
    #9071,#9072,#9073,#9074,#9075,#9076,#9077,#9078,#9079,#9080,#9081),
  .UNSPECIFIED.,.F.,.F.,(4,3,3,3,3,4),(7.757919E-18,1.120307962498E-03,
    1.935304598359E-03,2.342802916289E-03,2.652454179142E-03,
    2.75030123422E-03),.UNSPECIFIED.);
#9066 = CARTESIAN_POINT('',(-52.25122395075,-27.40090501513,-9.));
#9067 = CARTESIAN_POINT('',(-52.57516739309,-27.20418905676,-9.));
#9068 = CARTESIAN_POINT('',(-52.87829340737,-26.99230795133,
    -9.053063674782));
#9069 = CARTESIAN_POINT('',(-53.16361058557,-26.76659699836,
    -9.146806449781));
#9070 = CARTESIAN_POINT('',(-53.37117185281,-26.60239780178,
    -9.2150020253));
#9071 = CARTESIAN_POINT('',(-53.57013039584,-26.42947901563,
    -9.304851360147));
#9072 = CARTESIAN_POINT('',(-53.74811754132,-26.26195968815,
    -9.429055281007));
#9073 = CARTESIAN_POINT('',(-53.83711111406,-26.17820002442,
    -9.491157241438));
#9074 = CARTESIAN_POINT('',(-53.92206050578,-26.09462518714,
    -9.562078812258));
#9075 = CARTESIAN_POINT('',(-53.99490921517,-26.02059104042,
    -9.652407668658));
#9076 = CARTESIAN_POINT('',(-54.05026575007,-25.96433371121,
    -9.721047079486));
#9077 = CARTESIAN_POINT('',(-54.09997790488,-25.91208737618,
    -9.802245310511));
#9078 = CARTESIAN_POINT('',(-54.12203619433,-25.88873818722,
    -9.90193010374));
#9079 = CARTESIAN_POINT('',(-54.12900641833,-25.88136005042,
    -9.933429615041));
#9080 = CARTESIAN_POINT('',(-54.13287578127,-25.8772440505,
    -9.966411739802));
#9081 = CARTESIAN_POINT('',(-54.13287578127,-25.8772440505,-10.));
#9082 = PCURVE('',#8729,#9083);
#9083 = DEFINITIONAL_REPRESENTATION('',(#9084),#9110);
#9084 = B_SPLINE_CURVE_WITH_KNOTS('',3,(#9085,#9086,#9087,#9088,#9089,
    #9090,#9091,#9092,#9093,#9094,#9095,#9096,#9097,#9098,#9099,#9100,
    #9101,#9102,#9103,#9104,#9105,#9106,#9107,#9108,#9109),
  .UNSPECIFIED.,.F.,.F.,(4,1,1,1,1,1,1,1,1,1,1,1,1,1,1,1,1,1,1,1,1,1,4),
  (7.757919E-18,1.250136924646E-04,2.500273849291E-04,3.750410773936E-04
    ,5.000547698582E-04,6.250684623227E-04,7.500821547873E-04,
    8.750958472518E-04,1.000109539716E-03,1.125123232181E-03,
    1.250136924645E-03,1.37515061711E-03,1.500164309575E-03,
    1.625178002039E-03,1.750191694504E-03,1.875205386968E-03,
    2.000219079433E-03,2.125232771897E-03,2.250246464362E-03,
    2.375260156826E-03,2.500273849291E-03,2.625287541755E-03,
    2.75030123422E-03),.QUASI_UNIFORM_KNOTS.);
#9085 = CARTESIAN_POINT('',(1.025060052129,1.));
#9086 = CARTESIAN_POINT('',(1.020361006112,1.));
#9087 = CARTESIAN_POINT('',(1.010990353991,0.99867849865));
#9088 = CARTESIAN_POINT('',(0.997012291727,0.992834992478));
#9089 = CARTESIAN_POINT('',(0.98310772203,0.983233485077));
#9090 = CARTESIAN_POINT('',(0.969272289907,0.969977218817));
#9091 = CARTESIAN_POINT('',(0.955501726037,0.953169475235));
#9092 = CARTESIAN_POINT('',(0.941791729259,0.932913389761));
#9093 = CARTESIAN_POINT('',(0.928138456901,0.909312643073));
#9094 = CARTESIAN_POINT('',(0.914536716691,0.882468880974));
#9095 = CARTESIAN_POINT('',(0.900986742839,0.852491343514));
#9096 = CARTESIAN_POINT('',(0.887468829331,0.81946082813));
#9097 = CARTESIAN_POINT('',(0.874012752372,0.783083663314));
#9098 = CARTESIAN_POINT('',(0.860663878728,0.743090609573));
#9099 = CARTESIAN_POINT('',(0.847463942862,0.699202084198));
#9100 = CARTESIAN_POINT('',(0.834455161876,0.651155445323));
#9101 = CARTESIAN_POINT('',(0.821682519931,0.598630630935));
#9102 = CARTESIAN_POINT('',(0.809180063233,0.541520318757));
#9103 = CARTESIAN_POINT('',(0.796965011315,0.478599853403));
#9104 = CARTESIAN_POINT('',(0.785310924864,0.407825743772));
#9105 = CARTESIAN_POINT('',(0.774421786911,0.327674201326));
#9106 = CARTESIAN_POINT('',(0.764597696891,0.235002301585));
#9107 = CARTESIAN_POINT('',(0.757312789027,0.126421148465));
#9108 = CARTESIAN_POINT('',(0.755269323306,4.388496886368E-02));
#9109 = CARTESIAN_POINT('',(0.755221134946,0.));
#9110 = ( GEOMETRIC_REPRESENTATION_CONTEXT(2) 
PARAMETRIC_REPRESENTATION_CONTEXT() REPRESENTATION_CONTEXT('2D SPACE',''
  ) );
#9111 = PCURVE('',#6047,#9112);
#9112 = DEFINITIONAL_REPRESENTATION('',(#9113),#9139);
#9113 = B_SPLINE_CURVE_WITH_KNOTS('',3,(#9114,#9115,#9116,#9117,#9118,
    #9119,#9120,#9121,#9122,#9123,#9124,#9125,#9126,#9127,#9128,#9129,
    #9130,#9131,#9132,#9133,#9134,#9135,#9136,#9137,#9138),
  .UNSPECIFIED.,.F.,.F.,(4,1,1,1,1,1,1,1,1,1,1,1,1,1,1,1,1,1,1,1,1,1,4),
  (7.757919E-18,1.250136924646E-04,2.500273849291E-04,3.750410773936E-04
    ,5.000547698582E-04,6.250684623227E-04,7.500821547873E-04,
    8.750958472518E-04,1.000109539716E-03,1.125123232181E-03,
    1.250136924645E-03,1.37515061711E-03,1.500164309575E-03,
    1.625178002039E-03,1.750191694504E-03,1.875205386968E-03,
    2.000219079433E-03,2.125232771897E-03,2.250246464362E-03,
    2.375260156826E-03,2.500273849291E-03,2.625287541755E-03,
    2.75030123422E-03),.QUASI_UNIFORM_KNOTS.);
#9114 = CARTESIAN_POINT('',(3.624574632771,1.570796326795));
#9115 = CARTESIAN_POINT('',(3.623960591034,1.548976814973));
#9116 = CARTESIAN_POINT('',(3.622732280617,1.505908220362));
#9117 = CARTESIAN_POINT('',(3.620888946854,1.442753832492));
#9118 = CARTESIAN_POINT('',(3.619044556375,1.380786059829));
#9119 = CARTESIAN_POINT('',(3.617198925034,1.319739883775));
#9120 = CARTESIAN_POINT('',(3.615351876787,1.259357448832));
#9121 = CARTESIAN_POINT('',(3.613503222944,1.199392605652));
#9122 = CARTESIAN_POINT('',(3.611652841112,1.139616276558));
#9123 = CARTESIAN_POINT('',(3.609800379862,1.079819131518));
#9124 = CARTESIAN_POINT('',(3.607946360786,1.019821289594));
#9125 = CARTESIAN_POINT('',(3.60608804858,0.959455242243));
#9126 = CARTESIAN_POINT('',(3.604229946963,0.898451994167));
#9127 = CARTESIAN_POINT('',(3.60237900948,0.836503530981));
#9128 = CARTESIAN_POINT('',(3.600541521652,0.773250366569));
#9129 = CARTESIAN_POINT('',(3.598723796284,0.708308454077));
#9130 = CARTESIAN_POINT('',(3.596932521508,0.641221527682));
#9131 = CARTESIAN_POINT('',(3.595172686048,0.571685756809));
#9132 = CARTESIAN_POINT('',(3.593447463237,0.498402232046));
#9133 = CARTESIAN_POINT('',(3.59179667261,0.419532824577));
#9134 = CARTESIAN_POINT('',(3.590249849038,0.333376791069));
#9135 = CARTESIAN_POINT('',(3.588850392392,0.236720584364));
#9136 = CARTESIAN_POINT('',(3.587810844598,0.126502366165));
#9137 = CARTESIAN_POINT('',(3.587518786886,4.381836149563E-02));
#9138 = CARTESIAN_POINT('',(3.587511878847,0.));
#9139 = ( GEOMETRIC_REPRESENTATION_CONTEXT(2) 
PARAMETRIC_REPRESENTATION_CONTEXT() REPRESENTATION_CONTEXT('2D SPACE',''
  ) );
#9140 = ORIENTED_EDGE('',*,*,#9033,.T.);
#9141 = ORIENTED_EDGE('',*,*,#9142,.T.);
#9142 = EDGE_CURVE('',#8929,#8684,#9143,.T.);
#9143 = SURFACE_CURVE('',#9144,(#9158,#9187),.PCURVE_S1.);
#9144 = B_SPLINE_CURVE_WITH_KNOTS('',3,(#9145,#9146,#9147,#9148,#9149,
    #9150,#9151,#9152,#9153,#9154,#9155,#9156,#9157),.UNSPECIFIED.,.F.,
  .F.,(4,3,3,3,4),(1.43049E-17,4.17503795318E-04,9.20442065775E-04,
    1.884821387531E-03,2.46414327089E-03),.UNSPECIFIED.);
#9145 = CARTESIAN_POINT('',(-38.61447983819,-18.91882519677,-10.));
#9146 = CARTESIAN_POINT('',(-38.61447983819,-18.91882519677,
    -9.858352515499));
#9147 = CARTESIAN_POINT('',(-38.60683883934,-19.00399243394,
    -9.733312537847));
#9148 = CARTESIAN_POINT('',(-38.6001616541,-19.10307828834,
    -9.636128260168));
#9149 = CARTESIAN_POINT('',(-38.59211810567,-19.22244024096,
    -9.519057006974));
#9150 = CARTESIAN_POINT('',(-38.58503730266,-19.36714940093,
    -9.42968685203));
#9151 = CARTESIAN_POINT('',(-38.58186064247,-19.51542575344,
    -9.353961454161));
#9152 = CARTESIAN_POINT('',(-38.57576942697,-19.79974424076,
    -9.208758728247));
#9153 = CARTESIAN_POINT('',(-38.58335775486,-20.11009543544,
    -9.111138045858));
#9154 = CARTESIAN_POINT('',(-38.60808651375,-20.42123971938,
    -9.053870806495));
#9155 = CARTESIAN_POINT('',(-38.62294157219,-20.60815029337,
    -9.019469234194));
#9156 = CARTESIAN_POINT('',(-38.64381033771,-20.79707113771,-9.));
#9157 = CARTESIAN_POINT('',(-38.67135746282,-20.9887139192,-9.));
#9158 = PCURVE('',#8729,#9159);
#9159 = DEFINITIONAL_REPRESENTATION('',(#9160),#9186);
#9160 = B_SPLINE_CURVE_WITH_KNOTS('',3,(#9161,#9162,#9163,#9164,#9165,
    #9166,#9167,#9168,#9169,#9170,#9171,#9172,#9173,#9174,#9175,#9176,
    #9177,#9178,#9179,#9180,#9181,#9182,#9183,#9184,#9185),
  .UNSPECIFIED.,.F.,.F.,(4,1,1,1,1,1,1,1,1,1,1,1,1,1,1,1,1,1,1,1,1,1,4),
  (1.43049E-17,1.120065123132E-04,2.240130246264E-04,3.360195369396E-04,
    4.480260492527E-04,5.600325615659E-04,6.720390738791E-04,
    7.840455861923E-04,8.960520985055E-04,1.008058610819E-03,
    1.120065123132E-03,1.232071635445E-03,1.344078147758E-03,
    1.456084660071E-03,1.568091172385E-03,1.680097684698E-03,
    1.792104197011E-03,1.904110709324E-03,2.016117221637E-03,
    2.12812373395E-03,2.240130246264E-03,2.352136758577E-03,
    2.46414327089E-03),.QUASI_UNIFORM_KNOTS.);
#9161 = CARTESIAN_POINT('',(3.229413448488,0.));
#9162 = CARTESIAN_POINT('',(3.229413426053,3.800071016065E-02));
#9163 = CARTESIAN_POINT('',(3.228044996326,0.111621583607));
#9164 = CARTESIAN_POINT('',(3.222817780559,0.213517996795));
#9165 = CARTESIAN_POINT('',(3.215316298486,0.305846824352));
#9166 = CARTESIAN_POINT('',(3.206546829781,0.386313390645));
#9167 = CARTESIAN_POINT('',(3.19706612227,0.45819897372));
#9168 = CARTESIAN_POINT('',(3.186934591914,0.523183306746));
#9169 = CARTESIAN_POINT('',(3.17633850989,0.58200579159));
#9170 = CARTESIAN_POINT('',(3.165434408591,0.635618428036));
#9171 = CARTESIAN_POINT('',(3.154370199218,0.685063155506));
#9172 = CARTESIAN_POINT('',(3.143077531514,0.730780486338));
#9173 = CARTESIAN_POINT('',(3.131602220431,0.772748921836));
#9174 = CARTESIAN_POINT('',(3.119963517981,0.811060343575));
#9175 = CARTESIAN_POINT('',(3.108187807884,0.845776425982));
#9176 = CARTESIAN_POINT('',(3.096299225322,0.876966291809));
#9177 = CARTESIAN_POINT('',(3.084323284704,0.904699477657));
#9178 = CARTESIAN_POINT('',(3.072281534942,0.929036416397));
#9179 = CARTESIAN_POINT('',(3.060209087144,0.950073541982));
#9180 = CARTESIAN_POINT('',(3.048085690914,0.967763647946));
#9181 = CARTESIAN_POINT('',(3.035890924359,0.981864425947));
#9182 = CARTESIAN_POINT('',(3.023623241649,0.992191354325));
#9183 = CARTESIAN_POINT('',(3.011275949658,0.998544422209));
#9184 = CARTESIAN_POINT('',(3.002987741037,1.));
#9185 = CARTESIAN_POINT('',(2.998828503603,1.));
#9186 = ( GEOMETRIC_REPRESENTATION_CONTEXT(2) 
PARAMETRIC_REPRESENTATION_CONTEXT() REPRESENTATION_CONTEXT('2D SPACE',''
  ) );
#9187 = PCURVE('',#8700,#9188);
#9188 = DEFINITIONAL_REPRESENTATION('',(#9189),#9215);
#9189 = B_SPLINE_CURVE_WITH_KNOTS('',3,(#9190,#9191,#9192,#9193,#9194,
    #9195,#9196,#9197,#9198,#9199,#9200,#9201,#9202,#9203,#9204,#9205,
    #9206,#9207,#9208,#9209,#9210,#9211,#9212,#9213,#9214),
  .UNSPECIFIED.,.F.,.F.,(4,1,1,1,1,1,1,1,1,1,1,1,1,1,1,1,1,1,1,1,1,1,4),
  (1.43049E-17,1.120065123132E-04,2.240130246264E-04,3.360195369396E-04,
    4.480260492527E-04,5.600325615659E-04,6.720390738791E-04,
    7.840455861923E-04,8.960520985055E-04,1.008058610819E-03,
    1.120065123132E-03,1.232071635445E-03,1.344078147758E-03,
    1.456084660071E-03,1.568091172385E-03,1.680097684698E-03,
    1.792104197011E-03,1.904110709324E-03,2.016117221637E-03,
    2.12812373395E-03,2.240130246264E-03,2.352136758577E-03,
    2.46414327089E-03),.QUASI_UNIFORM_KNOTS.);
#9190 = CARTESIAN_POINT('',(3.597160902855,3.14159265359));
#9191 = CARTESIAN_POINT('',(3.597160870419,3.103638057112));
#9192 = CARTESIAN_POINT('',(3.597428395681,3.029930895667));
#9193 = CARTESIAN_POINT('',(3.598447333063,2.926757154153));
#9194 = CARTESIAN_POINT('',(3.599904735638,2.831195616609));
#9195 = CARTESIAN_POINT('',(3.601600640976,2.745416446159));
#9196 = CARTESIAN_POINT('',(3.603423642707,2.666253559572));
#9197 = CARTESIAN_POINT('',(3.605360680038,2.591779347835));
#9198 = CARTESIAN_POINT('',(3.607374056202,2.521127593021));
#9199 = CARTESIAN_POINT('',(3.609432087814,2.453353105062));
#9200 = CARTESIAN_POINT('',(3.611504683108,2.387607233276));
#9201 = CARTESIAN_POINT('',(3.613603837907,2.323145033309));
#9202 = CARTESIAN_POINT('',(3.615720029801,2.259827966149));
#9203 = CARTESIAN_POINT('',(3.617848776603,2.197370361713));
#9204 = CARTESIAN_POINT('',(3.619984278505,2.135533328497));
#9205 = CARTESIAN_POINT('',(3.622121184925,2.074079549401));
#9206 = CARTESIAN_POINT('',(3.624253900468,2.0127945421));
#9207 = CARTESIAN_POINT('',(3.626377608314,1.951475649744));
#9208 = CARTESIAN_POINT('',(3.628484883362,1.889980136376));
#9209 = CARTESIAN_POINT('',(3.630578988073,1.828056799269));
#9210 = CARTESIAN_POINT('',(3.632662934238,1.765460589076));
#9211 = CARTESIAN_POINT('',(3.634736079766,1.701955495883));
#9212 = CARTESIAN_POINT('',(3.636798755253,1.637266380451));
#9213 = CARTESIAN_POINT('',(3.638166931992,1.593150559816));
#9214 = CARTESIAN_POINT('',(3.638849308145,1.570796326795));
#9215 = ( GEOMETRIC_REPRESENTATION_CONTEXT(2) 
PARAMETRIC_REPRESENTATION_CONTEXT() REPRESENTATION_CONTEXT('2D SPACE',''
  ) );
#9216 = ORIENTED_EDGE('',*,*,#8712,.F.);
#9217 = ADVANCED_FACE('',(#9218),#834,.T.);
#9218 = FACE_BOUND('',#9219,.T.);
#9219 = EDGE_LOOP('',(#9220,#9221,#9249,#9277,#9306,#9330,#9352,#9353,
    #9374,#9375));
#9220 = ORIENTED_EDGE('',*,*,#2177,.F.);
#9221 = ORIENTED_EDGE('',*,*,#9222,.F.);
#9222 = EDGE_CURVE('',#9223,#2178,#9225,.T.);
#9223 = VERTEX_POINT('',#9224);
#9224 = CARTESIAN_POINT('',(-46.57361556658,-36.22013712088,-27.));
#9225 = SURFACE_CURVE('',#9226,(#9231,#9242),.PCURVE_S1.);
#9226 = CIRCLE('',#9227,59.);
#9227 = AXIS2_PLACEMENT_3D('',#9228,#9229,#9230);
#9228 = CARTESIAN_POINT('',(0.,0.,-27.));
#9229 = DIRECTION('',(0.,0.,1.));
#9230 = DIRECTION('',(1.,0.,0.));
#9231 = PCURVE('',#834,#9232);
#9232 = DEFINITIONAL_REPRESENTATION('',(#9233),#9241);
#9233 = ( BOUNDED_CURVE() B_SPLINE_CURVE(2,(#9234,#9235,#9236,#9237,
#9238,#9239,#9240),.UNSPECIFIED.,.T.,.F.) B_SPLINE_CURVE_WITH_KNOTS((1,2
    ,2,2,2,1),(-2.094395102393,0.,2.094395102393,4.188790204786,
6.28318530718,8.377580409573),.UNSPECIFIED.) CURVE() 
GEOMETRIC_REPRESENTATION_ITEM() RATIONAL_B_SPLINE_CURVE((1.,0.5,1.,0.5,
1.,0.5,1.)) REPRESENTATION_ITEM('') );
#9234 = CARTESIAN_POINT('',(-59.,0.));
#9235 = CARTESIAN_POINT('',(-59.,102.19099764656));
#9236 = CARTESIAN_POINT('',(29.5,51.095498823282));
#9237 = CARTESIAN_POINT('',(118.,1.445083222994E-14));
#9238 = CARTESIAN_POINT('',(29.5,-51.09549882328));
#9239 = CARTESIAN_POINT('',(-59.,-102.1909976465));
#9240 = CARTESIAN_POINT('',(-59.,0.));
#9241 = ( GEOMETRIC_REPRESENTATION_CONTEXT(2) 
PARAMETRIC_REPRESENTATION_CONTEXT() REPRESENTATION_CONTEXT('2D SPACE',''
  ) );
#9242 = PCURVE('',#2281,#9243);
#9243 = DEFINITIONAL_REPRESENTATION('',(#9244),#9248);
#9244 = LINE('',#9245,#9246);
#9245 = CARTESIAN_POINT('',(9.424777960769,1.570796326799));
#9246 = VECTOR('',#9247,1.);
#9247 = DIRECTION('',(-1.,-1.146744797371E-12));
#9248 = ( GEOMETRIC_REPRESENTATION_CONTEXT(2) 
PARAMETRIC_REPRESENTATION_CONTEXT() REPRESENTATION_CONTEXT('2D SPACE',''
  ) );
#9249 = ORIENTED_EDGE('',*,*,#9250,.F.);
#9250 = EDGE_CURVE('',#9251,#9223,#9253,.T.);
#9251 = VERTEX_POINT('',#9252);
#9252 = CARTESIAN_POINT('',(-41.44262402111,-32.22978303129,-27.));
#9253 = SURFACE_CURVE('',#9254,(#9259,#9270),.PCURVE_S1.);
#9254 = CIRCLE('',#9255,3.25);
#9255 = AXIS2_PLACEMENT_3D('',#9256,#9257,#9258);
#9256 = CARTESIAN_POINT('',(-44.00811979384,-34.22496007609,-27.));
#9257 = DIRECTION('',(0.,0.,1.));
#9258 = DIRECTION('',(1.,0.,0.));
#9259 = PCURVE('',#834,#9260);
#9260 = DEFINITIONAL_REPRESENTATION('',(#9261),#9269);
#9261 = ( BOUNDED_CURVE() B_SPLINE_CURVE(2,(#9262,#9263,#9264,#9265,
#9266,#9267,#9268),.UNSPECIFIED.,.T.,.F.) B_SPLINE_CURVE_WITH_KNOTS((1,2
    ,2,2,2,1),(-2.094395102393,0.,2.094395102393,4.188790204786,
6.28318530718,8.377580409573),.UNSPECIFIED.) CURVE() 
GEOMETRIC_REPRESENTATION_ITEM() RATIONAL_B_SPLINE_CURVE((1.,0.5,1.,0.5,
1.,0.5,1.)) REPRESENTATION_ITEM('') );
#9262 = CARTESIAN_POINT('',(40.758119793849,-34.22496007609));
#9263 = CARTESIAN_POINT('',(40.758119793849,-28.59579495149));
#9264 = CARTESIAN_POINT('',(45.633119793849,-31.41037751379));
#9265 = CARTESIAN_POINT('',(50.508119793849,-34.22496007609));
#9266 = CARTESIAN_POINT('',(45.633119793849,-37.03954263839));
#9267 = CARTESIAN_POINT('',(40.758119793849,-39.85412520069));
#9268 = CARTESIAN_POINT('',(40.758119793849,-34.22496007609));
#9269 = ( GEOMETRIC_REPRESENTATION_CONTEXT(2) 
PARAMETRIC_REPRESENTATION_CONTEXT() REPRESENTATION_CONTEXT('2D SPACE',''
  ) );
#9270 = PCURVE('',#2315,#9271);
#9271 = DEFINITIONAL_REPRESENTATION('',(#9272),#9276);
#9272 = LINE('',#9273,#9274);
#9273 = CARTESIAN_POINT('',(3.14159265359,1.570796326795));
#9274 = VECTOR('',#9275,1.);
#9275 = DIRECTION('',(-1.,-4.947529504499E-16));
#9276 = ( GEOMETRIC_REPRESENTATION_CONTEXT(2) 
PARAMETRIC_REPRESENTATION_CONTEXT() REPRESENTATION_CONTEXT('2D SPACE',''
  ) );
#9277 = ORIENTED_EDGE('',*,*,#9278,.F.);
#9278 = EDGE_CURVE('',#9279,#9251,#9281,.T.);
#9279 = VERTEX_POINT('',#9280);
#9280 = CARTESIAN_POINT('',(41.442624021114,-32.22978303129,-27.));
#9281 = SURFACE_CURVE('',#9282,(#9287,#9294),.PCURVE_S1.);
#9282 = CIRCLE('',#9283,52.5);
#9283 = AXIS2_PLACEMENT_3D('',#9284,#9285,#9286);
#9284 = CARTESIAN_POINT('',(0.,0.,-27.));
#9285 = DIRECTION('',(0.,0.,-1.));
#9286 = DIRECTION('',(1.,0.,0.));
#9287 = PCURVE('',#834,#9288);
#9288 = DEFINITIONAL_REPRESENTATION('',(#9289),#9293);
#9289 = CIRCLE('',#9290,52.5);
#9290 = AXIS2_PLACEMENT_2D('',#9291,#9292);
#9291 = CARTESIAN_POINT('',(0.,0.));
#9292 = DIRECTION('',(-1.,0.));
#9293 = ( GEOMETRIC_REPRESENTATION_CONTEXT(2) 
PARAMETRIC_REPRESENTATION_CONTEXT() REPRESENTATION_CONTEXT('2D SPACE',''
  ) );
#9294 = PCURVE('',#9295,#9300);
#9295 = TOROIDAL_SURFACE('',#9296,52.5,1.);
#9296 = AXIS2_PLACEMENT_3D('',#9297,#9298,#9299);
#9297 = CARTESIAN_POINT('',(0.,0.,-26.));
#9298 = DIRECTION('',(0.,0.,-1.));
#9299 = DIRECTION('',(-1.,0.,0.));
#9300 = DEFINITIONAL_REPRESENTATION('',(#9301),#9305);
#9301 = LINE('',#9302,#9303);
#9302 = CARTESIAN_POINT('',(3.14159265359,1.570796326795));
#9303 = VECTOR('',#9304,1.);
#9304 = DIRECTION('',(1.,9.762307086378E-16));
#9305 = ( GEOMETRIC_REPRESENTATION_CONTEXT(2) 
PARAMETRIC_REPRESENTATION_CONTEXT() REPRESENTATION_CONTEXT('2D SPACE',''
  ) );
#9306 = ORIENTED_EDGE('',*,*,#9307,.T.);
#9307 = EDGE_CURVE('',#9279,#9308,#9310,.T.);
#9308 = VERTEX_POINT('',#9309);
#9309 = CARTESIAN_POINT('',(46.573615566585,-36.22013712088,-27.));
#9310 = SURFACE_CURVE('',#9311,(#9316,#9323),.PCURVE_S1.);
#9311 = CIRCLE('',#9312,3.25);
#9312 = AXIS2_PLACEMENT_3D('',#9313,#9314,#9315);
#9313 = CARTESIAN_POINT('',(44.008119793849,-34.22496007609,-27.));
#9314 = DIRECTION('',(0.,0.,-1.));
#9315 = DIRECTION('',(-1.,0.,0.));
#9316 = PCURVE('',#834,#9317);
#9317 = DEFINITIONAL_REPRESENTATION('',(#9318),#9322);
#9318 = CIRCLE('',#9319,3.25);
#9319 = AXIS2_PLACEMENT_2D('',#9320,#9321);
#9320 = CARTESIAN_POINT('',(-44.00811979384,-34.22496007609));
#9321 = DIRECTION('',(1.,0.));
#9322 = ( GEOMETRIC_REPRESENTATION_CONTEXT(2) 
PARAMETRIC_REPRESENTATION_CONTEXT() REPRESENTATION_CONTEXT('2D SPACE',''
  ) );
#9323 = PCURVE('',#957,#9324);
#9324 = DEFINITIONAL_REPRESENTATION('',(#9325),#9329);
#9325 = LINE('',#9326,#9327);
#9326 = CARTESIAN_POINT('',(-3.330669073875E-16,1.570796326795));
#9327 = VECTOR('',#9328,1.);
#9328 = DIRECTION('',(1.,7.067899292141E-17));
#9329 = ( GEOMETRIC_REPRESENTATION_CONTEXT(2) 
PARAMETRIC_REPRESENTATION_CONTEXT() REPRESENTATION_CONTEXT('2D SPACE',''
  ) );
#9330 = ORIENTED_EDGE('',*,*,#9331,.T.);
#9331 = EDGE_CURVE('',#9308,#811,#9332,.T.);
#9332 = SURFACE_CURVE('',#9333,(#9338,#9345),.PCURVE_S1.);
#9333 = CIRCLE('',#9334,59.);
#9334 = AXIS2_PLACEMENT_3D('',#9335,#9336,#9337);
#9335 = CARTESIAN_POINT('',(0.,0.,-27.));
#9336 = DIRECTION('',(0.,0.,-1.));
#9337 = DIRECTION('',(-1.,0.,0.));
#9338 = PCURVE('',#834,#9339);
#9339 = DEFINITIONAL_REPRESENTATION('',(#9340),#9344);
#9340 = CIRCLE('',#9341,59.);
#9341 = AXIS2_PLACEMENT_2D('',#9342,#9343);
#9342 = CARTESIAN_POINT('',(0.,0.));
#9343 = DIRECTION('',(1.,0.));
#9344 = ( GEOMETRIC_REPRESENTATION_CONTEXT(2) 
PARAMETRIC_REPRESENTATION_CONTEXT() REPRESENTATION_CONTEXT('2D SPACE',''
  ) );
#9345 = PCURVE('',#867,#9346);
#9346 = DEFINITIONAL_REPRESENTATION('',(#9347),#9351);
#9347 = LINE('',#9348,#9349);
#9348 = CARTESIAN_POINT('',(-4.440892098501E-16,1.570796326802));
#9349 = VECTOR('',#9350,1.);
#9350 = DIRECTION('',(1.,-1.753844984216E-12));
#9351 = ( GEOMETRIC_REPRESENTATION_CONTEXT(2) 
PARAMETRIC_REPRESENTATION_CONTEXT() REPRESENTATION_CONTEXT('2D SPACE',''
  ) );
#9352 = ORIENTED_EDGE('',*,*,#810,.T.);
#9353 = ORIENTED_EDGE('',*,*,#9354,.T.);
#9354 = EDGE_CURVE('',#813,#6810,#9355,.T.);
#9355 = SURFACE_CURVE('',#9356,(#9360,#9367),.PCURVE_S1.);
#9356 = LINE('',#9357,#9358);
#9357 = CARTESIAN_POINT('',(46.770212780924,-39.16053110501,-27.));
#9358 = VECTOR('',#9359,1.);
#9359 = DIRECTION('',(0.777145961457,-0.62932039105,0.));
#9360 = PCURVE('',#834,#9361);
#9361 = DEFINITIONAL_REPRESENTATION('',(#9362),#9366);
#9362 = LINE('',#9363,#9364);
#9363 = CARTESIAN_POINT('',(-46.77021278092,-39.16053110501));
#9364 = VECTOR('',#9365,1.);
#9365 = DIRECTION('',(-0.777145961457,-0.62932039105));
#9366 = ( GEOMETRIC_REPRESENTATION_CONTEXT(2) 
PARAMETRIC_REPRESENTATION_CONTEXT() REPRESENTATION_CONTEXT('2D SPACE',''
  ) );
#9367 = PCURVE('',#923,#9368);
#9368 = DEFINITIONAL_REPRESENTATION('',(#9369),#9373);
#9369 = LINE('',#9370,#9371);
#9370 = CARTESIAN_POINT('',(1.570796326795,-60.9918027279));
#9371 = VECTOR('',#9372,1.);
#9372 = DIRECTION('',(-7.104487921161E-15,-1.));
#9373 = ( GEOMETRIC_REPRESENTATION_CONTEXT(2) 
PARAMETRIC_REPRESENTATION_CONTEXT() REPRESENTATION_CONTEXT('2D SPACE',''
  ) );
#9374 = ORIENTED_EDGE('',*,*,#6809,.F.);
#9375 = ORIENTED_EDGE('',*,*,#9376,.F.);
#9376 = EDGE_CURVE('',#2180,#6759,#9377,.T.);
#9377 = SURFACE_CURVE('',#9378,(#9382,#9389),.PCURVE_S1.);
#9378 = LINE('',#9379,#9380);
#9379 = CARTESIAN_POINT('',(-46.77021278092,-39.16053110501,-27.));
#9380 = VECTOR('',#9381,1.);
#9381 = DIRECTION('',(-0.777145961457,-0.62932039105,0.));
#9382 = PCURVE('',#834,#9383);
#9383 = DEFINITIONAL_REPRESENTATION('',(#9384),#9388);
#9384 = LINE('',#9385,#9386);
#9385 = CARTESIAN_POINT('',(46.770212780924,-39.16053110501));
#9386 = VECTOR('',#9387,1.);
#9387 = DIRECTION('',(0.777145961457,-0.62932039105));
#9388 = ( GEOMETRIC_REPRESENTATION_CONTEXT(2) 
PARAMETRIC_REPRESENTATION_CONTEXT() REPRESENTATION_CONTEXT('2D SPACE',''
  ) );
#9389 = PCURVE('',#2225,#9390);
#9390 = DEFINITIONAL_REPRESENTATION('',(#9391),#9395);
#9391 = LINE('',#9392,#9393);
#9392 = CARTESIAN_POINT('',(4.712388980385,-60.9918027279));
#9393 = VECTOR('',#9394,1.);
#9394 = DIRECTION('',(0.,-1.));
#9395 = ( GEOMETRIC_REPRESENTATION_CONTEXT(2) 
PARAMETRIC_REPRESENTATION_CONTEXT() REPRESENTATION_CONTEXT('2D SPACE',''
  ) );
#9396 = ADVANCED_FACE('',(#9397),#983,.F.);
#9397 = FACE_BOUND('',#9398,.F.);
#9398 = EDGE_LOOP('',(#9399,#9421,#9422,#9444));
#9399 = ORIENTED_EDGE('',*,*,#9400,.T.);
#9400 = EDGE_CURVE('',#2299,#941,#9401,.T.);
#9401 = SURFACE_CURVE('',#9402,(#9407,#9414),.PCURVE_S1.);
#9402 = CIRCLE('',#9403,51.5);
#9403 = AXIS2_PLACEMENT_3D('',#9404,#9405,#9406);
#9404 = CARTESIAN_POINT('',(0.,0.,-26.));
#9405 = DIRECTION('',(0.,0.,1.));
#9406 = DIRECTION('',(1.,0.,0.));
#9407 = PCURVE('',#983,#9408);
#9408 = DEFINITIONAL_REPRESENTATION('',(#9409),#9413);
#9409 = LINE('',#9410,#9411);
#9410 = CARTESIAN_POINT('',(-3.14159265359,1.));
#9411 = VECTOR('',#9412,1.);
#9412 = DIRECTION('',(1.,0.));
#9413 = ( GEOMETRIC_REPRESENTATION_CONTEXT(2) 
PARAMETRIC_REPRESENTATION_CONTEXT() REPRESENTATION_CONTEXT('2D SPACE',''
  ) );
#9414 = PCURVE('',#9295,#9415);
#9415 = DEFINITIONAL_REPRESENTATION('',(#9416),#9420);
#9416 = LINE('',#9417,#9418);
#9417 = CARTESIAN_POINT('',(9.424777960769,3.14159265359));
#9418 = VECTOR('',#9419,1.);
#9419 = DIRECTION('',(-1.,2.440576771595E-15));
#9420 = ( GEOMETRIC_REPRESENTATION_CONTEXT(2) 
PARAMETRIC_REPRESENTATION_CONTEXT() REPRESENTATION_CONTEXT('2D SPACE',''
  ) );
#9421 = ORIENTED_EDGE('',*,*,#969,.T.);
#9422 = ORIENTED_EDGE('',*,*,#9423,.T.);
#9423 = EDGE_CURVE('',#497,#1834,#9424,.T.);
#9424 = SURFACE_CURVE('',#9425,(#9430,#9437),.PCURVE_S1.);
#9425 = CIRCLE('',#9426,51.5);
#9426 = AXIS2_PLACEMENT_3D('',#9427,#9428,#9429);
#9427 = CARTESIAN_POINT('',(0.,0.,-19.));
#9428 = DIRECTION('',(0.,0.,-1.));
#9429 = DIRECTION('',(-1.,0.,0.));
#9430 = PCURVE('',#983,#9431);
#9431 = DEFINITIONAL_REPRESENTATION('',(#9432),#9436);
#9432 = LINE('',#9433,#9434);
#9433 = CARTESIAN_POINT('',(6.28318530718,8.));
#9434 = VECTOR('',#9435,1.);
#9435 = DIRECTION('',(-1.,0.));
#9436 = ( GEOMETRIC_REPRESENTATION_CONTEXT(2) 
PARAMETRIC_REPRESENTATION_CONTEXT() REPRESENTATION_CONTEXT('2D SPACE',''
  ) );
#9437 = PCURVE('',#513,#9438);
#9438 = DEFINITIONAL_REPRESENTATION('',(#9439),#9443);
#9439 = LINE('',#9440,#9441);
#9440 = CARTESIAN_POINT('',(9.424777960769,0.));
#9441 = VECTOR('',#9442,1.);
#9442 = DIRECTION('',(-1.,0.));
#9443 = ( GEOMETRIC_REPRESENTATION_CONTEXT(2) 
PARAMETRIC_REPRESENTATION_CONTEXT() REPRESENTATION_CONTEXT('2D SPACE',''
  ) );
#9444 = ORIENTED_EDGE('',*,*,#2354,.F.);
#9445 = ADVANCED_FACE('',(#9446),#9295,.T.);
#9446 = FACE_BOUND('',#9447,.T.);
#9447 = EDGE_LOOP('',(#9448,#9449,#9471,#9472));
#9448 = ORIENTED_EDGE('',*,*,#9278,.T.);
#9449 = ORIENTED_EDGE('',*,*,#9450,.T.);
#9450 = EDGE_CURVE('',#9251,#2299,#9451,.T.);
#9451 = SURFACE_CURVE('',#9452,(#9457,#9464),.PCURVE_S1.);
#9452 = CIRCLE('',#9453,1.);
#9453 = AXIS2_PLACEMENT_3D('',#9454,#9455,#9456);
#9454 = CARTESIAN_POINT('',(-41.44262402111,-32.22978303129,-26.));
#9455 = DIRECTION('',(0.613900629168,-0.789383314688,0.));
#9456 = DIRECTION('',(-0.789383314688,-0.613900629168,0.));
#9457 = PCURVE('',#9295,#9458);
#9458 = DEFINITIONAL_REPRESENTATION('',(#9459),#9463);
#9459 = LINE('',#9460,#9461);
#9460 = CARTESIAN_POINT('',(5.622192791965,4.440892098501E-15));
#9461 = VECTOR('',#9462,1.);
#9462 = DIRECTION('',(0.,1.));
#9463 = ( GEOMETRIC_REPRESENTATION_CONTEXT(2) 
PARAMETRIC_REPRESENTATION_CONTEXT() REPRESENTATION_CONTEXT('2D SPACE',''
  ) );
#9464 = PCURVE('',#2315,#9465);
#9465 = DEFINITIONAL_REPRESENTATION('',(#9466),#9470);
#9466 = LINE('',#9467,#9468);
#9467 = CARTESIAN_POINT('',(2.480600138375,3.14159265359));
#9468 = VECTOR('',#9469,1.);
#9469 = DIRECTION('',(-8.481479150569E-16,-1.));
#9470 = ( GEOMETRIC_REPRESENTATION_CONTEXT(2) 
PARAMETRIC_REPRESENTATION_CONTEXT() REPRESENTATION_CONTEXT('2D SPACE',''
  ) );
#9471 = ORIENTED_EDGE('',*,*,#9400,.T.);
#9472 = ORIENTED_EDGE('',*,*,#9473,.F.);
#9473 = EDGE_CURVE('',#9279,#941,#9474,.T.);
#9474 = SURFACE_CURVE('',#9475,(#9480,#9487),.PCURVE_S1.);
#9475 = CIRCLE('',#9476,1.);
#9476 = AXIS2_PLACEMENT_3D('',#9477,#9478,#9479);
#9477 = CARTESIAN_POINT('',(41.442624021114,-32.22978303129,-26.));
#9478 = DIRECTION('',(0.613900629168,0.789383314688,0.));
#9479 = DIRECTION('',(0.789383314688,-0.613900629168,0.));
#9480 = PCURVE('',#9295,#9481);
#9481 = DEFINITIONAL_REPRESENTATION('',(#9482),#9486);
#9482 = LINE('',#9483,#9484);
#9483 = CARTESIAN_POINT('',(3.802585168805,2.6645352591E-15));
#9484 = VECTOR('',#9485,1.);
#9485 = DIRECTION('',(0.,1.));
#9486 = ( GEOMETRIC_REPRESENTATION_CONTEXT(2) 
PARAMETRIC_REPRESENTATION_CONTEXT() REPRESENTATION_CONTEXT('2D SPACE',''
  ) );
#9487 = PCURVE('',#957,#9488);
#9488 = DEFINITIONAL_REPRESENTATION('',(#9489),#9493);
#9489 = LINE('',#9490,#9491);
#9490 = CARTESIAN_POINT('',(0.660992515215,3.14159265359));
#9491 = VECTOR('',#9492,1.);
#9492 = DIRECTION('',(-2.120369787642E-16,-1.));
#9493 = ( GEOMETRIC_REPRESENTATION_CONTEXT(2) 
PARAMETRIC_REPRESENTATION_CONTEXT() REPRESENTATION_CONTEXT('2D SPACE',''
  ) );
#9494 = ADVANCED_FACE('',(#9495),#2315,.T.);
#9495 = FACE_BOUND('',#9496,.T.);
#9496 = EDGE_LOOP('',(#9497,#9498,#9499,#9521));
#9497 = ORIENTED_EDGE('',*,*,#9450,.F.);
#9498 = ORIENTED_EDGE('',*,*,#9250,.T.);
#9499 = ORIENTED_EDGE('',*,*,#9500,.T.);
#9500 = EDGE_CURVE('',#9223,#2297,#9501,.T.);
#9501 = SURFACE_CURVE('',#9502,(#9507,#9514),.PCURVE_S1.);
#9502 = CIRCLE('',#9503,1.);
#9503 = AXIS2_PLACEMENT_3D('',#9504,#9505,#9506);
#9504 = CARTESIAN_POINT('',(-46.57361556658,-36.22013712088,-26.));
#9505 = DIRECTION('',(-0.613900629168,0.789383314688,0.));
#9506 = DIRECTION('',(0.789383314688,0.613900629168,0.));
#9507 = PCURVE('',#2315,#9508);
#9508 = DEFINITIONAL_REPRESENTATION('',(#9509),#9513);
#9509 = LINE('',#9510,#9511);
#9510 = CARTESIAN_POINT('',(-0.660992515215,3.14159265359));
#9511 = VECTOR('',#9512,1.);
#9512 = DIRECTION('',(-1.696295830114E-15,-1.));
#9513 = ( GEOMETRIC_REPRESENTATION_CONTEXT(2) 
PARAMETRIC_REPRESENTATION_CONTEXT() REPRESENTATION_CONTEXT('2D SPACE',''
  ) );
#9514 = PCURVE('',#2281,#9515);
#9515 = DEFINITIONAL_REPRESENTATION('',(#9516),#9520);
#9516 = LINE('',#9517,#9518);
#9517 = CARTESIAN_POINT('',(5.622192791965,3.14159265359));
#9518 = VECTOR('',#9519,1.);
#9519 = DIRECTION('',(0.,-1.));
#9520 = ( GEOMETRIC_REPRESENTATION_CONTEXT(2) 
PARAMETRIC_REPRESENTATION_CONTEXT() REPRESENTATION_CONTEXT('2D SPACE',''
  ) );
#9521 = ORIENTED_EDGE('',*,*,#2296,.T.);
#9522 = ADVANCED_FACE('',(#9523),#2281,.T.);
#9523 = FACE_BOUND('',#9524,.T.);
#9524 = EDGE_LOOP('',(#9525,#9526,#9527,#9528));
#9525 = ORIENTED_EDGE('',*,*,#9500,.F.);
#9526 = ORIENTED_EDGE('',*,*,#9222,.T.);
#9527 = ORIENTED_EDGE('',*,*,#2266,.T.);
#9528 = ORIENTED_EDGE('',*,*,#6212,.T.);
#9529 = ADVANCED_FACE('',(#9530),#2225,.T.);
#9530 = FACE_BOUND('',#9531,.T.);
#9531 = EDGE_LOOP('',(#9532,#9533,#9534,#9535));
#9532 = ORIENTED_EDGE('',*,*,#2208,.F.);
#9533 = ORIENTED_EDGE('',*,*,#9376,.T.);
#9534 = ORIENTED_EDGE('',*,*,#6758,.T.);
#9535 = ORIENTED_EDGE('',*,*,#6658,.T.);
#9536 = ADVANCED_FACE('',(#9537),#513,.F.);
#9537 = FACE_BOUND('',#9538,.F.);
#9538 = EDGE_LOOP('',(#9539,#9540,#9541,#9542));
#9539 = ORIENTED_EDGE('',*,*,#496,.T.);
#9540 = ORIENTED_EDGE('',*,*,#8825,.F.);
#9541 = ORIENTED_EDGE('',*,*,#1869,.F.);
#9542 = ORIENTED_EDGE('',*,*,#9423,.F.);
#9543 = ADVANCED_FACE('',(#9544),#132,.F.);
#9544 = FACE_BOUND('',#9545,.F.);
#9545 = EDGE_LOOP('',(#9546,#9547,#9548,#9549));
#9546 = ORIENTED_EDGE('',*,*,#108,.T.);
#9547 = ORIENTED_EDGE('',*,*,#7403,.F.);
#9548 = ORIENTED_EDGE('',*,*,#1779,.F.);
#9549 = ORIENTED_EDGE('',*,*,#8599,.F.);
#9550 = ADVANCED_FACE('',(#9551),#8700,.T.);
#9551 = FACE_BOUND('',#9552,.T.);
#9552 = EDGE_LOOP('',(#9553,#9554,#9555,#9556));
#9553 = ORIENTED_EDGE('',*,*,#8928,.T.);
#9554 = ORIENTED_EDGE('',*,*,#9142,.T.);
#9555 = ORIENTED_EDGE('',*,*,#8683,.T.);
#9556 = ORIENTED_EDGE('',*,*,#9557,.F.);
#9557 = EDGE_CURVE('',#8901,#8651,#9558,.T.);
#9558 = SURFACE_CURVE('',#9559,(#9573,#9602),.PCURVE_S1.);
#9559 = B_SPLINE_CURVE_WITH_KNOTS('',3,(#9560,#9561,#9562,#9563,#9564,
    #9565,#9566,#9567,#9568,#9569,#9570,#9571,#9572),.UNSPECIFIED.,.F.,
  .F.,(4,3,3,3,4),(1.43049E-17,4.17503795318E-04,9.20442065775E-04,
    1.884821387531E-03,2.46414327089E-03),.UNSPECIFIED.);
#9560 = CARTESIAN_POINT('',(38.61447983819,-18.91882519677,-10.));
#9561 = CARTESIAN_POINT('',(38.61447983819,-18.91882519677,
    -9.858352515499));
#9562 = CARTESIAN_POINT('',(38.606838839349,-19.00399243394,
    -9.733312537847));
#9563 = CARTESIAN_POINT('',(38.600161654105,-19.10307828834,
    -9.636128260168));
#9564 = CARTESIAN_POINT('',(38.592118105673,-19.22244024096,
    -9.519057006974));
#9565 = CARTESIAN_POINT('',(38.585037302661,-19.36714940093,
    -9.42968685203));
#9566 = CARTESIAN_POINT('',(38.581860642479,-19.51542575344,
    -9.353961454161));
#9567 = CARTESIAN_POINT('',(38.575769426972,-19.79974424076,
    -9.208758728247));
#9568 = CARTESIAN_POINT('',(38.583357754862,-20.11009543544,
    -9.111138045858));
#9569 = CARTESIAN_POINT('',(38.608086513758,-20.42123971938,
    -9.053870806495));
#9570 = CARTESIAN_POINT('',(38.622941572192,-20.60815029337,
    -9.019469234194));
#9571 = CARTESIAN_POINT('',(38.643810337717,-20.79707113771,-9.));
#9572 = CARTESIAN_POINT('',(38.671357462827,-20.9887139192,-9.));
#9573 = PCURVE('',#8700,#9574);
#9574 = DEFINITIONAL_REPRESENTATION('',(#9575),#9601);
#9575 = B_SPLINE_CURVE_WITH_KNOTS('',3,(#9576,#9577,#9578,#9579,#9580,
    #9581,#9582,#9583,#9584,#9585,#9586,#9587,#9588,#9589,#9590,#9591,
    #9592,#9593,#9594,#9595,#9596,#9597,#9598,#9599,#9600),
  .UNSPECIFIED.,.F.,.F.,(4,1,1,1,1,1,1,1,1,1,1,1,1,1,1,1,1,1,1,1,1,1,4),
  (1.43049E-17,1.120065123132E-04,2.240130246264E-04,3.360195369396E-04,
    4.480260492527E-04,5.600325615659E-04,6.720390738791E-04,
    7.840455861923E-04,8.960520985055E-04,1.008058610819E-03,
    1.120065123132E-03,1.232071635445E-03,1.344078147758E-03,
    1.456084660071E-03,1.568091172385E-03,1.680097684698E-03,
    1.792104197011E-03,1.904110709324E-03,2.016117221637E-03,
    2.12812373395E-03,2.240130246264E-03,2.352136758577E-03,
    2.46414327089E-03),.QUASI_UNIFORM_KNOTS.);
#9576 = CARTESIAN_POINT('',(5.827617057915,3.14159265359));
#9577 = CARTESIAN_POINT('',(5.82761709035,3.103638057112));
#9578 = CARTESIAN_POINT('',(5.827349565089,3.029930895667));
#9579 = CARTESIAN_POINT('',(5.826330627707,2.926757154153));
#9580 = CARTESIAN_POINT('',(5.824873225132,2.831195616609));
#9581 = CARTESIAN_POINT('',(5.823177319793,2.745416446159));
#9582 = CARTESIAN_POINT('',(5.821354318063,2.666253559572));
#9583 = CARTESIAN_POINT('',(5.819417280731,2.591779347835));
#9584 = CARTESIAN_POINT('',(5.817403904567,2.521127593021));
#9585 = CARTESIAN_POINT('',(5.815345872955,2.453353105063));
#9586 = CARTESIAN_POINT('',(5.813273277662,2.387607233276));
#9587 = CARTESIAN_POINT('',(5.811174122862,2.323145033309));
#9588 = CARTESIAN_POINT('',(5.809057930968,2.259827966149));
#9589 = CARTESIAN_POINT('',(5.806929184167,2.197370361713));
#9590 = CARTESIAN_POINT('',(5.804793682264,2.135533328497));
#9591 = CARTESIAN_POINT('',(5.802656775845,2.074079549401));
#9592 = CARTESIAN_POINT('',(5.800524060301,2.012794542101));
#9593 = CARTESIAN_POINT('',(5.798400352456,1.951475649745));
#9594 = CARTESIAN_POINT('',(5.796293077407,1.889980136377));
#9595 = CARTESIAN_POINT('',(5.794198972696,1.828056799269));
#9596 = CARTESIAN_POINT('',(5.792115026532,1.765460589076));
#9597 = CARTESIAN_POINT('',(5.790041881003,1.701955495883));
#9598 = CARTESIAN_POINT('',(5.787979205517,1.637266380452));
#9599 = CARTESIAN_POINT('',(5.786611028777,1.593150559816));
#9600 = CARTESIAN_POINT('',(5.785928652625,1.570796326795));
#9601 = ( GEOMETRIC_REPRESENTATION_CONTEXT(2) 
PARAMETRIC_REPRESENTATION_CONTEXT() REPRESENTATION_CONTEXT('2D SPACE',''
  ) );
#9602 = PCURVE('',#8671,#9603);
#9603 = DEFINITIONAL_REPRESENTATION('',(#9604),#9630);
#9604 = B_SPLINE_CURVE_WITH_KNOTS('',3,(#9605,#9606,#9607,#9608,#9609,
    #9610,#9611,#9612,#9613,#9614,#9615,#9616,#9617,#9618,#9619,#9620,
    #9621,#9622,#9623,#9624,#9625,#9626,#9627,#9628,#9629),
  .UNSPECIFIED.,.F.,.F.,(4,1,1,1,1,1,1,1,1,1,1,1,1,1,1,1,1,1,1,1,1,1,4),
  (1.43049E-17,1.120065123132E-04,2.240130246264E-04,3.360195369396E-04,
    4.480260492527E-04,5.600325615659E-04,6.720390738791E-04,
    7.840455861923E-04,8.960520985055E-04,1.008058610819E-03,
    1.120065123132E-03,1.232071635445E-03,1.344078147758E-03,
    1.456084660071E-03,1.568091172385E-03,1.680097684698E-03,
    1.792104197011E-03,1.904110709324E-03,2.016117221637E-03,
    2.12812373395E-03,2.240130246264E-03,2.352136758577E-03,
    2.46414327089E-03),.QUASI_UNIFORM_KNOTS.);
#9605 = CARTESIAN_POINT('',(3.053771858691,0.));
#9606 = CARTESIAN_POINT('',(3.053771881127,3.800071016065E-02));
#9607 = CARTESIAN_POINT('',(3.055140310853,0.111621583607));
#9608 = CARTESIAN_POINT('',(3.06036752662,0.213517996795));
#9609 = CARTESIAN_POINT('',(3.067869008693,0.305846824352));
#9610 = CARTESIAN_POINT('',(3.076638477398,0.386313390645));
#9611 = CARTESIAN_POINT('',(3.08611918491,0.45819897372));
#9612 = CARTESIAN_POINT('',(3.096250715266,0.523183306746));
#9613 = CARTESIAN_POINT('',(3.106846797289,0.58200579159));
#9614 = CARTESIAN_POINT('',(3.117750898588,0.635618428036));
#9615 = CARTESIAN_POINT('',(3.128815107962,0.685063155506));
#9616 = CARTESIAN_POINT('',(3.140107775665,0.730780486338));
#9617 = CARTESIAN_POINT('',(3.151583086748,0.772748921836));
#9618 = CARTESIAN_POINT('',(3.163221789199,0.811060343575));
#9619 = CARTESIAN_POINT('',(3.174997499296,0.845776425982));
#9620 = CARTESIAN_POINT('',(3.186886081858,0.876966291808));
#9621 = CARTESIAN_POINT('',(3.198862022476,0.904699477657));
#9622 = CARTESIAN_POINT('',(3.210903772237,0.929036416397));
#9623 = CARTESIAN_POINT('',(3.222976220036,0.950073541982));
#9624 = CARTESIAN_POINT('',(3.235099616266,0.967763647946));
#9625 = CARTESIAN_POINT('',(3.247294382821,0.981864425947));
#9626 = CARTESIAN_POINT('',(3.25956206553,0.992191354325));
#9627 = CARTESIAN_POINT('',(3.271909357521,0.998544422209));
#9628 = CARTESIAN_POINT('',(3.280197566143,1.));
#9629 = CARTESIAN_POINT('',(3.284356803576,1.));
#9630 = ( GEOMETRIC_REPRESENTATION_CONTEXT(2) 
PARAMETRIC_REPRESENTATION_CONTEXT() REPRESENTATION_CONTEXT('2D SPACE',''
  ) );
#9631 = ADVANCED_FACE('',(#9632),#1077,.T.);
#9632 = FACE_BOUND('',#9633,.T.);
#9633 = EDGE_LOOP('',(#9634,#9635,#9636,#9637,#9638,#9639));
#9634 = ORIENTED_EDGE('',*,*,#8771,.T.);
#9635 = ORIENTED_EDGE('',*,*,#2498,.T.);
#9636 = ORIENTED_EDGE('',*,*,#2546,.T.);
#9637 = ORIENTED_EDGE('',*,*,#8997,.T.);
#9638 = ORIENTED_EDGE('',*,*,#1025,.F.);
#9639 = ORIENTED_EDGE('',*,*,#1111,.F.);
#9640 = ADVANCED_FACE('',(#9641),#6047,.T.);
#9641 = FACE_BOUND('',#9642,.T.);
#9642 = EDGE_LOOP('',(#9643,#9644,#9645,#9666));
#9643 = ORIENTED_EDGE('',*,*,#9063,.T.);
#9644 = ORIENTED_EDGE('',*,*,#6030,.T.);
#9645 = ORIENTED_EDGE('',*,*,#9646,.T.);
#9646 = EDGE_CURVE('',#5954,#1686,#9647,.T.);
#9647 = SURFACE_CURVE('',#9648,(#9653,#9660),.PCURVE_S1.);
#9648 = CIRCLE('',#9649,1.);
#9649 = AXIS2_PLACEMENT_3D('',#9650,#9651,#9652);
#9650 = CARTESIAN_POINT('',(-49.05548921271,-32.78046641066,-10.));
#9651 = DIRECTION('',(-0.555601125605,0.831448969707,5.769336E-15));
#9652 = DIRECTION('',(0.831448969707,0.555601125605,-3.944304526105E-31)
  );
#9653 = PCURVE('',#6047,#9654);
#9654 = DEFINITIONAL_REPRESENTATION('',(#9655),#9659);
#9655 = LINE('',#9656,#9657);
#9656 = CARTESIAN_POINT('',(3.730678430795,-3.14159265359));
#9657 = VECTOR('',#9658,1.);
#9658 = DIRECTION('',(0.,1.));
#9659 = ( GEOMETRIC_REPRESENTATION_CONTEXT(2) 
PARAMETRIC_REPRESENTATION_CONTEXT() REPRESENTATION_CONTEXT('2D SPACE',''
  ) );
#9660 = PCURVE('',#1543,#9661);
#9661 = DEFINITIONAL_REPRESENTATION('',(#9662),#9665);
#9662 = B_SPLINE_CURVE_WITH_KNOTS('',1,(#9663,#9664),.UNSPECIFIED.,.F.,
  .F.,(2,2),(3.14159265359,4.712388980385),.PIECEWISE_BEZIER_KNOTS.);
#9663 = CARTESIAN_POINT('',(-1.35028196694E-17,0.));
#9664 = CARTESIAN_POINT('',(-1.537438188871E-18,1.));
#9665 = ( GEOMETRIC_REPRESENTATION_CONTEXT(2) 
PARAMETRIC_REPRESENTATION_CONTEXT() REPRESENTATION_CONTEXT('2D SPACE',''
  ) );
#9666 = ORIENTED_EDGE('',*,*,#8741,.T.);
#9667 = ADVANCED_FACE('',(#9668),#1543,.T.);
#9668 = FACE_BOUND('',#9669,.T.);
#9669 = EDGE_LOOP('',(#9670,#9671,#9672,#9673));
#9670 = ORIENTED_EDGE('',*,*,#9646,.F.);
#9671 = ORIENTED_EDGE('',*,*,#5953,.T.);
#9672 = ORIENTED_EDGE('',*,*,#1495,.T.);
#9673 = ORIENTED_EDGE('',*,*,#1685,.T.);
#9674 = ADVANCED_FACE('',(#9675),#2436,.T.);
#9675 = FACE_BOUND('',#9676,.T.);
#9676 = EDGE_LOOP('',(#9677,#9678,#9679,#9700));
#9677 = ORIENTED_EDGE('',*,*,#2378,.T.);
#9678 = ORIENTED_EDGE('',*,*,#8848,.T.);
#9679 = ORIENTED_EDGE('',*,*,#9680,.T.);
#9680 = EDGE_CURVE('',#1894,#6113,#9681,.T.);
#9681 = SURFACE_CURVE('',#9682,(#9687,#9694),.PCURVE_S1.);
#9682 = CIRCLE('',#9683,1.);
#9683 = AXIS2_PLACEMENT_3D('',#9684,#9685,#9686);
#9684 = CARTESIAN_POINT('',(-49.05548921271,-32.78046641066,-17.));
#9685 = DIRECTION('',(-0.555601125605,0.831448969707,0.));
#9686 = DIRECTION('',(0.831448969707,0.555601125605,0.));
#9687 = PCURVE('',#2436,#9688);
#9688 = DEFINITIONAL_REPRESENTATION('',(#9689),#9693);
#9689 = LINE('',#9690,#9691);
#9690 = CARTESIAN_POINT('',(3.730678430795,3.14159265359));
#9691 = VECTOR('',#9692,1.);
#9692 = DIRECTION('',(0.,1.));
#9693 = ( GEOMETRIC_REPRESENTATION_CONTEXT(2) 
PARAMETRIC_REPRESENTATION_CONTEXT() REPRESENTATION_CONTEXT('2D SPACE',''
  ) );
#9694 = PCURVE('',#1962,#9695);
#9695 = DEFINITIONAL_REPRESENTATION('',(#9696),#9699);
#9696 = B_SPLINE_CURVE_WITH_KNOTS('',1,(#9697,#9698),.UNSPECIFIED.,.F.,
  .F.,(2,2),(1.570796326795,3.14159265359),.PIECEWISE_BEZIER_KNOTS.);
#9697 = CARTESIAN_POINT('',(-1.223988656732E-17,0.));
#9698 = CARTESIAN_POINT('',(-2.551125471976E-18,1.));
#9699 = ( GEOMETRIC_REPRESENTATION_CONTEXT(2) 
PARAMETRIC_REPRESENTATION_CONTEXT() REPRESENTATION_CONTEXT('2D SPACE',''
  ) );
#9700 = ORIENTED_EDGE('',*,*,#6112,.T.);
#9701 = ADVANCED_FACE('',(#9702),#1962,.T.);
#9702 = FACE_BOUND('',#9703,.T.);
#9703 = EDGE_LOOP('',(#9704,#9705,#9706,#9707));
#9704 = ORIENTED_EDGE('',*,*,#6136,.T.);
#9705 = ORIENTED_EDGE('',*,*,#9680,.F.);
#9706 = ORIENTED_EDGE('',*,*,#1921,.T.);
#9707 = ORIENTED_EDGE('',*,*,#2104,.T.);
#9708 = ADVANCED_FACE('',(#9709,#9715),#92,.T.);
#9709 = FACE_BOUND('',#9710,.T.);
#9710 = EDGE_LOOP('',(#9711,#9712,#9713,#9714));
#9711 = ORIENTED_EDGE('',*,*,#8059,.T.);
#9712 = ORIENTED_EDGE('',*,*,#1268,.T.);
#9713 = ORIENTED_EDGE('',*,*,#8873,.T.);
#9714 = ORIENTED_EDGE('',*,*,#1293,.T.);
#9715 = FACE_BOUND('',#9716,.T.);
#9716 = EDGE_LOOP('',(#9717));
#9717 = ORIENTED_EDGE('',*,*,#77,.F.);
#9718 = ADVANCED_FACE('',(#9719,#9750),#43,.T.);
#9719 = FACE_BOUND('',#9720,.T.);
#9720 = EDGE_LOOP('',(#9721,#9722,#9723,#9724));
#9721 = ORIENTED_EDGE('',*,*,#8082,.T.);
#9722 = ORIENTED_EDGE('',*,*,#1352,.T.);
#9723 = ORIENTED_EDGE('',*,*,#8900,.T.);
#9724 = ORIENTED_EDGE('',*,*,#9725,.F.);
#9725 = EDGE_CURVE('',#8083,#8901,#9726,.T.);
#9726 = SURFACE_CURVE('',#9727,(#9732,#9743),.PCURVE_S1.);
#9727 = CIRCLE('',#9728,9.);
#9728 = AXIS2_PLACEMENT_3D('',#9729,#9730,#9731);
#9729 = CARTESIAN_POINT('',(47.579795924331,-19.7081967668,-10.));
#9730 = DIRECTION('',(0.,0.,-1.));
#9731 = DIRECTION('',(-1.,0.,0.));
#9732 = PCURVE('',#43,#9733);
#9733 = DEFINITIONAL_REPRESENTATION('',(#9734),#9742);
#9734 = ( BOUNDED_CURVE() B_SPLINE_CURVE(2,(#9735,#9736,#9737,#9738,
#9739,#9740,#9741),.UNSPECIFIED.,.T.,.F.) B_SPLINE_CURVE_WITH_KNOTS((1,2
    ,2,2,2,1),(-2.094395102393,0.,2.094395102393,4.188790204786,
6.28318530718,8.377580409573),.UNSPECIFIED.) CURVE() 
GEOMETRIC_REPRESENTATION_ITEM() RATIONAL_B_SPLINE_CURVE((1.,0.5,1.,0.5,
1.,0.5,1.)) REPRESENTATION_ITEM('') );
#9735 = CARTESIAN_POINT('',(-9.,0.));
#9736 = CARTESIAN_POINT('',(-9.,15.58845726812));
#9737 = CARTESIAN_POINT('',(4.5,7.79422863406));
#9738 = CARTESIAN_POINT('',(18.,2.204364238465E-15));
#9739 = CARTESIAN_POINT('',(4.5,-7.79422863406));
#9740 = CARTESIAN_POINT('',(-9.,-15.58845726812));
#9741 = CARTESIAN_POINT('',(-9.,0.));
#9742 = ( GEOMETRIC_REPRESENTATION_CONTEXT(2) 
PARAMETRIC_REPRESENTATION_CONTEXT() REPRESENTATION_CONTEXT('2D SPACE',''
  ) );
#9743 = PCURVE('',#8671,#9744);
#9744 = DEFINITIONAL_REPRESENTATION('',(#9745),#9749);
#9745 = LINE('',#9746,#9747);
#9746 = CARTESIAN_POINT('',(9.424777960769,0.));
#9747 = VECTOR('',#9748,1.);
#9748 = DIRECTION('',(-1.,0.));
#9749 = ( GEOMETRIC_REPRESENTATION_CONTEXT(2) 
PARAMETRIC_REPRESENTATION_CONTEXT() REPRESENTATION_CONTEXT('2D SPACE',''
  ) );
#9750 = FACE_BOUND('',#9751,.T.);
#9751 = EDGE_LOOP('',(#9752));
#9752 = ORIENTED_EDGE('',*,*,#21,.F.);
#9753 = ADVANCED_FACE('',(#9754),#8671,.F.);
#9754 = FACE_BOUND('',#9755,.F.);
#9755 = EDGE_LOOP('',(#9756,#9757,#9758,#9836));
#9756 = ORIENTED_EDGE('',*,*,#9557,.F.);
#9757 = ORIENTED_EDGE('',*,*,#9725,.F.);
#9758 = ORIENTED_EDGE('',*,*,#9759,.F.);
#9759 = EDGE_CURVE('',#8627,#8083,#9760,.T.);
#9760 = SURFACE_CURVE('',#9761,(#9778,#9807),.PCURVE_S1.);
#9761 = B_SPLINE_CURVE_WITH_KNOTS('',3,(#9762,#9763,#9764,#9765,#9766,
    #9767,#9768,#9769,#9770,#9771,#9772,#9773,#9774,#9775,#9776,#9777),
  .UNSPECIFIED.,.F.,.F.,(4,3,3,3,3,4),(7.757919E-18,1.120307962499E-03,
    1.935304598359E-03,2.342802916289E-03,2.652454179143E-03,
    2.75030123422E-03),.UNSPECIFIED.);
#9762 = CARTESIAN_POINT('',(52.251223950751,-27.40090501513,-9.));
#9763 = CARTESIAN_POINT('',(52.575167393093,-27.20418905676,-9.));
#9764 = CARTESIAN_POINT('',(52.878293407372,-26.99230795133,
    -9.053063674782));
#9765 = CARTESIAN_POINT('',(53.163610585578,-26.76659699835,
    -9.146806449781));
#9766 = CARTESIAN_POINT('',(53.371171852814,-26.60239780178,
    -9.2150020253));
#9767 = CARTESIAN_POINT('',(53.570130395843,-26.42947901563,
    -9.304851360147));
#9768 = CARTESIAN_POINT('',(53.748117541324,-26.26195968815,
    -9.429055281007));
#9769 = CARTESIAN_POINT('',(53.837111114064,-26.17820002442,
    -9.491157241438));
#9770 = CARTESIAN_POINT('',(53.922060505786,-26.09462518714,
    -9.562078812258));
#9771 = CARTESIAN_POINT('',(53.994909215173,-26.02059104042,
    -9.652407668658));
#9772 = CARTESIAN_POINT('',(54.050265750074,-25.96433371121,
    -9.721047079486));
#9773 = CARTESIAN_POINT('',(54.099977904888,-25.91208737618,
    -9.802245310511));
#9774 = CARTESIAN_POINT('',(54.122036194335,-25.88873818722,
    -9.901930103741));
#9775 = CARTESIAN_POINT('',(54.12900641833,-25.88136005042,
    -9.933429615041));
#9776 = CARTESIAN_POINT('',(54.132875781272,-25.8772440505,
    -9.966411739802));
#9777 = CARTESIAN_POINT('',(54.132875781272,-25.8772440505,-10.));
#9778 = PCURVE('',#8671,#9779);
#9779 = DEFINITIONAL_REPRESENTATION('',(#9780),#9806);
#9780 = B_SPLINE_CURVE_WITH_KNOTS('',3,(#9781,#9782,#9783,#9784,#9785,
    #9786,#9787,#9788,#9789,#9790,#9791,#9792,#9793,#9794,#9795,#9796,
    #9797,#9798,#9799,#9800,#9801,#9802,#9803,#9804,#9805),
  .UNSPECIFIED.,.F.,.F.,(4,1,1,1,1,1,1,1,1,1,1,1,1,1,1,1,1,1,1,1,1,1,4),
  (7.757919E-18,1.250136924646E-04,2.500273849291E-04,3.750410773936E-04
    ,5.000547698582E-04,6.250684623227E-04,7.500821547873E-04,
    8.750958472518E-04,1.000109539716E-03,1.125123232181E-03,
    1.250136924645E-03,1.37515061711E-03,1.500164309575E-03,
    1.625178002039E-03,1.750191694504E-03,1.875205386968E-03,
    2.000219079433E-03,2.125232771897E-03,2.250246464362E-03,
    2.375260156826E-03,2.500273849291E-03,2.625287541755E-03,
    2.75030123422E-03),.QUASI_UNIFORM_KNOTS.);
#9781 = CARTESIAN_POINT('',(5.258125255051,1.));
#9782 = CARTESIAN_POINT('',(5.262824301068,1.));
#9783 = CARTESIAN_POINT('',(5.272194953189,0.99867849865));
#9784 = CARTESIAN_POINT('',(5.286173015453,0.992834992478));
#9785 = CARTESIAN_POINT('',(5.300077585149,0.983233485077));
#9786 = CARTESIAN_POINT('',(5.313913017273,0.969977218817));
#9787 = CARTESIAN_POINT('',(5.327683581143,0.953169475235));
#9788 = CARTESIAN_POINT('',(5.34139357792,0.932913389761));
#9789 = CARTESIAN_POINT('',(5.355046850279,0.909312643073));
#9790 = CARTESIAN_POINT('',(5.368648590489,0.882468880974));
#9791 = CARTESIAN_POINT('',(5.38219856434,0.852491343514));
#9792 = CARTESIAN_POINT('',(5.395716477849,0.81946082813));
#9793 = CARTESIAN_POINT('',(5.409172554808,0.783083663314));
#9794 = CARTESIAN_POINT('',(5.422521428452,0.743090609573));
#9795 = CARTESIAN_POINT('',(5.435721364318,0.699202084198));
#9796 = CARTESIAN_POINT('',(5.448730145304,0.651155445323));
#9797 = CARTESIAN_POINT('',(5.461502787248,0.598630630935));
#9798 = CARTESIAN_POINT('',(5.474005243947,0.541520318757));
#9799 = CARTESIAN_POINT('',(5.486220295865,0.478599853403));
#9800 = CARTESIAN_POINT('',(5.497874382316,0.407825743772));
#9801 = CARTESIAN_POINT('',(5.508763520269,0.327674201326));
#9802 = CARTESIAN_POINT('',(5.518587610288,0.235002301585));
#9803 = CARTESIAN_POINT('',(5.525872518153,0.126421148465));
#9804 = CARTESIAN_POINT('',(5.527915983874,4.388496886406E-02));
#9805 = CARTESIAN_POINT('',(5.527964172233,0.));
#9806 = ( GEOMETRIC_REPRESENTATION_CONTEXT(2) 
PARAMETRIC_REPRESENTATION_CONTEXT() REPRESENTATION_CONTEXT('2D SPACE',''
  ) );
#9807 = PCURVE('',#8123,#9808);
#9808 = DEFINITIONAL_REPRESENTATION('',(#9809),#9835);
#9809 = B_SPLINE_CURVE_WITH_KNOTS('',3,(#9810,#9811,#9812,#9813,#9814,
    #9815,#9816,#9817,#9818,#9819,#9820,#9821,#9822,#9823,#9824,#9825,
    #9826,#9827,#9828,#9829,#9830,#9831,#9832,#9833,#9834),
  .UNSPECIFIED.,.F.,.F.,(4,1,1,1,1,1,1,1,1,1,1,1,1,1,1,1,1,1,1,1,1,1,4),
  (7.757919E-18,1.250136924646E-04,2.500273849291E-04,3.750410773936E-04
    ,5.000547698582E-04,6.250684623227E-04,7.500821547873E-04,
    8.750958472518E-04,1.000109539716E-03,1.125123232181E-03,
    1.250136924645E-03,1.37515061711E-03,1.500164309575E-03,
    1.625178002039E-03,1.750191694504E-03,1.875205386968E-03,
    2.000219079433E-03,2.125232771897E-03,2.250246464362E-03,
    2.375260156826E-03,2.500273849291E-03,2.625287541755E-03,
    2.75030123422E-03),.QUASI_UNIFORM_KNOTS.);
#9810 = CARTESIAN_POINT('',(5.800203327998,1.570796326795));
#9811 = CARTESIAN_POINT('',(5.800817369736,1.548976814973));
#9812 = CARTESIAN_POINT('',(5.802045680153,1.505908220362));
#9813 = CARTESIAN_POINT('',(5.803889013916,1.442753832492));
#9814 = CARTESIAN_POINT('',(5.805733404395,1.380786059829));
#9815 = CARTESIAN_POINT('',(5.807579035735,1.319739883775));
#9816 = CARTESIAN_POINT('',(5.809426083983,1.259357448832));
#9817 = CARTESIAN_POINT('',(5.811274737825,1.199392605652));
#9818 = CARTESIAN_POINT('',(5.813125119657,1.139616276558));
#9819 = CARTESIAN_POINT('',(5.814977580907,1.079819131518));
#9820 = CARTESIAN_POINT('',(5.816831599983,1.019821289594));
#9821 = CARTESIAN_POINT('',(5.81868991219,0.959455242243));
#9822 = CARTESIAN_POINT('',(5.820548013807,0.898451994167));
#9823 = CARTESIAN_POINT('',(5.822398951289,0.836503530981));
#9824 = CARTESIAN_POINT('',(5.824236439117,0.773250366569));
#9825 = CARTESIAN_POINT('',(5.826054164485,0.708308454077));
#9826 = CARTESIAN_POINT('',(5.827845439261,0.641221527682));
#9827 = CARTESIAN_POINT('',(5.829605274722,0.571685756808));
#9828 = CARTESIAN_POINT('',(5.831330497532,0.498402232046));
#9829 = CARTESIAN_POINT('',(5.83298128816,0.419532824577));
#9830 = CARTESIAN_POINT('',(5.834528111731,0.333376791069));
#9831 = CARTESIAN_POINT('',(5.835927568378,0.236720584364));
#9832 = CARTESIAN_POINT('',(5.836967116171,0.126502366165));
#9833 = CARTESIAN_POINT('',(5.837259173883,4.3818361496E-02));
#9834 = CARTESIAN_POINT('',(5.837266081923,0.));
#9835 = ( GEOMETRIC_REPRESENTATION_CONTEXT(2) 
PARAMETRIC_REPRESENTATION_CONTEXT() REPRESENTATION_CONTEXT('2D SPACE',''
  ) );
#9836 = ORIENTED_EDGE('',*,*,#8650,.T.);
#9837 = ADVANCED_FACE('',(#9838),#957,.T.);
#9838 = FACE_BOUND('',#9839,.T.);
#9839 = EDGE_LOOP('',(#9840,#9841,#9842,#9864));
#9840 = ORIENTED_EDGE('',*,*,#9473,.T.);
#9841 = ORIENTED_EDGE('',*,*,#938,.F.);
#9842 = ORIENTED_EDGE('',*,*,#9843,.F.);
#9843 = EDGE_CURVE('',#9308,#939,#9844,.T.);
#9844 = SURFACE_CURVE('',#9845,(#9850,#9857),.PCURVE_S1.);
#9845 = CIRCLE('',#9846,1.);
#9846 = AXIS2_PLACEMENT_3D('',#9847,#9848,#9849);
#9847 = CARTESIAN_POINT('',(46.573615566585,-36.22013712088,-26.));
#9848 = DIRECTION('',(-0.613900629168,-0.789383314688,-0.));
#9849 = DIRECTION('',(-0.789383314688,0.613900629168,0.));
#9850 = PCURVE('',#957,#9851);
#9851 = DEFINITIONAL_REPRESENTATION('',(#9852),#9856);
#9852 = LINE('',#9853,#9854);
#9853 = CARTESIAN_POINT('',(3.802585168805,3.14159265359));
#9854 = VECTOR('',#9855,1.);
#9855 = DIRECTION('',(1.696295830114E-15,-1.));
#9856 = ( GEOMETRIC_REPRESENTATION_CONTEXT(2) 
PARAMETRIC_REPRESENTATION_CONTEXT() REPRESENTATION_CONTEXT('2D SPACE',''
  ) );
#9857 = PCURVE('',#867,#9858);
#9858 = DEFINITIONAL_REPRESENTATION('',(#9859),#9863);
#9859 = LINE('',#9860,#9861);
#9860 = CARTESIAN_POINT('',(3.802585168805,3.14159265359));
#9861 = VECTOR('',#9862,1.);
#9862 = DIRECTION('',(0.,-1.));
#9863 = ( GEOMETRIC_REPRESENTATION_CONTEXT(2) 
PARAMETRIC_REPRESENTATION_CONTEXT() REPRESENTATION_CONTEXT('2D SPACE',''
  ) );
#9864 = ORIENTED_EDGE('',*,*,#9307,.F.);
#9865 = ADVANCED_FACE('',(#9866),#867,.T.);
#9866 = FACE_BOUND('',#9867,.T.);
#9867 = EDGE_LOOP('',(#9868,#9869,#9870,#9871));
#9868 = ORIENTED_EDGE('',*,*,#9843,.T.);
#9869 = ORIENTED_EDGE('',*,*,#7937,.F.);
#9870 = ORIENTED_EDGE('',*,*,#850,.F.);
#9871 = ORIENTED_EDGE('',*,*,#9331,.F.);
#9872 = ADVANCED_FACE('',(#9873),#923,.T.);
#9873 = FACE_BOUND('',#9874,.T.);
#9874 = EDGE_LOOP('',(#9875,#9876,#9877,#9878));
#9875 = ORIENTED_EDGE('',*,*,#908,.T.);
#9876 = ORIENTED_EDGE('',*,*,#8317,.F.);
#9877 = ORIENTED_EDGE('',*,*,#6837,.F.);
#9878 = ORIENTED_EDGE('',*,*,#9354,.F.);
#9879 = ADVANCED_FACE('',(#9880),#8123,.T.);
#9880 = FACE_BOUND('',#9881,.T.);
#9881 = EDGE_LOOP('',(#9882,#9883,#9884,#9905));
#9882 = ORIENTED_EDGE('',*,*,#9759,.F.);
#9883 = ORIENTED_EDGE('',*,*,#8626,.F.);
#9884 = ORIENTED_EDGE('',*,*,#9885,.F.);
#9885 = EDGE_CURVE('',#8107,#145,#9886,.T.);
#9886 = SURFACE_CURVE('',#9887,(#9892,#9899),.PCURVE_S1.);
#9887 = CIRCLE('',#9888,1.);
#9888 = AXIS2_PLACEMENT_3D('',#9889,#9890,#9891);
#9889 = CARTESIAN_POINT('',(49.055489212719,-32.78046641066,-10.));
#9890 = DIRECTION('',(-0.555601125605,-0.831448969707,-5.769336E-15));
#9891 = DIRECTION('',(-0.831448969707,0.555601125605,2.366582715663E-30)
  );
#9892 = PCURVE('',#8123,#9893);
#9893 = DEFINITIONAL_REPRESENTATION('',(#9894),#9898);
#9894 = LINE('',#9895,#9896);
#9895 = CARTESIAN_POINT('',(5.694099529974,-3.14159265359));
#9896 = VECTOR('',#9897,1.);
#9897 = DIRECTION('',(0.,1.));
#9898 = ( GEOMETRIC_REPRESENTATION_CONTEXT(2) 
PARAMETRIC_REPRESENTATION_CONTEXT() REPRESENTATION_CONTEXT('2D SPACE',''
  ) );
#9899 = PCURVE('',#218,#9900);
#9900 = DEFINITIONAL_REPRESENTATION('',(#9901),#9904);
#9901 = B_SPLINE_CURVE_WITH_KNOTS('',1,(#9902,#9903),.UNSPECIFIED.,.F.,
  .F.,(2,2),(3.14159265359,4.712388980385),.PIECEWISE_BEZIER_KNOTS.);
#9902 = CARTESIAN_POINT('',(-1.340666342659E-17,1.));
#9903 = CARTESIAN_POINT('',(-1.727210976632E-17,0.));
#9904 = ( GEOMETRIC_REPRESENTATION_CONTEXT(2) 
PARAMETRIC_REPRESENTATION_CONTEXT() REPRESENTATION_CONTEXT('2D SPACE',''
  ) );
#9905 = ORIENTED_EDGE('',*,*,#8106,.F.);
#9906 = ADVANCED_FACE('',(#9907),#218,.T.);
#9907 = FACE_BOUND('',#9908,.T.);
#9908 = EDGE_LOOP('',(#9909,#9910,#9911,#9912));
#9909 = ORIENTED_EDGE('',*,*,#9885,.T.);
#9910 = ORIENTED_EDGE('',*,*,#177,.F.);
#9911 = ORIENTED_EDGE('',*,*,#360,.F.);
#9912 = ORIENTED_EDGE('',*,*,#8135,.F.);
#9913 = ADVANCED_FACE('',(#9914),#1234,.T.);
#9914 = FACE_BOUND('',#9915,.T.);
#9915 = EDGE_LOOP('',(#9916,#9917,#9918,#9939));
#9916 = ORIENTED_EDGE('',*,*,#1183,.F.);
#9917 = ORIENTED_EDGE('',*,*,#8037,.F.);
#9918 = ORIENTED_EDGE('',*,*,#9919,.F.);
#9919 = EDGE_CURVE('',#461,#7961,#9920,.T.);
#9920 = SURFACE_CURVE('',#9921,(#9926,#9933),.PCURVE_S1.);
#9921 = CIRCLE('',#9922,1.);
#9922 = AXIS2_PLACEMENT_3D('',#9923,#9924,#9925);
#9923 = CARTESIAN_POINT('',(49.055489212719,-32.78046641066,-17.));
#9924 = DIRECTION('',(-0.555601125605,-0.831448969707,-0.));
#9925 = DIRECTION('',(-0.831448969707,0.555601125605,0.));
#9926 = PCURVE('',#1234,#9927);
#9927 = DEFINITIONAL_REPRESENTATION('',(#9928),#9932);
#9928 = LINE('',#9929,#9930);
#9929 = CARTESIAN_POINT('',(5.694099529974,3.14159265359));
#9930 = VECTOR('',#9931,1.);
#9931 = DIRECTION('',(0.,1.));
#9932 = ( GEOMETRIC_REPRESENTATION_CONTEXT(2) 
PARAMETRIC_REPRESENTATION_CONTEXT() REPRESENTATION_CONTEXT('2D SPACE',''
  ) );
#9933 = PCURVE('',#597,#9934);
#9934 = DEFINITIONAL_REPRESENTATION('',(#9935),#9938);
#9935 = B_SPLINE_CURVE_WITH_KNOTS('',1,(#9936,#9937),.UNSPECIFIED.,.F.,
  .F.,(2,2),(1.570796326795,3.14159265359),.PIECEWISE_BEZIER_KNOTS.);
#9936 = CARTESIAN_POINT('',(-6.301783733002E-18,1.));
#9937 = CARTESIAN_POINT('',(-8.590528272386E-18,0.));
#9938 = ( GEOMETRIC_REPRESENTATION_CONTEXT(2) 
PARAMETRIC_REPRESENTATION_CONTEXT() REPRESENTATION_CONTEXT('2D SPACE',''
  ) );
#9939 = ORIENTED_EDGE('',*,*,#8798,.F.);
#9940 = ADVANCED_FACE('',(#9941),#597,.T.);
#9941 = FACE_BOUND('',#9942,.T.);
#9942 = EDGE_LOOP('',(#9943,#9944,#9945,#9946));
#9943 = ORIENTED_EDGE('',*,*,#7960,.F.);
#9944 = ORIENTED_EDGE('',*,*,#554,.F.);
#9945 = ORIENTED_EDGE('',*,*,#739,.F.);
#9946 = ORIENTED_EDGE('',*,*,#9919,.T.);
#9947 = ( GEOMETRIC_REPRESENTATION_CONTEXT(3) 
GLOBAL_UNCERTAINTY_ASSIGNED_CONTEXT((#9951)) 
GLOBAL_UNIT_ASSIGNED_CONTEXT((#9948,#9949,#9950)) REPRESENTATION_CONTEXT
('Context #1','3D Context with UNIT and UNCERTAINTY') );
#9948 = ( LENGTH_UNIT() NAMED_UNIT(*) SI_UNIT(.MILLI.,.METRE.) );
#9949 = ( NAMED_UNIT(*) PLANE_ANGLE_UNIT() SI_UNIT($,.RADIAN.) );
#9950 = ( NAMED_UNIT(*) SI_UNIT($,.STERADIAN.) SOLID_ANGLE_UNIT() );
#9951 = UNCERTAINTY_MEASURE_WITH_UNIT(LENGTH_MEASURE(5.E-04),#9948,
  'distance_accuracy_value','confusion accuracy');
#9952 = PRODUCT_RELATED_PRODUCT_CATEGORY('part',$,(#7));
ENDSEC;
END-ISO-10303-21;
