ISO-10303-21;
HEADER;
/****************************************************************
 * Generated by software with PDE/Lib inside                    *
 * PDElib Version v51a, created Tue 12/06/2005                  *
 * International Technegroup Inc. (www.iti-oh.com)              *
 ****************************************************************/
FILE_DESCRIPTION((''),'2;1');
FILE_NAME('I:\\Kurz\\oerlikon_neu\\Fliehkraftkupplung\\682Modelle-Ausfuehrung_mit_Passfeder\\Modell_Feder_ungespannt_Pos7.stp','2010-05-04T19:54:38',('Administrator'),(''),'Autodesk Inventor 11','Autodesk Inventor 11','');
FILE_SCHEMA(('AUTOMOTIVE_DESIGN { 1 0 10303 214 1 1 1 1 }'));
ENDSEC;
DATA;
#5=APPLICATION_CONTEXT('automotive design');
#6=APPLICATION_PROTOCOL_DEFINITION('International Standard','automotive_design',2001,#5);
#7=PRODUCT_CONTEXT('',#5,'mechanical');
#8=PRODUCT('Pos7_Feder','Pos7_Feder',$,(#7));
#9=PRODUCT_RELATED_PRODUCT_CATEGORY('part',$,(#8));
#10=PRODUCT_DEFINITION_FORMATION('',$,#8);
#11=PRODUCT_DEFINITION_CONTEXT('part definition',#5,'design');
#12=PRODUCT_DEFINITION('',$,#10,#11);
#18=(NAMED_UNIT(*)PLANE_ANGLE_UNIT()SI_UNIT($,.RADIAN.));
#19=DIMENSIONAL_EXPONENTS(0.0,0.0,0.0,0.0,0.0,0.0,0.0);
#20=PLANE_ANGLE_MEASURE_WITH_UNIT(PLANE_ANGLE_MEASURE(0.017453292500000),#18);
#24=(CONVERSION_BASED_UNIT('DEGREE',#20)NAMED_UNIT(#19)PLANE_ANGLE_UNIT());
#28=(NAMED_UNIT(*)SI_UNIT($,.STERADIAN.)SOLID_ANGLE_UNIT());
#32=(LENGTH_UNIT()NAMED_UNIT(*)SI_UNIT(.MILLI.,.METRE.));
#34=UNCERTAINTY_MEASURE_WITH_UNIT(LENGTH_MEASURE(0.010000000000000),#32,'DISTANCE_ACCURACY_VALUE','');
#36=(GEOMETRIC_REPRESENTATION_CONTEXT(3)GLOBAL_UNCERTAINTY_ASSIGNED_CONTEXT((#34))GLOBAL_UNIT_ASSIGNED_CONTEXT((#24,#28,#32))REPRESENTATION_CONTEXT('None','None'));
#37=AXIS2_PLACEMENT_3D('',#38,#39,#40);
#38=CARTESIAN_POINT('',(0.0,0.0,0.0));
#39=DIRECTION('',(0.0,0.0,1.0));
#40=DIRECTION('',(1.0,0.0,0.0));
#41=SHAPE_REPRESENTATION('',(#37),#36);
#42=PRODUCT_DEFINITION_SHAPE('','',#12);
#43=SHAPE_DEFINITION_REPRESENTATION(#42,#41);
#44=CARTESIAN_POINT('',(-18.350000000000001,0.0,0.0));
#45=DIRECTION('',(0.0,0.0,1.0));
#46=DIRECTION('',(1.0,0.0,0.0));
#47=AXIS2_PLACEMENT_3D('',#44,#45,#46);
#48=TOROIDAL_SURFACE('',#47,4.049999999999999,0.550000000000003);
#49=CARTESIAN_POINT('',(-17.208695652173873,3.308689224698076,-6.735335E-017));
#50=VERTEX_POINT('',#49);
#51=CARTESIAN_POINT('',(-17.029347826086912,3.828626102864921,0.0));
#52=DIRECTION('',(-0.945339778485166,0.326086956521750,0.0));
#53=DIRECTION('',(0.0,0.0,1.0));
#54=AXIS2_PLACEMENT_3D('',#51,#52,#53);
#55=CIRCLE('',#54,0.550000000000003);
#56=EDGE_CURVE('',#50,#50,#55,.T.);
#57=ORIENTED_EDGE('',*,*,#56,.T.);
#58=EDGE_LOOP('',(#57));
#59=FACE_OUTER_BOUND('',#58,.T.);
#60=CARTESIAN_POINT('',(-14.850000000000005,0.0,-6.735335E-017));
#61=VERTEX_POINT('',#60);
#62=CARTESIAN_POINT('',(-14.300000000000001,0.0,0.0));
#63=DIRECTION('',(0.0,1.0,0.0));
#64=DIRECTION('',(0.0,0.0,1.0));
#65=AXIS2_PLACEMENT_3D('',#62,#63,#64);
#66=CIRCLE('',#65,0.550000000000003);
#67=EDGE_CURVE('',#61,#61,#66,.T.);
#68=ORIENTED_EDGE('',*,*,#67,.F.);
#69=EDGE_LOOP('',(#68));
#70=FACE_BOUND('',#69,.T.);
#71=ADVANCED_FACE('',(#59,#70),#48,.T.);
#72=CARTESIAN_POINT('',(4.050000000000001,0.0,0.0));
#73=DIRECTION('',(0.0,0.0,-1.0));
#74=DIRECTION('',(-1.0,0.0,0.0));
#75=AXIS2_PLACEMENT_3D('',#72,#73,#74);
#76=TOROIDAL_SURFACE('',#75,4.050000000000001,0.550000000000000);
#77=CARTESIAN_POINT('',(2.908695652173865,3.308689224698077,6.735335E-017));
#78=VERTEX_POINT('',#77);
#79=CARTESIAN_POINT('',(2.729347826086903,3.828626102864918,0.0));
#80=DIRECTION('',(0.945339778485165,0.326086956521753,0.0));
#81=DIRECTION('',(0.0,0.0,1.0));
#82=AXIS2_PLACEMENT_3D('',#79,#80,#81);
#83=CIRCLE('',#82,0.550000000000000);
#84=EDGE_CURVE('',#78,#78,#83,.T.);
#85=ORIENTED_EDGE('',*,*,#84,.T.);
#86=EDGE_LOOP('',(#85));
#87=FACE_OUTER_BOUND('',#86,.T.);
#88=CARTESIAN_POINT('',(0.550000000000000,0.0,6.735335E-017));
#89=VERTEX_POINT('',#88);
#90=CARTESIAN_POINT('',(0.0,0.0,0.0));
#91=DIRECTION('',(0.0,1.0,0.0));
#92=DIRECTION('',(0.0,0.0,1.0));
#93=AXIS2_PLACEMENT_3D('',#90,#91,#92);
#94=CIRCLE('',#93,0.550000000000000);
#95=EDGE_CURVE('',#89,#89,#94,.T.);
#96=ORIENTED_EDGE('',*,*,#95,.F.);
#97=EDGE_LOOP('',(#96));
#98=FACE_BOUND('',#97,.T.);
#99=ADVANCED_FACE('',(#87,#98),#76,.T.);
#100=CARTESIAN_POINT('',(-14.300000000000001,3.000000000000000,0.0));
#101=DIRECTION('',(0.0,-1.0,0.0));
#102=DIRECTION('',(0.0,0.0,-1.0));
#103=AXIS2_PLACEMENT_3D('',#100,#101,#102);
#104=CYLINDRICAL_SURFACE('',#103,0.550000000000003);
#105=CARTESIAN_POINT('',(-14.274380194838397,3.000000000000000,-0.549427553123230));
#106=VERTEX_POINT('',#105);
#107=CARTESIAN_POINT('',(-14.299999997766404,3.000000000000000,-0.549997114598545));
#108=VERTEX_POINT('',#107);
#109=CARTESIAN_POINT('',(-14.300000000000001,3.000000000000000,0.0));
#110=DIRECTION('',(0.0,1.0,0.0));
#111=DIRECTION('',(0.0,0.0,1.0));
#112=AXIS2_PLACEMENT_3D('',#109,#110,#111);
#113=CIRCLE('',#112,0.550000000000003);
#114=EDGE_CURVE('',#106,#108,#113,.T.);
#115=ORIENTED_EDGE('',*,*,#114,.F.);
#116=CARTESIAN_POINT('',(-13.750572446876772,3.000000000000000,0.025619805161654));
#117=VERTEX_POINT('',#116);
#118=CARTESIAN_POINT('',(-14.300000000000001,3.000000000000000,0.0));
#119=DIRECTION('',(0.0,1.0,0.0));
#120=DIRECTION('',(0.0,0.0,1.0));
#121=AXIS2_PLACEMENT_3D('',#118,#119,#120);
#122=CIRCLE('',#121,0.550000000000003);
#123=EDGE_CURVE('',#117,#106,#122,.T.);
#124=ORIENTED_EDGE('',*,*,#123,.F.);
#125=CARTESIAN_POINT('',(-14.300000001116802,3.000000000000000,0.549997114598545));
#126=VERTEX_POINT('',#125);
#127=CARTESIAN_POINT('',(-14.300000000000001,3.000000000000000,0.0));
#128=DIRECTION('',(0.0,1.0,0.0));
#129=DIRECTION('',(0.0,0.0,1.0));
#130=AXIS2_PLACEMENT_3D('',#127,#128,#129);
#131=CIRCLE('',#130,0.550000000000003);
#132=EDGE_CURVE('',#126,#117,#131,.T.);
#133=ORIENTED_EDGE('',*,*,#132,.F.);
#134=CARTESIAN_POINT('',(-14.325620657907470,3.000000000000000,0.549475356753342));
#135=VERTEX_POINT('',#134);
#136=CARTESIAN_POINT('',(-14.300000000000001,3.000000000000000,0.0));
#137=DIRECTION('',(0.0,1.0,0.0));
#138=DIRECTION('',(0.0,0.0,1.0));
#139=AXIS2_PLACEMENT_3D('',#136,#137,#138);
#140=CIRCLE('',#139,0.550000000000003);
#141=EDGE_CURVE('',#135,#126,#140,.T.);
#142=ORIENTED_EDGE('',*,*,#141,.F.);
#143=CARTESIAN_POINT('',(-14.849427553123231,3.000000000000000,-0.025619805161613));
#144=VERTEX_POINT('',#143);
#145=CARTESIAN_POINT('',(-14.300000000000001,3.000000000000000,0.0));
#146=DIRECTION('',(0.0,1.0,0.0));
#147=DIRECTION('',(0.0,0.0,1.0));
#148=AXIS2_PLACEMENT_3D('',#145,#146,#147);
#149=CIRCLE('',#148,0.550000000000003);
#150=EDGE_CURVE('',#144,#135,#149,.T.);
#151=ORIENTED_EDGE('',*,*,#150,.F.);
#152=CARTESIAN_POINT('',(-14.300000000000001,3.000000000000000,0.0));
#153=DIRECTION('',(0.0,1.0,0.0));
#154=DIRECTION('',(0.0,0.0,1.0));
#155=AXIS2_PLACEMENT_3D('',#152,#153,#154);
#156=CIRCLE('',#155,0.550000000000003);
#157=EDGE_CURVE('',#108,#144,#156,.T.);
#158=ORIENTED_EDGE('',*,*,#157,.F.);
#159=EDGE_LOOP('',(#115,#124,#133,#142,#151,#158));
#160=FACE_OUTER_BOUND('',#159,.T.);
#161=ORIENTED_EDGE('',*,*,#67,.T.);
#162=EDGE_LOOP('',(#161));
#163=FACE_BOUND('',#162,.T.);
#164=ADVANCED_FACE('',(#160,#163),#104,.T.);
#165=CARTESIAN_POINT('',(-14.820133897759236,3.939231012048841,0.694592710667696));
#166=CARTESIAN_POINT('',(-14.820133897759236,4.010132079968088,0.707094481902902));
#167=CARTESIAN_POINT('',(-14.791535463773533,4.151917593906733,0.732095093483900));
#168=CARTESIAN_POINT('',(-14.669132956725758,4.332248431483952,0.763892285602518));
#169=CARTESIAN_POINT('',(-14.486118785420166,4.452683156834869,0.785128177096099));
#170=CARTESIAN_POINT('',(-14.342128728935551,4.480875276205561,0.790099208384504));
#171=CARTESIAN_POINT('',(-14.198139066582911,4.480875276205561,0.790099208384504));
#172=CARTESIAN_POINT('',(-14.054166282549721,4.452711316692429,0.785133142438759));
#173=CARTESIAN_POINT('',(-13.871053551130199,4.332168378763688,0.763878170148057));
#174=CARTESIAN_POINT('',(-13.748760926013706,4.151934603950862,0.732098092813623));
#175=CARTESIAN_POINT('',(-13.720133897759235,4.010132079968161,0.707094481902914));
#176=CARTESIAN_POINT('',(-13.720133897759224,3.939231012048914,0.694592710667709));
#177=CARTESIAN_POINT('',(-14.847268684208421,4.046689833788888,0.085163448575810));
#178=CARTESIAN_POINT('',(-14.848850418850663,4.130008030796658,0.037905204900972));
#179=CARTESIAN_POINT('',(-14.822079427786221,4.303743945945298,-0.051740932628584));
#180=CARTESIAN_POINT('',(-14.688163072289866,4.518540528055995,-0.169019492081721));
#181=CARTESIAN_POINT('',(-14.489058829564696,4.652859734710518,-0.250921741434896));
#182=CARTESIAN_POINT('',(-14.339271560901757,4.674425239866427,-0.273695267142531));
#183=CARTESIAN_POINT('',(-14.194281873815939,4.663071039401626,-0.277066225611294));
#184=CARTESIAN_POINT('',(-14.054106252494744,4.618825293173680,-0.261029651498529));
#185=CARTESIAN_POINT('',(-13.886220321542515,4.472380289557380,-0.177313546140815));
#186=CARTESIAN_POINT('',(-13.776184649461651,4.270569715460614,-0.046225673158879));
#187=CARTESIAN_POINT('',(-13.747779898834027,4.115233324684708,0.056483143423964));
#188=CARTESIAN_POINT('',(-13.746264136096755,4.036996586856860,0.106717213951336));
#189=CARTESIAN_POINT('',(-14.849402981953048,3.362019089504504,-0.025619590572519));
#190=CARTESIAN_POINT('',(-14.846049385411092,3.392974399729948,-0.097536272269753));
#191=CARTESIAN_POINT('',(-14.810775587790257,3.455017492144715,-0.240020629902822));
#192=CARTESIAN_POINT('',(-14.679976359466378,3.533710268135443,-0.417232954557106));
#193=CARTESIAN_POINT('',(-14.491464325938207,3.585719615291536,-0.530867835960808));
#194=CARTESIAN_POINT('',(-14.346297091124736,3.597261405603912,-0.552756578495001));
#195=CARTESIAN_POINT('',(-14.202463727730258,3.596365227965610,-0.546049385411095));
#196=CARTESIAN_POINT('',(-14.059979370097192,3.583031082376631,-0.510775587790275));
#197=CARTESIAN_POINT('',(-13.882767045442888,3.528768003151841,-0.379976359466359));
#198=CARTESIAN_POINT('',(-13.769132164039188,3.448820139270759,-0.191464325938195));
#199=CARTESIAN_POINT('',(-13.747243421504995,3.386706507946089,-0.046297091124702));
#200=CARTESIAN_POINT('',(-13.750597018046955,3.355934761789435,0.025619590572527));
#201=CARTESIAN_POINT('',(-14.849402981953048,3.000000000000000,-0.025619590572519));
#202=CARTESIAN_POINT('',(-14.846049385411092,3.000000000000000,-0.097536272269753));
#203=CARTESIAN_POINT('',(-14.810775587790257,3.000000000000004,-0.240020629902822));
#204=CARTESIAN_POINT('',(-14.679976359466378,2.999999999999996,-0.417232954557106));
#205=CARTESIAN_POINT('',(-14.491464325938207,3.000000000000003,-0.530867835960808));
#206=CARTESIAN_POINT('',(-14.346297091124736,3.000000000000000,-0.552756578495001));
#207=CARTESIAN_POINT('',(-14.202463727730258,3.000000000000000,-0.546049385411095));
#208=CARTESIAN_POINT('',(-14.059979370097192,3.000000000000000,-0.510775587790275));
#209=CARTESIAN_POINT('',(-13.882767045442888,3.000000000000000,-0.379976359466359));
#210=CARTESIAN_POINT('',(-13.769132164039188,3.000000000000001,-0.191464325938195));
#211=CARTESIAN_POINT('',(-13.747243421504995,3.000000000000001,-0.046297091124702));
#212=CARTESIAN_POINT('',(-13.750597018046955,3.000000000000000,0.025619590572528));
#213=B_SPLINE_SURFACE_WITH_KNOTS('',3,3,((#165,#177,#189,#201),(#166,#178,#190,#202),(#167,#179,#191,#203),(#168,#180,#192,#204),(#169,#181,#193,#205),(#170,#182,#194,#206),(#171,#183,#195,#207),(#172,#184,#196,#208),(#173,#185,#197,#209),(#174,#186,#198,#210),(#175,#187,#199,#211),(#176,#188,#200,#212)),.UNSPECIFIED.,.F.,.F.,.U.,(4,1,1,1,2,1,1,1,4),(4,4),(0.0,0.062500000000000,0.124999999999999,0.187499999999999,0.249999999999998,0.312499999999995,0.374999999999992,0.437499999999989,0.499999999999986),(0.0,1.0),.UNSPECIFIED.);
#214=CARTESIAN_POINT('',(-13.720133897759224,3.939231012048881,0.694592710667703));
#215=VERTEX_POINT('',#214);
#216=CARTESIAN_POINT('',(-14.270133897759223,4.480875276205561,0.790099208384504));
#217=VERTEX_POINT('',#216);
#218=CARTESIAN_POINT('',(-13.720133897759224,3.939231012048914,0.694592710667709));
#219=CARTESIAN_POINT('',(-13.720133897759272,4.256518876010280,0.750539121735451));
#220=CARTESIAN_POINT('',(-13.947951357064426,4.480875276205555,0.790099208384503));
#221=CARTESIAN_POINT('',(-14.270133897759219,4.480875276205561,0.790099208384504));
#229=(BOUNDED_CURVE()B_SPLINE_CURVE(3,(#218,#219,#220,#221),.UNSPECIFIED.,.F.,.U.)CURVE()GEOMETRIC_REPRESENTATION_ITEM()QUASI_UNIFORM_CURVE()RATIONAL_B_SPLINE_CURVE((0.973477417138017,0.783394127706177,0.783394127706177,0.973477417138017))REPRESENTATION_ITEM(''));
#230=EDGE_CURVE('',#215,#217,#229,.T.);
#231=ORIENTED_EDGE('',*,*,#230,.F.);
#232=CARTESIAN_POINT('',(-13.720133897759224,3.939231012048914,0.694592710667709));
#233=CARTESIAN_POINT('',(-13.746264136096755,4.036996892197571,0.106717267791142));
#234=CARTESIAN_POINT('',(-13.750596989162196,3.355935159351877,0.025618971143461));
#235=CARTESIAN_POINT('',(-13.750596974720214,3.000000000000001,0.025618661428909));
#236=QUASI_UNIFORM_CURVE('',3,(#232,#233,#234,#235),.UNSPECIFIED.,.F.,.U.);
#237=EDGE_CURVE('',#215,#117,#236,.T.);
#238=ORIENTED_EDGE('',*,*,#237,.T.);
#239=ORIENTED_EDGE('',*,*,#123,.T.);
#240=ORIENTED_EDGE('',*,*,#114,.T.);
#241=ORIENTED_EDGE('',*,*,#157,.T.);
#242=CARTESIAN_POINT('',(-14.820133897759188,3.939231012048681,0.694592710668547));
#243=VERTEX_POINT('',#242);
#244=CARTESIAN_POINT('',(-14.820133897759236,3.939231012048841,0.694592710667696));
#245=CARTESIAN_POINT('',(-14.847268684208421,4.046689833788888,0.085163448575810));
#246=CARTESIAN_POINT('',(-14.849402981953048,3.362019089504504,-0.025619590572519));
#247=CARTESIAN_POINT('',(-14.849402981953048,3.000000000000000,-0.025619590572519));
#248=QUASI_UNIFORM_CURVE('',3,(#244,#245,#246,#247),.UNSPECIFIED.,.F.,.U.);
#249=EDGE_CURVE('',#243,#144,#248,.T.);
#250=ORIENTED_EDGE('',*,*,#249,.F.);
#251=CARTESIAN_POINT('',(-14.270133897759219,4.480875276205561,0.790099208384504));
#252=CARTESIAN_POINT('',(-14.592316438454020,4.480875276205566,0.790099208384505));
#253=CARTESIAN_POINT('',(-14.820133897759236,4.256518876010256,0.750539121735450));
#254=CARTESIAN_POINT('',(-14.820133897759236,3.939231012048841,0.694592710667696));
#262=(BOUNDED_CURVE()B_SPLINE_CURVE(3,(#251,#252,#253,#254),.UNSPECIFIED.,.F.,.U.)CURVE()GEOMETRIC_REPRESENTATION_ITEM()QUASI_UNIFORM_CURVE()RATIONAL_B_SPLINE_CURVE((0.973477417138017,0.783394127706177,0.783394127706177,0.973477417138017))REPRESENTATION_ITEM(''));
#263=EDGE_CURVE('',#217,#243,#262,.T.);
#264=ORIENTED_EDGE('',*,*,#263,.F.);
#265=EDGE_LOOP('',(#231,#238,#239,#240,#241,#250,#264));
#266=FACE_OUTER_BOUND('',#265,.T.);
#267=ADVANCED_FACE('',(#266),#213,.T.);
#268=CARTESIAN_POINT('',(0.0,3.000000000000000,0.0));
#269=DIRECTION('',(0.0,-1.0,0.0));
#270=DIRECTION('',(0.0,0.0,-1.0));
#271=AXIS2_PLACEMENT_3D('',#268,#269,#270);
#272=CYLINDRICAL_SURFACE('',#271,0.550000000000000);
#273=CARTESIAN_POINT('',(0.549968624825917,3.000000000000000,-0.005874666551370));
#274=VERTEX_POINT('',#273);
#275=CARTESIAN_POINT('',(-1.134796E-010,3.000000000000000,-0.550000291385524));
#276=VERTEX_POINT('',#275);
#277=CARTESIAN_POINT('',(-6.938894E-017,3.000000000000000,-3.545341E-016));
#278=DIRECTION('',(0.0,1.0,0.0));
#279=DIRECTION('',(-2.063264E-010,0.0,-1.0));
#280=AXIS2_PLACEMENT_3D('',#277,#278,#279);
#281=CIRCLE('',#280,0.550000000000000);
#282=EDGE_CURVE('',#274,#276,#281,.T.);
#283=ORIENTED_EDGE('',*,*,#282,.F.);
#284=CARTESIAN_POINT('',(5.665346E-011,3.000000000000000,0.550000291385524));
#285=VERTEX_POINT('',#284);
#286=CARTESIAN_POINT('',(4.418805E-016,3.000000000000000,-1.387779E-016));
#287=DIRECTION('',(0.0,1.0,0.0));
#288=DIRECTION('',(0.999942954228940,0.0,-0.010681211911581));
#289=AXIS2_PLACEMENT_3D('',#286,#287,#288);
#290=CIRCLE('',#289,0.550000000000000);
#291=EDGE_CURVE('',#285,#274,#290,.T.);
#292=ORIENTED_EDGE('',*,*,#291,.F.);
#293=CARTESIAN_POINT('',(-0.549968624825917,3.000000000000000,0.005874666551369));
#294=VERTEX_POINT('',#293);
#295=CARTESIAN_POINT('',(6.938894E-017,3.000000000000000,2.526191E-016));
#296=DIRECTION('',(0.0,1.0,0.0));
#297=DIRECTION('',(1.030061E-010,0.0,1.0));
#298=AXIS2_PLACEMENT_3D('',#295,#296,#297);
#299=CIRCLE('',#298,0.550000000000000);
#300=EDGE_CURVE('',#294,#285,#299,.T.);
#301=ORIENTED_EDGE('',*,*,#300,.F.);
#302=CARTESIAN_POINT('',(-1.308712E-016,3.000000000000000,0.0));
#303=DIRECTION('',(0.0,1.0,0.0));
#304=DIRECTION('',(-0.999942954228940,0.0,0.010681211911581));
#305=AXIS2_PLACEMENT_3D('',#302,#303,#304);
#306=CIRCLE('',#305,0.550000000000000);
#307=EDGE_CURVE('',#276,#294,#306,.T.);
#308=ORIENTED_EDGE('',*,*,#307,.F.);
#309=EDGE_LOOP('',(#283,#292,#301,#308));
#310=FACE_OUTER_BOUND('',#309,.T.);
#311=ORIENTED_EDGE('',*,*,#95,.T.);
#312=EDGE_LOOP('',(#311));
#313=FACE_BOUND('',#312,.T.);
#314=ADVANCED_FACE('',(#310,#313),#272,.T.);
#315=CARTESIAN_POINT('',(0.519675271647652,3.961345996357233,-0.698492179079208));
#316=CARTESIAN_POINT('',(0.519055577512087,3.976280612471907,-0.701125554846749));
#317=CARTESIAN_POINT('',(0.516596641144801,4.005819337543731,-0.706334029052641));
#318=CARTESIAN_POINT('',(0.509397277046666,4.049001882390590,-0.713948276804795));
#319=CARTESIAN_POINT('',(0.498834638142590,4.090924863188272,-0.721340429431149));
#320=CARTESIAN_POINT('',(0.416165264330063,4.334101235949496,-0.764218985019770));
#321=CARTESIAN_POINT('',(0.190317860429290,4.490188091082325,-0.791741308913620));
#322=CARTESIAN_POINT('',(-0.355622378651776,4.468218025871090,-0.787867393648956));
#323=CARTESIAN_POINT('',(-0.591801358840511,4.215808350033866,-0.743360757606977));
#324=CARTESIAN_POINT('',(-0.579407476129138,3.917116027740360,-0.690693242256166));
#325=CARTESIAN_POINT('',(0.546471581070113,4.067464385861095,-0.096664885958851));
#326=CARTESIAN_POINT('',(0.546394540000966,4.084908299397489,-0.086752764618681));
#327=CARTESIAN_POINT('',(0.545107970614384,4.120938922426889,-0.067880441902767));
#328=CARTESIAN_POINT('',(0.537586536251026,4.172499259588936,-0.039430058309705));
#329=CARTESIAN_POINT('',(0.527407011281563,4.223062999265513,-0.011946941256115));
#330=CARTESIAN_POINT('',(0.442422381577384,4.516635658620233,0.148242210942160));
#331=CARTESIAN_POINT('',(0.194032286426496,4.683689088806821,0.279173281246934));
#332=CARTESIAN_POINT('',(-0.357139860656423,4.645868388406496,0.274114190266706));
#333=CARTESIAN_POINT('',(-0.566707709303178,4.357518102327378,0.074434871151585));
#334=CARTESIAN_POINT('',(-0.553122973677533,4.022421049355726,-0.099573294194105));
#335=CARTESIAN_POINT('',(0.549968624825917,3.365229910653791,-0.005874666551370));
#336=CARTESIAN_POINT('',(0.550130740658316,3.371694093358848,0.009302130400040));
#337=CARTESIAN_POINT('',(0.549219759060404,3.384624988393079,0.039383369786223));
#338=CARTESIAN_POINT('',(0.544288127162457,3.403493662521212,0.083544651453798));
#339=CARTESIAN_POINT('',(0.535931816050487,3.421897212704379,0.126601841847877));
#340=CARTESIAN_POINT('',(0.466088755816872,3.528820544483493,0.377459353400613));
#341=CARTESIAN_POINT('',(0.248703417773921,3.602366049664378,0.547374771507522));
#342=CARTESIAN_POINT('',(-0.297661272476903,3.590112451767122,0.553210941473912));
#343=CARTESIAN_POINT('',(-0.546726308177991,3.466640299717749,0.309410605579492));
#344=CARTESIAN_POINT('',(-0.549968624825918,3.352688326695845,0.005874666551287));
#345=CARTESIAN_POINT('',(0.549968624825917,3.000000000000000,-0.005874666551370));
#346=CARTESIAN_POINT('',(0.550130740658316,3.000000000000000,0.009302130400040));
#347=CARTESIAN_POINT('',(0.549219759060404,3.000000000000000,0.039383369786223));
#348=CARTESIAN_POINT('',(0.544288127162457,3.000000000000000,0.083544651453798));
#349=CARTESIAN_POINT('',(0.535931816050487,3.000000000000000,0.126601841847877));
#350=CARTESIAN_POINT('',(0.466088755816872,3.000000000000000,0.377459353400613));
#351=CARTESIAN_POINT('',(0.248703417773921,3.000000000000000,0.547374771507522));
#352=CARTESIAN_POINT('',(-0.297661272476903,3.000000000000000,0.553210941473912));
#353=CARTESIAN_POINT('',(-0.546726308177991,3.000000000000000,0.309410605579492));
#354=CARTESIAN_POINT('',(-0.549968624825918,3.000000000000000,0.005874666551287));
#355=B_SPLINE_SURFACE_WITH_KNOTS('',3,3,((#315,#325,#335,#345),(#316,#326,#336,#346),(#317,#327,#337,#347),(#318,#328,#338,#348),(#319,#329,#339,#349),(#320,#330,#340,#350),(#321,#331,#341,#351),(#322,#332,#342,#352),(#323,#333,#343,#353),(#324,#334,#344,#354)),.UNSPECIFIED.,.F.,.F.,.U.,(4,1,1,1,1,2,4),(4,4),(0.0,0.012500000000000,0.025000000000000,0.037500000000000,0.050000000000000,0.250000000000000,0.500000000000000),(0.0,1.0),.UNSPECIFIED.);
#356=CARTESIAN_POINT('',(-0.579869827268699,3.939144047803644,-0.694577376525354));
#357=VERTEX_POINT('',#356);
#358=CARTESIAN_POINT('',(-0.579407476844418,3.917116044978579,-0.690693245295729));
#359=VERTEX_POINT('',#358);
#360=CARTESIAN_POINT('',(-0.579873621374326,3.939144072793522,-0.694577217758018));
#361=CARTESIAN_POINT('',(-0.579867853302063,3.931859654107202,-0.693292813652296));
#362=CARTESIAN_POINT('',(-0.579714463385885,3.924514420074757,-0.691997778438381));
#363=CARTESIAN_POINT('',(-0.579407476844417,3.917116044978577,-0.690693245295728));
#364=B_SPLINE_CURVE_WITH_KNOTS('',3,(#360,#361,#362,#363),.UNSPECIFIED.,.F.,.U.,(4,4),(0.000000087053037,0.000022214391026),.UNSPECIFIED.);
#365=EDGE_CURVE('',#357,#359,#364,.T.);
#366=ORIENTED_EDGE('',*,*,#365,.T.);
#367=CARTESIAN_POINT('',(-0.579407476844417,3.917116044978579,-0.690693245295729));
#368=CARTESIAN_POINT('',(-0.553122974223114,4.022421062948900,-0.099573283138513));
#369=CARTESIAN_POINT('',(-0.549968624763543,3.352688326695876,0.005874672390593));
#370=CARTESIAN_POINT('',(-0.549968624825917,3.000000000000000,0.005874666551369));
#371=QUASI_UNIFORM_CURVE('',3,(#367,#368,#369,#370),.UNSPECIFIED.,.F.,.U.);
#372=EDGE_CURVE('',#359,#294,#371,.T.);
#373=ORIENTED_EDGE('',*,*,#372,.T.);
#374=ORIENTED_EDGE('',*,*,#300,.T.);
#375=ORIENTED_EDGE('',*,*,#291,.T.);
#376=CARTESIAN_POINT('',(0.519675249336214,3.961346534055958,-0.698492273890003));
#377=VERTEX_POINT('',#376);
#378=CARTESIAN_POINT('',(0.519675249336217,3.961346534055959,-0.698492273890001));
#379=CARTESIAN_POINT('',(0.546471585733351,4.067464834670803,-0.096664497484173));
#380=CARTESIAN_POINT('',(0.549968626771497,3.365229910653791,-0.005874484411983));
#381=CARTESIAN_POINT('',(0.549968624825917,3.000000000000000,-0.005874666551370));
#382=QUASI_UNIFORM_CURVE('',3,(#378,#379,#380,#381),.UNSPECIFIED.,.F.,.U.);
#383=EDGE_CURVE('',#377,#274,#382,.T.);
#384=ORIENTED_EDGE('',*,*,#383,.F.);
#385=CARTESIAN_POINT('',(-0.030429680029979,4.481108420499401,-0.788790424170672));
#386=VERTEX_POINT('',#385);
#387=CARTESIAN_POINT('',(0.519675249336217,3.961346534055959,-0.698492273890001));
#388=CARTESIAN_POINT('',(0.519055562764740,3.976280611990718,-0.701125554105278));
#389=CARTESIAN_POINT('',(0.516596641144801,4.005819337543731,-0.706334029052641));
#390=CARTESIAN_POINT('',(0.509397277046666,4.049001882390590,-0.713948276804795));
#391=CARTESIAN_POINT('',(0.498834638142590,4.090924863188272,-0.721340429431149));
#392=CARTESIAN_POINT('',(0.418317159983500,4.327771320100004,-0.763102850069891));
#393=CARTESIAN_POINT('',(0.202655517679723,4.481266483823331,-0.790168693346477));
#394=CARTESIAN_POINT('',(-0.030429684649124,4.481111141313550,-0.788790898839607));
#395=B_SPLINE_CURVE_WITH_KNOTS('',3,(#387,#388,#389,#390,#391,#392,#393,#394),.UNSPECIFIED.,.F.,.U.,(4,1,1,1,1,4),(0.009143494553617,0.059874808872944,0.110606123192271,0.161337437511599,0.212068751830926,1.0),.UNSPECIFIED.);
#396=EDGE_CURVE('',#377,#386,#395,.T.);
#397=ORIENTED_EDGE('',*,*,#396,.T.);
#398=CARTESIAN_POINT('',(-0.051202492223031,4.480404973331822,-0.790016281298764));
#399=VERTEX_POINT('',#398);
#400=CARTESIAN_POINT('',(-0.030480920449317,4.480874937788413,-0.790099148712438));
#401=CARTESIAN_POINT('',(-0.037303888727733,4.480867426592078,-0.790097824285867));
#402=CARTESIAN_POINT('',(-0.044230056325515,4.480734155799145,-0.790074357064878));
#403=CARTESIAN_POINT('',(-0.051204959486862,4.480467459871997,-0.790027299361731));
#404=B_SPLINE_CURVE_WITH_KNOTS('',3,(#400,#401,#402,#403),.UNSPECIFIED.,.F.,.U.,(4,4),(0.000000555624457,0.000021105502640),.UNSPECIFIED.);
#405=EDGE_CURVE('',#386,#399,#404,.T.);
#406=ORIENTED_EDGE('',*,*,#405,.T.);
#407=CARTESIAN_POINT('',(-0.329502172710740,4.393730743479972,-0.774733276043755));
#408=VERTEX_POINT('',#407);
#409=CARTESIAN_POINT('',(-0.051204959136799,4.480467498267973,-0.790027206462217));
#410=CARTESIAN_POINT('',(-0.154634334148968,4.476508743448961,-0.789328776916969));
#411=CARTESIAN_POINT('',(-0.249293976004996,4.444862023184698,-0.783748304533692));
#412=CARTESIAN_POINT('',(-0.329366149188039,4.393524988609345,-0.774696995908648));
#413=QUASI_UNIFORM_CURVE('',3,(#409,#410,#411,#412),.UNSPECIFIED.,.F.,.U.);
#414=EDGE_CURVE('',#399,#408,#413,.T.);
#415=ORIENTED_EDGE('',*,*,#414,.T.);
#416=CARTESIAN_POINT('',(-0.514691392223728,4.196466207804467,-0.739950216067238));
#417=VERTEX_POINT('',#416);
#418=CARTESIAN_POINT('',(-0.029857788270556,3.939156104463517,-0.694960690919519));
#419=DIRECTION('',(0.000445906356060,0.173143236544218,0.984896553352947));
#420=DIRECTION('',(-0.880357890219659,0.467214148675741,-0.081736921921447));
#421=AXIS2_PLACEMENT_3D('',#418,#419,#420);
#422=CIRCLE('',#421,0.550013044704881);
#423=EDGE_CURVE('',#408,#417,#422,.T.);
#424=ORIENTED_EDGE('',*,*,#423,.T.);
#425=CARTESIAN_POINT('',(-0.514065701780131,4.196133242447103,-0.739891505291089));
#426=CARTESIAN_POINT('',(-0.556179969195087,4.119380723128022,-0.726357965297788));
#427=CARTESIAN_POINT('',(-0.579946948164432,4.031716037516636,-0.710900296957310));
#428=CARTESIAN_POINT('',(-0.579873621374326,3.939144072793523,-0.694577217758018));
#429=B_SPLINE_CURVE_WITH_KNOTS('',3,(#425,#426,#427,#428),.UNSPECIFIED.,.F.,.U.,(4,4),(0.000000423662167,1.0),.UNSPECIFIED.);
#430=EDGE_CURVE('',#417,#357,#429,.T.);
#431=ORIENTED_EDGE('',*,*,#430,.T.);
#432=CARTESIAN_POINT('',(-0.572127823822459,3.966153678695152,-0.519254270057481));
#433=VERTEX_POINT('',#432);
#434=CARTESIAN_POINT('',(-0.579873621374326,3.939144072793523,-0.694577217758018));
#435=CARTESIAN_POINT('',(-0.577147076596676,3.957840117954913,-0.632362991625532));
#436=CARTESIAN_POINT('',(-0.574564237321013,3.965789151695331,-0.573871441879680));
#437=CARTESIAN_POINT('',(-0.572127823841093,3.966153678695674,-0.519254270056653));
#438=QUASI_UNIFORM_CURVE('',3,(#434,#435,#436,#437),.UNSPECIFIED.,.F.,.U.);
#439=EDGE_CURVE('',#357,#433,#438,.T.);
#440=ORIENTED_EDGE('',*,*,#439,.T.);
#441=CARTESIAN_POINT('',(-0.572127823822459,3.966153678695150,-0.519254270057481));
#442=CARTESIAN_POINT('',(-0.571882119635284,3.965789302316602,-0.513493490193246));
#443=CARTESIAN_POINT('',(-0.572061923213687,3.966337877452133,-0.518066293501736));
#444=CARTESIAN_POINT('',(-0.571503124906617,3.964140445975183,-0.504146003563410));
#445=CARTESIAN_POINT('',(-0.571363827862977,3.963592671036589,-0.500675958628608));
#446=CARTESIAN_POINT('',(-0.571345146505201,3.963630055595360,-0.500248870417083));
#447=CARTESIAN_POINT('',(-0.571277186482963,3.962763660731836,-0.498279280670664));
#448=CARTESIAN_POINT('',(-0.571242907490119,3.962326651702872,-0.497285820830610));
#449=CARTESIAN_POINT('',(-0.571243731409024,3.962872186197634,-0.497558232412871));
#450=CARTESIAN_POINT('',(-0.571213265642711,3.961672368578467,-0.496280615425083));
#451=CARTESIAN_POINT('',(-0.571199113001169,3.961115002369281,-0.495687108107055));
#452=CARTESIAN_POINT('',(-0.571198733987061,3.961015005935054,-0.495624157019645));
#453=CARTESIAN_POINT('',(-0.571202474639139,3.960650298883385,-0.495531843803231));
#454=CARTESIAN_POINT('',(-0.571205187702141,3.960385779973975,-0.495464889815876));
#455=CARTESIAN_POINT('',(-0.571214539351016,3.960064394195124,-0.495523889535862));
#456=CARTESIAN_POINT('',(-0.571221965637382,3.959875272959958,-0.495603345826655));
#457=CARTESIAN_POINT('',(-0.571227644263787,3.959730658439766,-0.495664103326249));
#458=CARTESIAN_POINT('',(-0.571241670827776,3.959467284980573,-0.495861747877524));
#459=CARTESIAN_POINT('',(-0.571247966840146,3.959358740973607,-0.495954948602789));
#460=CARTESIAN_POINT('',(-0.571260229759744,3.959147326771704,-0.496136478265265));
#461=CARTESIAN_POINT('',(-0.571307086296061,3.958576075734058,-0.496953195992927));
#462=CARTESIAN_POINT('',(-0.571318096279131,3.958448296280371,-0.497147408066138));
#463=CARTESIAN_POINT('',(-0.571358557333003,3.957978714145081,-0.497861126253262));
#464=CARTESIAN_POINT('',(-0.571538456342804,3.956763898006450,-0.501526436106995));
#465=CARTESIAN_POINT('',(-0.571577542920692,3.956508263622659,-0.502324919543598));
#466=CARTESIAN_POINT('',(-0.571732754905706,3.955493144820012,-0.505495680605075));
#467=CARTESIAN_POINT('',(-0.572401915053874,3.953337941679938,-0.520620893052976));
#468=CARTESIAN_POINT('',(-0.572547533924425,3.952870656437794,-0.523917581690332));
#469=CARTESIAN_POINT('',(-0.573126545210286,3.951012631939372,-0.537025909750889));
#470=CARTESIAN_POINT('',(-0.573485771637020,3.950751059320442,-0.545819037821838));
#471=CARTESIAN_POINT('',(-0.574720456393714,3.948244616571421,-0.574760559174743));
#472=CARTESIAN_POINT('',(-0.575427810792432,3.946808668412148,-0.591341238836973));
#473=CARTESIAN_POINT('',(-0.575944809867170,3.945719959320091,-0.603416482723141));
#474=CARTESIAN_POINT('',(-0.576695720959208,3.944037316375314,-0.620856051333676));
#475=CARTESIAN_POINT('',(-0.578115129175113,3.940856703855967,-0.653821161624510));
#476=CARTESIAN_POINT('',(-0.578440935051158,3.939470057027271,-0.661046986429777));
#477=CARTESIAN_POINT('',(-0.578971176077060,3.938578127510749,-0.673379290864725));
#478=CARTESIAN_POINT('',(-0.579013083765875,3.938507633711143,-0.674353976623428));
#479=CARTESIAN_POINT('',(-0.579580564871180,3.937570507588675,-0.687519919175521));
#480=CARTESIAN_POINT('',(-0.579645043639544,3.937501159716368,-0.689021438880723));
#481=CARTESIAN_POINT('',(-0.579687554481159,3.937455438675307,-0.690011390580931));
#482=CARTESIAN_POINT('',(-0.579760726840529,3.937390319312930,-0.691717094449009));
#483=CARTESIAN_POINT('',(-0.579795821702482,3.937380966828230,-0.692539957381773));
#484=CARTESIAN_POINT('',(-0.579809081895144,3.937377433098730,-0.692850866740457));
#485=CARTESIAN_POINT('',(-0.579846965028701,3.937370569221771,-0.693814351291758));
#486=CARTESIAN_POINT('',(-0.579866116464910,3.939144018961435,-0.694577536666569));
#487=B_SPLINE_CURVE_WITH_KNOTS('',3,(#441,#442,#443,#444,#445,#446,#447,#448,#449,#450,#451,#452,#453,#454,#455,#456,#457,#458,#459,#460,#461,#462,#463,#464,#465,#466,#467,#468,#469,#470,#471,#472,#473,#474,#475,#476,#477,#478,#479,#480,#481,#482,#483,#484,#485,#486),.UNSPECIFIED.,.F.,.U.,(4,3,3,3,3,3,3,3,3,3,3,3,3,3,3,4),(0.0,0.000017332544182,0.000021653194643,0.000023832528042,0.000024844920906,0.000025579200802,0.000026140679447,0.000027234287128,0.000031253232388,0.000047212380134,0.000110669311390,0.000147023967272,0.000215743284103,0.000221174526886,0.000224755344380,0.000226108315362),.UNSPECIFIED.);
#488=EDGE_CURVE('',#433,#357,#487,.T.);
#489=ORIENTED_EDGE('',*,*,#488,.T.);
#490=EDGE_LOOP('',(#366,#373,#374,#375,#384,#397,#406,#415,#424,#431,#440,#489));
#491=FACE_OUTER_BOUND('',#490,.T.);
#492=ADVANCED_FACE('',(#491),#355,.T.);
#493=CARTESIAN_POINT('',(-0.579437314037228,3.917846987668111,-0.690822130213245));
#494=CARTESIAN_POINT('',(-0.579427533449659,3.917603365234331,-0.690779173005063));
#495=CARTESIAN_POINT('',(-0.579417587513141,3.917359711890008,-0.690736210346519));
#496=CARTESIAN_POINT('',(-0.567013593417836,3.618423705446945,-0.638025726905370));
#497=CARTESIAN_POINT('',(-0.310710091475333,3.385832814658546,-0.597013677392361));
#498=CARTESIAN_POINT('',(0.235230147605651,3.407802879869776,-0.600887592657025));
#499=CARTESIAN_POINT('',(0.447392876713873,3.581516410042325,-0.631517974940559));
#500=CARTESIAN_POINT('',(0.509639637910034,3.830524587657613,-0.675424835071177));
#501=CARTESIAN_POINT('',(0.516693771513992,3.873156513524931,-0.682941993841148));
#502=CARTESIAN_POINT('',(0.520291489739848,3.916773561245488,-0.690632856173131));
#503=CARTESIAN_POINT('',(0.520294965783218,3.946411380242558,-0.695858803311668));
#504=CARTESIAN_POINT('',(0.519675271647652,3.961345996357233,-0.698492179079208));
#505=CARTESIAN_POINT('',(0.519526537572008,3.964930484567530,-0.699124221062715));
#506=CARTESIAN_POINT('',(0.519342676976712,3.968505453213820,-0.699754584490243));
#507=CARTESIAN_POINT('',(0.519124030178771,3.972070593464441,-0.700383214906437));
#508=CARTESIAN_POINT('',(-0.553155776938629,4.023241109285008,-0.099147356329060));
#509=CARTESIAN_POINT('',(-0.553144991000477,4.022967787169288,-0.099289352623281));
#510=CARTESIAN_POINT('',(-0.553134056603013,4.022694433819632,-0.099431331951894));
#511=CARTESIAN_POINT('',(-0.539538238051954,3.687323996384179,-0.273581459539756));
#512=CARTESIAN_POINT('',(-0.307464161822865,3.417864254481371,-0.441734816262724));
#513=CARTESIAN_POINT('',(0.233007053050705,3.430110811459368,-0.450016345515333));
#514=CARTESIAN_POINT('',(0.456997121067748,3.620630178391463,-0.342160723448154));
#515=CARTESIAN_POINT('',(0.531493492209946,3.913826020503293,-0.182549182759187));
#516=CARTESIAN_POINT('',(0.540408217621569,3.964045108591856,-0.154932385300254));
#517=CARTESIAN_POINT('',(0.545546900810922,4.016837361598316,-0.127452251669522));
#518=CARTESIAN_POINT('',(0.546548622139260,4.050020472324699,-0.106577007299021));
#519=CARTESIAN_POINT('',(0.546471581070113,4.067464385861095,-0.096664885958851));
#520=CARTESIAN_POINT('',(0.546453090283209,4.071651135753597,-0.094285857143508));
#521=CARTESIAN_POINT('',(0.546401980581391,4.075870801481690,-0.091934246381986));
#522=CARTESIAN_POINT('',(0.546313195952451,4.080109755166516,-0.089603146024437));
#523=CARTESIAN_POINT('',(-0.549960198476331,3.352967244231569,0.006617454420634));
#524=CARTESIAN_POINT('',(-0.549963170807269,3.352874265428820,0.006369898291408));
#525=CARTESIAN_POINT('',(-0.549965979625100,3.352781292894082,0.006122302301083));
#526=CARTESIAN_POINT('',(-0.553210941473911,3.238736353673966,-0.297661272476820));
#527=CARTESIAN_POINT('',(-0.309410605579559,3.134304559679489,-0.546726308177923));
#528=CARTESIAN_POINT('',(0.236954084671182,3.132470838217541,-0.552562478144312));
#529=CARTESIAN_POINT('',(0.457919418582724,3.201925794891126,-0.387329443566312));
#530=CARTESIAN_POINT('',(0.533105161043045,3.308625261468078,-0.138021103762130));
#531=CARTESIAN_POINT('',(0.542379318919353,3.326990834891586,-0.095152238886589));
#532=CARTESIAN_POINT('',(0.548253163733452,3.345839892162739,-0.051106379389929));
#533=CARTESIAN_POINT('',(0.549806508993517,3.358765727948734,-0.021051463502779));
#534=CARTESIAN_POINT('',(0.549968624825917,3.365229910653791,-0.005874666551370));
#535=CARTESIAN_POINT('',(0.550007534583320,3.366781392561165,-0.002232052015802));
#536=CARTESIAN_POINT('',(0.550010866618875,3.368332947329045,0.001402717920350));
#537=CARTESIAN_POINT('',(0.549978944648021,3.369883341538464,0.005029312551239));
#538=CARTESIAN_POINT('',(-0.549960198476331,3.000000000000000,0.006617454420634));
#539=CARTESIAN_POINT('',(-0.549963170807269,3.000000000000000,0.006369898291408));
#540=CARTESIAN_POINT('',(-0.549965979625100,3.000000000000000,0.006122302301083));
#541=CARTESIAN_POINT('',(-0.553210941473911,3.000000000000000,-0.297661272476820));
#542=CARTESIAN_POINT('',(-0.309410605579559,3.000000000000000,-0.546726308177923));
#543=CARTESIAN_POINT('',(0.236954084671182,3.000000000000000,-0.552562478144312));
#544=CARTESIAN_POINT('',(0.457919418582724,3.000000000000000,-0.387329443566312));
#545=CARTESIAN_POINT('',(0.533105161043045,3.000000000000000,-0.138021103762130));
#546=CARTESIAN_POINT('',(0.542379318919353,3.000000000000000,-0.095152238886589));
#547=CARTESIAN_POINT('',(0.548253163733452,3.000000000000000,-0.051106379389929));
#548=CARTESIAN_POINT('',(0.549806508993517,3.000000000000000,-0.021051463502779));
#549=CARTESIAN_POINT('',(0.549968624825917,3.000000000000000,-0.005874666551370));
#550=CARTESIAN_POINT('',(0.550007534583320,3.000000000000000,-0.002232052015802));
#551=CARTESIAN_POINT('',(0.550010866618875,3.000000000000000,0.001402717920350));
#552=CARTESIAN_POINT('',(0.549978944648021,3.000000000000000,0.005029312551239));
#553=B_SPLINE_SURFACE_WITH_KNOTS('',3,3,((#493,#508,#523,#538),(#494,#509,#524,#539),(#495,#510,#525,#540),(#496,#511,#526,#541),(#497,#512,#527,#542),(#498,#513,#528,#543),(#499,#514,#529,#544),(#500,#515,#530,#545),(#501,#516,#531,#546),(#502,#517,#532,#547),(#503,#518,#533,#548),(#504,#519,#534,#549),(#505,#520,#535,#550),(#506,#521,#536,#551),(#507,#522,#537,#552)),.UNSPECIFIED.,.F.,.F.,.U.,(4,2,2,1,1,1,1,3,4),(4,4),(0.499796040832507,0.500000000000000,0.750000000000000,0.950000000000000,0.962500000000000,0.975000000000000,0.987500000000000,1.0,1.003000150943600),(0.0,1.0),.UNSPECIFIED.);
#554=ORIENTED_EDGE('',*,*,#372,.F.);
#555=CARTESIAN_POINT('',(-0.491377224649499,3.644147086822866,-0.642561453077000));
#556=VERTEX_POINT('',#555);
#557=CARTESIAN_POINT('',(-0.029862541763670,3.939215000967578,-0.694685565590619));
#558=DIRECTION('',(0.000170697102015,0.173666541791318,0.984804499951510));
#559=DIRECTION('',(-0.838732573654811,-0.536244056839190,0.094709985719693));
#560=AXIS2_PLACEMENT_3D('',#557,#558,#559);
#561=CIRCLE('',#560,0.550003580124751);
#562=EDGE_CURVE('',#359,#556,#561,.T.);
#563=ORIENTED_EDGE('',*,*,#562,.T.);
#564=CARTESIAN_POINT('',(-0.291069565410779,3.461771307880016,-0.610403682621653));
#565=VERTEX_POINT('',#564);
#566=CARTESIAN_POINT('',(-0.027508139125349,3.941751017525702,-0.695037055624798));
#567=DIRECTION('',(-5.551115E-016,0.173648177666924,0.984807753012209));
#568=DIRECTION('',(-0.475671745274589,-0.866259420602832,0.152744908145155));
#569=AXIS2_PLACEMENT_3D('',#566,#567,#568);
#570=CIRCLE('',#569,0.553371788744967);
#571=EDGE_CURVE('',#556,#565,#570,.T.);
#572=ORIENTED_EDGE('',*,*,#571,.T.);
#573=CARTESIAN_POINT('',(-0.029866102240745,3.397586747892121,-0.599086212950894));
#574=VERTEX_POINT('',#573);
#575=CARTESIAN_POINT('',(-0.029865478305540,3.939199296076656,-0.694805681880788));
#576=DIRECTION('',(0.000034229810827,0.174033565801066,0.984739720333696));
#577=DIRECTION('',(-0.000001134415703,-0.984739720903205,0.174033565941148));
#578=AXIS2_PLACEMENT_3D('',#575,#576,#577);
#579=CIRCLE('',#578,0.550005790045483);
#580=EDGE_CURVE('',#565,#574,#579,.T.);
#581=ORIENTED_EDGE('',*,*,#580,.T.);
#582=CARTESIAN_POINT('',(0.269656720175842,3.484891573296966,-0.614480409215804));
#583=VERTEX_POINT('',#582);
#584=CARTESIAN_POINT('',(-0.029866116785537,3.939231677332208,-0.694589220491347));
#585=DIRECTION('',(0.000001912935054,0.173641816382113,0.984808874655312));
#586=DIRECTION('',(0.544536234405638,-0.825996135625614,0.145638845610918));
#587=AXIS2_PLACEMENT_3D('',#584,#585,#586);
#588=CIRCLE('',#587,0.550000049124931);
#589=EDGE_CURVE('',#574,#583,#588,.T.);
#590=ORIENTED_EDGE('',*,*,#589,.T.);
#591=CARTESIAN_POINT('',(0.454363581007133,3.682321955170072,-0.649292712351607));
#592=VERTEX_POINT('',#591);
#593=CARTESIAN_POINT('',(-0.029868451953316,3.939248330525441,-0.694506961693713));
#594=DIRECTION('',(0.000120694898460,0.173538646848016,0.984827052574665));
#595=DIRECTION('',(0.880369248668788,-0.467110996975614,0.082202813229242));
#596=AXIS2_PLACEMENT_3D('',#593,#594,#595);
#597=CIRCLE('',#596,0.550003102505336);
#598=EDGE_CURVE('',#583,#592,#597,.T.);
#599=ORIENTED_EDGE('',*,*,#598,.T.);
#600=CARTESIAN_POINT('',(0.520133897759255,3.939231012048836,-0.694592710667704));
#601=VERTEX_POINT('',#600);
#602=CARTESIAN_POINT('',(-0.029866102240747,3.939231012048828,-0.694592710667739));
#603=DIRECTION('',(0.0,0.173648177666951,0.984807753012204));
#604=DIRECTION('',(1.0,0.0,0.0));
#605=AXIS2_PLACEMENT_3D('',#602,#603,#604);
#606=CIRCLE('',#605,0.550000000000002);
#607=EDGE_CURVE('',#592,#601,#606,.T.);
#608=ORIENTED_EDGE('',*,*,#607,.T.);
#609=CARTESIAN_POINT('',(0.519951875306621,3.953282834125020,-0.697070426027842));
#610=VERTEX_POINT('',#609);
#611=CARTESIAN_POINT('',(0.520141485567649,3.939231016667976,-0.694592711482173));
#612=CARTESIAN_POINT('',(0.520138545963900,3.943890740806137,-0.695414346570389));
#613=CARTESIAN_POINT('',(0.520075215281626,3.948575333001656,-0.696240367160736));
#614=CARTESIAN_POINT('',(0.519949903211212,3.953282798232584,-0.697070331849178));
#615=B_SPLINE_CURVE_WITH_KNOTS('',3,(#611,#612,#613,#614),.UNSPECIFIED.,.F.,.U.,(4,4),(0.0,0.000014097071180),.UNSPECIFIED.);
#616=EDGE_CURVE('',#601,#610,#615,.T.);
#617=ORIENTED_EDGE('',*,*,#616,.T.);
#618=CARTESIAN_POINT('',(0.519949903211212,3.953282798232584,-0.697070331849178));
#619=CARTESIAN_POINT('',(0.519878452506332,3.955966663392589,-0.697543657201423));
#620=CARTESIAN_POINT('',(0.519786956597365,3.958654455621832,-0.698017587827880));
#621=CARTESIAN_POINT('',(0.519675249336217,3.961346534055959,-0.698492273890001));
#622=B_SPLINE_CURVE_WITH_KNOTS('',3,(#618,#619,#620,#621),.UNSPECIFIED.,.F.,.U.,(4,4),(0.0,0.009143494553617),.UNSPECIFIED.);
#623=EDGE_CURVE('',#610,#377,#622,.T.);
#624=ORIENTED_EDGE('',*,*,#623,.T.);
#625=ORIENTED_EDGE('',*,*,#383,.T.);
#626=ORIENTED_EDGE('',*,*,#282,.T.);
#627=ORIENTED_EDGE('',*,*,#307,.T.);
#628=EDGE_LOOP('',(#554,#563,#572,#581,#590,#599,#608,#617,#624,#625,#626,#627));
#629=FACE_OUTER_BOUND('',#628,.T.);
#630=ADVANCED_FACE('',(#629),#553,.T.);
#631=CARTESIAN_POINT('',(2.729347826086903,3.828626102864918,0.0));
#632=DIRECTION('',(0.945339778485165,0.326086956521753,0.0));
#633=DIRECTION('',(0.0,0.0,-1.0));
#634=AXIS2_PLACEMENT_3D('',#631,#632,#633);
#635=PLANE('',#634);
#636=ORIENTED_EDGE('',*,*,#84,.F.);
#637=EDGE_LOOP('',(#636));
#638=FACE_OUTER_BOUND('',#637,.T.);
#639=ADVANCED_FACE('',(#638),#635,.F.);
#640=CARTESIAN_POINT('',(-0.579866102240745,3.939231012048836,-0.694592710667696));
#641=CARTESIAN_POINT('',(-0.579866102240745,3.621943148087430,-0.638646299599945));
#642=CARTESIAN_POINT('',(-0.352048642935543,3.397586747892121,-0.599086212950888));
#643=CARTESIAN_POINT('',(-0.029866102240745,3.397586747892121,-0.599086212950888));
#644=CARTESIAN_POINT('',(-0.616314236202307,3.794889594899060,-1.513193565567106));
#645=CARTESIAN_POINT('',(-0.616314236202306,3.489227802063853,-1.391312428687748));
#646=CARTESIAN_POINT('',(-0.388496776897104,3.273092275600438,-1.305129450301628));
#647=CARTESIAN_POINT('',(-0.066314236202307,3.273092275600440,-1.305129450301628));
#648=CARTESIAN_POINT('',(-0.653326155321341,3.410785662472060,-2.246068587020320));
#649=CARTESIAN_POINT('',(-0.653326155321341,3.136061764846900,-2.065157566035074));
#650=CARTESIAN_POINT('',(-0.425508696016139,2.941802633882150,-1.937234156305025));
#651=CARTESIAN_POINT('',(-0.103326155321341,2.941802633882152,-1.937234156305026));
#652=CARTESIAN_POINT('',(-0.687500000000000,2.828427124746191,-2.828427124746189));
#653=CARTESIAN_POINT('',(-0.687500000000000,2.600609665440988,-2.600609665440987));
#654=CARTESIAN_POINT('',(-0.459682540694798,2.439518395093589,-2.439518395093589));
#655=CARTESIAN_POINT('',(-0.137500000000000,2.439518395093589,-2.439518395093589));
#656=CARTESIAN_POINT('',(-0.732108210462950,2.068255933589741,-3.588598315902640));
#657=CARTESIAN_POINT('',(-0.732108210462950,1.901666945716982,-3.299552385164994));
#658=CARTESIAN_POINT('',(-0.504290751157748,1.783870742721151,-3.095166047466027));
#659=CARTESIAN_POINT('',(-0.182108210462950,1.783870742721151,-3.095166047466027));
#660=CARTESIAN_POINT('',(-0.780391789537049,1.075044408258763,-4.0));
#661=CARTESIAN_POINT('',(-0.780391789537049,0.988454273555626,-3.677817459305202));
#662=CARTESIAN_POINT('',(-0.552574330231847,0.927225802123182,-3.449999999999998));
#663=CARTESIAN_POINT('',(-0.230391789537049,0.927225802123182,-3.450000000000000));
#664=CARTESIAN_POINT('',(-0.825000000000000,2.449213E-016,-3.999999999999999));
#665=CARTESIAN_POINT('',(-0.825000000000000,2.251939E-016,-3.677817459305201));
#666=CARTESIAN_POINT('',(-0.597182540694797,2.112446E-016,-3.450000000000000));
#667=CARTESIAN_POINT('',(-0.275000000000000,2.112446E-016,-3.450000000000000));
#668=CARTESIAN_POINT('',(-0.869608210462950,-1.075044408258762,-4.0));
#669=CARTESIAN_POINT('',(-0.869608210462950,-0.988454273555626,-3.677817459305202));
#670=CARTESIAN_POINT('',(-0.641790751157747,-0.927225802123182,-3.449999999999998));
#671=CARTESIAN_POINT('',(-0.319608210462950,-0.927225802123182,-3.450000000000000));
#672=CARTESIAN_POINT('',(-0.917891789537049,-2.068255933589740,-3.588598315902640));
#673=CARTESIAN_POINT('',(-0.917891789537048,-1.901666945716982,-3.299552385164994));
#674=CARTESIAN_POINT('',(-0.690074330231847,-1.783870742721151,-3.095166047466027));
#675=CARTESIAN_POINT('',(-0.367891789537049,-1.783870742721151,-3.095166047466027));
#676=CARTESIAN_POINT('',(-0.962499999999999,-2.828427124746189,-2.828427124746191));
#677=CARTESIAN_POINT('',(-0.962499999999999,-2.600609665440988,-2.600609665440988));
#678=CARTESIAN_POINT('',(-0.734682540694797,-2.439518395093589,-2.439518395093589));
#679=CARTESIAN_POINT('',(-0.412499999999999,-2.439518395093589,-2.439518395093589));
#680=CARTESIAN_POINT('',(-1.007108210462949,-3.588598315902640,-2.068255933589741));
#681=CARTESIAN_POINT('',(-1.007108210462950,-3.299552385164994,-1.901666945716982));
#682=CARTESIAN_POINT('',(-0.779290751157747,-3.095166047466027,-1.783870742721151));
#683=CARTESIAN_POINT('',(-0.457108210462949,-3.095166047466027,-1.783870742721151));
#684=CARTESIAN_POINT('',(-1.055391789537049,-4.0,-1.075044408258763));
#685=CARTESIAN_POINT('',(-1.055391789537049,-3.677817459305202,-0.988454273555626));
#686=CARTESIAN_POINT('',(-0.827574330231846,-3.449999999999998,-0.927225802123183));
#687=CARTESIAN_POINT('',(-0.505391789537048,-3.450000000000000,-0.927225802123182));
#688=CARTESIAN_POINT('',(-1.099999999999999,-3.999999999999999,-4.898425E-016));
#689=CARTESIAN_POINT('',(-1.099999999999999,-3.677817459305201,-4.503879E-016));
#690=CARTESIAN_POINT('',(-0.872182540694797,-3.450000000000000,-4.224892E-016));
#691=CARTESIAN_POINT('',(-0.549999999999999,-3.450000000000000,-4.224892E-016));
#692=CARTESIAN_POINT('',(-1.144608210462950,-4.0,1.075044408258762));
#693=CARTESIAN_POINT('',(-1.144608210462950,-3.677817459305203,0.988454273555626));
#694=CARTESIAN_POINT('',(-0.916790751157747,-3.450000000000000,0.927225802123182));
#695=CARTESIAN_POINT('',(-0.594608210462949,-3.450000000000000,0.927225802123182));
#696=CARTESIAN_POINT('',(-1.192891789537049,-3.588598315902641,2.068255933589741));
#697=CARTESIAN_POINT('',(-1.192891789537049,-3.299552385164994,1.901666945716982));
#698=CARTESIAN_POINT('',(-0.965074330231847,-3.095166047466027,1.783870742721151));
#699=CARTESIAN_POINT('',(-0.642891789537049,-3.095166047466027,1.783870742721151));
#700=CARTESIAN_POINT('',(-1.237499999999999,-2.828427124746191,2.828427124746191));
#701=CARTESIAN_POINT('',(-1.237499999999999,-2.600609665440988,2.600609665440987));
#702=CARTESIAN_POINT('',(-1.009682540694796,-2.439518395093589,2.439518395093589));
#703=CARTESIAN_POINT('',(-0.687499999999999,-2.439518395093591,2.439518395093589));
#704=CARTESIAN_POINT('',(-1.282108210462949,-2.068255933589741,3.588598315902640));
#705=CARTESIAN_POINT('',(-1.282108210462949,-1.901666945716984,3.299552385164994));
#706=CARTESIAN_POINT('',(-1.054290751157747,-1.783870742721153,3.095166047466027));
#707=CARTESIAN_POINT('',(-0.732108210462949,-1.783870742721153,3.095166047466027));
#708=CARTESIAN_POINT('',(-1.330391789537048,-1.075044408258764,3.999999999999999));
#709=CARTESIAN_POINT('',(-1.330391789537048,-0.988454273555628,3.677817459305202));
#710=CARTESIAN_POINT('',(-1.102574330231846,-0.927225802123184,3.450000000000000));
#711=CARTESIAN_POINT('',(-0.780391789537048,-0.927225802123184,3.449999999999998));
#712=CARTESIAN_POINT('',(-1.374999999999998,-7.347638E-016,3.999999999999999));
#713=CARTESIAN_POINT('',(-1.374999999999999,-6.755818E-016,3.677817459305202));
#714=CARTESIAN_POINT('',(-1.147182540694797,-6.337338E-016,3.450000000000002));
#715=CARTESIAN_POINT('',(-0.824999999999999,-6.337338E-016,3.449999999999998));
#716=CARTESIAN_POINT('',(-1.419608210462948,1.075044408258763,3.999999999999999));
#717=CARTESIAN_POINT('',(-1.419608210462948,0.988454273555627,3.677817459305202));
#718=CARTESIAN_POINT('',(-1.191790751157747,0.927225802123182,3.450000000000000));
#719=CARTESIAN_POINT('',(-0.869608210462949,0.927225802123183,3.450000000000000));
#720=CARTESIAN_POINT('',(-1.467891789537047,2.068255933589741,3.588598315902640));
#721=CARTESIAN_POINT('',(-1.467891789537047,1.901666945716982,3.299552385164994));
#722=CARTESIAN_POINT('',(-1.240074330231846,1.783870742721151,3.095166047466027));
#723=CARTESIAN_POINT('',(-0.917891789537048,1.783870742721152,3.095166047466027));
#724=CARTESIAN_POINT('',(-1.512499999999998,2.828427124746189,2.828427124746191));
#725=CARTESIAN_POINT('',(-1.512499999999998,2.600609665440989,2.600609665440989));
#726=CARTESIAN_POINT('',(-1.284682540694797,2.439518395093589,2.439518395093590));
#727=CARTESIAN_POINT('',(-0.962499999999998,2.439518395093589,2.439518395093589));
#728=CARTESIAN_POINT('',(-1.557108210462949,3.588598315902640,2.068255933589742));
#729=CARTESIAN_POINT('',(-1.557108210462949,3.299552385164994,1.901666945716986));
#730=CARTESIAN_POINT('',(-1.329290751157747,3.095166047466027,1.783870742721153));
#731=CARTESIAN_POINT('',(-1.007108210462949,3.095166047466027,1.783870742721153));
#732=CARTESIAN_POINT('',(-1.605391789537047,4.0,1.075044408258764));
#733=CARTESIAN_POINT('',(-1.605391789537048,3.677817459305202,0.988454273555628));
#734=CARTESIAN_POINT('',(-1.377574330231846,3.450000000000000,0.927225802123184));
#735=CARTESIAN_POINT('',(-1.055391789537048,3.450000000000000,0.927225802123184));
#736=CARTESIAN_POINT('',(-1.649999999999998,4.0,0.0));
#737=CARTESIAN_POINT('',(-1.649999999999998,3.677817459305202,0.0));
#738=CARTESIAN_POINT('',(-1.422182540694796,3.450000000000000,0.0));
#739=CARTESIAN_POINT('',(-1.099999999999998,3.450000000000000,0.0));
#740=CARTESIAN_POINT('',(-1.694608210462949,4.0,-1.075044408258763));
#741=CARTESIAN_POINT('',(-1.694608210462949,3.677817459305203,-0.988454273555626));
#742=CARTESIAN_POINT('',(-1.466790751157747,3.450000000000000,-0.927225802123182));
#743=CARTESIAN_POINT('',(-1.144608210462948,3.450000000000000,-0.927225802123183));
#744=CARTESIAN_POINT('',(-1.742891789537047,3.588598315902641,-2.068255933589741));
#745=CARTESIAN_POINT('',(-1.742891789537048,3.299552385164994,-1.901666945716982));
#746=CARTESIAN_POINT('',(-1.515074330231844,3.095166047466027,-1.783870742721151));
#747=CARTESIAN_POINT('',(-1.192891789537047,3.095166047466027,-1.783870742721152));
#748=CARTESIAN_POINT('',(-1.787499999999997,2.828427124746191,-2.828427124746191));
#749=CARTESIAN_POINT('',(-1.787499999999998,2.600609665440988,-2.600609665440987));
#750=CARTESIAN_POINT('',(-1.559682540694795,2.439518395093589,-2.439518395093589));
#751=CARTESIAN_POINT('',(-1.237499999999998,2.439518395093589,-2.439518395093589));
#752=CARTESIAN_POINT('',(-1.832108210462948,2.068255933589741,-3.588598315902641));
#753=CARTESIAN_POINT('',(-1.832108210462948,1.901666945716982,-3.299552385164994));
#754=CARTESIAN_POINT('',(-1.604290751157746,1.783870742721151,-3.095166047466027));
#755=CARTESIAN_POINT('',(-1.282108210462947,1.783870742721152,-3.095166047466027));
#756=CARTESIAN_POINT('',(-1.880391789537047,1.075044408258763,-4.000000000000002));
#757=CARTESIAN_POINT('',(-1.880391789537047,0.988454273555626,-3.677817459305202));
#758=CARTESIAN_POINT('',(-1.652574330231845,0.927225802123182,-3.450000000000000));
#759=CARTESIAN_POINT('',(-1.330391789537047,0.927225802123183,-3.450000000000002));
#760=CARTESIAN_POINT('',(-1.924999999999997,2.449213E-016,-4.0));
#761=CARTESIAN_POINT('',(-1.924999999999998,2.251939E-016,-3.677817459305202));
#762=CARTESIAN_POINT('',(-1.697182540694795,2.112446E-016,-3.450000000000000));
#763=CARTESIAN_POINT('',(-1.374999999999998,2.112446E-016,-3.450000000000000));
#764=CARTESIAN_POINT('',(-1.969608210462948,-1.075044408258762,-4.0));
#765=CARTESIAN_POINT('',(-1.969608210462948,-0.988454273555626,-3.677817459305202));
#766=CARTESIAN_POINT('',(-1.741790751157746,-0.927225802123182,-3.450000000000000));
#767=CARTESIAN_POINT('',(-1.419608210462947,-0.927225802123182,-3.450000000000000));
#768=CARTESIAN_POINT('',(-2.017891789537047,-2.068255933589741,-3.588598315902641));
#769=CARTESIAN_POINT('',(-2.017891789537047,-1.901666945716982,-3.299552385164994));
#770=CARTESIAN_POINT('',(-1.790074330231844,-1.783870742721151,-3.095166047466027));
#771=CARTESIAN_POINT('',(-1.467891789537047,-1.783870742721151,-3.095166047466027));
#772=CARTESIAN_POINT('',(-2.062499999999997,-2.828427124746189,-2.828427124746191));
#773=CARTESIAN_POINT('',(-2.062499999999997,-2.600609665440987,-2.600609665440988));
#774=CARTESIAN_POINT('',(-1.834682540694794,-2.439518395093589,-2.439518395093589));
#775=CARTESIAN_POINT('',(-1.512499999999997,-2.439518395093589,-2.439518395093589));
#776=CARTESIAN_POINT('',(-2.107108210462947,-3.588598315902641,-2.068255933589741));
#777=CARTESIAN_POINT('',(-2.107108210462948,-3.299552385164994,-1.901666945716982));
#778=CARTESIAN_POINT('',(-1.879290751157745,-3.095166047466027,-1.783870742721151));
#779=CARTESIAN_POINT('',(-1.557108210462947,-3.095166047466027,-1.783870742721152));
#780=CARTESIAN_POINT('',(-2.155391789537047,-4.000000000000002,-1.075044408258763));
#781=CARTESIAN_POINT('',(-2.155391789537047,-3.677817459305202,-0.988454273555626));
#782=CARTESIAN_POINT('',(-1.927574330231844,-3.450000000000000,-0.927225802123183));
#783=CARTESIAN_POINT('',(-1.605391789537046,-3.450000000000002,-0.927225802123183));
#784=CARTESIAN_POINT('',(-2.199999999999997,-4.0,-4.898425E-016));
#785=CARTESIAN_POINT('',(-2.199999999999997,-3.677817459305202,-4.503879E-016));
#786=CARTESIAN_POINT('',(-1.972182540694794,-3.450000000000000,-4.224892E-016));
#787=CARTESIAN_POINT('',(-1.649999999999996,-3.450000000000000,-4.224892E-016));
#788=CARTESIAN_POINT('',(-2.244608210462947,-4.0,1.075044408258762));
#789=CARTESIAN_POINT('',(-2.244608210462947,-3.677817459305203,0.988454273555626));
#790=CARTESIAN_POINT('',(-2.016790751157746,-3.450000000000000,0.927225802123182));
#791=CARTESIAN_POINT('',(-1.694608210462947,-3.450000000000000,0.927225802123182));
#792=CARTESIAN_POINT('',(-2.292891789537047,-3.588598315902641,2.068255933589741));
#793=CARTESIAN_POINT('',(-2.292891789537046,-3.299552385164994,1.901666945716982));
#794=CARTESIAN_POINT('',(-2.065074330231844,-3.095166047466027,1.783870742721151));
#795=CARTESIAN_POINT('',(-1.742891789537046,-3.095166047466027,1.783870742721151));
#796=CARTESIAN_POINT('',(-2.337499999999996,-2.828427124746191,2.828427124746191));
#797=CARTESIAN_POINT('',(-2.337499999999996,-2.600609665440988,2.600609665440987));
#798=CARTESIAN_POINT('',(-2.109682540694794,-2.439518395093589,2.439518395093589));
#799=CARTESIAN_POINT('',(-1.787499999999997,-2.439518395093591,2.439518395093589));
#800=CARTESIAN_POINT('',(-2.382108210462947,-2.068255933589742,3.588598315902638));
#801=CARTESIAN_POINT('',(-2.382108210462947,-1.901666945716984,3.299552385164994));
#802=CARTESIAN_POINT('',(-2.154290751157745,-1.783870742721153,3.095166047466027));
#803=CARTESIAN_POINT('',(-1.832108210462947,-1.783870742721153,3.095166047466027));
#804=CARTESIAN_POINT('',(-2.430391789537045,-1.075044408258764,3.999999999999999));
#805=CARTESIAN_POINT('',(-2.430391789537045,-0.988454273555628,3.677817459305202));
#806=CARTESIAN_POINT('',(-2.202574330231844,-0.927225802123184,3.450000000000000));
#807=CARTESIAN_POINT('',(-1.880391789537045,-0.927225802123184,3.449999999999998));
#808=CARTESIAN_POINT('',(-2.474999999999996,-7.347638E-016,4.0));
#809=CARTESIAN_POINT('',(-2.474999999999996,-6.755818E-016,3.677817459305202));
#810=CARTESIAN_POINT('',(-2.247182540694793,-6.337338E-016,3.450000000000000));
#811=CARTESIAN_POINT('',(-1.924999999999997,-6.337338E-016,3.450000000000000));
#812=CARTESIAN_POINT('',(-2.519608210462947,1.075044408258763,3.999999999999999));
#813=CARTESIAN_POINT('',(-2.519608210462947,0.988454273555627,3.677817459305202));
#814=CARTESIAN_POINT('',(-2.291790751157745,0.927225802123183,3.450000000000000));
#815=CARTESIAN_POINT('',(-1.969608210462946,0.927225802123183,3.450000000000000));
#816=CARTESIAN_POINT('',(-2.567891789537047,2.068255933589741,3.588598315902640));
#817=CARTESIAN_POINT('',(-2.567891789537045,1.901666945716982,3.299552385164994));
#818=CARTESIAN_POINT('',(-2.340074330231844,1.783870742721151,3.095166047466027));
#819=CARTESIAN_POINT('',(-2.017891789537046,1.783870742721152,3.095166047466027));
#820=CARTESIAN_POINT('',(-2.612499999999997,2.828427124746189,2.828427124746191));
#821=CARTESIAN_POINT('',(-2.612499999999996,2.600609665440987,2.600609665440988));
#822=CARTESIAN_POINT('',(-2.384682540694793,2.439518395093588,2.439518395093589));
#823=CARTESIAN_POINT('',(-2.062499999999996,2.439518395093589,2.439518395093591));
#824=CARTESIAN_POINT('',(-2.657108210462947,3.588598315902640,2.068255933589742));
#825=CARTESIAN_POINT('',(-2.657108210462947,3.299552385164994,1.901666945716986));
#826=CARTESIAN_POINT('',(-2.429290751157744,3.095166047466027,1.783870742721153));
#827=CARTESIAN_POINT('',(-2.107108210462946,3.095166047466027,1.783870742721153));
#828=CARTESIAN_POINT('',(-2.705391789537047,4.0,1.075044408258764));
#829=CARTESIAN_POINT('',(-2.705391789537046,3.677817459305202,0.988454273555628));
#830=CARTESIAN_POINT('',(-2.477574330231843,3.450000000000000,0.927225802123184));
#831=CARTESIAN_POINT('',(-2.155391789537046,3.450000000000000,0.927225802123184));
#832=CARTESIAN_POINT('',(-2.749999999999996,4.0,0.0));
#833=CARTESIAN_POINT('',(-2.749999999999996,3.677817459305202,0.0));
#834=CARTESIAN_POINT('',(-2.522182540694794,3.450000000000000,0.0));
#835=CARTESIAN_POINT('',(-2.199999999999997,3.450000000000000,0.0));
#836=CARTESIAN_POINT('',(-2.794608210462947,4.0,-1.075044408258763));
#837=CARTESIAN_POINT('',(-2.794608210462947,3.677817459305203,-0.988454273555626));
#838=CARTESIAN_POINT('',(-2.566790751157742,3.450000000000000,-0.927225802123182));
#839=CARTESIAN_POINT('',(-2.244608210462945,3.450000000000000,-0.927225802123183));
#840=CARTESIAN_POINT('',(-2.842891789537045,3.588598315902641,-2.068255933589741));
#841=CARTESIAN_POINT('',(-2.842891789537045,3.299552385164994,-1.901666945716982));
#842=CARTESIAN_POINT('',(-2.615074330231843,3.095166047466027,-1.783870742721151));
#843=CARTESIAN_POINT('',(-2.292891789537044,3.095166047466027,-1.783870742721152));
#844=CARTESIAN_POINT('',(-2.887499999999996,2.828427124746191,-2.828427124746191));
#845=CARTESIAN_POINT('',(-2.887499999999996,2.600609665440988,-2.600609665440987));
#846=CARTESIAN_POINT('',(-2.659682540694793,2.439518395093589,-2.439518395093589));
#847=CARTESIAN_POINT('',(-2.337499999999996,2.439518395093589,-2.439518395093589));
#848=CARTESIAN_POINT('',(-2.932108210462944,2.068255933589741,-3.588598315902641));
#849=CARTESIAN_POINT('',(-2.932108210462945,1.901666945716982,-3.299552385164994));
#850=CARTESIAN_POINT('',(-2.704290751157744,1.783870742721151,-3.095166047466027));
#851=CARTESIAN_POINT('',(-2.382108210462945,1.783870742721152,-3.095166047466027));
#852=CARTESIAN_POINT('',(-2.980391789537044,1.075044408258763,-4.000000000000002));
#853=CARTESIAN_POINT('',(-2.980391789537044,0.988454273555626,-3.677817459305202));
#854=CARTESIAN_POINT('',(-2.752574330231843,0.927225802123182,-3.450000000000000));
#855=CARTESIAN_POINT('',(-2.430391789537045,0.927225802123183,-3.450000000000002));
#856=CARTESIAN_POINT('',(-3.024999999999996,2.449213E-016,-4.0));
#857=CARTESIAN_POINT('',(-3.024999999999996,2.251939E-016,-3.677817459305202));
#858=CARTESIAN_POINT('',(-2.797182540694792,2.112446E-016,-3.450000000000000));
#859=CARTESIAN_POINT('',(-2.474999999999995,2.112446E-016,-3.450000000000000));
#860=CARTESIAN_POINT('',(-3.069608210462945,-1.075044408258762,-4.0));
#861=CARTESIAN_POINT('',(-3.069608210462945,-0.988454273555626,-3.677817459305203));
#862=CARTESIAN_POINT('',(-2.841790751157745,-0.927225802123182,-3.450000000000000));
#863=CARTESIAN_POINT('',(-2.519608210462945,-0.927225802123182,-3.450000000000000));
#864=CARTESIAN_POINT('',(-3.117891789537044,-2.068255933589741,-3.588598315902641));
#865=CARTESIAN_POINT('',(-3.117891789537044,-1.901666945716982,-3.299552385164994));
#866=CARTESIAN_POINT('',(-2.890074330231843,-1.783870742721151,-3.095166047466027));
#867=CARTESIAN_POINT('',(-2.567891789537045,-1.783870742721151,-3.095166047466027));
#868=CARTESIAN_POINT('',(-3.162499999999995,-2.828427124746191,-2.828427124746191));
#869=CARTESIAN_POINT('',(-3.162499999999995,-2.600609665440987,-2.600609665440988));
#870=CARTESIAN_POINT('',(-2.934682540694792,-2.439518395093589,-2.439518395093589));
#871=CARTESIAN_POINT('',(-2.612499999999994,-2.439518395093589,-2.439518395093589));
#872=CARTESIAN_POINT('',(-3.207108210462944,-3.588598315902641,-2.068255933589741));
#873=CARTESIAN_POINT('',(-3.207108210462945,-3.299552385164994,-1.901666945716982));
#874=CARTESIAN_POINT('',(-2.979290751157744,-3.095166047466027,-1.783870742721151));
#875=CARTESIAN_POINT('',(-2.657108210462944,-3.095166047466027,-1.783870742721152));
#876=CARTESIAN_POINT('',(-3.255391789537045,-4.000000000000002,-1.075044408258763));
#877=CARTESIAN_POINT('',(-3.255391789537045,-3.677817459305202,-0.988454273555626));
#878=CARTESIAN_POINT('',(-3.027574330231843,-3.450000000000000,-0.927225802123183));
#879=CARTESIAN_POINT('',(-2.705391789537044,-3.450000000000002,-0.927225802123183));
#880=CARTESIAN_POINT('',(-3.299999999999995,-4.0,-4.898425E-016));
#881=CARTESIAN_POINT('',(-3.299999999999995,-3.677817459305202,-4.503879E-016));
#882=CARTESIAN_POINT('',(-3.072182540694792,-3.450000000000000,-4.224892E-016));
#883=CARTESIAN_POINT('',(-2.749999999999995,-3.450000000000000,-4.224892E-016));
#884=CARTESIAN_POINT('',(-3.344608210462945,-4.000000000000002,1.075044408258762));
#885=CARTESIAN_POINT('',(-3.344608210462944,-3.677817459305203,0.988454273555626));
#886=CARTESIAN_POINT('',(-3.116790751157743,-3.450000000000000,0.927225802123182));
#887=CARTESIAN_POINT('',(-2.794608210462945,-3.450000000000000,0.927225802123182));
#888=CARTESIAN_POINT('',(-3.392891789537045,-3.588598315902641,2.068255933589741));
#889=CARTESIAN_POINT('',(-3.392891789537045,-3.299552385164994,1.901666945716982));
#890=CARTESIAN_POINT('',(-3.165074330231842,-3.095166047466027,1.783870742721151));
#891=CARTESIAN_POINT('',(-2.842891789537045,-3.095166047466027,1.783870742721151));
#892=CARTESIAN_POINT('',(-3.437499999999993,-2.828427124746191,2.828427124746189));
#893=CARTESIAN_POINT('',(-3.437499999999994,-2.600609665440988,2.600609665440987));
#894=CARTESIAN_POINT('',(-3.209682540694792,-2.439518395093589,2.439518395093589));
#895=CARTESIAN_POINT('',(-2.887499999999994,-2.439518395093589,2.439518395093589));
#896=CARTESIAN_POINT('',(-3.482108210462944,-2.068255933589741,3.588598315902640));
#897=CARTESIAN_POINT('',(-3.482108210462947,-1.901666945716986,3.299552385164994));
#898=CARTESIAN_POINT('',(-3.254290751157742,-1.783870742721153,3.095166047466027));
#899=CARTESIAN_POINT('',(-2.932108210462944,-1.783870742721153,3.095166047466027));
#900=CARTESIAN_POINT('',(-3.530391789537045,-1.075044408258764,4.0));
#901=CARTESIAN_POINT('',(-3.530391789537044,-0.988454273555628,3.677817459305202));
#902=CARTESIAN_POINT('',(-3.302574330231843,-0.927225802123184,3.450000000000000));
#903=CARTESIAN_POINT('',(-2.980391789537044,-0.927225802123184,3.450000000000000));
#904=CARTESIAN_POINT('',(-3.574999999999993,-7.347638E-016,4.0));
#905=CARTESIAN_POINT('',(-3.574999999999993,-6.755818E-016,3.677817459305202));
#906=CARTESIAN_POINT('',(-3.347182540694792,-6.337338E-016,3.450000000000000));
#907=CARTESIAN_POINT('',(-3.024999999999996,-6.337338E-016,3.450000000000000));
#908=CARTESIAN_POINT('',(-3.619608210462944,1.075044408258763,3.999999999999999));
#909=CARTESIAN_POINT('',(-3.619608210462944,0.988454273555627,3.677817459305202));
#910=CARTESIAN_POINT('',(-3.391790751157744,0.927225802123183,3.450000000000000));
#911=CARTESIAN_POINT('',(-3.069608210462945,0.927225802123183,3.450000000000000));
#912=CARTESIAN_POINT('',(-3.667891789537045,2.068255933589741,3.588598315902640));
#913=CARTESIAN_POINT('',(-3.667891789537046,1.901666945716982,3.299552385164994));
#914=CARTESIAN_POINT('',(-3.440074330231840,1.783870742721151,3.095166047466027));
#915=CARTESIAN_POINT('',(-3.117891789537044,1.783870742721152,3.095166047466027));
#916=CARTESIAN_POINT('',(-3.712499999999994,2.828427124746189,2.828427124746191));
#917=CARTESIAN_POINT('',(-3.712499999999996,2.600609665440987,2.600609665440988));
#918=CARTESIAN_POINT('',(-3.484682540694792,2.439518395093588,2.439518395093589));
#919=CARTESIAN_POINT('',(-3.162499999999995,2.439518395093589,2.439518395093591));
#920=CARTESIAN_POINT('',(-3.757108210462944,3.588598315902640,2.068255933589742));
#921=CARTESIAN_POINT('',(-3.757108210462945,3.299552385164994,1.901666945716986));
#922=CARTESIAN_POINT('',(-3.529290751157745,3.095166047466027,1.783870742721153));
#923=CARTESIAN_POINT('',(-3.207108210462943,3.095166047466027,1.783870742721153));
#924=CARTESIAN_POINT('',(-3.805391789537042,4.0,1.075044408258764));
#925=CARTESIAN_POINT('',(-3.805391789537045,3.677817459305202,0.988454273555628));
#926=CARTESIAN_POINT('',(-3.577574330231842,3.450000000000000,0.927225802123184));
#927=CARTESIAN_POINT('',(-3.255391789537042,3.450000000000000,0.927225802123184));
#928=CARTESIAN_POINT('',(-3.849999999999993,4.0,0.0));
#929=CARTESIAN_POINT('',(-3.849999999999994,3.677817459305202,0.0));
#930=CARTESIAN_POINT('',(-3.622182540694792,3.450000000000000,0.0));
#931=CARTESIAN_POINT('',(-3.299999999999993,3.450000000000000,0.0));
#932=CARTESIAN_POINT('',(-3.894608210462944,4.0,-1.075044408258763));
#933=CARTESIAN_POINT('',(-3.894608210462944,3.677817459305203,-0.988454273555626));
#934=CARTESIAN_POINT('',(-3.666790751157742,3.450000000000000,-0.927225802123182));
#935=CARTESIAN_POINT('',(-3.344608210462944,3.450000000000000,-0.927225802123183));
#936=CARTESIAN_POINT('',(-3.942891789537042,3.588598315902641,-2.068255933589741));
#937=CARTESIAN_POINT('',(-3.942891789537042,3.299552385164994,-1.901666945716982));
#938=CARTESIAN_POINT('',(-3.715074330231841,3.095166047466027,-1.783870742721151));
#939=CARTESIAN_POINT('',(-3.392891789537045,3.095166047466027,-1.783870742721152));
#940=CARTESIAN_POINT('',(-3.987499999999995,2.828427124746191,-2.828427124746191));
#941=CARTESIAN_POINT('',(-3.987499999999993,2.600609665440988,-2.600609665440987));
#942=CARTESIAN_POINT('',(-3.759682540694791,2.439518395093589,-2.439518395093589));
#943=CARTESIAN_POINT('',(-3.437499999999993,2.439518395093589,-2.439518395093589));
#944=CARTESIAN_POINT('',(-4.032108210462944,2.068255933589741,-3.588598315902641));
#945=CARTESIAN_POINT('',(-4.032108210462944,1.901666945716982,-3.299552385164994));
#946=CARTESIAN_POINT('',(-3.804290751157742,1.783870742721151,-3.095166047466027));
#947=CARTESIAN_POINT('',(-3.482108210462944,1.783870742721152,-3.095166047466027));
#948=CARTESIAN_POINT('',(-4.080391789537044,1.075044408258763,-4.000000000000002));
#949=CARTESIAN_POINT('',(-4.080391789537042,0.988454273555626,-3.677817459305202));
#950=CARTESIAN_POINT('',(-3.852574330231839,0.927225802123182,-3.450000000000000));
#951=CARTESIAN_POINT('',(-3.530391789537045,0.927225802123183,-3.450000000000002));
#952=CARTESIAN_POINT('',(-4.124999999999995,2.449213E-016,-4.0));
#953=CARTESIAN_POINT('',(-4.124999999999995,2.251939E-016,-3.677817459305202));
#954=CARTESIAN_POINT('',(-3.897182540694792,2.112446E-016,-3.450000000000000));
#955=CARTESIAN_POINT('',(-3.574999999999993,2.112446E-016,-3.450000000000000));
#956=CARTESIAN_POINT('',(-4.169608210462942,-1.075044408258762,-4.0));
#957=CARTESIAN_POINT('',(-4.169608210462944,-0.988454273555626,-3.677817459305203));
#958=CARTESIAN_POINT('',(-3.941790751157741,-0.927225802123182,-3.450000000000000));
#959=CARTESIAN_POINT('',(-3.619608210462944,-0.927225802123182,-3.450000000000000));
#960=CARTESIAN_POINT('',(-4.217891789537045,-2.068255933589741,-3.588598315902641));
#961=CARTESIAN_POINT('',(-4.217891789537045,-1.901666945716982,-3.299552385164994));
#962=CARTESIAN_POINT('',(-3.990074330231841,-1.783870742721151,-3.095166047466027));
#963=CARTESIAN_POINT('',(-3.667891789537042,-1.783870742721151,-3.095166047466027));
#964=CARTESIAN_POINT('',(-4.262499999999994,-2.828427124746191,-2.828427124746191));
#965=CARTESIAN_POINT('',(-4.262499999999990,-2.600609665440987,-2.600609665440988));
#966=CARTESIAN_POINT('',(-4.034682540694790,-2.439518395093589,-2.439518395093589));
#967=CARTESIAN_POINT('',(-3.712499999999993,-2.439518395093589,-2.439518395093589));
#968=CARTESIAN_POINT('',(-4.307108210462944,-3.588598315902640,-2.068255933589741));
#969=CARTESIAN_POINT('',(-4.307108210462944,-3.299552385164994,-1.901666945716982));
#970=CARTESIAN_POINT('',(-4.079290751157741,-3.095166047466027,-1.783870742721151));
#971=CARTESIAN_POINT('',(-3.757108210462944,-3.095166047466027,-1.783870742721152));
#972=CARTESIAN_POINT('',(-4.355391789537042,-4.0,-1.075044408258763));
#973=CARTESIAN_POINT('',(-4.355391789537042,-3.677817459305202,-0.988454273555626));
#974=CARTESIAN_POINT('',(-4.127574330231839,-3.450000000000000,-0.927225802123183));
#975=CARTESIAN_POINT('',(-3.805391789537041,-3.450000000000000,-0.927225802123183));
#976=CARTESIAN_POINT('',(-4.399999999999993,-4.0,-4.898425E-016));
#977=CARTESIAN_POINT('',(-4.399999999999990,-3.677817459305202,-4.503879E-016));
#978=CARTESIAN_POINT('',(-4.172182540694790,-3.450000000000000,-4.224892E-016));
#979=CARTESIAN_POINT('',(-3.849999999999993,-3.450000000000000,-4.224892E-016));
#980=CARTESIAN_POINT('',(-4.444608210462940,-3.999999999999999,1.075044408258762));
#981=CARTESIAN_POINT('',(-4.444608210462944,-3.677817459305203,0.988454273555626));
#982=CARTESIAN_POINT('',(-4.216790751157740,-3.450000000000000,0.927225802123182));
#983=CARTESIAN_POINT('',(-3.894608210462942,-3.450000000000000,0.927225802123182));
#984=CARTESIAN_POINT('',(-4.492891789537042,-3.588598315902640,2.068255933589740));
#985=CARTESIAN_POINT('',(-4.492891789537042,-3.299552385164994,1.901666945716982));
#986=CARTESIAN_POINT('',(-4.265074330231840,-3.095166047466027,1.783870742721151));
#987=CARTESIAN_POINT('',(-3.942891789537041,-3.095166047466027,1.783870742721151));
#988=CARTESIAN_POINT('',(-4.537499999999991,-2.828427124746191,2.828427124746189));
#989=CARTESIAN_POINT('',(-4.537499999999991,-2.600609665440988,2.600609665440987));
#990=CARTESIAN_POINT('',(-4.309682540694791,-2.439518395093589,2.439518395093589));
#991=CARTESIAN_POINT('',(-3.987499999999993,-2.439518395093589,2.439518395093589));
#992=CARTESIAN_POINT('',(-4.582108210462943,-2.068255933589742,3.588598315902640));
#993=CARTESIAN_POINT('',(-4.582108210462944,-1.901666945716984,3.299552385164994));
#994=CARTESIAN_POINT('',(-4.354290751157740,-1.783870742721152,3.095166047466027));
#995=CARTESIAN_POINT('',(-4.032108210462941,-1.783870742721153,3.095166047466027));
#996=CARTESIAN_POINT('',(-4.630391789537041,-1.075044408258764,4.0));
#997=CARTESIAN_POINT('',(-4.630391789537041,-0.988454273555628,3.677817459305202));
#998=CARTESIAN_POINT('',(-4.402574330231840,-0.927225802123184,3.450000000000000));
#999=CARTESIAN_POINT('',(-4.080391789537041,-0.927225802123184,3.450000000000000));
#1000=CARTESIAN_POINT('',(-4.674999999999992,-7.347638E-016,4.0));
#1001=CARTESIAN_POINT('',(-4.674999999999992,-6.755818E-016,3.677817459305202));
#1002=CARTESIAN_POINT('',(-4.447182540694790,-6.337338E-016,3.450000000000000));
#1003=CARTESIAN_POINT('',(-4.124999999999991,-6.337338E-016,3.450000000000000));
#1004=CARTESIAN_POINT('',(-4.719608210462940,1.075044408258763,3.999999999999999));
#1005=CARTESIAN_POINT('',(-4.719608210462944,0.988454273555627,3.677817459305202));
#1006=CARTESIAN_POINT('',(-4.491790751157740,0.927225802123183,3.450000000000000));
#1007=CARTESIAN_POINT('',(-4.169608210462941,0.927225802123183,3.449999999999998));
#1008=CARTESIAN_POINT('',(-4.767891789537043,2.068255933589740,3.588598315902640));
#1009=CARTESIAN_POINT('',(-4.767891789537043,1.901666945716982,3.299552385164994));
#1010=CARTESIAN_POINT('',(-4.540074330231841,1.783870742721151,3.095166047466027));
#1011=CARTESIAN_POINT('',(-4.217891789537042,1.783870742721152,3.095166047466027));
#1012=CARTESIAN_POINT('',(-4.812499999999991,2.828427124746189,2.828427124746191));
#1013=CARTESIAN_POINT('',(-4.812499999999991,2.600609665440987,2.600609665440988));
#1014=CARTESIAN_POINT('',(-4.584682540694790,2.439518395093588,2.439518395093589));
#1015=CARTESIAN_POINT('',(-4.262499999999990,2.439518395093589,2.439518395093589));
#1016=CARTESIAN_POINT('',(-4.857108210462944,3.588598315902640,2.068255933589742));
#1017=CARTESIAN_POINT('',(-4.857108210462941,3.299552385164994,1.901666945716986));
#1018=CARTESIAN_POINT('',(-4.629290751157741,3.095166047466027,1.783870742721153));
#1019=CARTESIAN_POINT('',(-4.307108210462941,3.095166047466027,1.783870742721153));
#1020=CARTESIAN_POINT('',(-4.905391789537042,4.0,1.075044408258764));
#1021=CARTESIAN_POINT('',(-4.905391789537042,3.677817459305202,0.988454273555628));
#1022=CARTESIAN_POINT('',(-4.677574330231840,3.450000000000000,0.927225802123184));
#1023=CARTESIAN_POINT('',(-4.355391789537042,3.450000000000000,0.927225802123184));
#1024=CARTESIAN_POINT('',(-4.949999999999990,4.0,0.0));
#1025=CARTESIAN_POINT('',(-4.949999999999990,3.677817459305202,0.0));
#1026=CARTESIAN_POINT('',(-4.722182540694786,3.450000000000000,0.0));
#1027=CARTESIAN_POINT('',(-4.399999999999991,3.450000000000000,0.0));
#1028=CARTESIAN_POINT('',(-4.994608210462944,4.000000000000002,-1.075044408258762));
#1029=CARTESIAN_POINT('',(-4.994608210462944,3.677817459305203,-0.988454273555626));
#1030=CARTESIAN_POINT('',(-4.766790751157741,3.450000000000000,-0.927225802123182));
#1031=CARTESIAN_POINT('',(-4.444608210462940,3.450000000000000,-0.927225802123183));
#1032=CARTESIAN_POINT('',(-5.042891789537042,3.588598315902640,-2.068255933589741));
#1033=CARTESIAN_POINT('',(-5.042891789537042,3.299552385164994,-1.901666945716982));
#1034=CARTESIAN_POINT('',(-4.815074330231839,3.095166047466027,-1.783870742721151));
#1035=CARTESIAN_POINT('',(-4.492891789537042,3.095166047466027,-1.783870742721152));
#1036=CARTESIAN_POINT('',(-5.087499999999991,2.828427124746191,-2.828427124746189));
#1037=CARTESIAN_POINT('',(-5.087499999999991,2.600609665440988,-2.600609665440987));
#1038=CARTESIAN_POINT('',(-4.859682540694788,2.439518395093589,-2.439518395093589));
#1039=CARTESIAN_POINT('',(-4.537499999999991,2.439518395093589,-2.439518395093589));
#1040=CARTESIAN_POINT('',(-5.132108210462941,2.068255933589740,-3.588598315902640));
#1041=CARTESIAN_POINT('',(-5.132108210462941,1.901666945716982,-3.299552385164994));
#1042=CARTESIAN_POINT('',(-4.904290751157738,1.783870742721151,-3.095166047466027));
#1043=CARTESIAN_POINT('',(-4.582108210462941,1.783870742721152,-3.095166047466027));
#1044=CARTESIAN_POINT('',(-5.180391789537040,1.075044408258763,-3.999999999999999));
#1045=CARTESIAN_POINT('',(-5.180391789537041,0.988454273555626,-3.677817459305202));
#1046=CARTESIAN_POINT('',(-4.952574330231840,0.927225802123182,-3.450000000000000));
#1047=CARTESIAN_POINT('',(-4.630391789537041,0.927225802123182,-3.450000000000000));
#1048=CARTESIAN_POINT('',(-5.224999999999990,2.449213E-016,-4.0));
#1049=CARTESIAN_POINT('',(-5.224999999999990,2.251939E-016,-3.677817459305202));
#1050=CARTESIAN_POINT('',(-4.997182540694788,2.112446E-016,-3.450000000000000));
#1051=CARTESIAN_POINT('',(-4.674999999999992,2.112446E-016,-3.450000000000000));
#1052=CARTESIAN_POINT('',(-5.269608210462941,-1.075044408258762,-4.000000000000002));
#1053=CARTESIAN_POINT('',(-5.269608210462944,-0.988454273555626,-3.677817459305203));
#1054=CARTESIAN_POINT('',(-5.041790751157741,-0.927225802123182,-3.450000000000000));
#1055=CARTESIAN_POINT('',(-4.719608210462940,-0.927225802123182,-3.450000000000000));
#1056=CARTESIAN_POINT('',(-5.317891789537041,-2.068255933589741,-3.588598315902640));
#1057=CARTESIAN_POINT('',(-5.317891789537042,-1.901666945716982,-3.299552385164994));
#1058=CARTESIAN_POINT('',(-5.090074330231836,-1.783870742721151,-3.095166047466027));
#1059=CARTESIAN_POINT('',(-4.767891789537043,-1.783870742721151,-3.095166047466027));
#1060=CARTESIAN_POINT('',(-5.362499999999991,-2.828427124746189,-2.828427124746191));
#1061=CARTESIAN_POINT('',(-5.362499999999989,-2.600609665440987,-2.600609665440988));
#1062=CARTESIAN_POINT('',(-5.134682540694787,-2.439518395093589,-2.439518395093589));
#1063=CARTESIAN_POINT('',(-4.812499999999989,-2.439518395093589,-2.439518395093589));
#1064=CARTESIAN_POINT('',(-5.407108210462939,-3.588598315902640,-2.068255933589740));
#1065=CARTESIAN_POINT('',(-5.407108210462942,-3.299552385164994,-1.901666945716982));
#1066=CARTESIAN_POINT('',(-5.179290751157739,-3.095166047466027,-1.783870742721151));
#1067=CARTESIAN_POINT('',(-4.857108210462938,-3.095166047466027,-1.783870742721152));
#1068=CARTESIAN_POINT('',(-5.455391789537037,-3.999999999999999,-1.075044408258763));
#1069=CARTESIAN_POINT('',(-5.455391789537041,-3.677817459305202,-0.988454273555626));
#1070=CARTESIAN_POINT('',(-5.227574330231837,-3.450000000000000,-0.927225802123183));
#1071=CARTESIAN_POINT('',(-4.905391789537037,-3.450000000000000,-0.927225802123183));
#1072=CARTESIAN_POINT('',(-5.499999999999990,-4.0,-4.898425E-016));
#1073=CARTESIAN_POINT('',(-5.499999999999990,-3.677817459305202,-4.503879E-016));
#1074=CARTESIAN_POINT('',(-5.272182540694788,-3.450000000000000,-4.224892E-016));
#1075=CARTESIAN_POINT('',(-4.949999999999990,-3.450000000000000,-4.224892E-016));
#1076=CARTESIAN_POINT('',(-5.544608210462938,-4.000000000000002,1.075044408258762));
#1077=CARTESIAN_POINT('',(-5.544608210462942,-3.677817459305203,0.988454273555626));
#1078=CARTESIAN_POINT('',(-5.316790751157738,-3.450000000000000,0.927225802123182));
#1079=CARTESIAN_POINT('',(-4.994608210462941,-3.450000000000000,0.927225802123182));
#1080=CARTESIAN_POINT('',(-5.592891789537038,-3.588598315902641,2.068255933589741));
#1081=CARTESIAN_POINT('',(-5.592891789537041,-3.299552385164994,1.901666945716982));
#1082=CARTESIAN_POINT('',(-5.365074330231837,-3.095166047466027,1.783870742721151));
#1083=CARTESIAN_POINT('',(-5.042891789537042,-3.095166047466027,1.783870742721151));
#1084=CARTESIAN_POINT('',(-5.637499999999990,-2.828427124746191,2.828427124746189));
#1085=CARTESIAN_POINT('',(-5.637499999999990,-2.600609665440988,2.600609665440987));
#1086=CARTESIAN_POINT('',(-5.409682540694786,-2.439518395093589,2.439518395093589));
#1087=CARTESIAN_POINT('',(-5.087499999999991,-2.439518395093589,2.439518395093589));
#1088=CARTESIAN_POINT('',(-5.682108210462936,-2.068255933589741,3.588598315902640));
#1089=CARTESIAN_POINT('',(-5.682108210462940,-1.901666945716984,3.299552385164994));
#1090=CARTESIAN_POINT('',(-5.454290751157739,-1.783870742721152,3.095166047466027));
#1091=CARTESIAN_POINT('',(-5.132108210462939,-1.783870742721152,3.095166047466027));
#1092=CARTESIAN_POINT('',(-5.730391789537038,-1.075044408258764,3.999999999999999));
#1093=CARTESIAN_POINT('',(-5.730391789537039,-0.988454273555628,3.677817459305202));
#1094=CARTESIAN_POINT('',(-5.502574330231839,-0.927225802123184,3.450000000000000));
#1095=CARTESIAN_POINT('',(-5.180391789537037,-0.927225802123184,3.449999999999998));
#1096=CARTESIAN_POINT('',(-5.774999999999990,-7.347638E-016,4.0));
#1097=CARTESIAN_POINT('',(-5.774999999999990,-6.755818E-016,3.677817459305202));
#1098=CARTESIAN_POINT('',(-5.547182540694785,-6.337338E-016,3.450000000000000));
#1099=CARTESIAN_POINT('',(-5.224999999999987,-6.337338E-016,3.450000000000000));
#1100=CARTESIAN_POINT('',(-5.819608210462938,1.075044408258763,4.0));
#1101=CARTESIAN_POINT('',(-5.819608210462944,0.988454273555627,3.677817459305202));
#1102=CARTESIAN_POINT('',(-5.591790751157736,0.927225802123183,3.450000000000000));
#1103=CARTESIAN_POINT('',(-5.269608210462939,0.927225802123183,3.450000000000000));
#1104=CARTESIAN_POINT('',(-5.867891789537038,2.068255933589741,3.588598315902640));
#1105=CARTESIAN_POINT('',(-5.867891789537038,1.901666945716982,3.299552385164994));
#1106=CARTESIAN_POINT('',(-5.640074330231840,1.783870742721151,3.095166047466027));
#1107=CARTESIAN_POINT('',(-5.317891789537041,1.783870742721152,3.095166047466027));
#1108=CARTESIAN_POINT('',(-5.912499999999991,2.828427124746189,2.828427124746191));
#1109=CARTESIAN_POINT('',(-5.912499999999991,2.600609665440987,2.600609665440988));
#1110=CARTESIAN_POINT('',(-5.684682540694784,2.439518395093588,2.439518395093589));
#1111=CARTESIAN_POINT('',(-5.362499999999989,2.439518395093589,2.439518395093589));
#1112=CARTESIAN_POINT('',(-5.957108210462936,3.588598315902640,2.068255933589742));
#1113=CARTESIAN_POINT('',(-5.957108210462939,3.299552385164994,1.901666945716986));
#1114=CARTESIAN_POINT('',(-5.729290751157738,3.095166047466027,1.783870742721153));
#1115=CARTESIAN_POINT('',(-5.407108210462937,3.095166047466027,1.783870742721152));
#1116=CARTESIAN_POINT('',(-6.005391789537036,3.999999999999999,1.075044408258764));
#1117=CARTESIAN_POINT('',(-6.005391789537038,3.677817459305202,0.988454273555628));
#1118=CARTESIAN_POINT('',(-5.777574330231837,3.450000000000000,0.927225802123184));
#1119=CARTESIAN_POINT('',(-5.455391789537037,3.449999999999998,0.927225802123184));
#1120=CARTESIAN_POINT('',(-6.049999999999988,4.0,0.0));
#1121=CARTESIAN_POINT('',(-6.049999999999991,3.677817459305202,0.0));
#1122=CARTESIAN_POINT('',(-5.822182540694785,3.450000000000000,0.0));
#1123=CARTESIAN_POINT('',(-5.499999999999990,3.450000000000000,0.0));
#1124=CARTESIAN_POINT('',(-6.094608210462940,4.000000000000002,-1.075044408258762));
#1125=CARTESIAN_POINT('',(-6.094608210462940,3.677817459305203,-0.988454273555626));
#1126=CARTESIAN_POINT('',(-5.866790751157739,3.450000000000000,-0.927225802123182));
#1127=CARTESIAN_POINT('',(-5.544608210462938,3.450000000000000,-0.927225802123183));
#1128=CARTESIAN_POINT('',(-6.142891789537037,3.588598315902640,-2.068255933589741));
#1129=CARTESIAN_POINT('',(-6.142891789537037,3.299552385164994,-1.901666945716982));
#1130=CARTESIAN_POINT('',(-5.915074330231837,3.095166047466027,-1.783870742721151));
#1131=CARTESIAN_POINT('',(-5.592891789537038,3.095166047466027,-1.783870742721152));
#1132=CARTESIAN_POINT('',(-6.187499999999990,2.828427124746191,-2.828427124746189));
#1133=CARTESIAN_POINT('',(-6.187499999999987,2.600609665440988,-2.600609665440987));
#1134=CARTESIAN_POINT('',(-5.959682540694784,2.439518395093589,-2.439518395093589));
#1135=CARTESIAN_POINT('',(-5.637499999999988,2.439518395093589,-2.439518395093589));
#1136=CARTESIAN_POINT('',(-6.232108210462940,2.068255933589741,-3.588598315902640));
#1137=CARTESIAN_POINT('',(-6.232108210462940,1.901666945716982,-3.299552385164994));
#1138=CARTESIAN_POINT('',(-6.004290751157736,1.783870742721151,-3.095166047466027));
#1139=CARTESIAN_POINT('',(-5.682108210462941,1.783870742721152,-3.095166047466027));
#1140=CARTESIAN_POINT('',(-6.280391789537037,1.075044408258763,-4.0));
#1141=CARTESIAN_POINT('',(-6.280391789537037,0.988454273555626,-3.677817459305202));
#1142=CARTESIAN_POINT('',(-6.052574330231839,0.927225802123182,-3.450000000000000));
#1143=CARTESIAN_POINT('',(-5.730391789537038,0.927225802123183,-3.450000000000000));
#1144=CARTESIAN_POINT('',(-6.324999999999990,2.449213E-016,-4.0));
#1145=CARTESIAN_POINT('',(-6.324999999999990,2.251939E-016,-3.677817459305202));
#1146=CARTESIAN_POINT('',(-6.097182540694784,2.112446E-016,-3.450000000000000));
#1147=CARTESIAN_POINT('',(-5.774999999999989,2.112446E-016,-3.450000000000000));
#1148=CARTESIAN_POINT('',(-6.369608210462937,-1.075044408258762,-3.999999999999999));
#1149=CARTESIAN_POINT('',(-6.369608210462939,-0.988454273555626,-3.677817459305203));
#1150=CARTESIAN_POINT('',(-6.141790751157736,-0.927225802123182,-3.450000000000000));
#1151=CARTESIAN_POINT('',(-5.819608210462937,-0.927225802123182,-3.450000000000000));
#1152=CARTESIAN_POINT('',(-6.417891789537036,-2.068255933589740,-3.588598315902640));
#1153=CARTESIAN_POINT('',(-6.417891789537038,-1.901666945716982,-3.299552385164994));
#1154=CARTESIAN_POINT('',(-6.190074330231836,-1.783870742721151,-3.095166047466027));
#1155=CARTESIAN_POINT('',(-5.867891789537035,-1.783870742721151,-3.095166047466027));
#1156=CARTESIAN_POINT('',(-6.462499999999986,-2.828427124746189,-2.828427124746191));
#1157=CARTESIAN_POINT('',(-6.462499999999986,-2.600609665440987,-2.600609665440988));
#1158=CARTESIAN_POINT('',(-6.234682540694784,-2.439518395093589,-2.439518395093589));
#1159=CARTESIAN_POINT('',(-5.912499999999989,-2.439518395093589,-2.439518395093589));
#1160=CARTESIAN_POINT('',(-6.507108210462937,-3.588598315902640,-2.068255933589741));
#1161=CARTESIAN_POINT('',(-6.507108210462940,-3.299552385164994,-1.901666945716982));
#1162=CARTESIAN_POINT('',(-6.279290751157736,-3.095166047466027,-1.783870742721151));
#1163=CARTESIAN_POINT('',(-5.957108210462939,-3.095166047466027,-1.783870742721152));
#1164=CARTESIAN_POINT('',(-6.555391789537035,-4.0,-1.075044408258763));
#1165=CARTESIAN_POINT('',(-6.555391789537039,-3.677817459305202,-0.988454273555626));
#1166=CARTESIAN_POINT('',(-6.327574330231835,-3.450000000000000,-0.927225802123183));
#1167=CARTESIAN_POINT('',(-6.005391789537038,-3.450000000000000,-0.927225802123183));
#1168=CARTESIAN_POINT('',(-6.599999999999991,-4.0,-4.898425E-016));
#1169=CARTESIAN_POINT('',(-6.599999999999991,-3.677817459305202,-4.503879E-016));
#1170=CARTESIAN_POINT('',(-6.372182540694784,-3.450000000000000,-4.224892E-016));
#1171=CARTESIAN_POINT('',(-6.049999999999988,-3.450000000000000,-4.224892E-016));
#1172=CARTESIAN_POINT('',(-6.644608210462937,-3.999999999999999,1.075044408258762));
#1173=CARTESIAN_POINT('',(-6.644608210462941,-3.677817459305203,0.988454273555626));
#1174=CARTESIAN_POINT('',(-6.416790751157736,-3.450000000000000,0.927225802123182));
#1175=CARTESIAN_POINT('',(-6.094608210462936,-3.450000000000000,0.927225802123182));
#1176=CARTESIAN_POINT('',(-6.692891789537034,-3.588598315902640,2.068255933589740));
#1177=CARTESIAN_POINT('',(-6.692891789537034,-3.299552385164994,1.901666945716982));
#1178=CARTESIAN_POINT('',(-6.465074330231834,-3.095166047466027,1.783870742721151));
#1179=CARTESIAN_POINT('',(-6.142891789537036,-3.095166047466027,1.783870742721151));
#1180=CARTESIAN_POINT('',(-6.737499999999988,-2.828427124746191,2.828427124746189));
#1181=CARTESIAN_POINT('',(-6.737499999999988,-2.600609665440988,2.600609665440987));
#1182=CARTESIAN_POINT('',(-6.509682540694786,-2.439518395093589,2.439518395093589));
#1183=CARTESIAN_POINT('',(-6.187499999999987,-2.439518395093589,2.439518395093589));
#1184=CARTESIAN_POINT('',(-6.782108210462940,-2.068255933589742,3.588598315902640));
#1185=CARTESIAN_POINT('',(-6.782108210462941,-1.901666945716984,3.299552385164994));
#1186=CARTESIAN_POINT('',(-6.554290751157734,-1.783870742721152,3.095166047466027));
#1187=CARTESIAN_POINT('',(-6.232108210462936,-1.783870742721153,3.095166047466027));
#1188=CARTESIAN_POINT('',(-6.830391789537037,-1.075044408258764,4.0));
#1189=CARTESIAN_POINT('',(-6.830391789537043,-0.988454273555628,3.677817459305202));
#1190=CARTESIAN_POINT('',(-6.602574330231836,-0.927225802123184,3.450000000000000));
#1191=CARTESIAN_POINT('',(-6.280391789537037,-0.927225802123184,3.450000000000000));
#1192=CARTESIAN_POINT('',(-6.874999999999987,-7.347638E-016,4.0));
#1193=CARTESIAN_POINT('',(-6.874999999999991,-6.755818E-016,3.677817459305202));
#1194=CARTESIAN_POINT('',(-6.647182540694784,-6.337338E-016,3.450000000000000));
#1195=CARTESIAN_POINT('',(-6.324999999999987,-6.337338E-016,3.450000000000000));
#1196=CARTESIAN_POINT('',(-6.919608210462938,1.075044408258763,3.999999999999999));
#1197=CARTESIAN_POINT('',(-6.919608210462939,0.988454273555627,3.677817459305202));
#1198=CARTESIAN_POINT('',(-6.691790751157737,0.927225802123183,3.450000000000000));
#1199=CARTESIAN_POINT('',(-6.369608210462936,0.927225802123183,3.449999999999998));
#1200=CARTESIAN_POINT('',(-6.967891789537033,2.068255933589740,3.588598315902640));
#1201=CARTESIAN_POINT('',(-6.967891789537035,1.901666945716982,3.299552385164994));
#1202=CARTESIAN_POINT('',(-6.740074330231836,1.783870742721151,3.095166047466027));
#1203=CARTESIAN_POINT('',(-6.417891789537036,1.783870742721152,3.095166047466027));
#1204=CARTESIAN_POINT('',(-7.012499999999986,2.828427124746189,2.828427124746191));
#1205=CARTESIAN_POINT('',(-7.012499999999986,2.600609665440987,2.600609665440988));
#1206=CARTESIAN_POINT('',(-6.784682540694784,2.439518395093588,2.439518395093589));
#1207=CARTESIAN_POINT('',(-6.462499999999986,2.439518395093589,2.439518395093589));
#1208=CARTESIAN_POINT('',(-7.057108210462938,3.588598315902640,2.068255933589742));
#1209=CARTESIAN_POINT('',(-7.057108210462938,3.299552385164994,1.901666945716986));
#1210=CARTESIAN_POINT('',(-6.829290751157737,3.095166047466027,1.783870742721153));
#1211=CARTESIAN_POINT('',(-6.507108210462937,3.095166047466027,1.783870742721153));
#1212=CARTESIAN_POINT('',(-7.105391789537037,4.0,1.075044408258764));
#1213=CARTESIAN_POINT('',(-7.105391789537037,3.677817459305202,0.988454273555628));
#1214=CARTESIAN_POINT('',(-6.877574330231835,3.450000000000000,0.927225802123184));
#1215=CARTESIAN_POINT('',(-6.555391789537035,3.450000000000000,0.927225802123184));
#1216=CARTESIAN_POINT('',(-7.149999999999986,4.0,0.0));
#1217=CARTESIAN_POINT('',(-7.149999999999990,3.677817459305202,0.0));
#1218=CARTESIAN_POINT('',(-6.922182540694783,3.450000000000000,0.0));
#1219=CARTESIAN_POINT('',(-6.599999999999985,3.450000000000000,0.0));
#1220=CARTESIAN_POINT('',(-7.194608210462937,4.000000000000002,-1.075044408258762));
#1221=CARTESIAN_POINT('',(-7.194608210462938,3.677817459305203,-0.988454273555626));
#1222=CARTESIAN_POINT('',(-6.966790751157739,3.450000000000000,-0.927225802123182));
#1223=CARTESIAN_POINT('',(-6.644608210462939,3.450000000000000,-0.927225802123183));
#1224=CARTESIAN_POINT('',(-7.242891789537036,3.588598315902640,-2.068255933589741));
#1225=CARTESIAN_POINT('',(-7.242891789537036,3.299552385164994,-1.901666945716982));
#1226=CARTESIAN_POINT('',(-7.015074330231835,3.095166047466027,-1.783870742721151));
#1227=CARTESIAN_POINT('',(-6.692891789537034,3.095166047466027,-1.783870742721152));
#1228=CARTESIAN_POINT('',(-7.287499999999985,2.828427124746191,-2.828427124746189));
#1229=CARTESIAN_POINT('',(-7.287499999999985,2.600609665440988,-2.600609665440987));
#1230=CARTESIAN_POINT('',(-7.059682540694784,2.439518395093589,-2.439518395093589));
#1231=CARTESIAN_POINT('',(-6.737499999999987,2.439518395093589,-2.439518395093589));
#1232=CARTESIAN_POINT('',(-7.332108210462938,2.068255933589740,-3.588598315902640));
#1233=CARTESIAN_POINT('',(-7.332108210462936,1.901666945716982,-3.299552385164994));
#1234=CARTESIAN_POINT('',(-7.104290751157735,1.783870742721151,-3.095166047466027));
#1235=CARTESIAN_POINT('',(-6.782108210462935,1.783870742721152,-3.095166047466027));
#1236=CARTESIAN_POINT('',(-7.380391789537032,1.075044408258763,-3.999999999999999));
#1237=CARTESIAN_POINT('',(-7.380391789537036,0.988454273555626,-3.677817459305202));
#1238=CARTESIAN_POINT('',(-7.152574330231836,0.927225802123182,-3.450000000000000));
#1239=CARTESIAN_POINT('',(-6.830391789537035,0.927225802123182,-3.450000000000000));
#1240=CARTESIAN_POINT('',(-7.424999999999987,2.449213E-016,-4.0));
#1241=CARTESIAN_POINT('',(-7.424999999999985,2.251939E-016,-3.677817459305202));
#1242=CARTESIAN_POINT('',(-7.197182540694783,2.112446E-016,-3.450000000000000));
#1243=CARTESIAN_POINT('',(-6.874999999999987,2.112446E-016,-3.450000000000000));
#1244=CARTESIAN_POINT('',(-7.469608210462937,-1.075044408258762,-4.000000000000002));
#1245=CARTESIAN_POINT('',(-7.469608210462936,-0.988454273555626,-3.677817459305203));
#1246=CARTESIAN_POINT('',(-7.241790751157735,-0.927225802123182,-3.450000000000000));
#1247=CARTESIAN_POINT('',(-6.919608210462938,-0.927225802123182,-3.450000000000000));
#1248=CARTESIAN_POINT('',(-7.517891789537035,-2.068255933589741,-3.588598315902640));
#1249=CARTESIAN_POINT('',(-7.517891789537037,-1.901666945716982,-3.299552385164994));
#1250=CARTESIAN_POINT('',(-7.290074330231836,-1.783870742721151,-3.095166047466027));
#1251=CARTESIAN_POINT('',(-6.967891789537035,-1.783870742721151,-3.095166047466027));
#1252=CARTESIAN_POINT('',(-7.562499999999987,-2.828427124746189,-2.828427124746191));
#1253=CARTESIAN_POINT('',(-7.562499999999987,-2.600609665440987,-2.600609665440988));
#1254=CARTESIAN_POINT('',(-7.334682540694784,-2.439518395093589,-2.439518395093589));
#1255=CARTESIAN_POINT('',(-7.012499999999986,-2.439518395093589,-2.439518395093589));
#1256=CARTESIAN_POINT('',(-7.607108210462935,-3.588598315902640,-2.068255933589740));
#1257=CARTESIAN_POINT('',(-7.607108210462936,-3.299552385164994,-1.901666945716982));
#1258=CARTESIAN_POINT('',(-7.379290751157734,-3.095166047466027,-1.783870742721151));
#1259=CARTESIAN_POINT('',(-7.057108210462938,-3.095166047466027,-1.783870742721152));
#1260=CARTESIAN_POINT('',(-7.655391789537033,-3.999999999999999,-1.075044408258763));
#1261=CARTESIAN_POINT('',(-7.655391789537037,-3.677817459305202,-0.988454273555626));
#1262=CARTESIAN_POINT('',(-7.427574330231836,-3.450000000000000,-0.927225802123183));
#1263=CARTESIAN_POINT('',(-7.105391789537032,-3.450000000000000,-0.927225802123183));
#1264=CARTESIAN_POINT('',(-7.699999999999987,-4.0,-4.898425E-016));
#1265=CARTESIAN_POINT('',(-7.699999999999986,-3.677817459305202,-4.503879E-016));
#1266=CARTESIAN_POINT('',(-7.472182540694785,-3.450000000000000,-4.224892E-016));
#1267=CARTESIAN_POINT('',(-7.149999999999986,-3.450000000000000,-4.224892E-016));
#1268=CARTESIAN_POINT('',(-7.744608210462937,-4.000000000000002,1.075044408258762));
#1269=CARTESIAN_POINT('',(-7.744608210462933,-3.677817459305203,0.988454273555626));
#1270=CARTESIAN_POINT('',(-7.516790751157732,-3.450000000000000,0.927225802123182));
#1271=CARTESIAN_POINT('',(-7.194608210462937,-3.450000000000000,0.927225802123182));
#1272=CARTESIAN_POINT('',(-7.792891789537036,-3.588598315902641,2.068255933589741));
#1273=CARTESIAN_POINT('',(-7.792891789537031,-3.299552385164994,1.901666945716982));
#1274=CARTESIAN_POINT('',(-7.565074330231835,-3.095166047466027,1.783870742721151));
#1275=CARTESIAN_POINT('',(-7.242891789537036,-3.095166047466027,1.783870742721151));
#1276=CARTESIAN_POINT('',(-7.837499999999986,-2.828427124746191,2.828427124746189));
#1277=CARTESIAN_POINT('',(-7.837499999999986,-2.600609665440988,2.600609665440987));
#1278=CARTESIAN_POINT('',(-7.609682540694783,-2.439518395093589,2.439518395093589));
#1279=CARTESIAN_POINT('',(-7.287499999999985,-2.439518395093589,2.439518395093589));
#1280=CARTESIAN_POINT('',(-7.882108210462935,-2.068255933589741,3.588598315902640));
#1281=CARTESIAN_POINT('',(-7.882108210462937,-1.901666945716984,3.299552385164994));
#1282=CARTESIAN_POINT('',(-7.654290751157733,-1.783870742721152,3.095166047466027));
#1283=CARTESIAN_POINT('',(-7.332108210462934,-1.783870742721152,3.095166047466027));
#1284=CARTESIAN_POINT('',(-7.930391789537032,-1.075044408258764,3.999999999999999));
#1285=CARTESIAN_POINT('',(-7.930391789537032,-0.988454273555628,3.677817459305202));
#1286=CARTESIAN_POINT('',(-7.702574330231833,-0.927225802123184,3.450000000000000));
#1287=CARTESIAN_POINT('',(-7.380391789537031,-0.927225802123184,3.449999999999998));
#1288=CARTESIAN_POINT('',(-7.974999999999984,-7.347638E-016,4.0));
#1289=CARTESIAN_POINT('',(-7.974999999999985,-6.755818E-016,3.677817459305202));
#1290=CARTESIAN_POINT('',(-7.747182540694784,-6.337338E-016,3.450000000000000));
#1291=CARTESIAN_POINT('',(-7.424999999999987,-6.337338E-016,3.450000000000000));
#1292=CARTESIAN_POINT('',(-8.019608210462931,1.075044408258763,4.0));
#1293=CARTESIAN_POINT('',(-8.019608210462934,0.988454273555627,3.677817459305202));
#1294=CARTESIAN_POINT('',(-7.791790751157733,0.927225802123183,3.450000000000000));
#1295=CARTESIAN_POINT('',(-7.469608210462937,0.927225802123183,3.450000000000000));
#1296=CARTESIAN_POINT('',(-8.067891789537033,2.068255933589741,3.588598315902640));
#1297=CARTESIAN_POINT('',(-8.067891789537033,1.901666945716982,3.299552385164994));
#1298=CARTESIAN_POINT('',(-7.840074330231831,1.783870742721151,3.095166047466027));
#1299=CARTESIAN_POINT('',(-7.517891789537032,1.783870742721152,3.095166047466027));
#1300=CARTESIAN_POINT('',(-8.112499999999987,2.828427124746189,2.828427124746191));
#1301=CARTESIAN_POINT('',(-8.112499999999979,2.600609665440987,2.600609665440988));
#1302=CARTESIAN_POINT('',(-7.884682540694785,2.439518395093588,2.439518395093589));
#1303=CARTESIAN_POINT('',(-7.562499999999987,2.439518395093589,2.439518395093589));
#1304=CARTESIAN_POINT('',(-8.157108210462933,3.588598315902640,2.068255933589742));
#1305=CARTESIAN_POINT('',(-8.157108210462933,3.299552385164994,1.901666945716986));
#1306=CARTESIAN_POINT('',(-7.929290751157733,3.095166047466027,1.783870742721153));
#1307=CARTESIAN_POINT('',(-7.607108210462937,3.095166047466027,1.783870742721153));
#1308=CARTESIAN_POINT('',(-8.205391789537032,4.0,1.075044408258764));
#1309=CARTESIAN_POINT('',(-8.205391789537032,3.677817459305202,0.988454273555628));
#1310=CARTESIAN_POINT('',(-7.977574330231835,3.450000000000000,0.927225802123184));
#1311=CARTESIAN_POINT('',(-7.655391789537033,3.450000000000000,0.927225802123184));
#1312=CARTESIAN_POINT('',(-8.249999999999982,4.0,0.0));
#1313=CARTESIAN_POINT('',(-8.249999999999986,3.677817459305202,0.0));
#1314=CARTESIAN_POINT('',(-8.022182540694782,3.450000000000000,0.0));
#1315=CARTESIAN_POINT('',(-7.699999999999987,3.450000000000000,0.0));
#1316=CARTESIAN_POINT('',(-8.294608210462929,3.999999999999999,-1.075044408258762));
#1317=CARTESIAN_POINT('',(-8.294608210462936,3.677817459305203,-0.988454273555626));
#1318=CARTESIAN_POINT('',(-8.066790751157736,3.450000000000000,-0.927225802123182));
#1319=CARTESIAN_POINT('',(-7.744608210462935,3.450000000000000,-0.927225802123182));
#1320=CARTESIAN_POINT('',(-8.342891789537031,3.588598315902640,-2.068255933589740));
#1321=CARTESIAN_POINT('',(-8.342891789537031,3.299552385164994,-1.901666945716982));
#1322=CARTESIAN_POINT('',(-8.115074330231835,3.095166047466027,-1.783870742721151));
#1323=CARTESIAN_POINT('',(-7.792891789537033,3.095166047466027,-1.783870742721151));
#1324=CARTESIAN_POINT('',(-8.387499999999980,2.828427124746191,-2.828427124746189));
#1325=CARTESIAN_POINT('',(-8.387499999999982,2.600609665440988,-2.600609665440987));
#1326=CARTESIAN_POINT('',(-8.159682540694783,2.439518395093589,-2.439518395093589));
#1327=CARTESIAN_POINT('',(-7.837499999999983,2.439518395093589,-2.439518395093589));
#1328=CARTESIAN_POINT('',(-8.432108210462932,2.068255933589740,-3.588598315902640));
#1329=CARTESIAN_POINT('',(-8.432108210462936,1.901666945716982,-3.299552385164994));
#1330=CARTESIAN_POINT('',(-8.204290751157732,1.783870742721151,-3.095166047466027));
#1331=CARTESIAN_POINT('',(-7.882108210462935,1.783870742721152,-3.095166047466027));
#1332=CARTESIAN_POINT('',(-8.480391789537030,1.075044408258763,-3.999999999999999));
#1333=CARTESIAN_POINT('',(-8.480391789537032,0.988454273555626,-3.677817459305202));
#1334=CARTESIAN_POINT('',(-8.252574330231834,0.927225802123182,-3.450000000000000));
#1335=CARTESIAN_POINT('',(-7.930391789537032,0.927225802123182,-3.450000000000000));
#1336=CARTESIAN_POINT('',(-8.524999999999988,2.449213E-016,-4.0));
#1337=CARTESIAN_POINT('',(-8.524999999999981,2.251939E-016,-3.677817459305202));
#1338=CARTESIAN_POINT('',(-8.297182540694783,2.112446E-016,-3.450000000000000));
#1339=CARTESIAN_POINT('',(-7.974999999999984,2.112446E-016,-3.450000000000000));
#1340=CARTESIAN_POINT('',(-8.569608210462935,-1.075044408258762,-4.0));
#1341=CARTESIAN_POINT('',(-8.569608210462935,-0.988454273555626,-3.677817459305203));
#1342=CARTESIAN_POINT('',(-8.341790751157735,-0.927225802123182,-3.450000000000000));
#1343=CARTESIAN_POINT('',(-8.019608210462934,-0.927225802123182,-3.450000000000000));
#1344=CARTESIAN_POINT('',(-8.617891789537030,-2.068255933589740,-3.588598315902640));
#1345=CARTESIAN_POINT('',(-8.617891789537032,-1.901666945716982,-3.299552385164994));
#1346=CARTESIAN_POINT('',(-8.390074330231833,-1.783870742721151,-3.095166047466027));
#1347=CARTESIAN_POINT('',(-8.067891789537033,-1.783870742721151,-3.095166047466027));
#1348=CARTESIAN_POINT('',(-8.662499999999982,-2.828427124746189,-2.828427124746191));
#1349=CARTESIAN_POINT('',(-8.662499999999982,-2.600609665440987,-2.600609665440988));
#1350=CARTESIAN_POINT('',(-8.434682540694784,-2.439518395093589,-2.439518395093589));
#1351=CARTESIAN_POINT('',(-8.112499999999987,-2.439518395093589,-2.439518395093589));
#1352=CARTESIAN_POINT('',(-8.707108210462931,-3.588598315902640,-2.068255933589740));
#1353=CARTESIAN_POINT('',(-8.707108210462936,-3.299552385164994,-1.901666945716982));
#1354=CARTESIAN_POINT('',(-8.479290751157734,-3.095166047466027,-1.783870742721151));
#1355=CARTESIAN_POINT('',(-8.157108210462933,-3.095166047466027,-1.783870742721152));
#1356=CARTESIAN_POINT('',(-8.755391789537031,-3.999999999999999,-1.075044408258763));
#1357=CARTESIAN_POINT('',(-8.755391789537033,-3.677817459305202,-0.988454273555626));
#1358=CARTESIAN_POINT('',(-8.527574330231831,-3.450000000000000,-0.927225802123183));
#1359=CARTESIAN_POINT('',(-8.205391789537032,-3.450000000000000,-0.927225802123183));
#1360=CARTESIAN_POINT('',(-8.799999999999987,-4.0,-4.898425E-016));
#1361=CARTESIAN_POINT('',(-8.799999999999987,-3.677817459305202,-4.503879E-016));
#1362=CARTESIAN_POINT('',(-8.572182540694785,-3.450000000000000,-4.224892E-016));
#1363=CARTESIAN_POINT('',(-8.249999999999982,-3.450000000000000,-4.224892E-016));
#1364=CARTESIAN_POINT('',(-8.844608210462932,-3.999999999999999,1.075044408258762));
#1365=CARTESIAN_POINT('',(-8.844608210462935,-3.677817459305203,0.988454273555626));
#1366=CARTESIAN_POINT('',(-8.616790751157733,-3.450000000000000,0.927225802123182));
#1367=CARTESIAN_POINT('',(-8.294608210462929,-3.450000000000000,0.927225802123182));
#1368=CARTESIAN_POINT('',(-8.892891789537030,-3.588598315902640,2.068255933589740));
#1369=CARTESIAN_POINT('',(-8.892891789537032,-3.299552385164994,1.901666945716982));
#1370=CARTESIAN_POINT('',(-8.665074330231830,-3.095166047466027,1.783870742721151));
#1371=CARTESIAN_POINT('',(-8.342891789537031,-3.095166047466027,1.783870742721151));
#1372=CARTESIAN_POINT('',(-8.937499999999982,-2.828427124746191,2.828427124746189));
#1373=CARTESIAN_POINT('',(-8.937499999999982,-2.600609665440988,2.600609665440987));
#1374=CARTESIAN_POINT('',(-8.709682540694777,-2.439518395093589,2.439518395093589));
#1375=CARTESIAN_POINT('',(-8.387499999999980,-2.439518395093589,2.439518395093589));
#1376=CARTESIAN_POINT('',(-8.982108210462931,-2.068255933589741,3.588598315902640));
#1377=CARTESIAN_POINT('',(-8.982108210462936,-1.901666945716984,3.299552385164994));
#1378=CARTESIAN_POINT('',(-8.754290751157733,-1.783870742721152,3.095166047466027));
#1379=CARTESIAN_POINT('',(-8.432108210462932,-1.783870742721152,3.095166047466027));
#1380=CARTESIAN_POINT('',(-9.030391789537031,-1.075044408258764,3.999999999999999));
#1381=CARTESIAN_POINT('',(-9.030391789537031,-0.988454273555628,3.677817459305202));
#1382=CARTESIAN_POINT('',(-8.802574330231831,-0.927225802123184,3.450000000000000));
#1383=CARTESIAN_POINT('',(-8.480391789537030,-0.927225802123184,3.449999999999998));
#1384=CARTESIAN_POINT('',(-9.074999999999982,-7.347638E-016,4.0));
#1385=CARTESIAN_POINT('',(-9.074999999999982,-6.755818E-016,3.677817459305202));
#1386=CARTESIAN_POINT('',(-8.847182540694778,-6.337338E-016,3.450000000000000));
#1387=CARTESIAN_POINT('',(-8.524999999999981,-6.337338E-016,3.450000000000000));
#1388=CARTESIAN_POINT('',(-9.119608210462932,1.075044408258763,4.0));
#1389=CARTESIAN_POINT('',(-9.119608210462932,0.988454273555627,3.677817459305202));
#1390=CARTESIAN_POINT('',(-8.891790751157734,0.927225802123183,3.450000000000000));
#1391=CARTESIAN_POINT('',(-8.569608210462931,0.927225802123183,3.450000000000000));
#1392=CARTESIAN_POINT('',(-9.167891789537030,2.068255933589740,3.588598315902640));
#1393=CARTESIAN_POINT('',(-9.167891789537030,1.901666945716982,3.299552385164994));
#1394=CARTESIAN_POINT('',(-8.940074330231830,1.783870742721151,3.095166047466027));
#1395=CARTESIAN_POINT('',(-8.617891789537030,1.783870742721152,3.095166047466027));
#1396=CARTESIAN_POINT('',(-9.212499999999981,2.828427124746189,2.828427124746191));
#1397=CARTESIAN_POINT('',(-9.212499999999981,2.600609665440987,2.600609665440988));
#1398=CARTESIAN_POINT('',(-8.984682540694774,2.439518395093588,2.439518395093589));
#1399=CARTESIAN_POINT('',(-8.662499999999982,2.439518395093589,2.439518395093589));
#1400=CARTESIAN_POINT('',(-9.257108210462931,3.588598315902640,2.068255933589742));
#1401=CARTESIAN_POINT('',(-9.257108210462931,3.299552385164994,1.901666945716986));
#1402=CARTESIAN_POINT('',(-9.029290751157728,3.095166047466027,1.783870742721153));
#1403=CARTESIAN_POINT('',(-8.707108210462931,3.095166047466027,1.783870742721152));
#1404=CARTESIAN_POINT('',(-9.305391789537030,3.999999999999999,1.075044408258764));
#1405=CARTESIAN_POINT('',(-9.305391789537030,3.677817459305202,0.988454273555628));
#1406=CARTESIAN_POINT('',(-9.077574330231833,3.450000000000000,0.927225802123184));
#1407=CARTESIAN_POINT('',(-8.755391789537031,3.449999999999998,0.927225802123184));
#1408=CARTESIAN_POINT('',(-9.349999999999984,4.0,0.0));
#1409=CARTESIAN_POINT('',(-9.349999999999984,3.677817459305202,0.0));
#1410=CARTESIAN_POINT('',(-9.122182540694784,3.450000000000000,0.0));
#1411=CARTESIAN_POINT('',(-8.799999999999981,3.450000000000000,0.0));
#1412=CARTESIAN_POINT('',(-9.394608210462931,3.999999999999999,-1.075044408258762));
#1413=CARTESIAN_POINT('',(-9.394608210462931,3.677817459305203,-0.988454273555626));
#1414=CARTESIAN_POINT('',(-9.166790751157731,3.450000000000000,-0.927225802123182));
#1415=CARTESIAN_POINT('',(-8.844608210462932,3.450000000000000,-0.927225802123182));
#1416=CARTESIAN_POINT('',(-9.442891789537031,3.588598315902640,-2.068255933589740));
#1417=CARTESIAN_POINT('',(-9.442891789537031,3.299552385164994,-1.901666945716982));
#1418=CARTESIAN_POINT('',(-9.215074330231833,3.095166047466027,-1.783870742721151));
#1419=CARTESIAN_POINT('',(-8.892891789537025,3.095166047466027,-1.783870742721151));
#1420=CARTESIAN_POINT('',(-9.487499999999985,2.828427124746191,-2.828427124746189));
#1421=CARTESIAN_POINT('',(-9.487499999999985,2.600609665440988,-2.600609665440987));
#1422=CARTESIAN_POINT('',(-9.259682540694778,2.439518395093589,-2.439518395093589));
#1423=CARTESIAN_POINT('',(-8.937499999999982,2.439518395093589,-2.439518395093589));
#1424=CARTESIAN_POINT('',(-9.532108210462932,2.068255933589741,-3.588598315902640));
#1425=CARTESIAN_POINT('',(-9.532108210462932,1.901666945716982,-3.299552385164994));
#1426=CARTESIAN_POINT('',(-9.304290751157726,1.783870742721151,-3.095166047466027));
#1427=CARTESIAN_POINT('',(-8.982108210462931,1.783870742721152,-3.095166047466027));
#1428=CARTESIAN_POINT('',(-9.580391789537030,1.075044408258763,-3.999999999999999));
#1429=CARTESIAN_POINT('',(-9.580391789537032,0.988454273555626,-3.677817459305202));
#1430=CARTESIAN_POINT('',(-9.352574330231827,0.927225802123182,-3.450000000000000));
#1431=CARTESIAN_POINT('',(-9.030391789537024,0.927225802123182,-3.449999999999998));
#1432=CARTESIAN_POINT('',(-9.624999999999982,2.449213E-016,-4.0));
#1433=CARTESIAN_POINT('',(-9.624999999999979,2.251939E-016,-3.677817459305202));
#1434=CARTESIAN_POINT('',(-9.397182540694782,2.112446E-016,-3.450000000000000));
#1435=CARTESIAN_POINT('',(-9.074999999999982,2.112446E-016,-3.450000000000000));
#1436=CARTESIAN_POINT('',(-9.669608210462924,-1.075044408258762,-3.999999999999999));
#1437=CARTESIAN_POINT('',(-9.669608210462936,-0.988454273555626,-3.677817459305203));
#1438=CARTESIAN_POINT('',(-9.441790751157729,-0.927225802123182,-3.450000000000000));
#1439=CARTESIAN_POINT('',(-9.119608210462925,-0.927225802123182,-3.450000000000000));
#1440=CARTESIAN_POINT('',(-9.717891789537024,-2.068255933589740,-3.588598315902640));
#1441=CARTESIAN_POINT('',(-9.717891789537031,-1.901666945716982,-3.299552385164994));
#1442=CARTESIAN_POINT('',(-9.490074330231826,-1.783870742721151,-3.095166047466027));
#1443=CARTESIAN_POINT('',(-9.167891789537027,-1.783870742721151,-3.095166047466027));
#1444=CARTESIAN_POINT('',(-9.762499999999982,-2.828427124746189,-2.828427124746191));
#1445=CARTESIAN_POINT('',(-9.762499999999978,-2.600609665440987,-2.600609665440988));
#1446=CARTESIAN_POINT('',(-9.534682540694778,-2.439518395093589,-2.439518395093589));
#1447=CARTESIAN_POINT('',(-9.212499999999981,-2.439518395093589,-2.439518395093589));
#1448=CARTESIAN_POINT('',(-9.807108210462925,-3.588598315902640,-2.068255933589740));
#1449=CARTESIAN_POINT('',(-9.807108210462932,-3.299552385164994,-1.901666945716982));
#1450=CARTESIAN_POINT('',(-9.579290751157734,-3.095166047466027,-1.783870742721151));
#1451=CARTESIAN_POINT('',(-9.257108210462931,-3.095166047466027,-1.783870742721152));
#1452=CARTESIAN_POINT('',(-9.855391789537025,-3.999999999999999,-1.075044408258763));
#1453=CARTESIAN_POINT('',(-9.855391789537030,-3.677817459305202,-0.988454273555626));
#1454=CARTESIAN_POINT('',(-9.627574330231830,-3.450000000000000,-0.927225802123183));
#1455=CARTESIAN_POINT('',(-9.305391789537030,-3.450000000000000,-0.927225802123183));
#1456=CARTESIAN_POINT('',(-9.899999999999981,-4.0,-4.898425E-016));
#1457=CARTESIAN_POINT('',(-9.899999999999981,-3.677817459305202,-4.503879E-016));
#1458=CARTESIAN_POINT('',(-9.672182540694777,-3.450000000000000,-4.224892E-016));
#1459=CARTESIAN_POINT('',(-9.349999999999984,-3.450000000000000,-4.224892E-016));
#1460=CARTESIAN_POINT('',(-9.944608210462926,-3.999999999999999,1.075044408258762));
#1461=CARTESIAN_POINT('',(-9.944608210462931,-3.677817459305203,0.988454273555626));
#1462=CARTESIAN_POINT('',(-9.716790751157733,-3.450000000000000,0.927225802123182));
#1463=CARTESIAN_POINT('',(-9.394608210462931,-3.450000000000000,0.927225802123182));
#1464=CARTESIAN_POINT('',(-9.992891789537024,-3.588598315902640,2.068255933589740));
#1465=CARTESIAN_POINT('',(-9.992891789537030,-3.299552385164994,1.901666945716982));
#1466=CARTESIAN_POINT('',(-9.765074330231826,-3.095166047466027,1.783870742721151));
#1467=CARTESIAN_POINT('',(-9.442891789537031,-3.095166047466027,1.783870742721151));
#1468=CARTESIAN_POINT('',(-10.037499999999982,-2.828427124746191,2.828427124746189));
#1469=CARTESIAN_POINT('',(-10.037499999999982,-2.600609665440988,2.600609665440987));
#1470=CARTESIAN_POINT('',(-9.809682540694777,-2.439518395093589,2.439518395093589));
#1471=CARTESIAN_POINT('',(-9.487499999999983,-2.439518395093589,2.439518395093589));
#1472=CARTESIAN_POINT('',(-10.082108210462930,-2.068255933589742,3.588598315902640));
#1473=CARTESIAN_POINT('',(-10.082108210462938,-1.901666945716984,3.299552385164994));
#1474=CARTESIAN_POINT('',(-9.854290751157729,-1.783870742721152,3.095166047466027));
#1475=CARTESIAN_POINT('',(-9.532108210462926,-1.783870742721153,3.095166047466027));
#1476=CARTESIAN_POINT('',(-10.130391789537024,-1.075044408258764,3.999999999999999));
#1477=CARTESIAN_POINT('',(-10.130391789537025,-0.988454273555628,3.677817459305202));
#1478=CARTESIAN_POINT('',(-9.902574330231825,-0.927225802123184,3.450000000000000));
#1479=CARTESIAN_POINT('',(-9.580391789537023,-0.927225802123184,3.449999999999998));
#1480=CARTESIAN_POINT('',(-10.174999999999981,-7.347638E-016,4.0));
#1481=CARTESIAN_POINT('',(-10.174999999999981,-6.755818E-016,3.677817459305202));
#1482=CARTESIAN_POINT('',(-9.947182540694778,-6.337338E-016,3.450000000000000));
#1483=CARTESIAN_POINT('',(-9.624999999999979,-6.337338E-016,3.450000000000000));
#1484=CARTESIAN_POINT('',(-10.219608210462926,1.075044408258763,3.999999999999999));
#1485=CARTESIAN_POINT('',(-10.219608210462932,0.988454273555627,3.677817459305202));
#1486=CARTESIAN_POINT('',(-9.991790751157726,0.927225802123183,3.450000000000000));
#1487=CARTESIAN_POINT('',(-9.669608210462924,0.927225802123183,3.449999999999998));
#1488=CARTESIAN_POINT('',(-10.267891789537025,2.068255933589740,3.588598315902640));
#1489=CARTESIAN_POINT('',(-10.267891789537028,1.901666945716982,3.299552385164994));
#1490=CARTESIAN_POINT('',(-10.040074330231830,1.783870742721151,3.095166047466027));
#1491=CARTESIAN_POINT('',(-9.717891789537024,1.783870742721152,3.095166047466027));
#1492=CARTESIAN_POINT('',(-10.312499999999982,2.828427124746189,2.828427124746191));
#1493=CARTESIAN_POINT('',(-10.312499999999975,2.600609665440987,2.600609665440988));
#1494=CARTESIAN_POINT('',(-10.084682540694786,2.439518395093588,2.439518395093589));
#1495=CARTESIAN_POINT('',(-9.762499999999982,2.439518395093589,2.439518395093589));
#1496=CARTESIAN_POINT('',(-10.357108210462927,3.588598315902640,2.068255933589742));
#1497=CARTESIAN_POINT('',(-10.357108210462931,3.299552385164994,1.901666945716986));
#1498=CARTESIAN_POINT('',(-10.129290751157733,3.095166047466027,1.783870742721153));
#1499=CARTESIAN_POINT('',(-9.807108210462925,3.095166047466027,1.783870742721152));
#1500=CARTESIAN_POINT('',(-10.405391789537024,3.999999999999999,1.075044408258764));
#1501=CARTESIAN_POINT('',(-10.405391789537024,3.677817459305202,0.988454273555628));
#1502=CARTESIAN_POINT('',(-10.177574330231828,3.450000000000000,0.927225802123184));
#1503=CARTESIAN_POINT('',(-9.855391789537025,3.449999999999998,0.927225802123184));
#1504=CARTESIAN_POINT('',(-10.449999999999974,4.0,0.0));
#1505=CARTESIAN_POINT('',(-10.449999999999978,3.677817459305202,0.0));
#1506=CARTESIAN_POINT('',(-10.222182540694778,3.450000000000000,0.0));
#1507=CARTESIAN_POINT('',(-9.899999999999981,3.450000000000000,0.0));
#1508=CARTESIAN_POINT('',(-10.494608210462930,4.0,-1.075044408258762));
#1509=CARTESIAN_POINT('',(-10.494608210462928,3.677817459305203,-0.988454273555626));
#1510=CARTESIAN_POINT('',(-10.266790751157728,3.450000000000000,-0.927225802123182));
#1511=CARTESIAN_POINT('',(-9.944608210462931,3.450000000000000,-0.927225802123183));
#1512=CARTESIAN_POINT('',(-10.542891789537025,3.588598315902640,-2.068255933589740));
#1513=CARTESIAN_POINT('',(-10.542891789537027,3.299552385164994,-1.901666945716982));
#1514=CARTESIAN_POINT('',(-10.315074330231829,3.095166047466027,-1.783870742721151));
#1515=CARTESIAN_POINT('',(-9.992891789537023,3.095166047466027,-1.783870742721151));
#1516=CARTESIAN_POINT('',(-10.587499999999981,2.828427124746191,-2.828427124746189));
#1517=CARTESIAN_POINT('',(-10.587499999999981,2.600609665440988,-2.600609665440987));
#1518=CARTESIAN_POINT('',(-10.359682540694777,2.439518395093589,-2.439518395093589));
#1519=CARTESIAN_POINT('',(-10.037499999999980,2.439518395093589,-2.439518395093589));
#1520=CARTESIAN_POINT('',(-10.632108210462928,2.068255933589740,-3.588598315902640));
#1521=CARTESIAN_POINT('',(-10.632108210462928,1.901666945716982,-3.299552385164994));
#1522=CARTESIAN_POINT('',(-10.404290751157728,1.783870742721151,-3.095166047466027));
#1523=CARTESIAN_POINT('',(-10.082108210462927,1.783870742721152,-3.095166047466027));
#1524=CARTESIAN_POINT('',(-10.680391789537023,1.075044408258763,-3.999999999999999));
#1525=CARTESIAN_POINT('',(-10.680391789537026,0.988454273555626,-3.677817459305202));
#1526=CARTESIAN_POINT('',(-10.452574330231830,0.927225802123182,-3.450000000000000));
#1527=CARTESIAN_POINT('',(-10.130391789537024,0.927225802123182,-3.450000000000000));
#1528=CARTESIAN_POINT('',(-10.724999999999982,2.449213E-016,-4.0));
#1529=CARTESIAN_POINT('',(-10.724999999999978,2.251939E-016,-3.677817459305202));
#1530=CARTESIAN_POINT('',(-10.497182540694780,2.112446E-016,-3.450000000000000));
#1531=CARTESIAN_POINT('',(-10.174999999999981,2.112446E-016,-3.450000000000000));
#1532=CARTESIAN_POINT('',(-10.769608210462927,-1.075044408258762,-3.999999999999999));
#1533=CARTESIAN_POINT('',(-10.769608210462936,-0.988454273555626,-3.677817459305203));
#1534=CARTESIAN_POINT('',(-10.541790751157729,-0.927225802123182,-3.450000000000000));
#1535=CARTESIAN_POINT('',(-10.219608210462926,-0.927225802123182,-3.450000000000000));
#1536=CARTESIAN_POINT('',(-10.817891789537025,-2.068255933589740,-3.588598315902640));
#1537=CARTESIAN_POINT('',(-10.817891789537027,-1.901666945716982,-3.299552385164994));
#1538=CARTESIAN_POINT('',(-10.590074330231827,-1.783870742721151,-3.095166047466027));
#1539=CARTESIAN_POINT('',(-10.267891789537023,-1.783870742721151,-3.095166047466027));
#1540=CARTESIAN_POINT('',(-10.862499999999978,-2.828427124746189,-2.828427124746191));
#1541=CARTESIAN_POINT('',(-10.862499999999978,-2.600609665440987,-2.600609665440988));
#1542=CARTESIAN_POINT('',(-10.634682540694779,-2.439518395093589,-2.439518395093589));
#1543=CARTESIAN_POINT('',(-10.312499999999982,-2.439518395093589,-2.439518395093589));
#1544=CARTESIAN_POINT('',(-10.907108210462926,-3.588598315902640,-2.068255933589740));
#1545=CARTESIAN_POINT('',(-10.907108210462926,-3.299552385164994,-1.901666945716982));
#1546=CARTESIAN_POINT('',(-10.679290751157728,-3.095166047466027,-1.783870742721151));
#1547=CARTESIAN_POINT('',(-10.357108210462927,-3.095166047466027,-1.783870742721152));
#1548=CARTESIAN_POINT('',(-10.955391789537025,-3.999999999999999,-1.075044408258763));
#1549=CARTESIAN_POINT('',(-10.955391789537028,-3.677817459305202,-0.988454273555626));
#1550=CARTESIAN_POINT('',(-10.727574330231826,-3.450000000000000,-0.927225802123183));
#1551=CARTESIAN_POINT('',(-10.405391789537024,-3.450000000000000,-0.927225802123183));
#1552=CARTESIAN_POINT('',(-10.999999999999977,-4.0,-4.898425E-016));
#1553=CARTESIAN_POINT('',(-10.999999999999982,-3.677817459305202,-4.503879E-016));
#1554=CARTESIAN_POINT('',(-10.772182540694782,-3.450000000000000,-4.224892E-016));
#1555=CARTESIAN_POINT('',(-10.449999999999974,-3.450000000000000,-4.224892E-016));
#1556=CARTESIAN_POINT('',(-11.044608210462927,-4.0,1.075044408258762));
#1557=CARTESIAN_POINT('',(-11.044608210462927,-3.677817459305203,0.988454273555626));
#1558=CARTESIAN_POINT('',(-10.816790751157729,-3.450000000000000,0.927225802123182));
#1559=CARTESIAN_POINT('',(-10.494608210462928,-3.450000000000000,0.927225802123182));
#1560=CARTESIAN_POINT('',(-11.092891789537024,-3.588598315902640,2.068255933589740));
#1561=CARTESIAN_POINT('',(-11.092891789537024,-3.299552385164994,1.901666945716982));
#1562=CARTESIAN_POINT('',(-10.865074330231826,-3.095166047466027,1.783870742721151));
#1563=CARTESIAN_POINT('',(-10.542891789537023,-3.095166047466027,1.783870742721151));
#1564=CARTESIAN_POINT('',(-11.137499999999978,-2.828427124746191,2.828427124746189));
#1565=CARTESIAN_POINT('',(-11.137499999999978,-2.600609665440988,2.600609665440987));
#1566=CARTESIAN_POINT('',(-10.909682540694780,-2.439518395093589,2.439518395093589));
#1567=CARTESIAN_POINT('',(-10.587499999999979,-2.439518395093589,2.439518395093589));
#1568=CARTESIAN_POINT('',(-11.182108210462927,-2.068255933589741,3.588598315902640));
#1569=CARTESIAN_POINT('',(-11.182108210462932,-1.901666945716984,3.299552385164994));
#1570=CARTESIAN_POINT('',(-10.954290751157727,-1.783870742721152,3.095166047466027));
#1571=CARTESIAN_POINT('',(-10.632108210462928,-1.783870742721152,3.095166047466027));
#1572=CARTESIAN_POINT('',(-11.230391789537027,-1.075044408258764,3.999999999999999));
#1573=CARTESIAN_POINT('',(-11.230391789537023,-0.988454273555628,3.677817459305202));
#1574=CARTESIAN_POINT('',(-11.002574330231827,-0.927225802123184,3.450000000000000));
#1575=CARTESIAN_POINT('',(-10.680391789537023,-0.927225802123184,3.449999999999998));
#1576=CARTESIAN_POINT('',(-11.274999999999977,-7.347638E-016,4.0));
#1577=CARTESIAN_POINT('',(-11.274999999999977,-6.755818E-016,3.677817459305202));
#1578=CARTESIAN_POINT('',(-11.047182540694783,-6.337338E-016,3.450000000000000));
#1579=CARTESIAN_POINT('',(-10.724999999999978,-6.337338E-016,3.450000000000000));
#1580=CARTESIAN_POINT('',(-11.319608210462924,1.075044408258763,3.999999999999999));
#1581=CARTESIAN_POINT('',(-11.319608210462928,0.988454273555627,3.677817459305202));
#1582=CARTESIAN_POINT('',(-11.091790751157728,0.927225802123183,3.450000000000000));
#1583=CARTESIAN_POINT('',(-10.769608210462927,0.927225802123183,3.449999999999998));
#1584=CARTESIAN_POINT('',(-11.367891789537023,2.068255933589740,3.588598315902640));
#1585=CARTESIAN_POINT('',(-11.367891789537026,1.901666945716982,3.299552385164994));
#1586=CARTESIAN_POINT('',(-11.140074330231833,1.783870742721151,3.095166047466027));
#1587=CARTESIAN_POINT('',(-10.817891789537024,1.783870742721152,3.095166047466027));
#1588=CARTESIAN_POINT('',(-11.412499999999977,2.828427124746189,2.828427124746191));
#1589=CARTESIAN_POINT('',(-11.412499999999975,2.600609665440987,2.600609665440988));
#1590=CARTESIAN_POINT('',(-11.184682540694773,2.439518395093588,2.439518395093589));
#1591=CARTESIAN_POINT('',(-10.862499999999978,2.439518395093589,2.439518395093589));
#1592=CARTESIAN_POINT('',(-11.457108210462923,3.588598315902640,2.068255933589742));
#1593=CARTESIAN_POINT('',(-11.457108210462927,3.299552385164994,1.901666945716986));
#1594=CARTESIAN_POINT('',(-11.229290751157725,3.095166047466027,1.783870742721153));
#1595=CARTESIAN_POINT('',(-10.907108210462926,3.095166047466027,1.783870742721152));
#1596=CARTESIAN_POINT('',(-11.505391789537025,3.999999999999999,1.075044408258764));
#1597=CARTESIAN_POINT('',(-11.505391789537025,3.677817459305202,0.988454273555628));
#1598=CARTESIAN_POINT('',(-11.277574330231824,3.450000000000000,0.927225802123184));
#1599=CARTESIAN_POINT('',(-10.955391789537023,3.449999999999998,0.927225802123184));
#1600=CARTESIAN_POINT('',(-11.549999999999978,4.0,0.0));
#1601=CARTESIAN_POINT('',(-11.549999999999979,3.677817459305202,0.0));
#1602=CARTESIAN_POINT('',(-11.322182540694772,3.450000000000000,0.0));
#1603=CARTESIAN_POINT('',(-10.999999999999977,3.450000000000000,0.0));
#1604=CARTESIAN_POINT('',(-11.594608210462926,4.0,-1.075044408258762));
#1605=CARTESIAN_POINT('',(-11.594608210462926,3.677817459305203,-0.988454273555626));
#1606=CARTESIAN_POINT('',(-11.366790751157730,3.450000000000000,-0.927225802123182));
#1607=CARTESIAN_POINT('',(-11.044608210462927,3.450000000000000,-0.927225802123183));
#1608=CARTESIAN_POINT('',(-11.642891789537025,3.588598315902640,-2.068255933589740));
#1609=CARTESIAN_POINT('',(-11.642891789537025,3.299552385164994,-1.901666945716982));
#1610=CARTESIAN_POINT('',(-11.415074330231826,3.095166047466027,-1.783870742721151));
#1611=CARTESIAN_POINT('',(-11.092891789537024,3.095166047466027,-1.783870742721151));
#1612=CARTESIAN_POINT('',(-11.687499999999977,2.828427124746191,-2.828427124746189));
#1613=CARTESIAN_POINT('',(-11.687499999999982,2.600609665440988,-2.600609665440987));
#1614=CARTESIAN_POINT('',(-11.459682540694780,2.439518395093589,-2.439518395093589));
#1615=CARTESIAN_POINT('',(-11.137499999999978,2.439518395093589,-2.439518395093589));
#1616=CARTESIAN_POINT('',(-11.732108210462929,2.068255933589740,-3.588598315902640));
#1617=CARTESIAN_POINT('',(-11.732108210462927,1.901666945716982,-3.299552385164994));
#1618=CARTESIAN_POINT('',(-11.504290751157725,1.783870742721151,-3.095166047466027));
#1619=CARTESIAN_POINT('',(-11.182108210462925,1.783870742721152,-3.095166047466027));
#1620=CARTESIAN_POINT('',(-11.780391789537020,1.075044408258763,-3.999999999999999));
#1621=CARTESIAN_POINT('',(-11.780391789537024,0.988454273555626,-3.677817459305202));
#1622=CARTESIAN_POINT('',(-11.552574330231826,0.927225802123182,-3.450000000000000));
#1623=CARTESIAN_POINT('',(-11.230391789537023,0.927225802123182,-3.450000000000000));
#1624=CARTESIAN_POINT('',(-11.824999999999978,2.449213E-016,-4.0));
#1625=CARTESIAN_POINT('',(-11.824999999999978,2.251939E-016,-3.677817459305202));
#1626=CARTESIAN_POINT('',(-11.597182540694771,2.112446E-016,-3.450000000000000));
#1627=CARTESIAN_POINT('',(-11.274999999999975,2.112446E-016,-3.450000000000000));
#1628=CARTESIAN_POINT('',(-11.869608210462923,-1.075044408258762,-3.999999999999999));
#1629=CARTESIAN_POINT('',(-11.869608210462930,-0.988454273555626,-3.677817459305203));
#1630=CARTESIAN_POINT('',(-11.641790751157728,-0.927225802123182,-3.450000000000000));
#1631=CARTESIAN_POINT('',(-11.319608210462924,-0.927225802123182,-3.450000000000000));
#1632=CARTESIAN_POINT('',(-11.917891789537023,-2.068255933589740,-3.588598315902640));
#1633=CARTESIAN_POINT('',(-11.917891789537025,-1.901666945716982,-3.299552385164994));
#1634=CARTESIAN_POINT('',(-11.690074330231825,-1.783870742721151,-3.095166047466027));
#1635=CARTESIAN_POINT('',(-11.367891789537023,-1.783870742721151,-3.095166047466027));
#1636=CARTESIAN_POINT('',(-11.962499999999977,-2.828427124746189,-2.828427124746191));
#1637=CARTESIAN_POINT('',(-11.962499999999981,-2.600609665440987,-2.600609665440988));
#1638=CARTESIAN_POINT('',(-11.734682540694781,-2.439518395093589,-2.439518395093589));
#1639=CARTESIAN_POINT('',(-11.412499999999977,-2.439518395093589,-2.439518395093589));
#1640=CARTESIAN_POINT('',(-12.007108210462929,-3.588598315902640,-2.068255933589741));
#1641=CARTESIAN_POINT('',(-12.007108210462931,-3.299552385164994,-1.901666945716982));
#1642=CARTESIAN_POINT('',(-11.779290751157728,-3.095166047466027,-1.783870742721151));
#1643=CARTESIAN_POINT('',(-11.457108210462927,-3.095166047466027,-1.783870742721152));
#1644=CARTESIAN_POINT('',(-12.055391789537024,-3.999999999999999,-1.075044408258763));
#1645=CARTESIAN_POINT('',(-12.055391789537024,-3.677817459305202,-0.988454273555626));
#1646=CARTESIAN_POINT('',(-11.827574330231823,-3.450000000000000,-0.927225802123183));
#1647=CARTESIAN_POINT('',(-11.505391789537025,-3.449999999999998,-0.927225802123183));
#1648=CARTESIAN_POINT('',(-12.099999999999977,-4.0,-4.898425E-016));
#1649=CARTESIAN_POINT('',(-12.099999999999973,-3.677817459305202,-4.503879E-016));
#1650=CARTESIAN_POINT('',(-11.872182540694780,-3.450000000000000,-4.224892E-016));
#1651=CARTESIAN_POINT('',(-11.549999999999974,-3.450000000000000,-4.224892E-016));
#1652=CARTESIAN_POINT('',(-12.144608210462923,-3.999999999999999,1.075044408258762));
#1653=CARTESIAN_POINT('',(-12.144608210462923,-3.677817459305203,0.988454273555626));
#1654=CARTESIAN_POINT('',(-11.916790751157729,-3.450000000000000,0.927225802123182));
#1655=CARTESIAN_POINT('',(-11.594608210462923,-3.450000000000000,0.927225802123182));
#1656=CARTESIAN_POINT('',(-12.192891789537024,-3.588598315902640,2.068255933589740));
#1657=CARTESIAN_POINT('',(-12.192891789537025,-3.299552385164994,1.901666945716982));
#1658=CARTESIAN_POINT('',(-11.965074330231825,-3.095166047466027,1.783870742721151));
#1659=CARTESIAN_POINT('',(-11.642891789537021,-3.095166047466027,1.783870742721151));
#1660=CARTESIAN_POINT('',(-12.237499999999974,-2.828427124746191,2.828427124746189));
#1661=CARTESIAN_POINT('',(-12.237499999999979,-2.600609665440988,2.600609665440987));
#1662=CARTESIAN_POINT('',(-12.009682540694770,-2.439518395093589,2.439518395093589));
#1663=CARTESIAN_POINT('',(-11.687499999999977,-2.439518395093589,2.439518395093589));
#1664=CARTESIAN_POINT('',(-12.282108210462923,-2.068255933589741,3.588598315902640));
#1665=CARTESIAN_POINT('',(-12.282108210462928,-1.901666945716984,3.299552385164994));
#1666=CARTESIAN_POINT('',(-12.054290751157728,-1.783870742721152,3.095166047466027));
#1667=CARTESIAN_POINT('',(-11.732108210462922,-1.783870742721152,3.095166047466027));
#1668=CARTESIAN_POINT('',(-12.330391789537023,-1.075044408258764,3.999999999999999));
#1669=CARTESIAN_POINT('',(-12.330391789537023,-0.988454273555628,3.677817459305202));
#1670=CARTESIAN_POINT('',(-12.102574330231826,-0.927225802123184,3.450000000000000));
#1671=CARTESIAN_POINT('',(-11.780391789537020,-0.927225802123184,3.449999999999998));
#1672=CARTESIAN_POINT('',(-12.374999999999973,-7.347638E-016,4.0));
#1673=CARTESIAN_POINT('',(-12.374999999999973,-6.755818E-016,3.677817459305202));
#1674=CARTESIAN_POINT('',(-12.147182540694772,-6.337338E-016,3.450000000000000));
#1675=CARTESIAN_POINT('',(-11.824999999999974,-6.337338E-016,3.450000000000000));
#1676=CARTESIAN_POINT('',(-12.419608210462922,1.075044408258763,3.999999999999999));
#1677=CARTESIAN_POINT('',(-12.419608210462926,0.988454273555627,3.677817459305202));
#1678=CARTESIAN_POINT('',(-12.191790751157727,0.927225802123183,3.450000000000000));
#1679=CARTESIAN_POINT('',(-11.869608210462923,0.927225802123183,3.449999999999998));
#1680=CARTESIAN_POINT('',(-12.467891789537022,2.068255933589740,3.588598315902640));
#1681=CARTESIAN_POINT('',(-12.467891789537024,1.901666945716982,3.299552385164994));
#1682=CARTESIAN_POINT('',(-12.240074330231831,1.783870742721151,3.095166047466027));
#1683=CARTESIAN_POINT('',(-11.917891789537023,1.783870742721152,3.095166047466027));
#1684=CARTESIAN_POINT('',(-12.512499999999974,2.828427124746189,2.828427124746191));
#1685=CARTESIAN_POINT('',(-12.512499999999974,2.600609665440987,2.600609665440988));
#1686=CARTESIAN_POINT('',(-12.284682540694774,2.439518395093588,2.439518395093589));
#1687=CARTESIAN_POINT('',(-11.962499999999977,2.439518395093589,2.439518395093589));
#1688=CARTESIAN_POINT('',(-12.557108210462925,3.588598315902640,2.068255933589742));
#1689=CARTESIAN_POINT('',(-12.557108210462928,3.299552385164994,1.901666945716986));
#1690=CARTESIAN_POINT('',(-12.329290751157728,3.095166047466027,1.783870742721153));
#1691=CARTESIAN_POINT('',(-12.007108210462929,3.095166047466027,1.783870742721153));
#1692=CARTESIAN_POINT('',(-12.605391789537023,3.999999999999999,1.075044408258764));
#1693=CARTESIAN_POINT('',(-12.605391789537023,3.677817459305202,0.988454273555628));
#1694=CARTESIAN_POINT('',(-12.377574330231823,3.450000000000000,0.927225802123184));
#1695=CARTESIAN_POINT('',(-12.055391789537024,3.449999999999998,0.927225802123184));
#1696=CARTESIAN_POINT('',(-12.649999999999979,4.0,0.0));
#1697=CARTESIAN_POINT('',(-12.649999999999979,3.677817459305202,0.0));
#1698=CARTESIAN_POINT('',(-12.422182540694775,3.450000000000000,0.0));
#1699=CARTESIAN_POINT('',(-12.099999999999977,3.450000000000000,0.0));
#1700=CARTESIAN_POINT('',(-12.694608210462928,3.999999999999999,-1.075044408258762));
#1701=CARTESIAN_POINT('',(-12.694608210462926,3.677817459305203,-0.988454273555626));
#1702=CARTESIAN_POINT('',(-12.466790751157721,3.450000000000000,-0.927225802123182));
#1703=CARTESIAN_POINT('',(-12.144608210462923,3.450000000000000,-0.927225802123182));
#1704=CARTESIAN_POINT('',(-12.742891789537023,3.588598315902640,-2.068255933589740));
#1705=CARTESIAN_POINT('',(-12.742891789537024,3.299552385164994,-1.901666945716982));
#1706=CARTESIAN_POINT('',(-12.515074330231823,3.095166047466027,-1.783870742721151));
#1707=CARTESIAN_POINT('',(-12.192891789537022,3.095166047466027,-1.783870742721151));
#1708=CARTESIAN_POINT('',(-12.787499999999978,2.828427124746191,-2.828427124746189));
#1709=CARTESIAN_POINT('',(-12.787499999999975,2.600609665440988,-2.600609665440987));
#1710=CARTESIAN_POINT('',(-12.559682540694773,2.439518395093589,-2.439518395093589));
#1711=CARTESIAN_POINT('',(-12.237499999999974,2.439518395093589,-2.439518395093589));
#1712=CARTESIAN_POINT('',(-12.832108210462925,2.068255933589740,-3.588598315902640));
#1713=CARTESIAN_POINT('',(-12.832108210462929,1.901666945716982,-3.299552385164994));
#1714=CARTESIAN_POINT('',(-12.604290751157725,1.783870742721151,-3.095166047466027));
#1715=CARTESIAN_POINT('',(-12.282108210462921,1.783870742721152,-3.095166047466027));
#1716=CARTESIAN_POINT('',(-12.880391789537025,1.075044408258763,-3.999999999999999));
#1717=CARTESIAN_POINT('',(-12.880391789537025,0.988454273555626,-3.677817459305202));
#1718=CARTESIAN_POINT('',(-12.652574330231825,0.927225802123182,-3.450000000000000));
#1719=CARTESIAN_POINT('',(-12.330391789537023,0.927225802123182,-3.450000000000000));
#1720=CARTESIAN_POINT('',(-12.924999999999972,2.449213E-016,-4.0));
#1721=CARTESIAN_POINT('',(-12.924999999999972,2.251939E-016,-3.677817459305202));
#1722=CARTESIAN_POINT('',(-12.697182540694774,2.112446E-016,-3.450000000000000));
#1723=CARTESIAN_POINT('',(-12.374999999999973,2.112446E-016,-3.450000000000000));
#1724=CARTESIAN_POINT('',(-12.969608210462924,-1.075044408258762,-4.0));
#1725=CARTESIAN_POINT('',(-12.969608210462926,-0.988454273555626,-3.677817459305203));
#1726=CARTESIAN_POINT('',(-12.741790751157726,-0.927225802123182,-3.450000000000000));
#1727=CARTESIAN_POINT('',(-12.419608210462929,-0.927225802123182,-3.450000000000000));
#1728=CARTESIAN_POINT('',(-13.017891789537021,-2.068255933589740,-3.588598315902640));
#1729=CARTESIAN_POINT('',(-13.017891789537025,-1.901666945716982,-3.299552385164994));
#1730=CARTESIAN_POINT('',(-12.790074330231825,-1.783870742721151,-3.095166047466027));
#1731=CARTESIAN_POINT('',(-12.467891789537022,-1.783870742721151,-3.095166047466027));
#1732=CARTESIAN_POINT('',(-13.062499999999972,-2.828427124746189,-2.828427124746191));
#1733=CARTESIAN_POINT('',(-13.062499999999968,-2.600609665440987,-2.600609665440988));
#1734=CARTESIAN_POINT('',(-12.834682540694768,-2.439518395093589,-2.439518395093589));
#1735=CARTESIAN_POINT('',(-12.512499999999973,-2.439518395093589,-2.439518395093589));
#1736=CARTESIAN_POINT('',(-13.107108210462922,-3.588598315902640,-2.068255933589740));
#1737=CARTESIAN_POINT('',(-13.107108210462929,-3.299552385164994,-1.901666945716982));
#1738=CARTESIAN_POINT('',(-12.879290751157725,-3.095166047466027,-1.783870742721151));
#1739=CARTESIAN_POINT('',(-12.557108210462919,-3.095166047466027,-1.783870742721152));
#1740=CARTESIAN_POINT('',(-13.155391789537020,-3.999999999999999,-1.075044408258763));
#1741=CARTESIAN_POINT('',(-13.155391789537020,-3.677817459305202,-0.988454273555626));
#1742=CARTESIAN_POINT('',(-12.927574330231826,-3.450000000000000,-0.927225802123183));
#1743=CARTESIAN_POINT('',(-12.605391789537022,-3.450000000000000,-0.927225802123183));
#1744=CARTESIAN_POINT('',(-13.199999999999971,-4.0,-4.898425E-016));
#1745=CARTESIAN_POINT('',(-13.199999999999971,-3.677817459305202,-4.503879E-016));
#1746=CARTESIAN_POINT('',(-12.972182540694773,-3.450000000000000,-4.224892E-016));
#1747=CARTESIAN_POINT('',(-12.649999999999974,-3.450000000000000,-4.224892E-016));
#1748=CARTESIAN_POINT('',(-13.244608210462921,-3.999999999999999,1.075044408258762));
#1749=CARTESIAN_POINT('',(-13.244608210462932,-3.677817459305203,0.988454273555626));
#1750=CARTESIAN_POINT('',(-13.016790751157725,-3.450000000000000,0.927225802123182));
#1751=CARTESIAN_POINT('',(-12.694608210462922,-3.450000000000000,0.927225802123182));
#1752=CARTESIAN_POINT('',(-13.292891789537020,-3.588598315902640,2.068255933589740));
#1753=CARTESIAN_POINT('',(-13.292891789537018,-3.299552385164994,1.901666945716982));
#1754=CARTESIAN_POINT('',(-13.065074330231825,-3.095166047466027,1.783870742721151));
#1755=CARTESIAN_POINT('',(-12.742891789537021,-3.095166047466027,1.783870742721151));
#1756=CARTESIAN_POINT('',(-13.337499999999968,-2.828427124746191,2.828427124746189));
#1757=CARTESIAN_POINT('',(-13.337499999999975,-2.600609665440988,2.600609665440987));
#1758=CARTESIAN_POINT('',(-13.109682540694774,-2.439518395093589,2.439518395093589));
#1759=CARTESIAN_POINT('',(-12.787499999999973,-2.439518395093589,2.439518395093589));
#1760=CARTESIAN_POINT('',(-13.382108210462922,-2.068255933589741,3.588598315902640));
#1761=CARTESIAN_POINT('',(-13.382108210462928,-1.901666945716984,3.299552385164994));
#1762=CARTESIAN_POINT('',(-13.154290751157722,-1.783870742721152,3.095166047466027));
#1763=CARTESIAN_POINT('',(-12.832108210462925,-1.783870742721152,3.095166047466027));
#1764=CARTESIAN_POINT('',(-13.430391789537023,-1.075044408258764,3.999999999999999));
#1765=CARTESIAN_POINT('',(-13.430391789537030,-0.988454273555628,3.677817459305202));
#1766=CARTESIAN_POINT('',(-13.202574330231824,-0.927225802123184,3.450000000000000));
#1767=CARTESIAN_POINT('',(-12.880391789537020,-0.927225802123184,3.449999999999998));
#1768=CARTESIAN_POINT('',(-13.474999999999975,-7.347638E-016,4.0));
#1769=CARTESIAN_POINT('',(-13.474999999999969,-6.755818E-016,3.677817459305202));
#1770=CARTESIAN_POINT('',(-13.247182540694771,-6.337338E-016,3.450000000000000));
#1771=CARTESIAN_POINT('',(-12.924999999999972,-6.337338E-016,3.450000000000000));
#1772=CARTESIAN_POINT('',(-13.519608210462923,1.075044408258763,4.0));
#1773=CARTESIAN_POINT('',(-13.519608210462932,0.988454273555627,3.677817459305202));
#1774=CARTESIAN_POINT('',(-13.291790751157727,0.927225802123183,3.450000000000000));
#1775=CARTESIAN_POINT('',(-12.969608210462924,0.927225802123183,3.450000000000000));
#1776=CARTESIAN_POINT('',(-13.567891789537022,2.068255933589740,3.588598315902640));
#1777=CARTESIAN_POINT('',(-13.567891789537018,1.901666945716982,3.299552385164994));
#1778=CARTESIAN_POINT('',(-13.340074330231818,1.783870742721151,3.095166047466027));
#1779=CARTESIAN_POINT('',(-13.017891789537021,1.783870742721152,3.095166047466027));
#1780=CARTESIAN_POINT('',(-13.612499999999974,2.828427124746189,2.828427124746191));
#1781=CARTESIAN_POINT('',(-13.612499999999972,2.600609665440987,2.600609665440988));
#1782=CARTESIAN_POINT('',(-13.384682540694772,2.439518395093588,2.439518395093589));
#1783=CARTESIAN_POINT('',(-13.062499999999972,2.439518395093589,2.439518395093589));
#1784=CARTESIAN_POINT('',(-13.657108210462923,3.588598315902640,2.068255933589742));
#1785=CARTESIAN_POINT('',(-13.657108210462923,3.299552385164994,1.901666945716986));
#1786=CARTESIAN_POINT('',(-13.429290751157728,3.095166047466027,1.783870742721153));
#1787=CARTESIAN_POINT('',(-13.107108210462922,3.095166047466027,1.783870742721152));
#1788=CARTESIAN_POINT('',(-13.705391789537023,3.999999999999999,1.075044408258764));
#1789=CARTESIAN_POINT('',(-13.705391789537023,3.677817459305202,0.988454273555628));
#1790=CARTESIAN_POINT('',(-13.477574330231825,3.450000000000000,0.927225802123184));
#1791=CARTESIAN_POINT('',(-13.155391789537020,3.449999999999998,0.927225802123184));
#1792=CARTESIAN_POINT('',(-13.749999999999973,4.0,0.0));
#1793=CARTESIAN_POINT('',(-13.749999999999975,3.677817459305202,0.0));
#1794=CARTESIAN_POINT('',(-13.522182540694772,3.450000000000000,0.0));
#1795=CARTESIAN_POINT('',(-13.199999999999971,3.450000000000000,0.0));
#1796=CARTESIAN_POINT('',(-13.794608210462922,3.999999999999999,-1.075044408258762));
#1797=CARTESIAN_POINT('',(-13.794608210462931,3.677817459305203,-0.988454273555626));
#1798=CARTESIAN_POINT('',(-13.566790751157720,3.450000000000000,-0.927225802123182));
#1799=CARTESIAN_POINT('',(-13.244608210462921,3.450000000000000,-0.927225802123182));
#1800=CARTESIAN_POINT('',(-13.842891789537022,3.588598315902640,-2.068255933589740));
#1801=CARTESIAN_POINT('',(-13.842891789537019,3.299552385164994,-1.901666945716982));
#1802=CARTESIAN_POINT('',(-13.615074330231824,3.095166047466027,-1.783870742721151));
#1803=CARTESIAN_POINT('',(-13.292891789537020,3.095166047466027,-1.783870742721151));
#1804=CARTESIAN_POINT('',(-13.887499999999974,2.828427124746191,-2.828427124746189));
#1805=CARTESIAN_POINT('',(-13.887499999999974,2.600609665440988,-2.600609665440987));
#1806=CARTESIAN_POINT('',(-13.659682540694773,2.439518395093589,-2.439518395093589));
#1807=CARTESIAN_POINT('',(-13.337499999999968,2.439518395093589,-2.439518395093589));
#1808=CARTESIAN_POINT('',(-13.932108210462923,2.068255933589741,-3.588598315902640));
#1809=CARTESIAN_POINT('',(-13.932108210462923,1.901666945716982,-3.299552385164994));
#1810=CARTESIAN_POINT('',(-13.704290751157719,1.783870742721151,-3.095166047466027));
#1811=CARTESIAN_POINT('',(-13.382108210462924,1.783870742721152,-3.095166047466027));
#1812=CARTESIAN_POINT('',(-13.980391789537023,1.075044408258763,-3.999999999999999));
#1813=CARTESIAN_POINT('',(-13.980391789537022,0.988454273555626,-3.677817459305202));
#1814=CARTESIAN_POINT('',(-13.752574330231827,0.927225802123182,-3.450000000000000));
#1815=CARTESIAN_POINT('',(-13.430391789537023,0.927225802123182,-3.449999999999998));
#1816=CARTESIAN_POINT('',(-14.024999999999974,2.449213E-016,-4.0));
#1817=CARTESIAN_POINT('',(-14.024999999999972,2.251939E-016,-3.677817459305202));
#1818=CARTESIAN_POINT('',(-13.797182540694772,2.112446E-016,-3.450000000000000));
#1819=CARTESIAN_POINT('',(-13.474999999999973,2.112446E-016,-3.450000000000000));
#1820=CARTESIAN_POINT('',(-14.069608210462921,-1.075044408258762,-3.999999999999999));
#1821=CARTESIAN_POINT('',(-14.069608210462931,-0.988454273555626,-3.677817459305203));
#1822=CARTESIAN_POINT('',(-13.841790751157721,-0.927225802123182,-3.450000000000000));
#1823=CARTESIAN_POINT('',(-13.519608210462922,-0.927225802123182,-3.450000000000000));
#1824=CARTESIAN_POINT('',(-14.117891789537023,-2.068255933589740,-3.588598315902640));
#1825=CARTESIAN_POINT('',(-14.117891789537023,-1.901666945716982,-3.299552385164994));
#1826=CARTESIAN_POINT('',(-13.890074330231823,-1.783870742721151,-3.095166047466027));
#1827=CARTESIAN_POINT('',(-13.567891789537022,-1.783870742721151,-3.095166047466027));
#1828=CARTESIAN_POINT('',(-14.162499999999971,-2.828427124746189,-2.828427124746191));
#1829=CARTESIAN_POINT('',(-14.162499999999978,-2.600609665440987,-2.600609665440988));
#1830=CARTESIAN_POINT('',(-13.934682540694771,-2.439518395093589,-2.439518395093589));
#1831=CARTESIAN_POINT('',(-13.612499999999974,-2.439518395093589,-2.439518395093589));
#1832=CARTESIAN_POINT('',(-14.207108210462920,-3.588598315902640,-2.068255933589740));
#1833=CARTESIAN_POINT('',(-14.207108210462923,-3.299552385164994,-1.901666945716982));
#1834=CARTESIAN_POINT('',(-13.979290751157720,-3.095166047466027,-1.783870742721151));
#1835=CARTESIAN_POINT('',(-13.657108210462921,-3.095166047466027,-1.783870742721152));
#1836=CARTESIAN_POINT('',(-14.255391789537022,-3.999999999999999,-1.075044408258763));
#1837=CARTESIAN_POINT('',(-14.255391789537022,-3.677817459305202,-0.988454273555626));
#1838=CARTESIAN_POINT('',(-14.027574330231824,-3.450000000000000,-0.927225802123183));
#1839=CARTESIAN_POINT('',(-13.705391789537023,-3.450000000000000,-0.927225802123183));
#1840=CARTESIAN_POINT('',(-14.299999999999972,-4.0,-4.898425E-016));
#1841=CARTESIAN_POINT('',(-14.299999999999976,-3.677817459305202,-4.503879E-016));
#1842=CARTESIAN_POINT('',(-14.072182540694772,-3.450000000000000,-4.224892E-016));
#1843=CARTESIAN_POINT('',(-13.749999999999973,-3.450000000000000,-4.224892E-016));
#1844=CARTESIAN_POINT('',(-14.344608210462919,-3.999999999999999,1.075044408258762));
#1845=CARTESIAN_POINT('',(-14.344608210462926,-3.677817459305203,0.988454273555626));
#1846=CARTESIAN_POINT('',(-14.116790751157726,-3.450000000000000,0.927225802123182));
#1847=CARTESIAN_POINT('',(-13.794608210462922,-3.450000000000000,0.927225802123182));
#1848=CARTESIAN_POINT('',(-14.392891789537021,-3.588598315902640,2.068255933589740));
#1849=CARTESIAN_POINT('',(-14.392891789537023,-3.299552385164994,1.901666945716982));
#1850=CARTESIAN_POINT('',(-14.165074330231825,-3.095166047466027,1.783870742721151));
#1851=CARTESIAN_POINT('',(-13.842891789537022,-3.095166047466027,1.783870742721151));
#1852=CARTESIAN_POINT('',(-14.437499999999972,-2.828427124746191,2.828427124746189));
#1853=CARTESIAN_POINT('',(-14.437499999999975,-2.600609665440988,2.600609665440987));
#1854=CARTESIAN_POINT('',(-14.209682540694772,-2.439518395093589,2.439518395093589));
#1855=CARTESIAN_POINT('',(-13.887499999999973,-2.439518395093589,2.439518395093589));
#1856=CARTESIAN_POINT('',(-14.482108210462922,-2.068255933589742,3.588598315902640));
#1857=CARTESIAN_POINT('',(-14.482108210462922,-1.901666945716984,3.299552385164994));
#1858=CARTESIAN_POINT('',(-14.254290751157718,-1.783870742721152,3.095166047466027));
#1859=CARTESIAN_POINT('',(-13.932108210462921,-1.783870742721153,3.095166047466027));
#1860=CARTESIAN_POINT('',(-14.530391789537020,-1.075044408258764,3.999999999999999));
#1861=CARTESIAN_POINT('',(-14.530391789537020,-0.988454273555628,3.677817459305202));
#1862=CARTESIAN_POINT('',(-14.302574330231820,-0.927225802123184,3.450000000000000));
#1863=CARTESIAN_POINT('',(-13.980391789537023,-0.927225802123184,3.449999999999998));
#1864=CARTESIAN_POINT('',(-14.574999999999971,-7.347638E-016,4.0));
#1865=CARTESIAN_POINT('',(-14.574999999999971,-6.755818E-016,3.677817459305202));
#1866=CARTESIAN_POINT('',(-14.347182540694766,-6.337338E-016,3.450000000000000));
#1867=CARTESIAN_POINT('',(-14.024999999999974,-6.337338E-016,3.450000000000000));
#1868=CARTESIAN_POINT('',(-14.619608210462918,1.075044408258763,3.999999999999999));
#1869=CARTESIAN_POINT('',(-14.619608210462928,0.988454273555627,3.677817459305202));
#1870=CARTESIAN_POINT('',(-14.391790751157721,0.927225802123183,3.450000000000000));
#1871=CARTESIAN_POINT('',(-14.069608210462921,0.927225802123183,3.449999999999998));
#1872=CARTESIAN_POINT('',(-14.667891789537020,2.068255933589740,3.588598315902640));
#1873=CARTESIAN_POINT('',(-14.667891789537020,1.901666945716982,3.299552385164994));
#1874=CARTESIAN_POINT('',(-14.440074330231820,1.783870742721151,3.095166047466027));
#1875=CARTESIAN_POINT('',(-14.117891789537023,1.783870742721152,3.095166047466027));
#1876=CARTESIAN_POINT('',(-14.712499999999975,2.828427124746189,2.828427124746191));
#1877=CARTESIAN_POINT('',(-14.712499999999974,2.600609665440987,2.600609665440988));
#1878=CARTESIAN_POINT('',(-14.484682540694774,2.439518395093588,2.439518395093589));
#1879=CARTESIAN_POINT('',(-14.162499999999971,2.439518395093589,2.439518395093589));
#1880=CARTESIAN_POINT('',(-14.746673844678631,3.410785662472060,2.246068587020321));
#1881=CARTESIAN_POINT('',(-14.746673844678631,3.136061764846900,2.065157566035075));
#1882=CARTESIAN_POINT('',(-14.518856385373429,2.941802633882151,1.937234156305026));
#1883=CARTESIAN_POINT('',(-14.196673844678633,2.941802633882151,1.937234156305027));
#1884=CARTESIAN_POINT('',(-14.783685763797664,3.794889594899062,1.513193565567106));
#1885=CARTESIAN_POINT('',(-14.783685763797671,3.489227802063853,1.391312428687748));
#1886=CARTESIAN_POINT('',(-14.555868304492467,3.273092275600440,1.305129450301628));
#1887=CARTESIAN_POINT('',(-14.233685763797661,3.273092275600440,1.305129450301629));
#1888=CARTESIAN_POINT('',(-14.820133897759220,3.939231012048836,0.694592710667695));
#1889=CARTESIAN_POINT('',(-14.820133897759229,3.621943148087430,0.638646299599943));
#1890=CARTESIAN_POINT('',(-14.592316438454025,3.397586747892122,0.599086212950887));
#1891=CARTESIAN_POINT('',(-14.270133897759221,3.397586747892121,0.599086212950886));
#1899=(BOUNDED_SURFACE()B_SPLINE_SURFACE(3,3,((#640,#644,#648,#652,#656,#660,#664,#668,#672,#676,#680,#684,#688,#692,#696,#700,#704,#708,#712,#716,#720,#724,#728,#732,#736,#740,#744,#748,#752,#756,#760,#764,#768,#772,#776,#780,#784,#788,#792,#796,#800,#804,#808,#812,#816,#820,#824,#828,#832,#836,#840,#844,#848,#852,#856,#860,#864,#868,#872,#876,#880,#884,#888,#892,#896,#900,#904,#908,#912,#916,#920,#924,#928,#932,#936,#940,#944,#948,#952,#956,#960,#964,#968,#972,#976,#980,#984,#988,#992,#996,#1000,#1004,#1008,#1012,#1016,#1020,#1024,#1028,#1032,#1036,#1040,#1044,#1048,#1052,#1056,#1060,#1064,#1068,#1072,#1076,#1080,#1084,#1088,#1092,#1096,#1100,#1104,#1108,#1112,#1116,#1120,#1124,#1128,#1132,#1136,#1140,#1144,#1148,#1152,#1156,#1160,#1164,#1168,#1172,#1176,#1180,#1184,#1188,#1192,#1196,#1200,#1204,#1208,#1212,#1216,#1220,#1224,#1228,#1232,#1236,#1240,#1244,#1248,#1252,#1256,#1260,#1264,#1268,#1272,#1276,#1280,#1284,#1288,#1292,#1296,#1300,#1304,#1308,#1312,#1316,#1320,#1324,#1328,#1332,#1336,#1340,#1344,#1348,#1352,#1356,#1360,#1364,#1368,#1372,#1376,#1380,#1384,#1388,#1392,#1396,#1400,#1404,#1408,#1412,#1416,#1420,#1424,#1428,#1432,#1436,#1440,#1444,#1448,#1452,#1456,#1460,#1464,#1468,#1472,#1476,#1480,#1484,#1488,#1492,#1496,#1500,#1504,#1508,#1512,#1516,#1520,#1524,#1528,#1532,#1536,#1540,#1544,#1548,#1552,#1556,#1560,#1564,#1568,#1572,#1576,#1580,#1584,#1588,#1592,#1596,#1600,#1604,#1608,#1612,#1616,#1620,#1624,#1628,#1632,#1636,#1640,#1644,#1648,#1652,#1656,#1660,#1664,#1668,#1672,#1676,#1680,#1684,#1688,#1692,#1696,#1700,#1704,#1708,#1712,#1716,#1720,#1724,#1728,#1732,#1736,#1740,#1744,#1748,#1752,#1756,#1760,#1764,#1768,#1772,#1776,#1780,#1784,#1788,#1792,#1796,#1800,#1804,#1808,#1812,#1816,#1820,#1824,#1828,#1832,#1836,#1840,#1844,#1848,#1852,#1856,#1860,#1864,#1868,#1872,#1876,#1880,#1884,#1888),(#641,#645,#649,#653,#657,#661,#665,#669,#673,#677,#681,#685,#689,#693,#697,#701,#705,#709,#713,#717,#721,#725,#729,#733,#737,#741,#745,#749,#753,#757,#761,#765,#769,#773,#777,#781,#785,#789,#793,#797,#801,#805,#809,#813,#817,#821,#825,#829,#833,#837,#841,#845,#849,#853,#857,#861,#865,#869,#873,#877,#881,#885,#889,#893,#897,#901,#905,#909,#913,#917,#921,#925,#929,#933,#937,#941,#945,#949,#953,#957,#961,#965,#969,#973,#977,#981,#985,#989,#993,#997,#1001,#1005,#1009,#1013,#1017,#1021,#1025,#1029,#1033,#1037,#1041,#1045,#1049,#1053,#1057,#1061,#1065,#1069,#1073,#1077,#1081,#1085,#1089,#1093,#1097,#1101,#1105,#1109,#1113,#1117,#1121,#1125,#1129,#1133,#1137,#1141,#1145,#1149,#1153,#1157,#1161,#1165,#1169,#1173,#1177,#1181,#1185,#1189,#1193,#1197,#1201,#1205,#1209,#1213,#1217,#1221,#1225,#1229,#1233,#1237,#1241,#1245,#1249,#1253,#1257,#1261,#1265,#1269,#1273,#1277,#1281,#1285,#1289,#1293,#1297,#1301,#1305,#1309,#1313,#1317,#1321,#1325,#1329,#1333,#1337,#1341,#1345,#1349,#1353,#1357,#1361,#1365,#1369,#1373,#1377,#1381,#1385,#1389,#1393,#1397,#1401,#1405,#1409,#1413,#1417,#1421,#1425,#1429,#1433,#1437,#1441,#1445,#1449,#1453,#1457,#1461,#1465,#1469,#1473,#1477,#1481,#1485,#1489,#1493,#1497,#1501,#1505,#1509,#1513,#1517,#1521,#1525,#1529,#1533,#1537,#1541,#1545,#1549,#1553,#1557,#1561,#1565,#1569,#1573,#1577,#1581,#1585,#1589,#1593,#1597,#1601,#1605,#1609,#1613,#1617,#1621,#1625,#1629,#1633,#1637,#1641,#1645,#1649,#1653,#1657,#1661,#1665,#1669,#1673,#1677,#1681,#1685,#1689,#1693,#1697,#1701,#1705,#1709,#1713,#1717,#1721,#1725,#1729,#1733,#1737,#1741,#1745,#1749,#1753,#1757,#1761,#1765,#1769,#1773,#1777,#1781,#1785,#1789,#1793,#1797,#1801,#1805,#1809,#1813,#1817,#1821,#1825,#1829,#1833,#1837,#1841,#1845,#1849,#1853,#1857,#1861,#1865,#1869,#1873,#1877,#1881,#1885,#1889),(#642,#646,#650,#654,#658,#662,#666,#670,#674,#678,#682,#686,#690,#694,#698,#702,#706,#710,#714,#718,#722,#726,#730,#734,#738,#742,#746,#750,#754,#758,#762,#766,#770,#774,#778,#782,#786,#790,#794,#798,#802,#806,#810,#814,#818,#822,#826,#830,#834,#838,#842,#846,#850,#854,#858,#862,#866,#870,#874,#878,#882,#886,#890,#894,#898,#902,#906,#910,#914,#918,#922,#926,#930,#934,#938,#942,#946,#950,#954,#958,#962,#966,#970,#974,#978,#982,#986,#990,#994,#998,#1002,#1006,#1010,#1014,#1018,#1022,#1026,#1030,#1034,#1038,#1042,#1046,#1050,#1054,#1058,#1062,#1066,#1070,#1074,#1078,#1082,#1086,#1090,#1094,#1098,#1102,#1106,#1110,#1114,#1118,#1122,#1126,#1130,#1134,#1138,#1142,#1146,#1150,#1154,#1158,#1162,#1166,#1170,#1174,#1178,#1182,#1186,#1190,#1194,#1198,#1202,#1206,#1210,#1214,#1218,#1222,#1226,#1230,#1234,#1238,#1242,#1246,#1250,#1254,#1258,#1262,#1266,#1270,#1274,#1278,#1282,#1286,#1290,#1294,#1298,#1302,#1306,#1310,#1314,#1318,#1322,#1326,#1330,#1334,#1338,#1342,#1346,#1350,#1354,#1358,#1362,#1366,#1370,#1374,#1378,#1382,#1386,#1390,#1394,#1398,#1402,#1406,#1410,#1414,#1418,#1422,#1426,#1430,#1434,#1438,#1442,#1446,#1450,#1454,#1458,#1462,#1466,#1470,#1474,#1478,#1482,#1486,#1490,#1494,#1498,#1502,#1506,#1510,#1514,#1518,#1522,#1526,#1530,#1534,#1538,#1542,#1546,#1550,#1554,#1558,#1562,#1566,#1570,#1574,#1578,#1582,#1586,#1590,#1594,#1598,#1602,#1606,#1610,#1614,#1618,#1622,#1626,#1630,#1634,#1638,#1642,#1646,#1650,#1654,#1658,#1662,#1666,#1670,#1674,#1678,#1682,#1686,#1690,#1694,#1698,#1702,#1706,#1710,#1714,#1718,#1722,#1726,#1730,#1734,#1738,#1742,#1746,#1750,#1754,#1758,#1762,#1766,#1770,#1774,#1778,#1782,#1786,#1790,#1794,#1798,#1802,#1806,#1810,#1814,#1818,#1822,#1826,#1830,#1834,#1838,#1842,#1846,#1850,#1854,#1858,#1862,#1866,#1870,#1874,#1878,#1882,#1886,#1890),(#643,#647,#651,#655,#659,#663,#667,#671,#675,#679,#683,#687,#691,#695,#699,#703,#707,#711,#715,#719,#723,#727,#731,#735,#739,#743,#747,#751,#755,#759,#763,#767,#771,#775,#779,#783,#787,#791,#795,#799,#803,#807,#811,#815,#819,#823,#827,#831,#835,#839,#843,#847,#851,#855,#859,#863,#867,#871,#875,#879,#883,#887,#891,#895,#899,#903,#907,#911,#915,#919,#923,#927,#931,#935,#939,#943,#947,#951,#955,#959,#963,#967,#971,#975,#979,#983,#987,#991,#995,#999,#1003,#1007,#1011,#1015,#1019,#1023,#1027,#1031,#1035,#1039,#1043,#1047,#1051,#1055,#1059,#1063,#1067,#1071,#1075,#1079,#1083,#1087,#1091,#1095,#1099,#1103,#1107,#1111,#1115,#1119,#1123,#1127,#1131,#1135,#1139,#1143,#1147,#1151,#1155,#1159,#1163,#1167,#1171,#1175,#1179,#1183,#1187,#1191,#1195,#1199,#1203,#1207,#1211,#1215,#1219,#1223,#1227,#1231,#1235,#1239,#1243,#1247,#1251,#1255,#1259,#1263,#1267,#1271,#1275,#1279,#1283,#1287,#1291,#1295,#1299,#1303,#1307,#1311,#1315,#1319,#1323,#1327,#1331,#1335,#1339,#1343,#1347,#1351,#1355,#1359,#1363,#1367,#1371,#1375,#1379,#1383,#1387,#1391,#1395,#1399,#1403,#1407,#1411,#1415,#1419,#1423,#1427,#1431,#1435,#1439,#1443,#1447,#1451,#1455,#1459,#1463,#1467,#1471,#1475,#1479,#1483,#1487,#1491,#1495,#1499,#1503,#1507,#1511,#1515,#1519,#1523,#1527,#1531,#1535,#1539,#1543,#1547,#1551,#1555,#1559,#1563,#1567,#1571,#1575,#1579,#1583,#1587,#1591,#1595,#1599,#1603,#1607,#1611,#1615,#1619,#1623,#1627,#1631,#1635,#1639,#1643,#1647,#1651,#1655,#1659,#1663,#1667,#1671,#1675,#1679,#1683,#1687,#1691,#1695,#1699,#1703,#1707,#1711,#1715,#1719,#1723,#1727,#1731,#1735,#1739,#1743,#1747,#1751,#1755,#1759,#1763,#1767,#1771,#1775,#1779,#1783,#1787,#1791,#1795,#1799,#1803,#1807,#1811,#1815,#1819,#1823,#1827,#1831,#1835,#1839,#1843,#1847,#1851,#1855,#1859,#1863,#1867,#1871,#1875,#1879,#1883,#1887,#1891)),.UNSPECIFIED.,.F.,.F.,.U.)B_SPLINE_SURFACE_WITH_KNOTS((4,4),(4,3,3,3,3,3,3,3,3,3,3,3,3,3,3,3,3,3,3,3,3,3,3,3,3,3,3,3,3,3,3,3,3,3,3,3,3,3,3,3,3,3,3,3,3,3,3,3,3,3,3,3,3,3,3,3,3,3,3,3,3,3,3,3,3,3,3,3,3,3,3,3,3,3,3,3,3,3,3,3,3,3,3,3,3,3,3,3,3,3,3,3,3,3,3,3,3,3,3,3,3,3,3,3,4),(0.0,1.0),(0.002006324911757,0.008928571428571,0.017857142857143,0.026785714285714,0.035714285714286,0.044642857142857,0.053571428571429,0.062500000000000,0.071428571428571,0.080357142857143,0.089285714285714,0.098214285714286,0.107142857142857,0.116071428571429,0.125000000000000,0.133928571428571,0.142857142857143,0.151785714285714,0.160714285714286,0.169642857142857,0.178571428571429,0.187500000000000,0.196428571428571,0.205357142857143,0.214285714285714,0.223214285714286,0.232142857142857,0.241071428571429,0.250000000000000,0.258928571428571,0.267857142857143,0.276785714285714,0.285714285714286,0.294642857142857,0.303571428571429,0.312500000000000,0.321428571428571,0.330357142857143,0.339285714285714,0.348214285714286,0.357142857142857,0.366071428571429,0.375000000000000,0.383928571428571,0.392857142857143,0.401785714285714,0.410714285714286,0.419642857142857,0.428571428571429,0.437500000000000,0.446428571428571,0.455357142857143,0.464285714285714,0.473214285714286,0.482142857142857,0.491071428571429,0.500000000000000,0.508928571428571,0.517857142857143,0.526785714285714,0.535714285714286,0.544642857142857,0.553571428571428,0.562500000000000,0.571428571428571,0.580357142857143,0.589285714285714,0.598214285714286,0.607142857142857,0.616071428571428,0.625000000000000,0.633928571428571,0.642857142857143,0.651785714285714,0.660714285714286,0.669642857142857,0.678571428571428,0.687500000000000,0.696428571428571,0.705357142857143,0.714285714285714,0.723214285714286,0.732142857142857,0.741071428571429,0.750000000000000,0.758928571428571,0.767857142857143,0.776785714285714,0.785714285714286,0.794642857142857,0.803571428571429,0.812500000000000,0.821428571428571,0.830357142857143,0.839285714285714,0.848214285714286,0.857142857142857,0.866071428571429,0.875000000000000,0.883928571428571,0.892857142857143,0.901785714285714,0.910714285714286,0.919642857142857,0.926565103659671),.UNSPECIFIED.)GEOMETRIC_REPRESENTATION_ITEM()RATIONAL_B_SPLINE_SURFACE(((0.973477417138017,0.951815432523082,0.960656293477076,1.0,0.949253021674191,0.949253021674191,1.0,0.949253021674191,0.949253021674191,1.0,0.949253021674191,0.949253021674191,1.0,0.949253021674191,0.949253021674191,1.0,0.949253021674191,0.949253021674191,1.0,0.949253021674191,0.949253021674191,1.0,0.949253021674191,0.949253021674191,1.0,0.949253021674191,0.949253021674191,1.0,0.949253021674191,0.949253021674191,1.0,0.949253021674191,0.949253021674191,1.0,0.949253021674191,0.949253021674191,1.0,0.949253021674191,0.949253021674191,1.0,0.949253021674191,0.949253021674191,1.0,0.949253021674191,0.949253021674191,1.0,0.949253021674191,0.949253021674191,1.0,0.949253021674191,0.949253021674191,1.0,0.949253021674191,0.949253021674191,1.0,0.949253021674191,0.949253021674191,1.0,0.949253021674191,0.949253021674191,1.0,0.949253021674191,0.949253021674191,1.0,0.949253021674191,0.949253021674191,1.0,0.949253021674191,0.949253021674191,1.0,0.949253021674191,0.949253021674191,1.0,0.949253021674191,0.949253021674191,1.0,0.949253021674191,0.949253021674191,1.0,0.949253021674191,0.949253021674191,1.0,0.949253021674191,0.949253021674191,1.0,0.949253021674191,0.949253021674191,1.0,0.949253021674191,0.949253021674191,1.0,0.949253021674191,0.949253021674191,1.0,0.949253021674191,0.949253021674191,1.0,0.949253021674191,0.949253021674191,1.0,0.949253021674191,0.949253021674191,1.0,0.949253021674191,0.949253021674191,1.0,0.949253021674191,0.949253021674191,1.0,0.949253021674191,0.949253021674191,1.0,0.949253021674191,0.949253021674191,1.0,0.949253021674191,0.949253021674191,1.0,0.949253021674191,0.949253021674191,1.0,0.949253021674191,0.949253021674191,1.0,0.949253021674191,0.949253021674191,1.0,0.949253021674191,0.949253021674191,1.0,0.949253021674191,0.949253021674191,1.0,0.949253021674191,0.949253021674191,1.0,0.949253021674191,0.949253021674191,1.0,0.949253021674191,0.949253021674191,1.0,0.949253021674191,0.949253021674191,1.0,0.949253021674191,0.949253021674191,1.0,0.949253021674191,0.949253021674191,1.0,0.949253021674191,0.949253021674191,1.0,0.949253021674191,0.949253021674191,1.0,0.949253021674191,0.949253021674191,1.0,0.949253021674191,0.949253021674191,1.0,0.949253021674191,0.949253021674191,1.0,0.949253021674191,0.949253021674191,1.0,0.949253021674191,0.949253021674191,1.0,0.949253021674191,0.949253021674191,1.0,0.949253021674191,0.949253021674191,1.0,0.949253021674191,0.949253021674191,1.0,0.949253021674191,0.949253021674191,1.0,0.949253021674191,0.949253021674191,1.0,0.949253021674191,0.949253021674191,1.0,0.949253021674191,0.949253021674191,1.0,0.949253021674191,0.949253021674191,1.0,0.949253021674191,0.949253021674191,1.0,0.949253021674191,0.949253021674191,1.0,0.949253021674191,0.949253021674191,1.0,0.949253021674191,0.949253021674191,1.0,0.949253021674191,0.949253021674191,1.0,0.949253021674191,0.949253021674191,1.0,0.949253021674191,0.949253021674191,1.0,0.949253021674191,0.949253021674191,1.0,0.949253021674191,0.949253021674191,1.0,0.949253021674191,0.949253021674191,1.0,0.949253021674191,0.949253021674191,1.0,0.949253021674191,0.949253021674191,1.0,0.949253021674191,0.949253021674191,1.0,0.949253021674191,0.949253021674191,1.0,0.949253021674191,0.949253021674191,1.0,0.949253021674191,0.949253021674191,1.0,0.949253021674191,0.949253021674191,1.0,0.949253021674191,0.949253021674191,1.0,0.949253021674191,0.949253021674191,1.0,0.949253021674191,0.949253021674191,1.0,0.949253021674191,0.949253021674191,1.0,0.949253021674191,0.949253021674191,1.0,0.949253021674191,0.949253021674191,1.0,0.949253021674191,0.949253021674191,1.0,0.949253021674191,0.949253021674191,1.0,0.949253021674191,0.949253021674191,1.0,0.949253021674191,0.949253021674191,1.0,0.949253021674191,0.949253021674191,1.0,0.949253021674191,0.949253021674191,1.0,0.949253021674191,0.949253021674191,1.0,0.949253021674191,0.949253021674191,1.0,0.949253021674191,0.949253021674191,1.0,0.949253021674191,0.949253021674191,1.0,0.949253021674191,0.949253021674191,1.0,0.949253021674191,0.949253021674191,1.0,0.949253021674191,0.949253021674191,1.0,0.949253021674191,0.949253021674191,1.0,0.949253021674191,0.949253021674191,1.0,0.960656293477076,0.951815432523082,0.973477417138017),(0.783394127706177,0.765961908691079,0.773076484163809,0.804737854124365,0.763899839683158,0.763899839683158,0.804737854124365,0.763899839683158,0.763899839683158,0.804737854124365,0.763899839683158,0.763899839683158,0.804737854124365,0.763899839683158,0.763899839683158,0.804737854124365,0.763899839683157,0.763899839683158,0.804737854124365,0.763899839683157,0.763899839683158,0.804737854124365,0.763899839683158,0.763899839683158,0.804737854124365,0.763899839683158,0.763899839683158,0.804737854124365,0.763899839683158,0.763899839683158,0.804737854124365,0.763899839683157,0.763899839683158,0.804737854124365,0.763899839683158,0.763899839683158,0.804737854124365,0.763899839683158,0.763899839683158,0.804737854124365,0.763899839683157,0.763899839683158,0.804737854124365,0.763899839683158,0.763899839683158,0.804737854124365,0.763899839683158,0.763899839683158,0.804737854124365,0.763899839683158,0.763899839683158,0.804737854124365,0.763899839683158,0.763899839683158,0.804737854124365,0.763899839683158,0.763899839683158,0.804737854124365,0.763899839683158,0.763899839683158,0.804737854124365,0.763899839683158,0.763899839683158,0.804737854124365,0.763899839683158,0.763899839683158,0.804737854124365,0.763899839683158,0.763899839683158,0.804737854124365,0.763899839683158,0.763899839683158,0.804737854124365,0.763899839683158,0.763899839683158,0.804737854124365,0.763899839683158,0.763899839683158,0.804737854124365,0.763899839683158,0.763899839683158,0.804737854124365,0.763899839683158,0.763899839683158,0.804737854124365,0.763899839683158,0.763899839683158,0.804737854124365,0.763899839683158,0.763899839683158,0.804737854124365,0.763899839683158,0.763899839683158,0.804737854124365,0.763899839683158,0.763899839683158,0.804737854124365,0.763899839683158,0.763899839683158,0.804737854124365,0.763899839683158,0.763899839683158,0.804737854124365,0.763899839683158,0.763899839683158,0.804737854124365,0.763899839683158,0.763899839683158,0.804737854124365,0.763899839683158,0.763899839683158,0.804737854124365,0.763899839683158,0.763899839683158,0.804737854124365,0.763899839683158,0.763899839683158,0.804737854124365,0.763899839683158,0.763899839683158,0.804737854124365,0.763899839683158,0.763899839683158,0.804737854124365,0.763899839683158,0.763899839683158,0.804737854124365,0.763899839683158,0.763899839683158,0.804737854124365,0.763899839683158,0.763899839683158,0.804737854124365,0.763899839683158,0.763899839683158,0.804737854124365,0.763899839683158,0.763899839683158,0.804737854124365,0.763899839683158,0.763899839683158,0.804737854124365,0.763899839683158,0.763899839683158,0.804737854124365,0.763899839683158,0.763899839683158,0.804737854124365,0.763899839683158,0.763899839683158,0.804737854124365,0.763899839683158,0.763899839683158,0.804737854124365,0.763899839683158,0.763899839683158,0.804737854124365,0.763899839683158,0.763899839683158,0.804737854124365,0.763899839683158,0.763899839683158,0.804737854124365,0.763899839683158,0.763899839683158,0.804737854124365,0.763899839683158,0.763899839683158,0.804737854124365,0.763899839683158,0.763899839683158,0.804737854124365,0.763899839683158,0.763899839683158,0.804737854124365,0.763899839683158,0.763899839683158,0.804737854124365,0.763899839683158,0.763899839683158,0.804737854124365,0.763899839683158,0.763899839683158,0.804737854124365,0.763899839683158,0.763899839683158,0.804737854124365,0.763899839683158,0.763899839683158,0.804737854124365,0.763899839683158,0.763899839683158,0.804737854124365,0.763899839683158,0.763899839683158,0.804737854124365,0.763899839683158,0.763899839683158,0.804737854124365,0.763899839683158,0.763899839683158,0.804737854124365,0.763899839683158,0.763899839683158,0.804737854124365,0.763899839683158,0.763899839683158,0.804737854124365,0.763899839683158,0.763899839683158,0.804737854124365,0.763899839683158,0.763899839683158,0.804737854124365,0.763899839683158,0.763899839683158,0.804737854124365,0.763899839683158,0.763899839683158,0.804737854124365,0.763899839683158,0.763899839683158,0.804737854124365,0.763899839683158,0.763899839683158,0.804737854124365,0.763899839683158,0.763899839683158,0.804737854124365,0.763899839683158,0.763899839683158,0.804737854124365,0.763899839683158,0.763899839683158,0.804737854124365,0.763899839683158,0.763899839683158,0.804737854124365,0.763899839683158,0.763899839683158,0.804737854124365,0.763899839683158,0.763899839683158,0.804737854124365,0.763899839683158,0.763899839683158,0.804737854124365,0.763899839683158,0.763899839683158,0.804737854124365,0.763899839683158,0.763899839683158,0.804737854124365,0.763899839683158,0.763899839683158,0.804737854124365,0.763899839683158,0.763899839683158,0.804737854124365,0.763899839683158,0.763899839683158,0.804737854124365,0.763899839683158,0.763899839683158,0.804737854124365,0.763899839683158,0.763899839683158,0.804737854124365,0.763899839683158,0.763899839683158,0.804737854124365,0.763899839683158,0.763899839683158,0.804737854124365,0.763899839683158,0.763899839683158,0.804737854124365,0.763899839683158,0.763899839683158,0.804737854124365,0.763899839683158,0.763899839683158,0.804737854124365,0.763899839683158,0.763899839683158,0.804737854124365,0.763899839683158,0.763899839683158,0.804737854124365,0.763899839683158,0.763899839683158,0.804737854124365,0.763899839683158,0.763899839683158,0.804737854124365,0.763899839683158,0.763899839683158,0.804737854124365,0.763899839683158,0.763899839683158,0.804737854124365,0.763899839683158,0.763899839683158,0.804737854124365,0.763899839683158,0.763899839683158,0.804737854124365,0.763899839683158,0.763899839683158,0.804737854124365,0.773076484163809,0.765961908691079,0.783394127706177),(0.783394127706177,0.765961908691079,0.773076484163809,0.804737854124365,0.763899839683158,0.763899839683158,0.804737854124365,0.763899839683158,0.763899839683158,0.804737854124365,0.763899839683158,0.763899839683158,0.804737854124365,0.763899839683158,0.763899839683158,0.804737854124365,0.763899839683157,0.763899839683158,0.804737854124365,0.763899839683157,0.763899839683158,0.804737854124365,0.763899839683158,0.763899839683158,0.804737854124365,0.763899839683158,0.763899839683158,0.804737854124365,0.763899839683158,0.763899839683158,0.804737854124365,0.763899839683157,0.763899839683158,0.804737854124365,0.763899839683158,0.763899839683158,0.804737854124365,0.763899839683158,0.763899839683158,0.804737854124365,0.763899839683157,0.763899839683158,0.804737854124365,0.763899839683158,0.763899839683158,0.804737854124365,0.763899839683158,0.763899839683158,0.804737854124365,0.763899839683158,0.763899839683158,0.804737854124365,0.763899839683158,0.763899839683158,0.804737854124365,0.763899839683158,0.763899839683158,0.804737854124365,0.763899839683158,0.763899839683158,0.804737854124365,0.763899839683158,0.763899839683158,0.804737854124365,0.763899839683158,0.763899839683158,0.804737854124365,0.763899839683158,0.763899839683158,0.804737854124365,0.763899839683158,0.763899839683158,0.804737854124365,0.763899839683158,0.763899839683158,0.804737854124365,0.763899839683158,0.763899839683158,0.804737854124365,0.763899839683158,0.763899839683158,0.804737854124365,0.763899839683158,0.763899839683158,0.804737854124365,0.763899839683158,0.763899839683158,0.804737854124365,0.763899839683158,0.763899839683158,0.804737854124365,0.763899839683158,0.763899839683158,0.804737854124365,0.763899839683158,0.763899839683158,0.804737854124365,0.763899839683158,0.763899839683158,0.804737854124365,0.763899839683158,0.763899839683158,0.804737854124365,0.763899839683158,0.763899839683158,0.804737854124365,0.763899839683158,0.763899839683158,0.804737854124365,0.763899839683158,0.763899839683158,0.804737854124365,0.763899839683158,0.763899839683158,0.804737854124365,0.763899839683158,0.763899839683158,0.804737854124365,0.763899839683158,0.763899839683158,0.804737854124365,0.763899839683158,0.763899839683158,0.804737854124365,0.763899839683158,0.763899839683158,0.804737854124365,0.763899839683158,0.763899839683158,0.804737854124365,0.763899839683158,0.763899839683158,0.804737854124365,0.763899839683158,0.763899839683158,0.804737854124365,0.763899839683158,0.763899839683158,0.804737854124365,0.763899839683158,0.763899839683158,0.804737854124365,0.763899839683158,0.763899839683158,0.804737854124365,0.763899839683158,0.763899839683158,0.804737854124365,0.763899839683158,0.763899839683158,0.804737854124365,0.763899839683158,0.763899839683158,0.804737854124365,0.763899839683158,0.763899839683158,0.804737854124365,0.763899839683158,0.763899839683158,0.804737854124365,0.763899839683158,0.763899839683158,0.804737854124365,0.763899839683158,0.763899839683158,0.804737854124365,0.763899839683158,0.763899839683158,0.804737854124365,0.763899839683158,0.763899839683158,0.804737854124365,0.763899839683158,0.763899839683158,0.804737854124365,0.763899839683158,0.763899839683158,0.804737854124365,0.763899839683158,0.763899839683158,0.804737854124365,0.763899839683158,0.763899839683158,0.804737854124365,0.763899839683158,0.763899839683158,0.804737854124365,0.763899839683158,0.763899839683158,0.804737854124365,0.763899839683158,0.763899839683158,0.804737854124365,0.763899839683158,0.763899839683158,0.804737854124365,0.763899839683158,0.763899839683158,0.804737854124365,0.763899839683158,0.763899839683158,0.804737854124365,0.763899839683158,0.763899839683158,0.804737854124365,0.763899839683158,0.763899839683158,0.804737854124365,0.763899839683158,0.763899839683158,0.804737854124365,0.763899839683158,0.763899839683158,0.804737854124365,0.763899839683158,0.763899839683158,0.804737854124365,0.763899839683158,0.763899839683158,0.804737854124365,0.763899839683158,0.763899839683158,0.804737854124365,0.763899839683158,0.763899839683158,0.804737854124365,0.763899839683158,0.763899839683158,0.804737854124365,0.763899839683158,0.763899839683158,0.804737854124365,0.763899839683158,0.763899839683158,0.804737854124365,0.763899839683158,0.763899839683158,0.804737854124365,0.763899839683158,0.763899839683158,0.804737854124365,0.763899839683158,0.763899839683158,0.804737854124365,0.763899839683158,0.763899839683158,0.804737854124365,0.763899839683158,0.763899839683158,0.804737854124365,0.763899839683158,0.763899839683158,0.804737854124365,0.763899839683158,0.763899839683158,0.804737854124365,0.763899839683158,0.763899839683158,0.804737854124365,0.763899839683158,0.763899839683158,0.804737854124365,0.763899839683158,0.763899839683158,0.804737854124365,0.763899839683158,0.763899839683158,0.804737854124365,0.763899839683158,0.763899839683158,0.804737854124365,0.763899839683158,0.763899839683158,0.804737854124365,0.763899839683158,0.763899839683158,0.804737854124365,0.763899839683158,0.763899839683158,0.804737854124365,0.763899839683158,0.763899839683158,0.804737854124365,0.763899839683158,0.763899839683158,0.804737854124365,0.763899839683158,0.763899839683158,0.804737854124365,0.763899839683158,0.763899839683158,0.804737854124365,0.763899839683158,0.763899839683158,0.804737854124365,0.763899839683158,0.763899839683158,0.804737854124365,0.763899839683158,0.763899839683158,0.804737854124365,0.763899839683158,0.763899839683158,0.804737854124365,0.763899839683158,0.763899839683158,0.804737854124365,0.763899839683158,0.763899839683158,0.804737854124365,0.773076484163809,0.765961908691079,0.783394127706177),(0.973477417138017,0.951815432523082,0.960656293477076,1.0,0.949253021674191,0.949253021674191,1.0,0.949253021674191,0.949253021674191,1.0,0.949253021674191,0.949253021674191,1.0,0.949253021674191,0.949253021674191,1.0,0.949253021674191,0.949253021674191,1.0,0.949253021674191,0.949253021674191,1.0,0.949253021674191,0.949253021674191,1.0,0.949253021674191,0.949253021674191,1.0,0.949253021674191,0.949253021674191,1.0,0.949253021674191,0.949253021674191,1.0,0.949253021674191,0.949253021674191,1.0,0.949253021674191,0.949253021674191,1.0,0.949253021674191,0.949253021674191,1.0,0.949253021674191,0.949253021674191,1.0,0.949253021674191,0.949253021674191,1.0,0.949253021674191,0.949253021674191,1.0,0.949253021674191,0.949253021674191,1.0,0.949253021674191,0.949253021674191,1.0,0.949253021674191,0.949253021674191,1.0,0.949253021674191,0.949253021674191,1.0,0.949253021674191,0.949253021674191,1.0,0.949253021674191,0.949253021674191,1.0,0.949253021674191,0.949253021674191,1.0,0.949253021674191,0.949253021674191,1.0,0.949253021674191,0.949253021674191,1.0,0.949253021674191,0.949253021674191,1.0,0.949253021674191,0.949253021674191,1.0,0.949253021674191,0.949253021674191,1.0,0.949253021674191,0.949253021674191,1.0,0.949253021674191,0.949253021674191,1.0,0.949253021674191,0.949253021674191,1.0,0.949253021674191,0.949253021674191,1.0,0.949253021674191,0.949253021674191,1.0,0.949253021674191,0.949253021674191,1.0,0.949253021674191,0.949253021674191,1.0,0.949253021674191,0.949253021674191,1.0,0.949253021674191,0.949253021674191,1.0,0.949253021674191,0.949253021674191,1.0,0.949253021674191,0.949253021674191,1.0,0.949253021674191,0.949253021674191,1.0,0.949253021674191,0.949253021674191,1.0,0.949253021674191,0.949253021674191,1.0,0.949253021674191,0.949253021674191,1.0,0.949253021674191,0.949253021674191,1.0,0.949253021674191,0.949253021674191,1.0,0.949253021674191,0.949253021674191,1.0,0.949253021674191,0.949253021674191,1.0,0.949253021674191,0.949253021674191,1.0,0.949253021674191,0.949253021674191,1.0,0.949253021674191,0.949253021674191,1.0,0.949253021674191,0.949253021674191,1.0,0.949253021674191,0.949253021674191,1.0,0.949253021674191,0.949253021674191,1.0,0.949253021674191,0.949253021674191,1.0,0.949253021674191,0.949253021674191,1.0,0.949253021674191,0.949253021674191,1.0,0.949253021674191,0.949253021674191,1.0,0.949253021674191,0.949253021674191,1.0,0.949253021674191,0.949253021674191,1.0,0.949253021674191,0.949253021674191,1.0,0.949253021674191,0.949253021674191,1.0,0.949253021674191,0.949253021674191,1.0,0.949253021674191,0.949253021674191,1.0,0.949253021674191,0.949253021674191,1.0,0.949253021674191,0.949253021674191,1.0,0.949253021674191,0.949253021674191,1.0,0.949253021674191,0.949253021674191,1.0,0.949253021674191,0.949253021674191,1.0,0.949253021674191,0.949253021674191,1.0,0.949253021674191,0.949253021674191,1.0,0.949253021674191,0.949253021674191,1.0,0.949253021674191,0.949253021674191,1.0,0.949253021674191,0.949253021674191,1.0,0.949253021674191,0.949253021674191,1.0,0.949253021674191,0.949253021674191,1.0,0.949253021674191,0.949253021674191,1.0,0.949253021674191,0.949253021674191,1.0,0.949253021674191,0.949253021674191,1.0,0.949253021674191,0.949253021674191,1.0,0.949253021674191,0.949253021674191,1.0,0.949253021674191,0.949253021674191,1.0,0.949253021674191,0.949253021674191,1.0,0.949253021674191,0.949253021674191,1.0,0.949253021674191,0.949253021674191,1.0,0.949253021674191,0.949253021674191,1.0,0.949253021674191,0.949253021674191,1.0,0.949253021674191,0.949253021674191,1.0,0.949253021674191,0.949253021674191,1.0,0.949253021674191,0.949253021674191,1.0,0.949253021674191,0.949253021674191,1.0,0.949253021674191,0.949253021674191,1.0,0.949253021674191,0.949253021674191,1.0,0.949253021674191,0.949253021674191,1.0,0.949253021674191,0.949253021674191,1.0,0.949253021674191,0.949253021674191,1.0,0.949253021674191,0.949253021674191,1.0,0.949253021674191,0.949253021674191,1.0,0.949253021674191,0.949253021674191,1.0,0.949253021674191,0.949253021674191,1.0,0.949253021674191,0.949253021674191,1.0,0.949253021674191,0.949253021674191,1.0,0.949253021674191,0.949253021674191,1.0,0.960656293477076,0.951815432523082,0.973477417138017)))REPRESENTATION_ITEM('')SURFACE());
#1900=CARTESIAN_POINT('',(-0.579866116551514,3.939230955375515,-0.694593032078046));
#1901=CARTESIAN_POINT('',(-0.616314243679507,3.794889533228560,-1.513193720220631));
#1902=CARTESIAN_POINT('',(-0.653326155321341,3.410785662472059,-2.246068587020321));
#1903=CARTESIAN_POINT('',(-0.687500000000000,2.828427124746191,-2.828427124746191));
#1904=CARTESIAN_POINT('',(-0.732108210462950,2.068255933589741,-3.588598315902640));
#1905=CARTESIAN_POINT('',(-0.780391789537049,1.075044408258763,-4.0));
#1906=CARTESIAN_POINT('',(-0.825000000000000,2.449213E-016,-3.999999999999999));
#1907=CARTESIAN_POINT('',(-0.869608210462950,-1.075044408258762,-4.0));
#1908=CARTESIAN_POINT('',(-0.917891789537049,-2.068255933589740,-3.588598315902640));
#1909=CARTESIAN_POINT('',(-0.962499999999999,-2.828427124746189,-2.828427124746191));
#1910=CARTESIAN_POINT('',(-1.007108210462949,-3.588598315902640,-2.068255933589741));
#1911=CARTESIAN_POINT('',(-1.055391789537049,-4.0,-1.075044408258763));
#1912=CARTESIAN_POINT('',(-1.099999999999999,-3.999999999999999,-4.898425E-016));
#1913=CARTESIAN_POINT('',(-1.144608210462950,-4.0,1.075044408258762));
#1914=CARTESIAN_POINT('',(-1.192891789537049,-3.588598315902641,2.068255933589741));
#1915=CARTESIAN_POINT('',(-1.237499999999999,-2.828427124746191,2.828427124746191));
#1916=CARTESIAN_POINT('',(-1.282108210462949,-2.068255933589741,3.588598315902640));
#1917=CARTESIAN_POINT('',(-1.330391789537048,-1.075044408258764,3.999999999999999));
#1918=CARTESIAN_POINT('',(-1.374999999999998,-7.347638E-016,3.999999999999999));
#1919=CARTESIAN_POINT('',(-1.419608210462948,1.075044408258763,3.999999999999999));
#1920=CARTESIAN_POINT('',(-1.467891789537047,2.068255933589741,3.588598315902640));
#1921=CARTESIAN_POINT('',(-1.512499999999998,2.828427124746189,2.828427124746191));
#1922=CARTESIAN_POINT('',(-1.557108210462949,3.588598315902640,2.068255933589742));
#1923=CARTESIAN_POINT('',(-1.605391789537047,4.0,1.075044408258764));
#1924=CARTESIAN_POINT('',(-1.649999999999998,4.0,0.0));
#1925=CARTESIAN_POINT('',(-1.694608210462949,4.0,-1.075044408258763));
#1926=CARTESIAN_POINT('',(-1.742891789537047,3.588598315902641,-2.068255933589741));
#1927=CARTESIAN_POINT('',(-1.787499999999997,2.828427124746191,-2.828427124746191));
#1928=CARTESIAN_POINT('',(-1.832108210462948,2.068255933589741,-3.588598315902641));
#1929=CARTESIAN_POINT('',(-1.880391789537047,1.075044408258763,-4.000000000000002));
#1930=CARTESIAN_POINT('',(-1.924999999999997,2.449213E-016,-4.0));
#1931=CARTESIAN_POINT('',(-1.969608210462948,-1.075044408258762,-4.0));
#1932=CARTESIAN_POINT('',(-2.017891789537047,-2.068255933589741,-3.588598315902641));
#1933=CARTESIAN_POINT('',(-2.062499999999997,-2.828427124746189,-2.828427124746191));
#1934=CARTESIAN_POINT('',(-2.107108210462947,-3.588598315902641,-2.068255933589741));
#1935=CARTESIAN_POINT('',(-2.155391789537047,-4.000000000000002,-1.075044408258763));
#1936=CARTESIAN_POINT('',(-2.199999999999997,-4.0,-4.898425E-016));
#1937=CARTESIAN_POINT('',(-2.244608210462947,-4.0,1.075044408258762));
#1938=CARTESIAN_POINT('',(-2.292891789537047,-3.588598315902641,2.068255933589741));
#1939=CARTESIAN_POINT('',(-2.337499999999996,-2.828427124746191,2.828427124746191));
#1940=CARTESIAN_POINT('',(-2.382108210462947,-2.068255933589742,3.588598315902638));
#1941=CARTESIAN_POINT('',(-2.430391789537045,-1.075044408258764,3.999999999999999));
#1942=CARTESIAN_POINT('',(-2.474999999999996,-7.347638E-016,4.0));
#1943=CARTESIAN_POINT('',(-2.519608210462947,1.075044408258763,3.999999999999999));
#1944=CARTESIAN_POINT('',(-2.567891789537047,2.068255933589741,3.588598315902640));
#1945=CARTESIAN_POINT('',(-2.612499999999997,2.828427124746189,2.828427124746191));
#1946=CARTESIAN_POINT('',(-2.657108210462947,3.588598315902640,2.068255933589742));
#1947=CARTESIAN_POINT('',(-2.705391789537047,4.0,1.075044408258764));
#1948=CARTESIAN_POINT('',(-2.749999999999996,4.0,0.0));
#1949=CARTESIAN_POINT('',(-2.794608210462947,4.0,-1.075044408258763));
#1950=CARTESIAN_POINT('',(-2.842891789537045,3.588598315902641,-2.068255933589741));
#1951=CARTESIAN_POINT('',(-2.887499999999996,2.828427124746191,-2.828427124746191));
#1952=CARTESIAN_POINT('',(-2.932108210462944,2.068255933589741,-3.588598315902641));
#1953=CARTESIAN_POINT('',(-2.980391789537044,1.075044408258763,-4.000000000000002));
#1954=CARTESIAN_POINT('',(-3.024999999999996,2.449213E-016,-4.0));
#1955=CARTESIAN_POINT('',(-3.069608210462945,-1.075044408258762,-4.0));
#1956=CARTESIAN_POINT('',(-3.117891789537044,-2.068255933589741,-3.588598315902641));
#1957=CARTESIAN_POINT('',(-3.162499999999995,-2.828427124746191,-2.828427124746191));
#1958=CARTESIAN_POINT('',(-3.207108210462944,-3.588598315902641,-2.068255933589741));
#1959=CARTESIAN_POINT('',(-3.255391789537045,-4.000000000000002,-1.075044408258763));
#1960=CARTESIAN_POINT('',(-3.299999999999995,-4.0,-4.898425E-016));
#1961=CARTESIAN_POINT('',(-3.344608210462945,-4.000000000000002,1.075044408258762));
#1962=CARTESIAN_POINT('',(-3.392891789537045,-3.588598315902641,2.068255933589741));
#1963=CARTESIAN_POINT('',(-3.437499999999993,-2.828427124746191,2.828427124746189));
#1964=CARTESIAN_POINT('',(-3.482108210462944,-2.068255933589741,3.588598315902640));
#1965=CARTESIAN_POINT('',(-3.530391789537045,-1.075044408258764,4.0));
#1966=CARTESIAN_POINT('',(-3.574999999999993,-7.347638E-016,4.0));
#1967=CARTESIAN_POINT('',(-3.619608210462944,1.075044408258763,3.999999999999999));
#1968=CARTESIAN_POINT('',(-3.667891789537045,2.068255933589741,3.588598315902640));
#1969=CARTESIAN_POINT('',(-3.712499999999994,2.828427124746189,2.828427124746191));
#1970=CARTESIAN_POINT('',(-3.757108210462944,3.588598315902640,2.068255933589742));
#1971=CARTESIAN_POINT('',(-3.805391789537042,4.0,1.075044408258764));
#1972=CARTESIAN_POINT('',(-3.849999999999993,4.0,0.0));
#1973=CARTESIAN_POINT('',(-3.894608210462944,4.0,-1.075044408258763));
#1974=CARTESIAN_POINT('',(-3.942891789537042,3.588598315902641,-2.068255933589741));
#1975=CARTESIAN_POINT('',(-3.987499999999995,2.828427124746191,-2.828427124746191));
#1976=CARTESIAN_POINT('',(-4.032108210462944,2.068255933589741,-3.588598315902641));
#1977=CARTESIAN_POINT('',(-4.080391789537044,1.075044408258763,-4.000000000000002));
#1978=CARTESIAN_POINT('',(-4.124999999999995,2.449213E-016,-4.0));
#1979=CARTESIAN_POINT('',(-4.169608210462942,-1.075044408258762,-4.0));
#1980=CARTESIAN_POINT('',(-4.217891789537045,-2.068255933589741,-3.588598315902641));
#1981=CARTESIAN_POINT('',(-4.262499999999994,-2.828427124746191,-2.828427124746191));
#1982=CARTESIAN_POINT('',(-4.307108210462944,-3.588598315902640,-2.068255933589741));
#1983=CARTESIAN_POINT('',(-4.355391789537042,-4.0,-1.075044408258763));
#1984=CARTESIAN_POINT('',(-4.399999999999993,-4.0,-4.898425E-016));
#1985=CARTESIAN_POINT('',(-4.444608210462940,-3.999999999999999,1.075044408258762));
#1986=CARTESIAN_POINT('',(-4.492891789537042,-3.588598315902640,2.068255933589740));
#1987=CARTESIAN_POINT('',(-4.537499999999991,-2.828427124746191,2.828427124746189));
#1988=CARTESIAN_POINT('',(-4.582108210462943,-2.068255933589742,3.588598315902640));
#1989=CARTESIAN_POINT('',(-4.630391789537041,-1.075044408258764,4.0));
#1990=CARTESIAN_POINT('',(-4.674999999999992,-7.347638E-016,4.0));
#1991=CARTESIAN_POINT('',(-4.719608210462940,1.075044408258763,3.999999999999999));
#1992=CARTESIAN_POINT('',(-4.767891789537043,2.068255933589740,3.588598315902640));
#1993=CARTESIAN_POINT('',(-4.812499999999991,2.828427124746189,2.828427124746191));
#1994=CARTESIAN_POINT('',(-4.857108210462944,3.588598315902640,2.068255933589742));
#1995=CARTESIAN_POINT('',(-4.905391789537042,4.0,1.075044408258764));
#1996=CARTESIAN_POINT('',(-4.949999999999990,4.0,0.0));
#1997=CARTESIAN_POINT('',(-4.994608210462944,4.000000000000002,-1.075044408258762));
#1998=CARTESIAN_POINT('',(-5.042891789537042,3.588598315902640,-2.068255933589741));
#1999=CARTESIAN_POINT('',(-5.087499999999991,2.828427124746191,-2.828427124746189));
#2000=CARTESIAN_POINT('',(-5.132108210462941,2.068255933589740,-3.588598315902640));
#2001=CARTESIAN_POINT('',(-5.180391789537040,1.075044408258763,-3.999999999999999));
#2002=CARTESIAN_POINT('',(-5.224999999999990,2.449213E-016,-4.0));
#2003=CARTESIAN_POINT('',(-5.269608210462941,-1.075044408258762,-4.000000000000002));
#2004=CARTESIAN_POINT('',(-5.317891789537041,-2.068255933589741,-3.588598315902640));
#2005=CARTESIAN_POINT('',(-5.362499999999991,-2.828427124746189,-2.828427124746191));
#2006=CARTESIAN_POINT('',(-5.407108210462939,-3.588598315902640,-2.068255933589740));
#2007=CARTESIAN_POINT('',(-5.455391789537037,-3.999999999999999,-1.075044408258763));
#2008=CARTESIAN_POINT('',(-5.499999999999990,-4.0,-4.898425E-016));
#2009=CARTESIAN_POINT('',(-5.544608210462938,-4.000000000000002,1.075044408258762));
#2010=CARTESIAN_POINT('',(-5.592891789537038,-3.588598315902641,2.068255933589741));
#2011=CARTESIAN_POINT('',(-5.637499999999990,-2.828427124746191,2.828427124746189));
#2012=CARTESIAN_POINT('',(-5.682108210462936,-2.068255933589741,3.588598315902640));
#2013=CARTESIAN_POINT('',(-5.730391789537038,-1.075044408258764,3.999999999999999));
#2014=CARTESIAN_POINT('',(-5.774999999999990,-7.347638E-016,4.0));
#2015=CARTESIAN_POINT('',(-5.819608210462938,1.075044408258763,4.0));
#2016=CARTESIAN_POINT('',(-5.867891789537038,2.068255933589741,3.588598315902640));
#2017=CARTESIAN_POINT('',(-5.912499999999991,2.828427124746189,2.828427124746191));
#2018=CARTESIAN_POINT('',(-5.957108210462936,3.588598315902640,2.068255933589742));
#2019=CARTESIAN_POINT('',(-6.005391789537036,3.999999999999999,1.075044408258764));
#2020=CARTESIAN_POINT('',(-6.049999999999988,4.0,0.0));
#2021=CARTESIAN_POINT('',(-6.094608210462940,4.000000000000002,-1.075044408258762));
#2022=CARTESIAN_POINT('',(-6.142891789537037,3.588598315902640,-2.068255933589741));
#2023=CARTESIAN_POINT('',(-6.187499999999990,2.828427124746191,-2.828427124746189));
#2024=CARTESIAN_POINT('',(-6.232108210462940,2.068255933589741,-3.588598315902640));
#2025=CARTESIAN_POINT('',(-6.280391789537037,1.075044408258763,-4.0));
#2026=CARTESIAN_POINT('',(-6.324999999999990,2.449213E-016,-4.0));
#2027=CARTESIAN_POINT('',(-6.369608210462937,-1.075044408258762,-3.999999999999999));
#2028=CARTESIAN_POINT('',(-6.417891789537036,-2.068255933589740,-3.588598315902640));
#2029=CARTESIAN_POINT('',(-6.462499999999986,-2.828427124746189,-2.828427124746191));
#2030=CARTESIAN_POINT('',(-6.507108210462937,-3.588598315902640,-2.068255933589741));
#2031=CARTESIAN_POINT('',(-6.555391789537035,-4.0,-1.075044408258763));
#2032=CARTESIAN_POINT('',(-6.599999999999991,-4.0,-4.898425E-016));
#2033=CARTESIAN_POINT('',(-6.644608210462937,-3.999999999999999,1.075044408258762));
#2034=CARTESIAN_POINT('',(-6.692891789537034,-3.588598315902640,2.068255933589740));
#2035=CARTESIAN_POINT('',(-6.737499999999988,-2.828427124746191,2.828427124746189));
#2036=CARTESIAN_POINT('',(-6.782108210462940,-2.068255933589742,3.588598315902640));
#2037=CARTESIAN_POINT('',(-6.830391789537037,-1.075044408258764,4.0));
#2038=CARTESIAN_POINT('',(-6.874999999999987,-7.347638E-016,4.0));
#2039=CARTESIAN_POINT('',(-6.919608210462938,1.075044408258763,3.999999999999999));
#2040=CARTESIAN_POINT('',(-6.967891789537033,2.068255933589740,3.588598315902640));
#2041=CARTESIAN_POINT('',(-7.012499999999986,2.828427124746189,2.828427124746191));
#2042=CARTESIAN_POINT('',(-7.057108210462938,3.588598315902640,2.068255933589742));
#2043=CARTESIAN_POINT('',(-7.105391789537037,4.0,1.075044408258764));
#2044=CARTESIAN_POINT('',(-7.149999999999986,4.0,0.0));
#2045=CARTESIAN_POINT('',(-7.194608210462937,4.000000000000002,-1.075044408258762));
#2046=CARTESIAN_POINT('',(-7.242891789537036,3.588598315902640,-2.068255933589741));
#2047=CARTESIAN_POINT('',(-7.287499999999985,2.828427124746191,-2.828427124746189));
#2048=CARTESIAN_POINT('',(-7.332108210462938,2.068255933589740,-3.588598315902640));
#2049=CARTESIAN_POINT('',(-7.380391789537032,1.075044408258763,-3.999999999999999));
#2050=CARTESIAN_POINT('',(-7.424999999999987,2.449213E-016,-4.0));
#2051=CARTESIAN_POINT('',(-7.469608210462937,-1.075044408258762,-4.000000000000002));
#2052=CARTESIAN_POINT('',(-7.517891789537035,-2.068255933589741,-3.588598315902640));
#2053=CARTESIAN_POINT('',(-7.562499999999987,-2.828427124746189,-2.828427124746191));
#2054=CARTESIAN_POINT('',(-7.607108210462935,-3.588598315902640,-2.068255933589740));
#2055=CARTESIAN_POINT('',(-7.655391789537033,-3.999999999999999,-1.075044408258763));
#2056=CARTESIAN_POINT('',(-7.699999999999987,-4.0,-4.898425E-016));
#2057=CARTESIAN_POINT('',(-7.744608210462937,-4.000000000000002,1.075044408258762));
#2058=CARTESIAN_POINT('',(-7.792891789537036,-3.588598315902641,2.068255933589741));
#2059=CARTESIAN_POINT('',(-7.837499999999986,-2.828427124746191,2.828427124746189));
#2060=CARTESIAN_POINT('',(-7.882108210462935,-2.068255933589741,3.588598315902640));
#2061=CARTESIAN_POINT('',(-7.930391789537032,-1.075044408258764,3.999999999999999));
#2062=CARTESIAN_POINT('',(-7.974999999999984,-7.347638E-016,4.0));
#2063=CARTESIAN_POINT('',(-8.019608210462931,1.075044408258763,4.0));
#2064=CARTESIAN_POINT('',(-8.067891789537033,2.068255933589741,3.588598315902640));
#2065=CARTESIAN_POINT('',(-8.112499999999987,2.828427124746189,2.828427124746191));
#2066=CARTESIAN_POINT('',(-8.157108210462933,3.588598315902640,2.068255933589742));
#2067=CARTESIAN_POINT('',(-8.205391789537032,4.0,1.075044408258764));
#2068=CARTESIAN_POINT('',(-8.249999999999982,4.0,0.0));
#2069=CARTESIAN_POINT('',(-8.294608210462929,3.999999999999999,-1.075044408258762));
#2070=CARTESIAN_POINT('',(-8.342891789537031,3.588598315902640,-2.068255933589740));
#2071=CARTESIAN_POINT('',(-8.387499999999980,2.828427124746191,-2.828427124746189));
#2072=CARTESIAN_POINT('',(-8.432108210462932,2.068255933589740,-3.588598315902640));
#2073=CARTESIAN_POINT('',(-8.480391789537030,1.075044408258763,-3.999999999999999));
#2074=CARTESIAN_POINT('',(-8.524999999999988,2.449213E-016,-4.0));
#2075=CARTESIAN_POINT('',(-8.569608210462935,-1.075044408258762,-4.0));
#2076=CARTESIAN_POINT('',(-8.617891789537030,-2.068255933589740,-3.588598315902640));
#2077=CARTESIAN_POINT('',(-8.662499999999982,-2.828427124746189,-2.828427124746191));
#2078=CARTESIAN_POINT('',(-8.707108210462931,-3.588598315902640,-2.068255933589740));
#2079=CARTESIAN_POINT('',(-8.755391789537031,-3.999999999999999,-1.075044408258763));
#2080=CARTESIAN_POINT('',(-8.799999999999987,-4.0,-4.898425E-016));
#2081=CARTESIAN_POINT('',(-8.844608210462932,-3.999999999999999,1.075044408258762));
#2082=CARTESIAN_POINT('',(-8.892891789537030,-3.588598315902640,2.068255933589740));
#2083=CARTESIAN_POINT('',(-8.937499999999982,-2.828427124746191,2.828427124746189));
#2084=CARTESIAN_POINT('',(-8.982108210462931,-2.068255933589741,3.588598315902640));
#2085=CARTESIAN_POINT('',(-9.030391789537031,-1.075044408258764,3.999999999999999));
#2086=CARTESIAN_POINT('',(-9.074999999999982,-7.347638E-016,4.0));
#2087=CARTESIAN_POINT('',(-9.119608210462932,1.075044408258763,4.0));
#2088=CARTESIAN_POINT('',(-9.167891789537030,2.068255933589740,3.588598315902640));
#2089=CARTESIAN_POINT('',(-9.212499999999981,2.828427124746189,2.828427124746191));
#2090=CARTESIAN_POINT('',(-9.257108210462931,3.588598315902640,2.068255933589742));
#2091=CARTESIAN_POINT('',(-9.305391789537030,3.999999999999999,1.075044408258764));
#2092=CARTESIAN_POINT('',(-9.349999999999984,4.0,0.0));
#2093=CARTESIAN_POINT('',(-9.394608210462931,3.999999999999999,-1.075044408258762));
#2094=CARTESIAN_POINT('',(-9.442891789537031,3.588598315902640,-2.068255933589740));
#2095=CARTESIAN_POINT('',(-9.487499999999985,2.828427124746191,-2.828427124746189));
#2096=CARTESIAN_POINT('',(-9.532108210462932,2.068255933589741,-3.588598315902640));
#2097=CARTESIAN_POINT('',(-9.580391789537030,1.075044408258763,-3.999999999999999));
#2098=CARTESIAN_POINT('',(-9.624999999999982,2.449213E-016,-4.0));
#2099=CARTESIAN_POINT('',(-9.669608210462924,-1.075044408258762,-3.999999999999999));
#2100=CARTESIAN_POINT('',(-9.717891789537024,-2.068255933589740,-3.588598315902640));
#2101=CARTESIAN_POINT('',(-9.762499999999982,-2.828427124746189,-2.828427124746191));
#2102=CARTESIAN_POINT('',(-9.807108210462925,-3.588598315902640,-2.068255933589740));
#2103=CARTESIAN_POINT('',(-9.855391789537025,-3.999999999999999,-1.075044408258763));
#2104=CARTESIAN_POINT('',(-9.899999999999981,-4.0,-4.898425E-016));
#2105=CARTESIAN_POINT('',(-9.944608210462926,-3.999999999999999,1.075044408258762));
#2106=CARTESIAN_POINT('',(-9.992891789537024,-3.588598315902640,2.068255933589740));
#2107=CARTESIAN_POINT('',(-10.037499999999982,-2.828427124746191,2.828427124746189));
#2108=CARTESIAN_POINT('',(-10.082108210462930,-2.068255933589742,3.588598315902640));
#2109=CARTESIAN_POINT('',(-10.130391789537024,-1.075044408258764,3.999999999999999));
#2110=CARTESIAN_POINT('',(-10.174999999999981,-7.347638E-016,4.0));
#2111=CARTESIAN_POINT('',(-10.219608210462926,1.075044408258763,3.999999999999999));
#2112=CARTESIAN_POINT('',(-10.267891789537025,2.068255933589740,3.588598315902640));
#2113=CARTESIAN_POINT('',(-10.312499999999982,2.828427124746189,2.828427124746191));
#2114=CARTESIAN_POINT('',(-10.357108210462927,3.588598315902640,2.068255933589742));
#2115=CARTESIAN_POINT('',(-10.405391789537024,3.999999999999999,1.075044408258764));
#2116=CARTESIAN_POINT('',(-10.449999999999974,4.0,0.0));
#2117=CARTESIAN_POINT('',(-10.494608210462930,4.0,-1.075044408258762));
#2118=CARTESIAN_POINT('',(-10.542891789537025,3.588598315902640,-2.068255933589740));
#2119=CARTESIAN_POINT('',(-10.587499999999981,2.828427124746191,-2.828427124746189));
#2120=CARTESIAN_POINT('',(-10.632108210462928,2.068255933589740,-3.588598315902640));
#2121=CARTESIAN_POINT('',(-10.680391789537023,1.075044408258763,-3.999999999999999));
#2122=CARTESIAN_POINT('',(-10.724999999999982,2.449213E-016,-4.0));
#2123=CARTESIAN_POINT('',(-10.769608210462927,-1.075044408258762,-3.999999999999999));
#2124=CARTESIAN_POINT('',(-10.817891789537025,-2.068255933589740,-3.588598315902640));
#2125=CARTESIAN_POINT('',(-10.862499999999978,-2.828427124746189,-2.828427124746191));
#2126=CARTESIAN_POINT('',(-10.907108210462926,-3.588598315902640,-2.068255933589740));
#2127=CARTESIAN_POINT('',(-10.955391789537025,-3.999999999999999,-1.075044408258763));
#2128=CARTESIAN_POINT('',(-10.999999999999977,-4.0,-4.898425E-016));
#2129=CARTESIAN_POINT('',(-11.044608210462927,-4.0,1.075044408258762));
#2130=CARTESIAN_POINT('',(-11.092891789537024,-3.588598315902640,2.068255933589740));
#2131=CARTESIAN_POINT('',(-11.137499999999978,-2.828427124746191,2.828427124746189));
#2132=CARTESIAN_POINT('',(-11.182108210462927,-2.068255933589741,3.588598315902640));
#2133=CARTESIAN_POINT('',(-11.230391789537027,-1.075044408258764,3.999999999999999));
#2134=CARTESIAN_POINT('',(-11.274999999999977,-7.347638E-016,4.0));
#2135=CARTESIAN_POINT('',(-11.319608210462924,1.075044408258763,3.999999999999999));
#2136=CARTESIAN_POINT('',(-11.367891789537023,2.068255933589740,3.588598315902640));
#2137=CARTESIAN_POINT('',(-11.412499999999977,2.828427124746189,2.828427124746191));
#2138=CARTESIAN_POINT('',(-11.457108210462923,3.588598315902640,2.068255933589742));
#2139=CARTESIAN_POINT('',(-11.505391789537025,3.999999999999999,1.075044408258764));
#2140=CARTESIAN_POINT('',(-11.549999999999978,4.0,0.0));
#2141=CARTESIAN_POINT('',(-11.594608210462926,4.0,-1.075044408258762));
#2142=CARTESIAN_POINT('',(-11.642891789537025,3.588598315902640,-2.068255933589740));
#2143=CARTESIAN_POINT('',(-11.687499999999977,2.828427124746191,-2.828427124746189));
#2144=CARTESIAN_POINT('',(-11.732108210462929,2.068255933589740,-3.588598315902640));
#2145=CARTESIAN_POINT('',(-11.780391789537020,1.075044408258763,-3.999999999999999));
#2146=CARTESIAN_POINT('',(-11.824999999999978,2.449213E-016,-4.0));
#2147=CARTESIAN_POINT('',(-11.869608210462923,-1.075044408258762,-3.999999999999999));
#2148=CARTESIAN_POINT('',(-11.917891789537023,-2.068255933589740,-3.588598315902640));
#2149=CARTESIAN_POINT('',(-11.962499999999977,-2.828427124746189,-2.828427124746191));
#2150=CARTESIAN_POINT('',(-12.007108210462929,-3.588598315902640,-2.068255933589741));
#2151=CARTESIAN_POINT('',(-12.055391789537024,-3.999999999999999,-1.075044408258763));
#2152=CARTESIAN_POINT('',(-12.099999999999977,-4.0,-4.898425E-016));
#2153=CARTESIAN_POINT('',(-12.144608210462923,-3.999999999999999,1.075044408258762));
#2154=CARTESIAN_POINT('',(-12.192891789537024,-3.588598315902640,2.068255933589740));
#2155=CARTESIAN_POINT('',(-12.237499999999974,-2.828427124746191,2.828427124746189));
#2156=CARTESIAN_POINT('',(-12.282108210462923,-2.068255933589741,3.588598315902640));
#2157=CARTESIAN_POINT('',(-12.330391789537023,-1.075044408258764,3.999999999999999));
#2158=CARTESIAN_POINT('',(-12.374999999999973,-7.347638E-016,4.0));
#2159=CARTESIAN_POINT('',(-12.419608210462922,1.075044408258763,3.999999999999999));
#2160=CARTESIAN_POINT('',(-12.467891789537022,2.068255933589740,3.588598315902640));
#2161=CARTESIAN_POINT('',(-12.512499999999974,2.828427124746189,2.828427124746191));
#2162=CARTESIAN_POINT('',(-12.557108210462925,3.588598315902640,2.068255933589742));
#2163=CARTESIAN_POINT('',(-12.605391789537023,3.999999999999999,1.075044408258764));
#2164=CARTESIAN_POINT('',(-12.649999999999979,4.0,0.0));
#2165=CARTESIAN_POINT('',(-12.694608210462928,3.999999999999999,-1.075044408258762));
#2166=CARTESIAN_POINT('',(-12.742891789537023,3.588598315902640,-2.068255933589740));
#2167=CARTESIAN_POINT('',(-12.787499999999978,2.828427124746191,-2.828427124746189));
#2168=CARTESIAN_POINT('',(-12.832108210462925,2.068255933589740,-3.588598315902640));
#2169=CARTESIAN_POINT('',(-12.880391789537025,1.075044408258763,-3.999999999999999));
#2170=CARTESIAN_POINT('',(-12.924999999999972,2.449213E-016,-4.0));
#2171=CARTESIAN_POINT('',(-12.969608210462924,-1.075044408258762,-4.0));
#2172=CARTESIAN_POINT('',(-13.017891789537021,-2.068255933589740,-3.588598315902640));
#2173=CARTESIAN_POINT('',(-13.062499999999972,-2.828427124746189,-2.828427124746191));
#2174=CARTESIAN_POINT('',(-13.107108210462922,-3.588598315902640,-2.068255933589740));
#2175=CARTESIAN_POINT('',(-13.155391789537020,-3.999999999999999,-1.075044408258763));
#2176=CARTESIAN_POINT('',(-13.199999999999971,-4.0,-4.898425E-016));
#2177=CARTESIAN_POINT('',(-13.244608210462921,-3.999999999999999,1.075044408258762));
#2178=CARTESIAN_POINT('',(-13.292891789537020,-3.588598315902640,2.068255933589740));
#2179=CARTESIAN_POINT('',(-13.337499999999968,-2.828427124746191,2.828427124746189));
#2180=CARTESIAN_POINT('',(-13.382108210462922,-2.068255933589741,3.588598315902640));
#2181=CARTESIAN_POINT('',(-13.430391789537023,-1.075044408258764,3.999999999999999));
#2182=CARTESIAN_POINT('',(-13.474999999999975,-7.347638E-016,4.0));
#2183=CARTESIAN_POINT('',(-13.519608210462923,1.075044408258763,4.0));
#2184=CARTESIAN_POINT('',(-13.567891789537022,2.068255933589740,3.588598315902640));
#2185=CARTESIAN_POINT('',(-13.612499999999974,2.828427124746189,2.828427124746191));
#2186=CARTESIAN_POINT('',(-13.657108210462923,3.588598315902640,2.068255933589742));
#2187=CARTESIAN_POINT('',(-13.705391789537023,3.999999999999999,1.075044408258764));
#2188=CARTESIAN_POINT('',(-13.749999999999973,4.0,0.0));
#2189=CARTESIAN_POINT('',(-13.794608210462922,3.999999999999999,-1.075044408258762));
#2190=CARTESIAN_POINT('',(-13.842891789537022,3.588598315902640,-2.068255933589740));
#2191=CARTESIAN_POINT('',(-13.887499999999974,2.828427124746191,-2.828427124746189));
#2192=CARTESIAN_POINT('',(-13.932108210462923,2.068255933589741,-3.588598315902640));
#2193=CARTESIAN_POINT('',(-13.980391789537023,1.075044408258763,-3.999999999999999));
#2194=CARTESIAN_POINT('',(-14.024999999999974,2.449213E-016,-4.0));
#2195=CARTESIAN_POINT('',(-14.069608210462921,-1.075044408258762,-3.999999999999999));
#2196=CARTESIAN_POINT('',(-14.117891789537023,-2.068255933589740,-3.588598315902640));
#2197=CARTESIAN_POINT('',(-14.162499999999971,-2.828427124746189,-2.828427124746191));
#2198=CARTESIAN_POINT('',(-14.207108210462920,-3.588598315902640,-2.068255933589740));
#2199=CARTESIAN_POINT('',(-14.255391789537022,-3.999999999999999,-1.075044408258763));
#2200=CARTESIAN_POINT('',(-14.299999999999972,-4.0,-4.898425E-016));
#2201=CARTESIAN_POINT('',(-14.344608210462919,-3.999999999999999,1.075044408258762));
#2202=CARTESIAN_POINT('',(-14.392891789537021,-3.588598315902640,2.068255933589740));
#2203=CARTESIAN_POINT('',(-14.437499999999972,-2.828427124746191,2.828427124746189));
#2204=CARTESIAN_POINT('',(-14.482108210462922,-2.068255933589742,3.588598315902640));
#2205=CARTESIAN_POINT('',(-14.530391789537020,-1.075044408258764,3.999999999999999));
#2206=CARTESIAN_POINT('',(-14.574999999999971,-7.347638E-016,4.0));
#2207=CARTESIAN_POINT('',(-14.619608210462918,1.075044408258763,3.999999999999999));
#2208=CARTESIAN_POINT('',(-14.667891789537020,2.068255933589740,3.588598315902640));
#2209=CARTESIAN_POINT('',(-14.712499999999975,2.828427124746189,2.828427124746191));
#2210=CARTESIAN_POINT('',(-14.746673844678631,3.410785662472060,2.246068587020321));
#2211=CARTESIAN_POINT('',(-14.783685763797621,3.794889594898707,1.513193565567996));
#2212=CARTESIAN_POINT('',(-14.820133897759142,3.939231012048524,0.694592710669466));
#2220=(BOUNDED_CURVE()B_SPLINE_CURVE(3,(#1900,#1901,#1902,#1903,#1904,#1905,#1906,#1907,#1908,#1909,#1910,#1911,#1912,#1913,#1914,#1915,#1916,#1917,#1918,#1919,#1920,#1921,#1922,#1923,#1924,#1925,#1926,#1927,#1928,#1929,#1930,#1931,#1932,#1933,#1934,#1935,#1936,#1937,#1938,#1939,#1940,#1941,#1942,#1943,#1944,#1945,#1946,#1947,#1948,#1949,#1950,#1951,#1952,#1953,#1954,#1955,#1956,#1957,#1958,#1959,#1960,#1961,#1962,#1963,#1964,#1965,#1966,#1967,#1968,#1969,#1970,#1971,#1972,#1973,#1974,#1975,#1976,#1977,#1978,#1979,#1980,#1981,#1982,#1983,#1984,#1985,#1986,#1987,#1988,#1989,#1990,#1991,#1992,#1993,#1994,#1995,#1996,#1997,#1998,#1999,#2000,#2001,#2002,#2003,#2004,#2005,#2006,#2007,#2008,#2009,#2010,#2011,#2012,#2013,#2014,#2015,#2016,#2017,#2018,#2019,#2020,#2021,#2022,#2023,#2024,#2025,#2026,#2027,#2028,#2029,#2030,#2031,#2032,#2033,#2034,#2035,#2036,#2037,#2038,#2039,#2040,#2041,#2042,#2043,#2044,#2045,#2046,#2047,#2048,#2049,#2050,#2051,#2052,#2053,#2054,#2055,#2056,#2057,#2058,#2059,#2060,#2061,#2062,#2063,#2064,#2065,#2066,#2067,#2068,#2069,#2070,#2071,#2072,#2073,#2074,#2075,#2076,#2077,#2078,#2079,#2080,#2081,#2082,#2083,#2084,#2085,#2086,#2087,#2088,#2089,#2090,#2091,#2092,#2093,#2094,#2095,#2096,#2097,#2098,#2099,#2100,#2101,#2102,#2103,#2104,#2105,#2106,#2107,#2108,#2109,#2110,#2111,#2112,#2113,#2114,#2115,#2116,#2117,#2118,#2119,#2120,#2121,#2122,#2123,#2124,#2125,#2126,#2127,#2128,#2129,#2130,#2131,#2132,#2133,#2134,#2135,#2136,#2137,#2138,#2139,#2140,#2141,#2142,#2143,#2144,#2145,#2146,#2147,#2148,#2149,#2150,#2151,#2152,#2153,#2154,#2155,#2156,#2157,#2158,#2159,#2160,#2161,#2162,#2163,#2164,#2165,#2166,#2167,#2168,#2169,#2170,#2171,#2172,#2173,#2174,#2175,#2176,#2177,#2178,#2179,#2180,#2181,#2182,#2183,#2184,#2185,#2186,#2187,#2188,#2189,#2190,#2191,#2192,#2193,#2194,#2195,#2196,#2197,#2198,#2199,#2200,#2201,#2202,#2203,#2204,#2205,#2206,#2207,#2208,#2209,#2210,#2211,#2212),.UNSPECIFIED.,.F.,.U.)B_SPLINE_CURVE_WITH_KNOTS((4,3,3,3,3,3,3,3,3,3,3,3,3,3,3,3,3,3,3,3,3,3,3,3,3,3,3,3,3,3,3,3,3,3,3,3,3,3,3,3,3,3,3,3,3,3,3,3,3,3,3,3,3,3,3,3,3,3,3,3,3,3,3,3,3,3,3,3,3,3,3,3,3,3,3,3,3,3,3,3,3,3,3,3,3,3,3,3,3,3,3,3,3,3,3,3,3,3,3,3,3,3,3,3,4),(0.002006325374606,0.008928571887954,0.017857143312056,0.026785714736158,0.035714286160259,0.044642857584361,0.053571429008463,0.062500000432564,0.071428571856666,0.080357143280767,0.089285714704869,0.098214286128971,0.107142857553072,0.116071428977174,0.125000000401276,0.133928571825377,0.142857143249479,0.151785714673580,0.160714286097682,0.169642857521784,0.178571428945885,0.187500000369987,0.196428571794089,0.205357143218190,0.214285714642292,0.223214286066393,0.232142857490495,0.241071428914597,0.250000000338698,0.258928571762800,0.267857143186901,0.276785714611003,0.285714286035105,0.294642857459206,0.303571428883308,0.312500000307410,0.321428571731511,0.330357143155613,0.339285714579714,0.348214286003816,0.357142857427918,0.366071428852019,0.375000000276121,0.383928571700223,0.392857143124324,0.401785714548426,0.410714285972527,0.419642857396629,0.428571428820731,0.437500000244832,0.446428571668934,0.455357143093036,0.464285714517137,0.473214285941239,0.482142857365340,0.491071428789442,0.500000000213544,0.508928571637645,0.517857143061747,0.526785714485849,0.535714285909950,0.544642857334052,0.553571428758153,0.562500000182255,0.571428571606357,0.580357143030458,0.589285714454560,0.598214285878661,0.607142857302763,0.616071428726865,0.625000000150966,0.633928571575068,0.642857142999170,0.651785714423271,0.660714285847373,0.669642857271474,0.678571428695576,0.687500000119678,0.696428571543779,0.705357142967881,0.714285714391983,0.723214285816084,0.732142857240186,0.741071428664287,0.750000000088389,0.758928571512491,0.767857142936592,0.776785714360694,0.785714285784796,0.794642857208897,0.803571428632999,0.812500000057100,0.821428571481202,0.830357142905304,0.839285714329405,0.848214285753507,0.857142857177608,0.866071428601710,0.875000000025812,0.883928571449913,0.892857142874015,0.901785714298116,0.910714285722218,0.919642857146320,0.926565103659668),.UNSPECIFIED.)CURVE()GEOMETRIC_REPRESENTATION_ITEM()RATIONAL_B_SPLINE_CURVE((0.973477417138016,0.951815432523082,0.960656293477076,1.000000000000000,0.949253021674191,0.949253021674191,1.0,0.949253021674191,0.949253021674191,1.0,0.949253021674191,0.949253021674191,1.0,0.949253021674191,0.949253021674191,1.0,0.949253021674191,0.949253021674191,1.0,0.949253021674191,0.949253021674191,1.0,0.949253021674191,0.949253021674191,1.0,0.949253021674191,0.949253021674191,1.0,0.949253021674191,0.949253021674191,1.0,0.949253021674191,0.949253021674191,1.0,0.949253021674191,0.949253021674191,1.0,0.949253021674191,0.949253021674191,1.0,0.949253021674191,0.949253021674191,1.0,0.949253021674191,0.949253021674191,1.0,0.949253021674191,0.949253021674191,1.0,0.949253021674191,0.949253021674191,1.0,0.949253021674191,0.949253021674191,1.0,0.949253021674191,0.949253021674191,1.0,0.949253021674191,0.949253021674191,1.0,0.949253021674191,0.949253021674191,1.0,0.949253021674191,0.949253021674191,1.0,0.949253021674191,0.949253021674191,1.0,0.949253021674191,0.949253021674191,1.0,0.949253021674191,0.949253021674191,1.0,0.949253021674191,0.949253021674191,1.0,0.949253021674191,0.949253021674191,1.0,0.949253021674191,0.949253021674191,1.0,0.949253021674191,0.949253021674191,1.0,0.949253021674191,0.949253021674191,1.0,0.949253021674191,0.949253021674191,1.0,0.949253021674191,0.949253021674191,1.0,0.949253021674191,0.949253021674191,1.0,0.949253021674191,0.949253021674191,1.0,0.949253021674191,0.949253021674191,1.0,0.949253021674191,0.949253021674191,1.0,0.949253021674191,0.949253021674191,1.0,0.949253021674191,0.949253021674191,1.0,0.949253021674191,0.949253021674191,1.0,0.949253021674191,0.949253021674191,1.0,0.949253021674191,0.949253021674191,1.0,0.949253021674191,0.949253021674191,1.0,0.949253021674191,0.949253021674191,1.0,0.949253021674191,0.949253021674191,1.0,0.949253021674191,0.949253021674191,1.0,0.949253021674191,0.949253021674191,1.0,0.949253021674191,0.949253021674191,1.0,0.949253021674191,0.949253021674191,1.0,0.949253021674191,0.949253021674191,1.0,0.949253021674191,0.949253021674191,1.0,0.949253021674191,0.949253021674191,1.0,0.949253021674191,0.949253021674191,1.0,0.949253021674191,0.949253021674191,1.0,0.949253021674191,0.949253021674191,1.0,0.949253021674191,0.949253021674191,1.0,0.949253021674191,0.949253021674191,1.0,0.949253021674191,0.949253021674191,1.0,0.949253021674191,0.949253021674191,1.0,0.949253021674191,0.949253021674191,1.0,0.949253021674191,0.949253021674191,1.0,0.949253021674191,0.949253021674191,1.0,0.949253021674191,0.949253021674191,1.0,0.949253021674191,0.949253021674191,1.0,0.949253021674191,0.949253021674191,1.0,0.949253021674191,0.949253021674191,1.0,0.949253021674191,0.949253021674191,1.0,0.949253021674191,0.949253021674191,1.0,0.949253021674191,0.949253021674191,1.0,0.949253021674191,0.949253021674191,1.0,0.949253021674191,0.949253021674191,1.0,0.949253021674191,0.949253021674191,1.0,0.949253021674191,0.949253021674191,1.0,0.949253021674191,0.949253021674191,1.0,0.949253021674191,0.949253021674191,1.0,0.949253021674191,0.949253021674191,1.0,0.949253021674191,0.949253021674191,1.0,0.949253021674191,0.949253021674191,1.0,0.949253021674191,0.949253021674191,1.0,0.949253021674191,0.949253021674191,1.0,0.949253021674191,0.949253021674191,1.0,0.949253021674191,0.949253021674191,1.0,0.949253021674191,0.949253021674191,1.0,0.949253021674191,0.949253021674191,1.0,0.949253021674191,0.949253021674191,1.0,0.949253021674191,0.949253021674191,1.0,0.949253021674191,0.949253021674191,1.0,0.949253021674191,0.949253021674191,1.0,0.949253021674191,0.949253021674191,1.0,0.949253021674191,0.949253021674191,1.0,0.949253021674191,0.949253021674191,1.0,0.949253021674191,0.949253021674191,1.0,0.949253021674191,0.949253021674191,1.0,0.949253021674191,0.949253021674191,1.0,0.949253021674191,0.949253021674191,1.0,0.949253021674191,0.949253021674191,1.0,0.949253021674191,0.949253021674191,1.0,0.949253021674191,0.949253021674191,1.0,0.949253021674191,0.949253021674191,1.0,0.949253021674191,0.949253021674191,1.0,0.949253021674191,0.949253021674191,1.0,0.949253021674191,0.949253021674191,1.0,0.949253021674191,0.949253021674191,1.0,0.949253021674191,0.949253021674191,1.0,0.960656293477076,0.951815432523082,0.973477417138017))REPRESENTATION_ITEM(''));
#2221=EDGE_CURVE('',#357,#243,#2220,.T.);
#2222=ORIENTED_EDGE('',*,*,#2221,.T.);
#2223=CARTESIAN_POINT('',(-14.820127842016934,3.937157790842635,0.694227145832065));
#2224=VERTEX_POINT('',#2223);
#2225=CARTESIAN_POINT('',(-14.270133897759221,3.939231012048825,0.694592710667693));
#2226=DIRECTION('',(-2.337429E-016,-0.173648177666923,0.984807753012209));
#2227=DIRECTION('',(1.946301E-032,-0.984807753012209,-0.173648177666923));
#2228=AXIS2_PLACEMENT_3D('',#2225,#2226,#2227);
#2229=CIRCLE('',#2228,0.549999999999995);
#2230=EDGE_CURVE('',#243,#2224,#2229,.T.);
#2231=ORIENTED_EDGE('',*,*,#2230,.T.);
#2232=CARTESIAN_POINT('',(-14.270133897759258,3.397586747892122,0.599086212950887));
#2233=VERTEX_POINT('',#2232);
#2234=CARTESIAN_POINT('',(-14.270133897759223,3.939231012048841,0.694592710667696));
#2235=DIRECTION('',(0.0,0.173648177666924,-0.984807753012209));
#2236=DIRECTION('',(0.0,0.984807753012209,0.173648177666924));
#2237=AXIS2_PLACEMENT_3D('',#2234,#2235,#2236);
#2238=CIRCLE('',#2237,0.550000000000004);
#2239=EDGE_CURVE('',#2233,#2224,#2238,.T.);
#2240=ORIENTED_EDGE('',*,*,#2239,.F.);
#2241=CARTESIAN_POINT('',(-0.029866102240745,3.397586747892120,-0.599086212950894));
#2242=CARTESIAN_POINT('',(-0.066314236202307,3.273092275600437,-1.305129450301635));
#2243=CARTESIAN_POINT('',(-0.103326155321341,2.941802633882152,-1.937234156305026));
#2244=CARTESIAN_POINT('',(-0.137500000000000,2.439518395093589,-2.439518395093589));
#2245=CARTESIAN_POINT('',(-0.182108210462950,1.783870742721151,-3.095166047466027));
#2246=CARTESIAN_POINT('',(-0.230391789537049,0.927225802123182,-3.450000000000000));
#2247=CARTESIAN_POINT('',(-0.275000000000000,2.112446E-016,-3.450000000000000));
#2248=CARTESIAN_POINT('',(-0.319608210462950,-0.927225802123182,-3.450000000000000));
#2249=CARTESIAN_POINT('',(-0.367891789537049,-1.783870742721151,-3.095166047466027));
#2250=CARTESIAN_POINT('',(-0.412499999999999,-2.439518395093589,-2.439518395093589));
#2251=CARTESIAN_POINT('',(-0.457108210462949,-3.095166047466027,-1.783870742721151));
#2252=CARTESIAN_POINT('',(-0.505391789537048,-3.450000000000000,-0.927225802123182));
#2253=CARTESIAN_POINT('',(-0.549999999999999,-3.450000000000000,-4.224892E-016));
#2254=CARTESIAN_POINT('',(-0.594608210462949,-3.450000000000000,0.927225802123182));
#2255=CARTESIAN_POINT('',(-0.642891789537049,-3.095166047466027,1.783870742721151));
#2256=CARTESIAN_POINT('',(-0.687499999999999,-2.439518395093591,2.439518395093589));
#2257=CARTESIAN_POINT('',(-0.732108210462949,-1.783870742721153,3.095166047466027));
#2258=CARTESIAN_POINT('',(-0.780391789537048,-0.927225802123184,3.449999999999998));
#2259=CARTESIAN_POINT('',(-0.824999999999999,-6.337338E-016,3.449999999999998));
#2260=CARTESIAN_POINT('',(-0.869608210462949,0.927225802123183,3.450000000000000));
#2261=CARTESIAN_POINT('',(-0.917891789537048,1.783870742721152,3.095166047466027));
#2262=CARTESIAN_POINT('',(-0.962499999999998,2.439518395093589,2.439518395093589));
#2263=CARTESIAN_POINT('',(-1.007108210462949,3.095166047466027,1.783870742721153));
#2264=CARTESIAN_POINT('',(-1.055391789537048,3.450000000000000,0.927225802123184));
#2265=CARTESIAN_POINT('',(-1.099999999999998,3.450000000000000,0.0));
#2266=CARTESIAN_POINT('',(-1.144608210462948,3.450000000000000,-0.927225802123183));
#2267=CARTESIAN_POINT('',(-1.192891789537047,3.095166047466027,-1.783870742721152));
#2268=CARTESIAN_POINT('',(-1.237499999999998,2.439518395093589,-2.439518395093589));
#2269=CARTESIAN_POINT('',(-1.282108210462947,1.783870742721152,-3.095166047466027));
#2270=CARTESIAN_POINT('',(-1.330391789537047,0.927225802123183,-3.450000000000002));
#2271=CARTESIAN_POINT('',(-1.374999999999998,2.112446E-016,-3.450000000000000));
#2272=CARTESIAN_POINT('',(-1.419608210462947,-0.927225802123182,-3.450000000000000));
#2273=CARTESIAN_POINT('',(-1.467891789537047,-1.783870742721151,-3.095166047466027));
#2274=CARTESIAN_POINT('',(-1.512499999999997,-2.439518395093589,-2.439518395093589));
#2275=CARTESIAN_POINT('',(-1.557108210462947,-3.095166047466027,-1.783870742721152));
#2276=CARTESIAN_POINT('',(-1.605391789537046,-3.450000000000002,-0.927225802123183));
#2277=CARTESIAN_POINT('',(-1.649999999999996,-3.450000000000000,-4.224892E-016));
#2278=CARTESIAN_POINT('',(-1.694608210462947,-3.450000000000000,0.927225802123182));
#2279=CARTESIAN_POINT('',(-1.742891789537046,-3.095166047466027,1.783870742721151));
#2280=CARTESIAN_POINT('',(-1.787499999999997,-2.439518395093591,2.439518395093589));
#2281=CARTESIAN_POINT('',(-1.832108210462947,-1.783870742721153,3.095166047466027));
#2282=CARTESIAN_POINT('',(-1.880391789537045,-0.927225802123184,3.449999999999998));
#2283=CARTESIAN_POINT('',(-1.924999999999997,-6.337338E-016,3.450000000000000));
#2284=CARTESIAN_POINT('',(-1.969608210462946,0.927225802123183,3.450000000000000));
#2285=CARTESIAN_POINT('',(-2.017891789537046,1.783870742721152,3.095166047466027));
#2286=CARTESIAN_POINT('',(-2.062499999999996,2.439518395093589,2.439518395093591));
#2287=CARTESIAN_POINT('',(-2.107108210462946,3.095166047466027,1.783870742721153));
#2288=CARTESIAN_POINT('',(-2.155391789537046,3.450000000000000,0.927225802123184));
#2289=CARTESIAN_POINT('',(-2.199999999999997,3.450000000000000,0.0));
#2290=CARTESIAN_POINT('',(-2.244608210462945,3.450000000000000,-0.927225802123183));
#2291=CARTESIAN_POINT('',(-2.292891789537044,3.095166047466027,-1.783870742721152));
#2292=CARTESIAN_POINT('',(-2.337499999999996,2.439518395093589,-2.439518395093589));
#2293=CARTESIAN_POINT('',(-2.382108210462945,1.783870742721152,-3.095166047466027));
#2294=CARTESIAN_POINT('',(-2.430391789537045,0.927225802123183,-3.450000000000002));
#2295=CARTESIAN_POINT('',(-2.474999999999995,2.112446E-016,-3.450000000000000));
#2296=CARTESIAN_POINT('',(-2.519608210462945,-0.927225802123182,-3.450000000000000));
#2297=CARTESIAN_POINT('',(-2.567891789537045,-1.783870742721151,-3.095166047466027));
#2298=CARTESIAN_POINT('',(-2.612499999999994,-2.439518395093589,-2.439518395093589));
#2299=CARTESIAN_POINT('',(-2.657108210462944,-3.095166047466027,-1.783870742721152));
#2300=CARTESIAN_POINT('',(-2.705391789537044,-3.450000000000002,-0.927225802123183));
#2301=CARTESIAN_POINT('',(-2.749999999999995,-3.450000000000000,-4.224892E-016));
#2302=CARTESIAN_POINT('',(-2.794608210462945,-3.450000000000000,0.927225802123182));
#2303=CARTESIAN_POINT('',(-2.842891789537045,-3.095166047466027,1.783870742721151));
#2304=CARTESIAN_POINT('',(-2.887499999999994,-2.439518395093589,2.439518395093589));
#2305=CARTESIAN_POINT('',(-2.932108210462944,-1.783870742721153,3.095166047466027));
#2306=CARTESIAN_POINT('',(-2.980391789537044,-0.927225802123184,3.450000000000000));
#2307=CARTESIAN_POINT('',(-3.024999999999996,-6.337338E-016,3.450000000000000));
#2308=CARTESIAN_POINT('',(-3.069608210462945,0.927225802123183,3.450000000000000));
#2309=CARTESIAN_POINT('',(-3.117891789537044,1.783870742721152,3.095166047466027));
#2310=CARTESIAN_POINT('',(-3.162499999999995,2.439518395093589,2.439518395093591));
#2311=CARTESIAN_POINT('',(-3.207108210462943,3.095166047466027,1.783870742721153));
#2312=CARTESIAN_POINT('',(-3.255391789537042,3.450000000000000,0.927225802123184));
#2313=CARTESIAN_POINT('',(-3.299999999999993,3.450000000000000,0.0));
#2314=CARTESIAN_POINT('',(-3.344608210462944,3.450000000000000,-0.927225802123183));
#2315=CARTESIAN_POINT('',(-3.392891789537045,3.095166047466027,-1.783870742721152));
#2316=CARTESIAN_POINT('',(-3.437499999999993,2.439518395093589,-2.439518395093589));
#2317=CARTESIAN_POINT('',(-3.482108210462944,1.783870742721152,-3.095166047466027));
#2318=CARTESIAN_POINT('',(-3.530391789537045,0.927225802123183,-3.450000000000002));
#2319=CARTESIAN_POINT('',(-3.574999999999993,2.112446E-016,-3.450000000000000));
#2320=CARTESIAN_POINT('',(-3.619608210462944,-0.927225802123182,-3.450000000000000));
#2321=CARTESIAN_POINT('',(-3.667891789537042,-1.783870742721151,-3.095166047466027));
#2322=CARTESIAN_POINT('',(-3.712499999999993,-2.439518395093589,-2.439518395093589));
#2323=CARTESIAN_POINT('',(-3.757108210462944,-3.095166047466027,-1.783870742721152));
#2324=CARTESIAN_POINT('',(-3.805391789537041,-3.450000000000000,-0.927225802123183));
#2325=CARTESIAN_POINT('',(-3.849999999999993,-3.450000000000000,-4.224892E-016));
#2326=CARTESIAN_POINT('',(-3.894608210462942,-3.450000000000000,0.927225802123182));
#2327=CARTESIAN_POINT('',(-3.942891789537041,-3.095166047466027,1.783870742721151));
#2328=CARTESIAN_POINT('',(-3.987499999999993,-2.439518395093589,2.439518395093589));
#2329=CARTESIAN_POINT('',(-4.032108210462941,-1.783870742721153,3.095166047466027));
#2330=CARTESIAN_POINT('',(-4.080391789537041,-0.927225802123184,3.450000000000000));
#2331=CARTESIAN_POINT('',(-4.124999999999991,-6.337338E-016,3.450000000000000));
#2332=CARTESIAN_POINT('',(-4.169608210462941,0.927225802123183,3.449999999999998));
#2333=CARTESIAN_POINT('',(-4.217891789537042,1.783870742721152,3.095166047466027));
#2334=CARTESIAN_POINT('',(-4.262499999999990,2.439518395093589,2.439518395093589));
#2335=CARTESIAN_POINT('',(-4.307108210462941,3.095166047466027,1.783870742721153));
#2336=CARTESIAN_POINT('',(-4.355391789537042,3.450000000000000,0.927225802123184));
#2337=CARTESIAN_POINT('',(-4.399999999999991,3.450000000000000,0.0));
#2338=CARTESIAN_POINT('',(-4.444608210462940,3.450000000000000,-0.927225802123183));
#2339=CARTESIAN_POINT('',(-4.492891789537042,3.095166047466027,-1.783870742721152));
#2340=CARTESIAN_POINT('',(-4.537499999999991,2.439518395093589,-2.439518395093589));
#2341=CARTESIAN_POINT('',(-4.582108210462941,1.783870742721152,-3.095166047466027));
#2342=CARTESIAN_POINT('',(-4.630391789537041,0.927225802123182,-3.450000000000000));
#2343=CARTESIAN_POINT('',(-4.674999999999992,2.112446E-016,-3.450000000000000));
#2344=CARTESIAN_POINT('',(-4.719608210462940,-0.927225802123182,-3.450000000000000));
#2345=CARTESIAN_POINT('',(-4.767891789537043,-1.783870742721151,-3.095166047466027));
#2346=CARTESIAN_POINT('',(-4.812499999999989,-2.439518395093589,-2.439518395093589));
#2347=CARTESIAN_POINT('',(-4.857108210462938,-3.095166047466027,-1.783870742721152));
#2348=CARTESIAN_POINT('',(-4.905391789537037,-3.450000000000000,-0.927225802123183));
#2349=CARTESIAN_POINT('',(-4.949999999999990,-3.450000000000000,-4.224892E-016));
#2350=CARTESIAN_POINT('',(-4.994608210462941,-3.450000000000000,0.927225802123182));
#2351=CARTESIAN_POINT('',(-5.042891789537042,-3.095166047466027,1.783870742721151));
#2352=CARTESIAN_POINT('',(-5.087499999999991,-2.439518395093589,2.439518395093589));
#2353=CARTESIAN_POINT('',(-5.132108210462939,-1.783870742721152,3.095166047466027));
#2354=CARTESIAN_POINT('',(-5.180391789537037,-0.927225802123184,3.449999999999998));
#2355=CARTESIAN_POINT('',(-5.224999999999987,-6.337338E-016,3.450000000000000));
#2356=CARTESIAN_POINT('',(-5.269608210462939,0.927225802123183,3.450000000000000));
#2357=CARTESIAN_POINT('',(-5.317891789537041,1.783870742721152,3.095166047466027));
#2358=CARTESIAN_POINT('',(-5.362499999999989,2.439518395093589,2.439518395093589));
#2359=CARTESIAN_POINT('',(-5.407108210462937,3.095166047466027,1.783870742721152));
#2360=CARTESIAN_POINT('',(-5.455391789537037,3.449999999999998,0.927225802123184));
#2361=CARTESIAN_POINT('',(-5.499999999999990,3.450000000000000,0.0));
#2362=CARTESIAN_POINT('',(-5.544608210462938,3.450000000000000,-0.927225802123183));
#2363=CARTESIAN_POINT('',(-5.592891789537038,3.095166047466027,-1.783870742721152));
#2364=CARTESIAN_POINT('',(-5.637499999999988,2.439518395093589,-2.439518395093589));
#2365=CARTESIAN_POINT('',(-5.682108210462941,1.783870742721152,-3.095166047466027));
#2366=CARTESIAN_POINT('',(-5.730391789537038,0.927225802123183,-3.450000000000000));
#2367=CARTESIAN_POINT('',(-5.774999999999989,2.112446E-016,-3.450000000000000));
#2368=CARTESIAN_POINT('',(-5.819608210462937,-0.927225802123182,-3.450000000000000));
#2369=CARTESIAN_POINT('',(-5.867891789537035,-1.783870742721151,-3.095166047466027));
#2370=CARTESIAN_POINT('',(-5.912499999999989,-2.439518395093589,-2.439518395093589));
#2371=CARTESIAN_POINT('',(-5.957108210462939,-3.095166047466027,-1.783870742721152));
#2372=CARTESIAN_POINT('',(-6.005391789537038,-3.450000000000000,-0.927225802123183));
#2373=CARTESIAN_POINT('',(-6.049999999999988,-3.450000000000000,-4.224892E-016));
#2374=CARTESIAN_POINT('',(-6.094608210462936,-3.450000000000000,0.927225802123182));
#2375=CARTESIAN_POINT('',(-6.142891789537036,-3.095166047466027,1.783870742721151));
#2376=CARTESIAN_POINT('',(-6.187499999999987,-2.439518395093589,2.439518395093589));
#2377=CARTESIAN_POINT('',(-6.232108210462936,-1.783870742721153,3.095166047466027));
#2378=CARTESIAN_POINT('',(-6.280391789537037,-0.927225802123184,3.450000000000000));
#2379=CARTESIAN_POINT('',(-6.324999999999987,-6.337338E-016,3.450000000000000));
#2380=CARTESIAN_POINT('',(-6.369608210462936,0.927225802123183,3.449999999999998));
#2381=CARTESIAN_POINT('',(-6.417891789537036,1.783870742721152,3.095166047466027));
#2382=CARTESIAN_POINT('',(-6.462499999999986,2.439518395093589,2.439518395093589));
#2383=CARTESIAN_POINT('',(-6.507108210462937,3.095166047466027,1.783870742721153));
#2384=CARTESIAN_POINT('',(-6.555391789537035,3.450000000000000,0.927225802123184));
#2385=CARTESIAN_POINT('',(-6.599999999999985,3.450000000000000,0.0));
#2386=CARTESIAN_POINT('',(-6.644608210462939,3.450000000000000,-0.927225802123183));
#2387=CARTESIAN_POINT('',(-6.692891789537034,3.095166047466027,-1.783870742721152));
#2388=CARTESIAN_POINT('',(-6.737499999999987,2.439518395093589,-2.439518395093589));
#2389=CARTESIAN_POINT('',(-6.782108210462935,1.783870742721152,-3.095166047466027));
#2390=CARTESIAN_POINT('',(-6.830391789537035,0.927225802123182,-3.450000000000000));
#2391=CARTESIAN_POINT('',(-6.874999999999987,2.112446E-016,-3.450000000000000));
#2392=CARTESIAN_POINT('',(-6.919608210462938,-0.927225802123182,-3.450000000000000));
#2393=CARTESIAN_POINT('',(-6.967891789537035,-1.783870742721151,-3.095166047466027));
#2394=CARTESIAN_POINT('',(-7.012499999999986,-2.439518395093589,-2.439518395093589));
#2395=CARTESIAN_POINT('',(-7.057108210462938,-3.095166047466027,-1.783870742721152));
#2396=CARTESIAN_POINT('',(-7.105391789537032,-3.450000000000000,-0.927225802123183));
#2397=CARTESIAN_POINT('',(-7.149999999999986,-3.450000000000000,-4.224892E-016));
#2398=CARTESIAN_POINT('',(-7.194608210462937,-3.450000000000000,0.927225802123182));
#2399=CARTESIAN_POINT('',(-7.242891789537036,-3.095166047466027,1.783870742721151));
#2400=CARTESIAN_POINT('',(-7.287499999999985,-2.439518395093589,2.439518395093589));
#2401=CARTESIAN_POINT('',(-7.332108210462934,-1.783870742721152,3.095166047466027));
#2402=CARTESIAN_POINT('',(-7.380391789537031,-0.927225802123184,3.449999999999998));
#2403=CARTESIAN_POINT('',(-7.424999999999987,-6.337338E-016,3.450000000000000));
#2404=CARTESIAN_POINT('',(-7.469608210462937,0.927225802123183,3.450000000000000));
#2405=CARTESIAN_POINT('',(-7.517891789537032,1.783870742721152,3.095166047466027));
#2406=CARTESIAN_POINT('',(-7.562499999999987,2.439518395093589,2.439518395093589));
#2407=CARTESIAN_POINT('',(-7.607108210462937,3.095166047466027,1.783870742721153));
#2408=CARTESIAN_POINT('',(-7.655391789537033,3.450000000000000,0.927225802123184));
#2409=CARTESIAN_POINT('',(-7.699999999999987,3.450000000000000,0.0));
#2410=CARTESIAN_POINT('',(-7.744608210462935,3.450000000000000,-0.927225802123182));
#2411=CARTESIAN_POINT('',(-7.792891789537033,3.095166047466027,-1.783870742721151));
#2412=CARTESIAN_POINT('',(-7.837499999999983,2.439518395093589,-2.439518395093589));
#2413=CARTESIAN_POINT('',(-7.882108210462935,1.783870742721152,-3.095166047466027));
#2414=CARTESIAN_POINT('',(-7.930391789537032,0.927225802123182,-3.450000000000000));
#2415=CARTESIAN_POINT('',(-7.974999999999984,2.112446E-016,-3.450000000000000));
#2416=CARTESIAN_POINT('',(-8.019608210462934,-0.927225802123182,-3.450000000000000));
#2417=CARTESIAN_POINT('',(-8.067891789537033,-1.783870742721151,-3.095166047466027));
#2418=CARTESIAN_POINT('',(-8.112499999999987,-2.439518395093589,-2.439518395093589));
#2419=CARTESIAN_POINT('',(-8.157108210462933,-3.095166047466027,-1.783870742721152));
#2420=CARTESIAN_POINT('',(-8.205391789537032,-3.450000000000000,-0.927225802123183));
#2421=CARTESIAN_POINT('',(-8.249999999999982,-3.450000000000000,-4.224892E-016));
#2422=CARTESIAN_POINT('',(-8.294608210462929,-3.450000000000000,0.927225802123182));
#2423=CARTESIAN_POINT('',(-8.342891789537031,-3.095166047466027,1.783870742721151));
#2424=CARTESIAN_POINT('',(-8.387499999999980,-2.439518395093589,2.439518395093589));
#2425=CARTESIAN_POINT('',(-8.432108210462932,-1.783870742721152,3.095166047466027));
#2426=CARTESIAN_POINT('',(-8.480391789537030,-0.927225802123184,3.449999999999998));
#2427=CARTESIAN_POINT('',(-8.524999999999981,-6.337338E-016,3.450000000000000));
#2428=CARTESIAN_POINT('',(-8.569608210462931,0.927225802123183,3.450000000000000));
#2429=CARTESIAN_POINT('',(-8.617891789537030,1.783870742721152,3.095166047466027));
#2430=CARTESIAN_POINT('',(-8.662499999999982,2.439518395093589,2.439518395093589));
#2431=CARTESIAN_POINT('',(-8.707108210462931,3.095166047466027,1.783870742721152));
#2432=CARTESIAN_POINT('',(-8.755391789537031,3.449999999999998,0.927225802123184));
#2433=CARTESIAN_POINT('',(-8.799999999999981,3.450000000000000,0.0));
#2434=CARTESIAN_POINT('',(-8.844608210462932,3.450000000000000,-0.927225802123182));
#2435=CARTESIAN_POINT('',(-8.892891789537025,3.095166047466027,-1.783870742721151));
#2436=CARTESIAN_POINT('',(-8.937499999999982,2.439518395093589,-2.439518395093589));
#2437=CARTESIAN_POINT('',(-8.982108210462931,1.783870742721152,-3.095166047466027));
#2438=CARTESIAN_POINT('',(-9.030391789537024,0.927225802123182,-3.449999999999998));
#2439=CARTESIAN_POINT('',(-9.074999999999982,2.112446E-016,-3.450000000000000));
#2440=CARTESIAN_POINT('',(-9.119608210462925,-0.927225802123182,-3.450000000000000));
#2441=CARTESIAN_POINT('',(-9.167891789537027,-1.783870742721151,-3.095166047466027));
#2442=CARTESIAN_POINT('',(-9.212499999999981,-2.439518395093589,-2.439518395093589));
#2443=CARTESIAN_POINT('',(-9.257108210462931,-3.095166047466027,-1.783870742721152));
#2444=CARTESIAN_POINT('',(-9.305391789537030,-3.450000000000000,-0.927225802123183));
#2445=CARTESIAN_POINT('',(-9.349999999999984,-3.450000000000000,-4.224892E-016));
#2446=CARTESIAN_POINT('',(-9.394608210462931,-3.450000000000000,0.927225802123182));
#2447=CARTESIAN_POINT('',(-9.442891789537031,-3.095166047466027,1.783870742721151));
#2448=CARTESIAN_POINT('',(-9.487499999999983,-2.439518395093589,2.439518395093589));
#2449=CARTESIAN_POINT('',(-9.532108210462926,-1.783870742721153,3.095166047466027));
#2450=CARTESIAN_POINT('',(-9.580391789537023,-0.927225802123184,3.449999999999998));
#2451=CARTESIAN_POINT('',(-9.624999999999979,-6.337338E-016,3.450000000000000));
#2452=CARTESIAN_POINT('',(-9.669608210462924,0.927225802123183,3.449999999999998));
#2453=CARTESIAN_POINT('',(-9.717891789537024,1.783870742721152,3.095166047466027));
#2454=CARTESIAN_POINT('',(-9.762499999999982,2.439518395093589,2.439518395093589));
#2455=CARTESIAN_POINT('',(-9.807108210462925,3.095166047466027,1.783870742721152));
#2456=CARTESIAN_POINT('',(-9.855391789537025,3.449999999999998,0.927225802123184));
#2457=CARTESIAN_POINT('',(-9.899999999999981,3.450000000000000,0.0));
#2458=CARTESIAN_POINT('',(-9.944608210462931,3.450000000000000,-0.927225802123183));
#2459=CARTESIAN_POINT('',(-9.992891789537023,3.095166047466027,-1.783870742721151));
#2460=CARTESIAN_POINT('',(-10.037499999999980,2.439518395093589,-2.439518395093589));
#2461=CARTESIAN_POINT('',(-10.082108210462927,1.783870742721152,-3.095166047466027));
#2462=CARTESIAN_POINT('',(-10.130391789537024,0.927225802123182,-3.450000000000000));
#2463=CARTESIAN_POINT('',(-10.174999999999981,2.112446E-016,-3.450000000000000));
#2464=CARTESIAN_POINT('',(-10.219608210462926,-0.927225802123182,-3.450000000000000));
#2465=CARTESIAN_POINT('',(-10.267891789537023,-1.783870742721151,-3.095166047466027));
#2466=CARTESIAN_POINT('',(-10.312499999999982,-2.439518395093589,-2.439518395093589));
#2467=CARTESIAN_POINT('',(-10.357108210462927,-3.095166047466027,-1.783870742721152));
#2468=CARTESIAN_POINT('',(-10.405391789537024,-3.450000000000000,-0.927225802123183));
#2469=CARTESIAN_POINT('',(-10.449999999999974,-3.450000000000000,-4.224892E-016));
#2470=CARTESIAN_POINT('',(-10.494608210462928,-3.450000000000000,0.927225802123182));
#2471=CARTESIAN_POINT('',(-10.542891789537023,-3.095166047466027,1.783870742721151));
#2472=CARTESIAN_POINT('',(-10.587499999999979,-2.439518395093589,2.439518395093589));
#2473=CARTESIAN_POINT('',(-10.632108210462928,-1.783870742721152,3.095166047466027));
#2474=CARTESIAN_POINT('',(-10.680391789537023,-0.927225802123184,3.449999999999998));
#2475=CARTESIAN_POINT('',(-10.724999999999978,-6.337338E-016,3.450000000000000));
#2476=CARTESIAN_POINT('',(-10.769608210462927,0.927225802123183,3.449999999999998));
#2477=CARTESIAN_POINT('',(-10.817891789537024,1.783870742721152,3.095166047466027));
#2478=CARTESIAN_POINT('',(-10.862499999999978,2.439518395093589,2.439518395093589));
#2479=CARTESIAN_POINT('',(-10.907108210462926,3.095166047466027,1.783870742721152));
#2480=CARTESIAN_POINT('',(-10.955391789537023,3.449999999999998,0.927225802123184));
#2481=CARTESIAN_POINT('',(-10.999999999999977,3.450000000000000,0.0));
#2482=CARTESIAN_POINT('',(-11.044608210462927,3.450000000000000,-0.927225802123183));
#2483=CARTESIAN_POINT('',(-11.092891789537024,3.095166047466027,-1.783870742721151));
#2484=CARTESIAN_POINT('',(-11.137499999999978,2.439518395093589,-2.439518395093589));
#2485=CARTESIAN_POINT('',(-11.182108210462925,1.783870742721152,-3.095166047466027));
#2486=CARTESIAN_POINT('',(-11.230391789537023,0.927225802123182,-3.450000000000000));
#2487=CARTESIAN_POINT('',(-11.274999999999975,2.112446E-016,-3.450000000000000));
#2488=CARTESIAN_POINT('',(-11.319608210462924,-0.927225802123182,-3.450000000000000));
#2489=CARTESIAN_POINT('',(-11.367891789537023,-1.783870742721151,-3.095166047466027));
#2490=CARTESIAN_POINT('',(-11.412499999999977,-2.439518395093589,-2.439518395093589));
#2491=CARTESIAN_POINT('',(-11.457108210462927,-3.095166047466027,-1.783870742721152));
#2492=CARTESIAN_POINT('',(-11.505391789537025,-3.449999999999998,-0.927225802123183));
#2493=CARTESIAN_POINT('',(-11.549999999999974,-3.450000000000000,-4.224892E-016));
#2494=CARTESIAN_POINT('',(-11.594608210462923,-3.450000000000000,0.927225802123182));
#2495=CARTESIAN_POINT('',(-11.642891789537021,-3.095166047466027,1.783870742721151));
#2496=CARTESIAN_POINT('',(-11.687499999999977,-2.439518395093589,2.439518395093589));
#2497=CARTESIAN_POINT('',(-11.732108210462922,-1.783870742721152,3.095166047466027));
#2498=CARTESIAN_POINT('',(-11.780391789537020,-0.927225802123184,3.449999999999998));
#2499=CARTESIAN_POINT('',(-11.824999999999974,-6.337338E-016,3.450000000000000));
#2500=CARTESIAN_POINT('',(-11.869608210462923,0.927225802123183,3.449999999999998));
#2501=CARTESIAN_POINT('',(-11.917891789537023,1.783870742721152,3.095166047466027));
#2502=CARTESIAN_POINT('',(-11.962499999999977,2.439518395093589,2.439518395093589));
#2503=CARTESIAN_POINT('',(-12.007108210462929,3.095166047466027,1.783870742721153));
#2504=CARTESIAN_POINT('',(-12.055391789537024,3.449999999999998,0.927225802123184));
#2505=CARTESIAN_POINT('',(-12.099999999999977,3.450000000000000,0.0));
#2506=CARTESIAN_POINT('',(-12.144608210462923,3.450000000000000,-0.927225802123182));
#2507=CARTESIAN_POINT('',(-12.192891789537022,3.095166047466027,-1.783870742721151));
#2508=CARTESIAN_POINT('',(-12.237499999999974,2.439518395093589,-2.439518395093589));
#2509=CARTESIAN_POINT('',(-12.282108210462921,1.783870742721152,-3.095166047466027));
#2510=CARTESIAN_POINT('',(-12.330391789537023,0.927225802123182,-3.450000000000000));
#2511=CARTESIAN_POINT('',(-12.374999999999973,2.112446E-016,-3.450000000000000));
#2512=CARTESIAN_POINT('',(-12.419608210462929,-0.927225802123182,-3.450000000000000));
#2513=CARTESIAN_POINT('',(-12.467891789537022,-1.783870742721151,-3.095166047466027));
#2514=CARTESIAN_POINT('',(-12.512499999999973,-2.439518395093589,-2.439518395093589));
#2515=CARTESIAN_POINT('',(-12.557108210462919,-3.095166047466027,-1.783870742721152));
#2516=CARTESIAN_POINT('',(-12.605391789537022,-3.450000000000000,-0.927225802123183));
#2517=CARTESIAN_POINT('',(-12.649999999999974,-3.450000000000000,-4.224892E-016));
#2518=CARTESIAN_POINT('',(-12.694608210462922,-3.450000000000000,0.927225802123182));
#2519=CARTESIAN_POINT('',(-12.742891789537021,-3.095166047466027,1.783870742721151));
#2520=CARTESIAN_POINT('',(-12.787499999999973,-2.439518395093589,2.439518395093589));
#2521=CARTESIAN_POINT('',(-12.832108210462925,-1.783870742721152,3.095166047466027));
#2522=CARTESIAN_POINT('',(-12.880391789537020,-0.927225802123184,3.449999999999998));
#2523=CARTESIAN_POINT('',(-12.924999999999972,-6.337338E-016,3.450000000000000));
#2524=CARTESIAN_POINT('',(-12.969608210462924,0.927225802123183,3.450000000000000));
#2525=CARTESIAN_POINT('',(-13.017891789537021,1.783870742721152,3.095166047466027));
#2526=CARTESIAN_POINT('',(-13.062499999999972,2.439518395093589,2.439518395093589));
#2527=CARTESIAN_POINT('',(-13.107108210462922,3.095166047466027,1.783870742721152));
#2528=CARTESIAN_POINT('',(-13.155391789537020,3.449999999999998,0.927225802123184));
#2529=CARTESIAN_POINT('',(-13.199999999999971,3.450000000000000,0.0));
#2530=CARTESIAN_POINT('',(-13.244608210462921,3.450000000000000,-0.927225802123182));
#2531=CARTESIAN_POINT('',(-13.292891789537020,3.095166047466027,-1.783870742721151));
#2532=CARTESIAN_POINT('',(-13.337499999999968,2.439518395093589,-2.439518395093589));
#2533=CARTESIAN_POINT('',(-13.382108210462924,1.783870742721152,-3.095166047466027));
#2534=CARTESIAN_POINT('',(-13.430391789537023,0.927225802123182,-3.449999999999998));
#2535=CARTESIAN_POINT('',(-13.474999999999973,2.112446E-016,-3.450000000000000));
#2536=CARTESIAN_POINT('',(-13.519608210462922,-0.927225802123182,-3.450000000000000));
#2537=CARTESIAN_POINT('',(-13.567891789537022,-1.783870742721151,-3.095166047466027));
#2538=CARTESIAN_POINT('',(-13.612499999999974,-2.439518395093589,-2.439518395093589));
#2539=CARTESIAN_POINT('',(-13.657108210462921,-3.095166047466027,-1.783870742721152));
#2540=CARTESIAN_POINT('',(-13.705391789537023,-3.450000000000000,-0.927225802123183));
#2541=CARTESIAN_POINT('',(-13.749999999999973,-3.450000000000000,-4.224892E-016));
#2542=CARTESIAN_POINT('',(-13.794608210462922,-3.450000000000000,0.927225802123182));
#2543=CARTESIAN_POINT('',(-13.842891789537022,-3.095166047466027,1.783870742721151));
#2544=CARTESIAN_POINT('',(-13.887499999999973,-2.439518395093589,2.439518395093589));
#2545=CARTESIAN_POINT('',(-13.932108210462921,-1.783870742721153,3.095166047466027));
#2546=CARTESIAN_POINT('',(-13.980391789537023,-0.927225802123184,3.449999999999998));
#2547=CARTESIAN_POINT('',(-14.024999999999974,-6.337338E-016,3.450000000000000));
#2548=CARTESIAN_POINT('',(-14.069608210462921,0.927225802123183,3.449999999999998));
#2549=CARTESIAN_POINT('',(-14.117891789537023,1.783870742721152,3.095166047466027));
#2550=CARTESIAN_POINT('',(-14.162499999999971,2.439518395093589,2.439518395093589));
#2551=CARTESIAN_POINT('',(-14.196673844678633,2.941802633882151,1.937234156305027));
#2552=CARTESIAN_POINT('',(-14.233685763797588,3.273092275599954,1.305129450302845));
#2553=CARTESIAN_POINT('',(-14.270133897759150,3.397586747891898,0.599086212952148));
#2561=(BOUNDED_CURVE()B_SPLINE_CURVE(3,(#2241,#2242,#2243,#2244,#2245,#2246,#2247,#2248,#2249,#2250,#2251,#2252,#2253,#2254,#2255,#2256,#2257,#2258,#2259,#2260,#2261,#2262,#2263,#2264,#2265,#2266,#2267,#2268,#2269,#2270,#2271,#2272,#2273,#2274,#2275,#2276,#2277,#2278,#2279,#2280,#2281,#2282,#2283,#2284,#2285,#2286,#2287,#2288,#2289,#2290,#2291,#2292,#2293,#2294,#2295,#2296,#2297,#2298,#2299,#2300,#2301,#2302,#2303,#2304,#2305,#2306,#2307,#2308,#2309,#2310,#2311,#2312,#2313,#2314,#2315,#2316,#2317,#2318,#2319,#2320,#2321,#2322,#2323,#2324,#2325,#2326,#2327,#2328,#2329,#2330,#2331,#2332,#2333,#2334,#2335,#2336,#2337,#2338,#2339,#2340,#2341,#2342,#2343,#2344,#2345,#2346,#2347,#2348,#2349,#2350,#2351,#2352,#2353,#2354,#2355,#2356,#2357,#2358,#2359,#2360,#2361,#2362,#2363,#2364,#2365,#2366,#2367,#2368,#2369,#2370,#2371,#2372,#2373,#2374,#2375,#2376,#2377,#2378,#2379,#2380,#2381,#2382,#2383,#2384,#2385,#2386,#2387,#2388,#2389,#2390,#2391,#2392,#2393,#2394,#2395,#2396,#2397,#2398,#2399,#2400,#2401,#2402,#2403,#2404,#2405,#2406,#2407,#2408,#2409,#2410,#2411,#2412,#2413,#2414,#2415,#2416,#2417,#2418,#2419,#2420,#2421,#2422,#2423,#2424,#2425,#2426,#2427,#2428,#2429,#2430,#2431,#2432,#2433,#2434,#2435,#2436,#2437,#2438,#2439,#2440,#2441,#2442,#2443,#2444,#2445,#2446,#2447,#2448,#2449,#2450,#2451,#2452,#2453,#2454,#2455,#2456,#2457,#2458,#2459,#2460,#2461,#2462,#2463,#2464,#2465,#2466,#2467,#2468,#2469,#2470,#2471,#2472,#2473,#2474,#2475,#2476,#2477,#2478,#2479,#2480,#2481,#2482,#2483,#2484,#2485,#2486,#2487,#2488,#2489,#2490,#2491,#2492,#2493,#2494,#2495,#2496,#2497,#2498,#2499,#2500,#2501,#2502,#2503,#2504,#2505,#2506,#2507,#2508,#2509,#2510,#2511,#2512,#2513,#2514,#2515,#2516,#2517,#2518,#2519,#2520,#2521,#2522,#2523,#2524,#2525,#2526,#2527,#2528,#2529,#2530,#2531,#2532,#2533,#2534,#2535,#2536,#2537,#2538,#2539,#2540,#2541,#2542,#2543,#2544,#2545,#2546,#2547,#2548,#2549,#2550,#2551,#2552,#2553),.UNSPECIFIED.,.F.,.U.)B_SPLINE_CURVE_WITH_KNOTS((4,3,3,3,3,3,3,3,3,3,3,3,3,3,3,3,3,3,3,3,3,3,3,3,3,3,3,3,3,3,3,3,3,3,3,3,3,3,3,3,3,3,3,3,3,3,3,3,3,3,3,3,3,3,3,3,3,3,3,3,3,3,3,3,3,3,3,3,3,3,3,3,3,3,3,3,3,3,3,3,3,3,3,3,3,3,3,3,3,3,3,3,3,3,3,3,3,3,3,3,3,3,3,3,4),(0.002006324911757,0.008928571428571,0.017857142857143,0.026785714285714,0.035714285714286,0.044642857142857,0.053571428571428,0.062500000000000,0.071428571428571,0.080357142857143,0.089285714285714,0.098214285714285,0.107142857142857,0.116071428571428,0.124999999999999,0.133928571428571,0.142857142857142,0.151785714285714,0.160714285714285,0.169642857142856,0.178571428571428,0.187499999999999,0.196428571428571,0.205357142857142,0.214285714285713,0.223214285714285,0.232142857142856,0.241071428571427,0.249999999999999,0.258928571428570,0.267857142857142,0.276785714285713,0.285714285714284,0.294642857142856,0.303571428571427,0.312499999999999,0.321428571428570,0.330357142857141,0.339285714285713,0.348214285714284,0.357142857142856,0.366071428571427,0.374999999999998,0.383928571428570,0.392857142857141,0.401785714285713,0.410714285714284,0.419642857142855,0.428571428571427,0.437499999999998,0.446428571428569,0.455357142857141,0.464285714285712,0.473214285714284,0.482142857142855,0.491071428571426,0.499999999999998,0.508928571428569,0.517857142857141,0.526785714285712,0.535714285714283,0.544642857142855,0.553571428571426,0.562499999999997,0.571428571428569,0.580357142857140,0.589285714285712,0.598214285714283,0.607142857142854,0.616071428571426,0.624999999999997,0.633928571428569,0.642857142857140,0.651785714285711,0.660714285714283,0.669642857142854,0.678571428571425,0.687499999999997,0.696428571428568,0.705357142857140,0.714285714285711,0.723214285714282,0.732142857142854,0.741071428571425,0.749999999999997,0.758928571428568,0.767857142857139,0.776785714285711,0.785714285714282,0.794642857142853,0.803571428571425,0.812499999999996,0.821428571428568,0.830357142857139,0.839285714285710,0.848214285714282,0.857142857142853,0.866071428571425,0.874999999999996,0.883928571428567,0.892857142857139,0.901785714285710,0.910714285714282,0.919642857142853,0.926565103659667),.UNSPECIFIED.)CURVE()GEOMETRIC_REPRESENTATION_ITEM()RATIONAL_B_SPLINE_CURVE((0.973477417138017,0.951815432523082,0.960656293477076,1.0,0.949253021674191,0.949253021674191,1.0,0.949253021674191,0.949253021674191,1.0,0.949253021674191,0.949253021674191,1.0,0.949253021674191,0.949253021674191,1.0,0.949253021674191,0.949253021674191,1.0,0.949253021674191,0.949253021674191,1.0,0.949253021674191,0.949253021674191,1.0,0.949253021674191,0.949253021674191,1.0,0.949253021674191,0.949253021674191,1.0,0.949253021674191,0.949253021674191,1.0,0.949253021674191,0.949253021674191,1.0,0.949253021674191,0.949253021674191,1.0,0.949253021674191,0.949253021674191,1.0,0.949253021674191,0.949253021674191,1.0,0.949253021674191,0.949253021674191,1.0,0.949253021674191,0.949253021674191,1.0,0.949253021674191,0.949253021674191,1.0,0.949253021674191,0.949253021674191,1.0,0.949253021674191,0.949253021674191,1.0,0.949253021674191,0.949253021674191,1.0,0.949253021674191,0.949253021674191,1.0,0.949253021674191,0.949253021674191,1.0,0.949253021674191,0.949253021674191,1.0,0.949253021674191,0.949253021674191,1.0,0.949253021674191,0.949253021674191,1.0,0.949253021674191,0.949253021674191,1.0,0.949253021674191,0.949253021674191,1.0,0.949253021674191,0.949253021674191,1.0,0.949253021674191,0.949253021674191,1.0,0.949253021674191,0.949253021674191,1.0,0.949253021674191,0.949253021674191,1.0,0.949253021674191,0.949253021674191,1.0,0.949253021674191,0.949253021674191,1.0,0.949253021674191,0.949253021674191,1.0,0.949253021674191,0.949253021674191,1.0,0.949253021674191,0.949253021674191,1.0,0.949253021674191,0.949253021674191,1.0,0.949253021674191,0.949253021674191,1.0,0.949253021674191,0.949253021674191,1.0,0.949253021674191,0.949253021674191,1.0,0.949253021674191,0.949253021674191,1.0,0.949253021674191,0.949253021674191,1.0,0.949253021674191,0.949253021674191,1.0,0.949253021674191,0.949253021674191,1.0,0.949253021674191,0.949253021674191,1.0,0.949253021674191,0.949253021674191,1.0,0.949253021674191,0.949253021674191,1.0,0.949253021674191,0.949253021674191,1.0,0.949253021674191,0.949253021674191,1.0,0.949253021674191,0.949253021674191,1.0,0.949253021674191,0.949253021674191,1.0,0.949253021674191,0.949253021674191,1.0,0.949253021674191,0.949253021674191,1.0,0.949253021674191,0.949253021674191,1.0,0.949253021674191,0.949253021674191,1.0,0.949253021674191,0.949253021674191,1.0,0.949253021674191,0.949253021674191,1.0,0.949253021674191,0.949253021674191,1.0,0.949253021674191,0.949253021674191,1.0,0.949253021674191,0.949253021674191,1.0,0.949253021674191,0.949253021674191,1.0,0.949253021674191,0.949253021674191,1.0,0.949253021674191,0.949253021674191,1.0,0.949253021674191,0.949253021674191,1.0,0.949253021674191,0.949253021674191,1.0,0.949253021674191,0.949253021674191,1.0,0.949253021674191,0.949253021674191,1.0,0.949253021674191,0.949253021674191,1.0,0.949253021674191,0.949253021674191,1.0,0.949253021674191,0.949253021674191,1.0,0.949253021674191,0.949253021674191,1.0,0.949253021674191,0.949253021674191,1.0,0.949253021674191,0.949253021674191,1.0,0.949253021674191,0.949253021674191,1.0,0.949253021674191,0.949253021674191,1.0,0.949253021674191,0.949253021674191,1.0,0.949253021674191,0.949253021674191,1.0,0.949253021674191,0.949253021674191,1.0,0.949253021674191,0.949253021674191,1.0,0.949253021674191,0.949253021674191,1.0,0.949253021674191,0.949253021674191,1.0,0.949253021674191,0.949253021674191,1.0,0.949253021674191,0.949253021674191,1.0,0.949253021674191,0.949253021674191,1.0,0.949253021674191,0.949253021674191,1.0,0.949253021674191,0.949253021674191,1.0,0.949253021674191,0.949253021674191,1.0,0.949253021674191,0.949253021674191,1.0,0.949253021674191,0.949253021674191,1.0,0.949253021674191,0.949253021674191,1.0,0.949253021674191,0.949253021674191,1.0,0.949253021674191,0.949253021674191,1.0,0.949253021674191,0.949253021674191,1.0,0.949253021674191,0.949253021674191,1.0,0.949253021674191,0.949253021674191,1.0,0.949253021674191,0.949253021674191,1.0,0.949253021674191,0.949253021674191,1.0,0.949253021674191,0.949253021674191,1.0,0.949253021674191,0.949253021674191,1.0,0.949253021674191,0.949253021674191,1.0,0.949253021674191,0.949253021674191,1.0,0.949253021674191,0.949253021674191,1.0,0.960656293477076,0.951815432523082,0.973477417138017))REPRESENTATION_ITEM(''));
#2562=EDGE_CURVE('',#574,#2233,#2561,.T.);
#2563=ORIENTED_EDGE('',*,*,#2562,.F.);
#2564=ORIENTED_EDGE('',*,*,#580,.F.);
#2565=ORIENTED_EDGE('',*,*,#571,.F.);
#2566=ORIENTED_EDGE('',*,*,#562,.F.);
#2567=ORIENTED_EDGE('',*,*,#365,.F.);
#2568=EDGE_LOOP('',(#2222,#2231,#2240,#2563,#2564,#2565,#2566,#2567));
#2569=FACE_OUTER_BOUND('',#2568,.T.);
#2570=ADVANCED_FACE('',(#2569),#1899,.F.);
#2571=CARTESIAN_POINT('',(-0.029866102240745,3.397586747892122,-0.599086212950893));
#2572=CARTESIAN_POINT('',(0.292316438454053,3.397586747892121,-0.599086212950892));
#2573=CARTESIAN_POINT('',(0.520133897759255,3.621943148087427,-0.638646299599950));
#2574=CARTESIAN_POINT('',(0.520133897759255,3.939231012048837,-0.694592710667702));
#2575=CARTESIAN_POINT('',(-0.066314236202307,3.273092275600440,-1.305129450301631));
#2576=CARTESIAN_POINT('',(0.255868304492491,3.273092275600440,-1.305129450301631));
#2577=CARTESIAN_POINT('',(0.483685763797694,3.489227802063853,-1.391312428687752));
#2578=CARTESIAN_POINT('',(0.483685763797694,3.794889594899058,-1.513193565567108));
#2579=CARTESIAN_POINT('',(-0.103326155321341,2.941802633882151,-1.937234156305027));
#2580=CARTESIAN_POINT('',(0.218856385373457,2.941802633882151,-1.937234156305027));
#2581=CARTESIAN_POINT('',(0.446673844678659,3.136061764846900,-2.065157566035076));
#2582=CARTESIAN_POINT('',(0.446673844678659,3.410785662472059,-2.246068587020321));
#2583=CARTESIAN_POINT('',(-0.137500000000000,2.439518395093590,-2.439518395093590));
#2584=CARTESIAN_POINT('',(0.184682540694798,2.439518395093589,-2.439518395093589));
#2585=CARTESIAN_POINT('',(0.412500000000001,2.600609665440989,-2.600609665440989));
#2586=CARTESIAN_POINT('',(0.412500000000000,2.828427124746191,-2.828427124746191));
#2587=CARTESIAN_POINT('',(-0.182108210462950,1.783870742721151,-3.095166047466027));
#2588=CARTESIAN_POINT('',(0.140074330231848,1.783870742721151,-3.095166047466027));
#2589=CARTESIAN_POINT('',(0.367891789537050,1.901666945716982,-3.299552385164994));
#2590=CARTESIAN_POINT('',(0.367891789537050,2.068255933589741,-3.588598315902640));
#2591=CARTESIAN_POINT('',(-0.230391789537049,0.927225802123182,-3.450000000000000));
#2592=CARTESIAN_POINT('',(0.091790751157749,0.927225802123182,-3.449999999999998));
#2593=CARTESIAN_POINT('',(0.319608210462951,0.988454273555626,-3.677817459305202));
#2594=CARTESIAN_POINT('',(0.319608210462951,1.075044408258763,-4.0));
#2595=CARTESIAN_POINT('',(-0.275000000000000,2.112446E-016,-3.450000000000000));
#2596=CARTESIAN_POINT('',(0.047182540694798,2.112446E-016,-3.450000000000000));
#2597=CARTESIAN_POINT('',(0.275000000000001,2.251939E-016,-3.677817459305201));
#2598=CARTESIAN_POINT('',(0.275000000000001,2.449213E-016,-3.999999999999999));
#2599=CARTESIAN_POINT('',(-0.319608210462950,-0.927225802123182,-3.450000000000000));
#2600=CARTESIAN_POINT('',(0.002574330231848,-0.927225802123182,-3.449999999999998));
#2601=CARTESIAN_POINT('',(0.230391789537050,-0.988454273555626,-3.677817459305202));
#2602=CARTESIAN_POINT('',(0.230391789537050,-1.075044408258762,-4.0));
#2603=CARTESIAN_POINT('',(-0.367891789537049,-1.783870742721151,-3.095166047466027));
#2604=CARTESIAN_POINT('',(-0.045709248842251,-1.783870742721151,-3.095166047466027));
#2605=CARTESIAN_POINT('',(0.182108210462951,-1.901666945716982,-3.299552385164994));
#2606=CARTESIAN_POINT('',(0.182108210462951,-2.068255933589740,-3.588598315902640));
#2607=CARTESIAN_POINT('',(-0.412499999999999,-2.439518395093589,-2.439518395093589));
#2608=CARTESIAN_POINT('',(-0.090317459305201,-2.439518395093589,-2.439518395093589));
#2609=CARTESIAN_POINT('',(0.137500000000001,-2.600609665440988,-2.600609665440988));
#2610=CARTESIAN_POINT('',(0.137500000000001,-2.828427124746189,-2.828427124746191));
#2611=CARTESIAN_POINT('',(-0.457108210462949,-3.095166047466027,-1.783870742721151));
#2612=CARTESIAN_POINT('',(-0.134925669768152,-3.095166047466027,-1.783870742721151));
#2613=CARTESIAN_POINT('',(0.092891789537051,-3.299552385164994,-1.901666945716982));
#2614=CARTESIAN_POINT('',(0.092891789537051,-3.588598315902640,-2.068255933589741));
#2615=CARTESIAN_POINT('',(-0.505391789537048,-3.450000000000000,-0.927225802123182));
#2616=CARTESIAN_POINT('',(-0.183209248842251,-3.449999999999998,-0.927225802123183));
#2617=CARTESIAN_POINT('',(0.044608210462952,-3.677817459305202,-0.988454273555626));
#2618=CARTESIAN_POINT('',(0.044608210462952,-4.0,-1.075044408258763));
#2619=CARTESIAN_POINT('',(-0.549999999999999,-3.450000000000000,-4.224892E-016));
#2620=CARTESIAN_POINT('',(-0.227817459305201,-3.450000000000000,-4.224892E-016));
#2621=CARTESIAN_POINT('',(1.192622E-015,-3.677817459305201,-4.503879E-016));
#2622=CARTESIAN_POINT('',(1.192622E-015,-3.999999999999999,-4.898425E-016));
#2623=CARTESIAN_POINT('',(-0.594608210462949,-3.450000000000000,0.927225802123182));
#2624=CARTESIAN_POINT('',(-0.272425669768152,-3.450000000000000,0.927225802123182));
#2625=CARTESIAN_POINT('',(-0.044608210462949,-3.677817459305203,0.988454273555626));
#2626=CARTESIAN_POINT('',(-0.044608210462949,-4.0,1.075044408258762));
#2627=CARTESIAN_POINT('',(-0.642891789537049,-3.095166047466027,1.783870742721151));
#2628=CARTESIAN_POINT('',(-0.320709248842251,-3.095166047466027,1.783870742721151));
#2629=CARTESIAN_POINT('',(-0.092891789537048,-3.299552385164994,1.901666945716982));
#2630=CARTESIAN_POINT('',(-0.092891789537048,-3.588598315902641,2.068255933589741));
#2631=CARTESIAN_POINT('',(-0.687499999999999,-2.439518395093591,2.439518395093589));
#2632=CARTESIAN_POINT('',(-0.365317459305201,-2.439518395093589,2.439518395093589));
#2633=CARTESIAN_POINT('',(-0.137499999999999,-2.600609665440988,2.600609665440987));
#2634=CARTESIAN_POINT('',(-0.137499999999998,-2.828427124746191,2.828427124746191));
#2635=CARTESIAN_POINT('',(-0.732108210462949,-1.783870742721153,3.095166047466027));
#2636=CARTESIAN_POINT('',(-0.409925669768151,-1.783870742721153,3.095166047466027));
#2637=CARTESIAN_POINT('',(-0.182108210462949,-1.901666945716984,3.299552385164994));
#2638=CARTESIAN_POINT('',(-0.182108210462949,-2.068255933589741,3.588598315902640));
#2639=CARTESIAN_POINT('',(-0.780391789537048,-0.927225802123184,3.449999999999998));
#2640=CARTESIAN_POINT('',(-0.458209248842250,-0.927225802123184,3.450000000000000));
#2641=CARTESIAN_POINT('',(-0.230391789537048,-0.988454273555628,3.677817459305202));
#2642=CARTESIAN_POINT('',(-0.230391789537048,-1.075044408258764,3.999999999999999));
#2643=CARTESIAN_POINT('',(-0.824999999999999,-6.337338E-016,3.449999999999998));
#2644=CARTESIAN_POINT('',(-0.502817459305201,-6.337338E-016,3.450000000000002));
#2645=CARTESIAN_POINT('',(-0.274999999999998,-6.755818E-016,3.677817459305202));
#2646=CARTESIAN_POINT('',(-0.274999999999998,-7.347638E-016,3.999999999999999));
#2647=CARTESIAN_POINT('',(-0.869608210462949,0.927225802123183,3.450000000000000));
#2648=CARTESIAN_POINT('',(-0.547425669768151,0.927225802123182,3.450000000000000));
#2649=CARTESIAN_POINT('',(-0.319608210462949,0.988454273555627,3.677817459305202));
#2650=CARTESIAN_POINT('',(-0.319608210462948,1.075044408258763,3.999999999999999));
#2651=CARTESIAN_POINT('',(-0.917891789537048,1.783870742721152,3.095166047466027));
#2652=CARTESIAN_POINT('',(-0.595709248842250,1.783870742721151,3.095166047466027));
#2653=CARTESIAN_POINT('',(-0.367891789537048,1.901666945716982,3.299552385164994));
#2654=CARTESIAN_POINT('',(-0.367891789537047,2.068255933589741,3.588598315902640));
#2655=CARTESIAN_POINT('',(-0.962499999999998,2.439518395093589,2.439518395093589));
#2656=CARTESIAN_POINT('',(-0.640317459305201,2.439518395093589,2.439518395093590));
#2657=CARTESIAN_POINT('',(-0.412499999999998,2.600609665440989,2.600609665440989));
#2658=CARTESIAN_POINT('',(-0.412499999999998,2.828427124746189,2.828427124746191));
#2659=CARTESIAN_POINT('',(-1.007108210462949,3.095166047466027,1.783870742721153));
#2660=CARTESIAN_POINT('',(-0.684925669768151,3.095166047466027,1.783870742721153));
#2661=CARTESIAN_POINT('',(-0.457108210462948,3.299552385164994,1.901666945716986));
#2662=CARTESIAN_POINT('',(-0.457108210462948,3.588598315902640,2.068255933589742));
#2663=CARTESIAN_POINT('',(-1.055391789537048,3.450000000000000,0.927225802123184));
#2664=CARTESIAN_POINT('',(-0.733209248842250,3.450000000000000,0.927225802123184));
#2665=CARTESIAN_POINT('',(-0.505391789537048,3.677817459305202,0.988454273555628));
#2666=CARTESIAN_POINT('',(-0.505391789537047,4.0,1.075044408258764));
#2667=CARTESIAN_POINT('',(-1.099999999999998,3.450000000000000,0.0));
#2668=CARTESIAN_POINT('',(-0.777817459305201,3.450000000000000,0.0));
#2669=CARTESIAN_POINT('',(-0.549999999999998,3.677817459305202,0.0));
#2670=CARTESIAN_POINT('',(-0.549999999999997,4.0,0.0));
#2671=CARTESIAN_POINT('',(-1.144608210462948,3.450000000000000,-0.927225802123183));
#2672=CARTESIAN_POINT('',(-0.822425669768151,3.450000000000000,-0.927225802123182));
#2673=CARTESIAN_POINT('',(-0.594608210462948,3.677817459305203,-0.988454273555626));
#2674=CARTESIAN_POINT('',(-0.594608210462948,4.0,-1.075044408258763));
#2675=CARTESIAN_POINT('',(-1.192891789537047,3.095166047466027,-1.783870742721152));
#2676=CARTESIAN_POINT('',(-0.870709248842249,3.095166047466027,-1.783870742721151));
#2677=CARTESIAN_POINT('',(-0.642891789537047,3.299552385164994,-1.901666945716982));
#2678=CARTESIAN_POINT('',(-0.642891789537047,3.588598315902641,-2.068255933589741));
#2679=CARTESIAN_POINT('',(-1.237499999999998,2.439518395093589,-2.439518395093589));
#2680=CARTESIAN_POINT('',(-0.915317459305200,2.439518395093589,-2.439518395093589));
#2681=CARTESIAN_POINT('',(-0.687499999999997,2.600609665440988,-2.600609665440987));
#2682=CARTESIAN_POINT('',(-0.687499999999997,2.828427124746191,-2.828427124746191));
#2683=CARTESIAN_POINT('',(-1.282108210462947,1.783870742721152,-3.095166047466027));
#2684=CARTESIAN_POINT('',(-0.959925669768151,1.783870742721151,-3.095166047466027));
#2685=CARTESIAN_POINT('',(-0.732108210462948,1.901666945716982,-3.299552385164994));
#2686=CARTESIAN_POINT('',(-0.732108210462948,2.068255933589741,-3.588598315902641));
#2687=CARTESIAN_POINT('',(-1.330391789537047,0.927225802123183,-3.450000000000002));
#2688=CARTESIAN_POINT('',(-1.008209248842249,0.927225802123182,-3.450000000000000));
#2689=CARTESIAN_POINT('',(-0.780391789537047,0.988454273555626,-3.677817459305202));
#2690=CARTESIAN_POINT('',(-0.780391789537047,1.075044408258763,-4.000000000000002));
#2691=CARTESIAN_POINT('',(-1.374999999999998,2.112446E-016,-3.450000000000000));
#2692=CARTESIAN_POINT('',(-1.052817459305200,2.112446E-016,-3.450000000000000));
#2693=CARTESIAN_POINT('',(-0.824999999999997,2.251939E-016,-3.677817459305202));
#2694=CARTESIAN_POINT('',(-0.824999999999997,2.449213E-016,-4.0));
#2695=CARTESIAN_POINT('',(-1.419608210462947,-0.927225802123182,-3.450000000000000));
#2696=CARTESIAN_POINT('',(-1.097425669768150,-0.927225802123182,-3.450000000000000));
#2697=CARTESIAN_POINT('',(-0.869608210462948,-0.988454273555626,-3.677817459305202));
#2698=CARTESIAN_POINT('',(-0.869608210462948,-1.075044408258762,-4.0));
#2699=CARTESIAN_POINT('',(-1.467891789537047,-1.783870742721151,-3.095166047466027));
#2700=CARTESIAN_POINT('',(-1.145709248842248,-1.783870742721151,-3.095166047466027));
#2701=CARTESIAN_POINT('',(-0.917891789537047,-1.901666945716982,-3.299552385164994));
#2702=CARTESIAN_POINT('',(-0.917891789537046,-2.068255933589741,-3.588598315902641));
#2703=CARTESIAN_POINT('',(-1.512499999999997,-2.439518395093589,-2.439518395093589));
#2704=CARTESIAN_POINT('',(-1.190317459305199,-2.439518395093589,-2.439518395093589));
#2705=CARTESIAN_POINT('',(-0.962499999999997,-2.600609665440987,-2.600609665440988));
#2706=CARTESIAN_POINT('',(-0.962499999999997,-2.828427124746189,-2.828427124746191));
#2707=CARTESIAN_POINT('',(-1.557108210462947,-3.095166047466027,-1.783870742721152));
#2708=CARTESIAN_POINT('',(-1.234925669768150,-3.095166047466027,-1.783870742721151));
#2709=CARTESIAN_POINT('',(-1.007108210462948,-3.299552385164994,-1.901666945716982));
#2710=CARTESIAN_POINT('',(-1.007108210462947,-3.588598315902641,-2.068255933589741));
#2711=CARTESIAN_POINT('',(-1.605391789537046,-3.450000000000002,-0.927225802123183));
#2712=CARTESIAN_POINT('',(-1.283209248842248,-3.450000000000000,-0.927225802123183));
#2713=CARTESIAN_POINT('',(-1.055391789537046,-3.677817459305202,-0.988454273555626));
#2714=CARTESIAN_POINT('',(-1.055391789537046,-4.000000000000002,-1.075044408258763));
#2715=CARTESIAN_POINT('',(-1.649999999999996,-3.450000000000000,-4.224892E-016));
#2716=CARTESIAN_POINT('',(-1.327817459305199,-3.450000000000000,-4.224892E-016));
#2717=CARTESIAN_POINT('',(-1.099999999999997,-3.677817459305202,-4.503879E-016));
#2718=CARTESIAN_POINT('',(-1.099999999999997,-4.0,-4.898425E-016));
#2719=CARTESIAN_POINT('',(-1.694608210462947,-3.450000000000000,0.927225802123182));
#2720=CARTESIAN_POINT('',(-1.372425669768150,-3.450000000000000,0.927225802123182));
#2721=CARTESIAN_POINT('',(-1.144608210462947,-3.677817459305203,0.988454273555626));
#2722=CARTESIAN_POINT('',(-1.144608210462946,-4.0,1.075044408258762));
#2723=CARTESIAN_POINT('',(-1.742891789537046,-3.095166047466027,1.783870742721151));
#2724=CARTESIAN_POINT('',(-1.420709248842249,-3.095166047466027,1.783870742721151));
#2725=CARTESIAN_POINT('',(-1.192891789537046,-3.299552385164994,1.901666945716982));
#2726=CARTESIAN_POINT('',(-1.192891789537046,-3.588598315902641,2.068255933589741));
#2727=CARTESIAN_POINT('',(-1.787499999999997,-2.439518395093591,2.439518395093589));
#2728=CARTESIAN_POINT('',(-1.465317459305199,-2.439518395093589,2.439518395093589));
#2729=CARTESIAN_POINT('',(-1.237499999999996,-2.600609665440988,2.600609665440987));
#2730=CARTESIAN_POINT('',(-1.237499999999996,-2.828427124746191,2.828427124746191));
#2731=CARTESIAN_POINT('',(-1.832108210462947,-1.783870742721153,3.095166047466027));
#2732=CARTESIAN_POINT('',(-1.509925669768149,-1.783870742721153,3.095166047466027));
#2733=CARTESIAN_POINT('',(-1.282108210462947,-1.901666945716984,3.299552385164994));
#2734=CARTESIAN_POINT('',(-1.282108210462947,-2.068255933589742,3.588598315902638));
#2735=CARTESIAN_POINT('',(-1.880391789537045,-0.927225802123184,3.449999999999998));
#2736=CARTESIAN_POINT('',(-1.558209248842248,-0.927225802123184,3.450000000000000));
#2737=CARTESIAN_POINT('',(-1.330391789537046,-0.988454273555628,3.677817459305202));
#2738=CARTESIAN_POINT('',(-1.330391789537046,-1.075044408258764,3.999999999999999));
#2739=CARTESIAN_POINT('',(-1.924999999999997,-6.337338E-016,3.450000000000000));
#2740=CARTESIAN_POINT('',(-1.602817459305198,-6.337338E-016,3.450000000000000));
#2741=CARTESIAN_POINT('',(-1.374999999999996,-6.755818E-016,3.677817459305202));
#2742=CARTESIAN_POINT('',(-1.374999999999996,-7.347638E-016,4.0));
#2743=CARTESIAN_POINT('',(-1.969608210462946,0.927225802123183,3.450000000000000));
#2744=CARTESIAN_POINT('',(-1.647425669768149,0.927225802123183,3.450000000000000));
#2745=CARTESIAN_POINT('',(-1.419608210462947,0.988454273555627,3.677817459305202));
#2746=CARTESIAN_POINT('',(-1.419608210462946,1.075044408258763,3.999999999999999));
#2747=CARTESIAN_POINT('',(-2.017891789537046,1.783870742721152,3.095166047466027));
#2748=CARTESIAN_POINT('',(-1.695709248842249,1.783870742721151,3.095166047466027));
#2749=CARTESIAN_POINT('',(-1.467891789537046,1.901666945716982,3.299552385164994));
#2750=CARTESIAN_POINT('',(-1.467891789537046,2.068255933589741,3.588598315902640));
#2751=CARTESIAN_POINT('',(-2.062499999999996,2.439518395093589,2.439518395093591));
#2752=CARTESIAN_POINT('',(-1.740317459305198,2.439518395093588,2.439518395093589));
#2753=CARTESIAN_POINT('',(-1.512499999999996,2.600609665440987,2.600609665440988));
#2754=CARTESIAN_POINT('',(-1.512499999999996,2.828427124746189,2.828427124746191));
#2755=CARTESIAN_POINT('',(-2.107108210462946,3.095166047466027,1.783870742721153));
#2756=CARTESIAN_POINT('',(-1.784925669768149,3.095166047466027,1.783870742721153));
#2757=CARTESIAN_POINT('',(-1.557108210462946,3.299552385164994,1.901666945716986));
#2758=CARTESIAN_POINT('',(-1.557108210462946,3.588598315902640,2.068255933589742));
#2759=CARTESIAN_POINT('',(-2.155391789537046,3.450000000000000,0.927225802123184));
#2760=CARTESIAN_POINT('',(-1.833209248842248,3.450000000000000,0.927225802123184));
#2761=CARTESIAN_POINT('',(-1.605391789537045,3.677817459305202,0.988454273555628));
#2762=CARTESIAN_POINT('',(-1.605391789537045,4.0,1.075044408258764));
#2763=CARTESIAN_POINT('',(-2.199999999999997,3.450000000000000,0.0));
#2764=CARTESIAN_POINT('',(-1.877817459305198,3.450000000000000,0.0));
#2765=CARTESIAN_POINT('',(-1.649999999999995,3.677817459305202,0.0));
#2766=CARTESIAN_POINT('',(-1.649999999999995,4.0,0.0));
#2767=CARTESIAN_POINT('',(-2.244608210462945,3.450000000000000,-0.927225802123183));
#2768=CARTESIAN_POINT('',(-1.922425669768148,3.450000000000000,-0.927225802123182));
#2769=CARTESIAN_POINT('',(-1.694608210462946,3.677817459305203,-0.988454273555626));
#2770=CARTESIAN_POINT('',(-1.694608210462945,4.0,-1.075044408258763));
#2771=CARTESIAN_POINT('',(-2.292891789537044,3.095166047466027,-1.783870742721152));
#2772=CARTESIAN_POINT('',(-1.970709248842247,3.095166047466027,-1.783870742721151));
#2773=CARTESIAN_POINT('',(-1.742891789537045,3.299552385164994,-1.901666945716982));
#2774=CARTESIAN_POINT('',(-1.742891789537045,3.588598315902641,-2.068255933589741));
#2775=CARTESIAN_POINT('',(-2.337499999999996,2.439518395093589,-2.439518395093589));
#2776=CARTESIAN_POINT('',(-2.015317459305197,2.439518395093589,-2.439518395093589));
#2777=CARTESIAN_POINT('',(-1.787499999999995,2.600609665440988,-2.600609665440987));
#2778=CARTESIAN_POINT('',(-1.787499999999995,2.828427124746191,-2.828427124746191));
#2779=CARTESIAN_POINT('',(-2.382108210462945,1.783870742721152,-3.095166047466027));
#2780=CARTESIAN_POINT('',(-2.059925669768147,1.783870742721151,-3.095166047466027));
#2781=CARTESIAN_POINT('',(-1.832108210462945,1.901666945716982,-3.299552385164994));
#2782=CARTESIAN_POINT('',(-1.832108210462945,2.068255933589741,-3.588598315902641));
#2783=CARTESIAN_POINT('',(-2.430391789537045,0.927225802123183,-3.450000000000002));
#2784=CARTESIAN_POINT('',(-2.108209248842248,0.927225802123182,-3.450000000000000));
#2785=CARTESIAN_POINT('',(-1.880391789537045,0.988454273555626,-3.677817459305202));
#2786=CARTESIAN_POINT('',(-1.880391789537045,1.075044408258763,-4.000000000000002));
#2787=CARTESIAN_POINT('',(-2.474999999999995,2.112446E-016,-3.450000000000000));
#2788=CARTESIAN_POINT('',(-2.152817459305196,2.112446E-016,-3.450000000000000));
#2789=CARTESIAN_POINT('',(-1.924999999999994,2.251939E-016,-3.677817459305202));
#2790=CARTESIAN_POINT('',(-1.924999999999995,2.449213E-016,-4.0));
#2791=CARTESIAN_POINT('',(-2.519608210462945,-0.927225802123182,-3.450000000000000));
#2792=CARTESIAN_POINT('',(-2.197425669768149,-0.927225802123182,-3.450000000000000));
#2793=CARTESIAN_POINT('',(-1.969608210462945,-0.988454273555626,-3.677817459305203));
#2794=CARTESIAN_POINT('',(-1.969608210462945,-1.075044408258762,-4.0));
#2795=CARTESIAN_POINT('',(-2.567891789537045,-1.783870742721151,-3.095166047466027));
#2796=CARTESIAN_POINT('',(-2.245709248842247,-1.783870742721151,-3.095166047466027));
#2797=CARTESIAN_POINT('',(-2.017891789537045,-1.901666945716982,-3.299552385164994));
#2798=CARTESIAN_POINT('',(-2.017891789537045,-2.068255933589741,-3.588598315902641));
#2799=CARTESIAN_POINT('',(-2.612499999999994,-2.439518395093589,-2.439518395093589));
#2800=CARTESIAN_POINT('',(-2.290317459305197,-2.439518395093589,-2.439518395093589));
#2801=CARTESIAN_POINT('',(-2.062499999999995,-2.600609665440987,-2.600609665440988));
#2802=CARTESIAN_POINT('',(-2.062499999999995,-2.828427124746191,-2.828427124746191));
#2803=CARTESIAN_POINT('',(-2.657108210462944,-3.095166047466027,-1.783870742721152));
#2804=CARTESIAN_POINT('',(-2.334925669768148,-3.095166047466027,-1.783870742721151));
#2805=CARTESIAN_POINT('',(-2.107108210462946,-3.299552385164994,-1.901666945716982));
#2806=CARTESIAN_POINT('',(-2.107108210462944,-3.588598315902641,-2.068255933589741));
#2807=CARTESIAN_POINT('',(-2.705391789537044,-3.450000000000002,-0.927225802123183));
#2808=CARTESIAN_POINT('',(-2.383209248842246,-3.450000000000000,-0.927225802123183));
#2809=CARTESIAN_POINT('',(-2.155391789537045,-3.677817459305202,-0.988454273555626));
#2810=CARTESIAN_POINT('',(-2.155391789537044,-4.000000000000002,-1.075044408258763));
#2811=CARTESIAN_POINT('',(-2.749999999999995,-3.450000000000000,-4.224892E-016));
#2812=CARTESIAN_POINT('',(-2.427817459305197,-3.450000000000000,-4.224892E-016));
#2813=CARTESIAN_POINT('',(-2.199999999999994,-3.677817459305202,-4.503879E-016));
#2814=CARTESIAN_POINT('',(-2.199999999999994,-4.0,-4.898425E-016));
#2815=CARTESIAN_POINT('',(-2.794608210462945,-3.450000000000000,0.927225802123182));
#2816=CARTESIAN_POINT('',(-2.472425669768148,-3.450000000000000,0.927225802123182));
#2817=CARTESIAN_POINT('',(-2.244608210462945,-3.677817459305203,0.988454273555626));
#2818=CARTESIAN_POINT('',(-2.244608210462945,-4.000000000000002,1.075044408258762));
#2819=CARTESIAN_POINT('',(-2.842891789537045,-3.095166047466027,1.783870742721151));
#2820=CARTESIAN_POINT('',(-2.520709248842246,-3.095166047466027,1.783870742721151));
#2821=CARTESIAN_POINT('',(-2.292891789537044,-3.299552385164994,1.901666945716982));
#2822=CARTESIAN_POINT('',(-2.292891789537043,-3.588598315902641,2.068255933589741));
#2823=CARTESIAN_POINT('',(-2.887499999999994,-2.439518395093589,2.439518395093589));
#2824=CARTESIAN_POINT('',(-2.565317459305196,-2.439518395093589,2.439518395093589));
#2825=CARTESIAN_POINT('',(-2.337499999999994,-2.600609665440988,2.600609665440987));
#2826=CARTESIAN_POINT('',(-2.337499999999993,-2.828427124746191,2.828427124746189));
#2827=CARTESIAN_POINT('',(-2.932108210462944,-1.783870742721153,3.095166047466027));
#2828=CARTESIAN_POINT('',(-2.609925669768147,-1.783870742721153,3.095166047466027));
#2829=CARTESIAN_POINT('',(-2.382108210462945,-1.901666945716986,3.299552385164994));
#2830=CARTESIAN_POINT('',(-2.382108210462945,-2.068255933589741,3.588598315902640));
#2831=CARTESIAN_POINT('',(-2.980391789537044,-0.927225802123184,3.450000000000000));
#2832=CARTESIAN_POINT('',(-2.658209248842246,-0.927225802123184,3.450000000000000));
#2833=CARTESIAN_POINT('',(-2.430391789537044,-0.988454273555628,3.677817459305202));
#2834=CARTESIAN_POINT('',(-2.430391789537043,-1.075044408258764,4.0));
#2835=CARTESIAN_POINT('',(-3.024999999999996,-6.337338E-016,3.450000000000000));
#2836=CARTESIAN_POINT('',(-2.702817459305196,-6.337338E-016,3.450000000000000));
#2837=CARTESIAN_POINT('',(-2.474999999999995,-6.755818E-016,3.677817459305202));
#2838=CARTESIAN_POINT('',(-2.474999999999995,-7.347638E-016,4.0));
#2839=CARTESIAN_POINT('',(-3.069608210462945,0.927225802123183,3.450000000000000));
#2840=CARTESIAN_POINT('',(-2.747425669768147,0.927225802123183,3.450000000000000));
#2841=CARTESIAN_POINT('',(-2.519608210462945,0.988454273555627,3.677817459305202));
#2842=CARTESIAN_POINT('',(-2.519608210462944,1.075044408258763,3.999999999999999));
#2843=CARTESIAN_POINT('',(-3.117891789537044,1.783870742721152,3.095166047466027));
#2844=CARTESIAN_POINT('',(-2.795709248842246,1.783870742721151,3.095166047466027));
#2845=CARTESIAN_POINT('',(-2.567891789537044,1.901666945716982,3.299552385164994));
#2846=CARTESIAN_POINT('',(-2.567891789537044,2.068255933589741,3.588598315902640));
#2847=CARTESIAN_POINT('',(-3.162499999999995,2.439518395093589,2.439518395093591));
#2848=CARTESIAN_POINT('',(-2.840317459305195,2.439518395093588,2.439518395093589));
#2849=CARTESIAN_POINT('',(-2.612499999999995,2.600609665440987,2.600609665440988));
#2850=CARTESIAN_POINT('',(-2.612499999999994,2.828427124746189,2.828427124746191));
#2851=CARTESIAN_POINT('',(-3.207108210462943,3.095166047466027,1.783870742721153));
#2852=CARTESIAN_POINT('',(-2.884925669768146,3.095166047466027,1.783870742721153));
#2853=CARTESIAN_POINT('',(-2.657108210462945,3.299552385164994,1.901666945716986));
#2854=CARTESIAN_POINT('',(-2.657108210462944,3.588598315902640,2.068255933589742));
#2855=CARTESIAN_POINT('',(-3.255391789537042,3.450000000000000,0.927225802123184));
#2856=CARTESIAN_POINT('',(-2.933209248842245,3.450000000000000,0.927225802123184));
#2857=CARTESIAN_POINT('',(-2.705391789537043,3.677817459305202,0.988454273555628));
#2858=CARTESIAN_POINT('',(-2.705391789537043,4.0,1.075044408258764));
#2859=CARTESIAN_POINT('',(-3.299999999999993,3.450000000000000,0.0));
#2860=CARTESIAN_POINT('',(-2.977817459305196,3.450000000000000,0.0));
#2861=CARTESIAN_POINT('',(-2.749999999999994,3.677817459305202,0.0));
#2862=CARTESIAN_POINT('',(-2.749999999999994,4.0,0.0));
#2863=CARTESIAN_POINT('',(-3.344608210462944,3.450000000000000,-0.927225802123183));
#2864=CARTESIAN_POINT('',(-3.022425669768146,3.450000000000000,-0.927225802123182));
#2865=CARTESIAN_POINT('',(-2.794608210462945,3.677817459305203,-0.988454273555626));
#2866=CARTESIAN_POINT('',(-2.794608210462943,4.0,-1.075044408258763));
#2867=CARTESIAN_POINT('',(-3.392891789537045,3.095166047466027,-1.783870742721152));
#2868=CARTESIAN_POINT('',(-3.070709248842245,3.095166047466027,-1.783870742721151));
#2869=CARTESIAN_POINT('',(-2.842891789537043,3.299552385164994,-1.901666945716982));
#2870=CARTESIAN_POINT('',(-2.842891789537043,3.588598315902641,-2.068255933589741));
#2871=CARTESIAN_POINT('',(-3.437499999999993,2.439518395093589,-2.439518395093589));
#2872=CARTESIAN_POINT('',(-3.115317459305195,2.439518395093589,-2.439518395093589));
#2873=CARTESIAN_POINT('',(-2.887499999999994,2.600609665440988,-2.600609665440987));
#2874=CARTESIAN_POINT('',(-2.887499999999994,2.828427124746191,-2.828427124746191));
#2875=CARTESIAN_POINT('',(-3.482108210462944,1.783870742721152,-3.095166047466027));
#2876=CARTESIAN_POINT('',(-3.159925669768147,1.783870742721151,-3.095166047466027));
#2877=CARTESIAN_POINT('',(-2.932108210462945,1.901666945716982,-3.299552385164994));
#2878=CARTESIAN_POINT('',(-2.932108210462944,2.068255933589741,-3.588598315902641));
#2879=CARTESIAN_POINT('',(-3.530391789537045,0.927225802123183,-3.450000000000002));
#2880=CARTESIAN_POINT('',(-3.208209248842245,0.927225802123182,-3.450000000000000));
#2881=CARTESIAN_POINT('',(-2.980391789537042,0.988454273555626,-3.677817459305202));
#2882=CARTESIAN_POINT('',(-2.980391789537044,1.075044408258763,-4.000000000000002));
#2883=CARTESIAN_POINT('',(-3.574999999999993,2.112446E-016,-3.450000000000000));
#2884=CARTESIAN_POINT('',(-3.252817459305196,2.112446E-016,-3.450000000000000));
#2885=CARTESIAN_POINT('',(-3.024999999999993,2.251939E-016,-3.677817459305202));
#2886=CARTESIAN_POINT('',(-3.024999999999993,2.449213E-016,-4.0));
#2887=CARTESIAN_POINT('',(-3.619608210462944,-0.927225802123182,-3.450000000000000));
#2888=CARTESIAN_POINT('',(-3.297425669768146,-0.927225802123182,-3.450000000000000));
#2889=CARTESIAN_POINT('',(-3.069608210462945,-0.988454273555626,-3.677817459305203));
#2890=CARTESIAN_POINT('',(-3.069608210462944,-1.075044408258762,-4.0));
#2891=CARTESIAN_POINT('',(-3.667891789537042,-1.783870742721151,-3.095166047466027));
#2892=CARTESIAN_POINT('',(-3.345709248842245,-1.783870742721151,-3.095166047466027));
#2893=CARTESIAN_POINT('',(-3.117891789537042,-1.901666945716982,-3.299552385164994));
#2894=CARTESIAN_POINT('',(-3.117891789537042,-2.068255933589741,-3.588598315902641));
#2895=CARTESIAN_POINT('',(-3.712499999999993,-2.439518395093589,-2.439518395093589));
#2896=CARTESIAN_POINT('',(-3.390317459305196,-2.439518395093589,-2.439518395093589));
#2897=CARTESIAN_POINT('',(-3.162499999999993,-2.600609665440987,-2.600609665440988));
#2898=CARTESIAN_POINT('',(-3.162499999999993,-2.828427124746191,-2.828427124746191));
#2899=CARTESIAN_POINT('',(-3.757108210462944,-3.095166047466027,-1.783870742721152));
#2900=CARTESIAN_POINT('',(-3.434925669768145,-3.095166047466027,-1.783870742721151));
#2901=CARTESIAN_POINT('',(-3.207108210462943,-3.299552385164994,-1.901666945716982));
#2902=CARTESIAN_POINT('',(-3.207108210462943,-3.588598315902640,-2.068255933589741));
#2903=CARTESIAN_POINT('',(-3.805391789537041,-3.450000000000000,-0.927225802123183));
#2904=CARTESIAN_POINT('',(-3.483209248842245,-3.450000000000000,-0.927225802123183));
#2905=CARTESIAN_POINT('',(-3.255391789537043,-3.677817459305202,-0.988454273555626));
#2906=CARTESIAN_POINT('',(-3.255391789537042,-4.0,-1.075044408258763));
#2907=CARTESIAN_POINT('',(-3.849999999999993,-3.450000000000000,-4.224892E-016));
#2908=CARTESIAN_POINT('',(-3.527817459305193,-3.450000000000000,-4.224892E-016));
#2909=CARTESIAN_POINT('',(-3.299999999999992,-3.677817459305202,-4.503879E-016));
#2910=CARTESIAN_POINT('',(-3.299999999999992,-4.0,-4.898425E-016));
#2911=CARTESIAN_POINT('',(-3.894608210462942,-3.450000000000000,0.927225802123182));
#2912=CARTESIAN_POINT('',(-3.572425669768146,-3.450000000000000,0.927225802123182));
#2913=CARTESIAN_POINT('',(-3.344608210462941,-3.677817459305203,0.988454273555626));
#2914=CARTESIAN_POINT('',(-3.344608210462941,-3.999999999999999,1.075044408258762));
#2915=CARTESIAN_POINT('',(-3.942891789537041,-3.095166047466027,1.783870742721151));
#2916=CARTESIAN_POINT('',(-3.620709248842245,-3.095166047466027,1.783870742721151));
#2917=CARTESIAN_POINT('',(-3.392891789537042,-3.299552385164994,1.901666945716982));
#2918=CARTESIAN_POINT('',(-3.392891789537042,-3.588598315902640,2.068255933589740));
#2919=CARTESIAN_POINT('',(-3.987499999999993,-2.439518395093589,2.439518395093589));
#2920=CARTESIAN_POINT('',(-3.665317459305193,-2.439518395093589,2.439518395093589));
#2921=CARTESIAN_POINT('',(-3.437499999999993,-2.600609665440988,2.600609665440987));
#2922=CARTESIAN_POINT('',(-3.437499999999993,-2.828427124746191,2.828427124746189));
#2923=CARTESIAN_POINT('',(-4.032108210462941,-1.783870742721153,3.095166047466027));
#2924=CARTESIAN_POINT('',(-3.709925669768144,-1.783870742721152,3.095166047466027));
#2925=CARTESIAN_POINT('',(-3.482108210462942,-1.901666945716984,3.299552385164994));
#2926=CARTESIAN_POINT('',(-3.482108210462942,-2.068255933589742,3.588598315902640));
#2927=CARTESIAN_POINT('',(-4.080391789537041,-0.927225802123184,3.450000000000000));
#2928=CARTESIAN_POINT('',(-3.758209248842245,-0.927225802123184,3.450000000000000));
#2929=CARTESIAN_POINT('',(-3.530391789537041,-0.988454273555628,3.677817459305202));
#2930=CARTESIAN_POINT('',(-3.530391789537041,-1.075044408258764,4.0));
#2931=CARTESIAN_POINT('',(-4.124999999999991,-6.337338E-016,3.450000000000000));
#2932=CARTESIAN_POINT('',(-3.802817459305194,-6.337338E-016,3.450000000000000));
#2933=CARTESIAN_POINT('',(-3.574999999999993,-6.755818E-016,3.677817459305202));
#2934=CARTESIAN_POINT('',(-3.574999999999993,-7.347638E-016,4.0));
#2935=CARTESIAN_POINT('',(-4.169608210462941,0.927225802123183,3.449999999999998));
#2936=CARTESIAN_POINT('',(-3.847425669768144,0.927225802123183,3.450000000000000));
#2937=CARTESIAN_POINT('',(-3.619608210462944,0.988454273555627,3.677817459305202));
#2938=CARTESIAN_POINT('',(-3.619608210462941,1.075044408258763,3.999999999999999));
#2939=CARTESIAN_POINT('',(-4.217891789537042,1.783870742721152,3.095166047466027));
#2940=CARTESIAN_POINT('',(-3.895709248842243,1.783870742721151,3.095166047466027));
#2941=CARTESIAN_POINT('',(-3.667891789537041,1.901666945716982,3.299552385164994));
#2942=CARTESIAN_POINT('',(-3.667891789537040,2.068255933589740,3.588598315902640));
#2943=CARTESIAN_POINT('',(-4.262499999999990,2.439518395093589,2.439518395093589));
#2944=CARTESIAN_POINT('',(-3.940317459305193,2.439518395093588,2.439518395093589));
#2945=CARTESIAN_POINT('',(-3.712499999999992,2.600609665440987,2.600609665440988));
#2946=CARTESIAN_POINT('',(-3.712499999999992,2.828427124746189,2.828427124746191));
#2947=CARTESIAN_POINT('',(-4.307108210462941,3.095166047466027,1.783870742721153));
#2948=CARTESIAN_POINT('',(-3.984925669768145,3.095166047466027,1.783870742721153));
#2949=CARTESIAN_POINT('',(-3.757108210462942,3.299552385164994,1.901666945716986));
#2950=CARTESIAN_POINT('',(-3.757108210462941,3.588598315902640,2.068255933589742));
#2951=CARTESIAN_POINT('',(-4.355391789537042,3.450000000000000,0.927225802123184));
#2952=CARTESIAN_POINT('',(-4.033209248842243,3.450000000000000,0.927225802123184));
#2953=CARTESIAN_POINT('',(-3.805391789537040,3.677817459305202,0.988454273555628));
#2954=CARTESIAN_POINT('',(-3.805391789537041,4.0,1.075044408258764));
#2955=CARTESIAN_POINT('',(-4.399999999999991,3.450000000000000,0.0));
#2956=CARTESIAN_POINT('',(-4.077817459305192,3.450000000000000,0.0));
#2957=CARTESIAN_POINT('',(-3.849999999999990,3.677817459305202,0.0));
#2958=CARTESIAN_POINT('',(-3.849999999999992,4.0,0.0));
#2959=CARTESIAN_POINT('',(-4.444608210462940,3.450000000000000,-0.927225802123183));
#2960=CARTESIAN_POINT('',(-4.122425669768144,3.450000000000000,-0.927225802123182));
#2961=CARTESIAN_POINT('',(-3.894608210462943,3.677817459305203,-0.988454273555626));
#2962=CARTESIAN_POINT('',(-3.894608210462942,4.000000000000002,-1.075044408258762));
#2963=CARTESIAN_POINT('',(-4.492891789537042,3.095166047466027,-1.783870742721152));
#2964=CARTESIAN_POINT('',(-4.170709248842243,3.095166047466027,-1.783870742721151));
#2965=CARTESIAN_POINT('',(-3.942891789537042,3.299552385164994,-1.901666945716982));
#2966=CARTESIAN_POINT('',(-3.942891789537041,3.588598315902640,-2.068255933589741));
#2967=CARTESIAN_POINT('',(-4.537499999999991,2.439518395093589,-2.439518395093589));
#2968=CARTESIAN_POINT('',(-4.215317459305191,2.439518395093589,-2.439518395093589));
#2969=CARTESIAN_POINT('',(-3.987499999999991,2.600609665440988,-2.600609665440987));
#2970=CARTESIAN_POINT('',(-3.987499999999989,2.828427124746191,-2.828427124746189));
#2971=CARTESIAN_POINT('',(-4.582108210462941,1.783870742721152,-3.095166047466027));
#2972=CARTESIAN_POINT('',(-4.259925669768143,1.783870742721151,-3.095166047466027));
#2973=CARTESIAN_POINT('',(-4.032108210462941,1.901666945716982,-3.299552385164994));
#2974=CARTESIAN_POINT('',(-4.032108210462941,2.068255933589740,-3.588598315902640));
#2975=CARTESIAN_POINT('',(-4.630391789537041,0.927225802123182,-3.450000000000000));
#2976=CARTESIAN_POINT('',(-4.308209248842242,0.927225802123182,-3.450000000000000));
#2977=CARTESIAN_POINT('',(-4.080391789537041,0.988454273555626,-3.677817459305202));
#2978=CARTESIAN_POINT('',(-4.080391789537040,1.075044408258763,-3.999999999999999));
#2979=CARTESIAN_POINT('',(-4.674999999999992,2.112446E-016,-3.450000000000000));
#2980=CARTESIAN_POINT('',(-4.352817459305191,2.112446E-016,-3.450000000000000));
#2981=CARTESIAN_POINT('',(-4.124999999999989,2.251939E-016,-3.677817459305202));
#2982=CARTESIAN_POINT('',(-4.124999999999989,2.449213E-016,-4.0));
#2983=CARTESIAN_POINT('',(-4.719608210462940,-0.927225802123182,-3.450000000000000));
#2984=CARTESIAN_POINT('',(-4.397425669768142,-0.927225802123182,-3.450000000000000));
#2985=CARTESIAN_POINT('',(-4.169608210462942,-0.988454273555626,-3.677817459305203));
#2986=CARTESIAN_POINT('',(-4.169608210462942,-1.075044408258762,-4.000000000000002));
#2987=CARTESIAN_POINT('',(-4.767891789537043,-1.783870742721151,-3.095166047466027));
#2988=CARTESIAN_POINT('',(-4.445709248842242,-1.783870742721151,-3.095166047466027));
#2989=CARTESIAN_POINT('',(-4.217891789537042,-1.901666945716982,-3.299552385164994));
#2990=CARTESIAN_POINT('',(-4.217891789537037,-2.068255933589741,-3.588598315902640));
#2991=CARTESIAN_POINT('',(-4.812499999999989,-2.439518395093589,-2.439518395093589));
#2992=CARTESIAN_POINT('',(-4.490317459305190,-2.439518395093589,-2.439518395093589));
#2993=CARTESIAN_POINT('',(-4.262499999999990,-2.600609665440987,-2.600609665440988));
#2994=CARTESIAN_POINT('',(-4.262499999999990,-2.828427124746189,-2.828427124746191));
#2995=CARTESIAN_POINT('',(-4.857108210462938,-3.095166047466027,-1.783870742721152));
#2996=CARTESIAN_POINT('',(-4.534925669768144,-3.095166047466027,-1.783870742721151));
#2997=CARTESIAN_POINT('',(-4.307108210462941,-3.299552385164994,-1.901666945716982));
#2998=CARTESIAN_POINT('',(-4.307108210462938,-3.588598315902640,-2.068255933589740));
#2999=CARTESIAN_POINT('',(-4.905391789537037,-3.450000000000000,-0.927225802123183));
#3000=CARTESIAN_POINT('',(-4.583209248842242,-3.450000000000000,-0.927225802123183));
#3001=CARTESIAN_POINT('',(-4.355391789537039,-3.677817459305202,-0.988454273555626));
#3002=CARTESIAN_POINT('',(-4.355391789537037,-3.999999999999999,-1.075044408258763));
#3003=CARTESIAN_POINT('',(-4.949999999999990,-3.450000000000000,-4.224892E-016));
#3004=CARTESIAN_POINT('',(-4.627817459305191,-3.450000000000000,-4.224892E-016));
#3005=CARTESIAN_POINT('',(-4.399999999999987,-3.677817459305202,-4.503879E-016));
#3006=CARTESIAN_POINT('',(-4.399999999999990,-4.0,-4.898425E-016));
#3007=CARTESIAN_POINT('',(-4.994608210462941,-3.450000000000000,0.927225802123182));
#3008=CARTESIAN_POINT('',(-4.672425669768144,-3.450000000000000,0.927225802123182));
#3009=CARTESIAN_POINT('',(-4.444608210462940,-3.677817459305203,0.988454273555626));
#3010=CARTESIAN_POINT('',(-4.444608210462938,-4.000000000000002,1.075044408258762));
#3011=CARTESIAN_POINT('',(-5.042891789537042,-3.095166047466027,1.783870742721151));
#3012=CARTESIAN_POINT('',(-4.720709248842242,-3.095166047466027,1.783870742721151));
#3013=CARTESIAN_POINT('',(-4.492891789537042,-3.299552385164994,1.901666945716982));
#3014=CARTESIAN_POINT('',(-4.492891789537039,-3.588598315902641,2.068255933589741));
#3015=CARTESIAN_POINT('',(-5.087499999999991,-2.439518395093589,2.439518395093589));
#3016=CARTESIAN_POINT('',(-4.765317459305191,-2.439518395093589,2.439518395093589));
#3017=CARTESIAN_POINT('',(-4.537499999999989,-2.600609665440988,2.600609665440987));
#3018=CARTESIAN_POINT('',(-4.537499999999990,-2.828427124746191,2.828427124746189));
#3019=CARTESIAN_POINT('',(-5.132108210462939,-1.783870742721152,3.095166047466027));
#3020=CARTESIAN_POINT('',(-4.809925669768143,-1.783870742721152,3.095166047466027));
#3021=CARTESIAN_POINT('',(-4.582108210462941,-1.901666945716984,3.299552385164994));
#3022=CARTESIAN_POINT('',(-4.582108210462939,-2.068255933589741,3.588598315902640));
#3023=CARTESIAN_POINT('',(-5.180391789537037,-0.927225802123184,3.449999999999998));
#3024=CARTESIAN_POINT('',(-4.858209248842242,-0.927225802123184,3.450000000000000));
#3025=CARTESIAN_POINT('',(-4.630391789537040,-0.988454273555628,3.677817459305202));
#3026=CARTESIAN_POINT('',(-4.630391789537037,-1.075044408258764,3.999999999999999));
#3027=CARTESIAN_POINT('',(-5.224999999999987,-6.337338E-016,3.450000000000000));
#3028=CARTESIAN_POINT('',(-4.902817459305191,-6.337338E-016,3.450000000000000));
#3029=CARTESIAN_POINT('',(-4.674999999999989,-6.755818E-016,3.677817459305202));
#3030=CARTESIAN_POINT('',(-4.674999999999989,-7.347638E-016,4.0));
#3031=CARTESIAN_POINT('',(-5.269608210462939,0.927225802123183,3.450000000000000));
#3032=CARTESIAN_POINT('',(-4.947425669768143,0.927225802123183,3.450000000000000));
#3033=CARTESIAN_POINT('',(-4.719608210462939,0.988454273555627,3.677817459305202));
#3034=CARTESIAN_POINT('',(-4.719608210462940,1.075044408258763,4.0));
#3035=CARTESIAN_POINT('',(-5.317891789537041,1.783870742721152,3.095166047466027));
#3036=CARTESIAN_POINT('',(-4.995709248842242,1.783870742721151,3.095166047466027));
#3037=CARTESIAN_POINT('',(-4.767891789537037,1.901666945716982,3.299552385164994));
#3038=CARTESIAN_POINT('',(-4.767891789537040,2.068255933589741,3.588598315902640));
#3039=CARTESIAN_POINT('',(-5.362499999999989,2.439518395093589,2.439518395093589));
#3040=CARTESIAN_POINT('',(-5.040317459305193,2.439518395093588,2.439518395093589));
#3041=CARTESIAN_POINT('',(-4.812499999999988,2.600609665440987,2.600609665440988));
#3042=CARTESIAN_POINT('',(-4.812499999999989,2.828427124746189,2.828427124746191));
#3043=CARTESIAN_POINT('',(-5.407108210462937,3.095166047466027,1.783870742721152));
#3044=CARTESIAN_POINT('',(-5.084925669768142,3.095166047466027,1.783870742721153));
#3045=CARTESIAN_POINT('',(-4.857108210462937,3.299552385164994,1.901666945716986));
#3046=CARTESIAN_POINT('',(-4.857108210462937,3.588598315902640,2.068255933589742));
#3047=CARTESIAN_POINT('',(-5.455391789537037,3.449999999999998,0.927225802123184));
#3048=CARTESIAN_POINT('',(-5.133209248842242,3.450000000000000,0.927225802123184));
#3049=CARTESIAN_POINT('',(-4.905391789537037,3.677817459305202,0.988454273555628));
#3050=CARTESIAN_POINT('',(-4.905391789537037,3.999999999999999,1.075044408258764));
#3051=CARTESIAN_POINT('',(-5.499999999999990,3.450000000000000,0.0));
#3052=CARTESIAN_POINT('',(-5.177817459305190,3.450000000000000,0.0));
#3053=CARTESIAN_POINT('',(-4.949999999999990,3.677817459305202,0.0));
#3054=CARTESIAN_POINT('',(-4.949999999999987,4.0,0.0));
#3055=CARTESIAN_POINT('',(-5.544608210462938,3.450000000000000,-0.927225802123183));
#3056=CARTESIAN_POINT('',(-5.222425669768143,3.450000000000000,-0.927225802123182));
#3057=CARTESIAN_POINT('',(-4.994608210462941,3.677817459305203,-0.988454273555626));
#3058=CARTESIAN_POINT('',(-4.994608210462937,4.000000000000002,-1.075044408258762));
#3059=CARTESIAN_POINT('',(-5.592891789537038,3.095166047466027,-1.783870742721152));
#3060=CARTESIAN_POINT('',(-5.270709248842240,3.095166047466027,-1.783870742721151));
#3061=CARTESIAN_POINT('',(-5.042891789537038,3.299552385164994,-1.901666945716982));
#3062=CARTESIAN_POINT('',(-5.042891789537038,3.588598315902640,-2.068255933589741));
#3063=CARTESIAN_POINT('',(-5.637499999999988,2.439518395093589,-2.439518395093589));
#3064=CARTESIAN_POINT('',(-5.315317459305190,2.439518395093589,-2.439518395093589));
#3065=CARTESIAN_POINT('',(-5.087499999999986,2.600609665440988,-2.600609665440987));
#3066=CARTESIAN_POINT('',(-5.087499999999987,2.828427124746191,-2.828427124746189));
#3067=CARTESIAN_POINT('',(-5.682108210462941,1.783870742721152,-3.095166047466027));
#3068=CARTESIAN_POINT('',(-5.359925669768143,1.783870742721151,-3.095166047466027));
#3069=CARTESIAN_POINT('',(-5.132108210462937,1.901666945716982,-3.299552385164994));
#3070=CARTESIAN_POINT('',(-5.132108210462937,2.068255933589741,-3.588598315902640));
#3071=CARTESIAN_POINT('',(-5.730391789537038,0.927225802123183,-3.450000000000000));
#3072=CARTESIAN_POINT('',(-5.408209248842240,0.927225802123182,-3.450000000000000));
#3073=CARTESIAN_POINT('',(-5.180391789537040,0.988454273555626,-3.677817459305202));
#3074=CARTESIAN_POINT('',(-5.180391789537037,1.075044408258763,-4.0));
#3075=CARTESIAN_POINT('',(-5.774999999999989,2.112446E-016,-3.450000000000000));
#3076=CARTESIAN_POINT('',(-5.452817459305190,2.112446E-016,-3.450000000000000));
#3077=CARTESIAN_POINT('',(-5.224999999999989,2.251939E-016,-3.677817459305202));
#3078=CARTESIAN_POINT('',(-5.224999999999987,2.449213E-016,-4.0));
#3079=CARTESIAN_POINT('',(-5.819608210462937,-0.927225802123182,-3.450000000000000));
#3080=CARTESIAN_POINT('',(-5.497425669768139,-0.927225802123182,-3.450000000000000));
#3081=CARTESIAN_POINT('',(-5.269608210462941,-0.988454273555626,-3.677817459305203));
#3082=CARTESIAN_POINT('',(-5.269608210462936,-1.075044408258762,-3.999999999999999));
#3083=CARTESIAN_POINT('',(-5.867891789537035,-1.783870742721151,-3.095166047466027));
#3084=CARTESIAN_POINT('',(-5.545709248842242,-1.783870742721151,-3.095166047466027));
#3085=CARTESIAN_POINT('',(-5.317891789537041,-1.901666945716982,-3.299552385164994));
#3086=CARTESIAN_POINT('',(-5.317891789537038,-2.068255933589740,-3.588598315902640));
#3087=CARTESIAN_POINT('',(-5.912499999999989,-2.439518395093589,-2.439518395093589));
#3088=CARTESIAN_POINT('',(-5.590317459305187,-2.439518395093589,-2.439518395093589));
#3089=CARTESIAN_POINT('',(-5.362499999999988,-2.600609665440987,-2.600609665440988));
#3090=CARTESIAN_POINT('',(-5.362499999999988,-2.828427124746189,-2.828427124746191));
#3091=CARTESIAN_POINT('',(-5.957108210462939,-3.095166047466027,-1.783870742721152));
#3092=CARTESIAN_POINT('',(-5.634925669768140,-3.095166047466027,-1.783870742721151));
#3093=CARTESIAN_POINT('',(-5.407108210462938,-3.299552385164994,-1.901666945716982));
#3094=CARTESIAN_POINT('',(-5.407108210462937,-3.588598315902640,-2.068255933589741));
#3095=CARTESIAN_POINT('',(-6.005391789537038,-3.450000000000000,-0.927225802123183));
#3096=CARTESIAN_POINT('',(-5.683209248842242,-3.450000000000000,-0.927225802123183));
#3097=CARTESIAN_POINT('',(-5.455391789537037,-3.677817459305202,-0.988454273555626));
#3098=CARTESIAN_POINT('',(-5.455391789537037,-4.0,-1.075044408258763));
#3099=CARTESIAN_POINT('',(-6.049999999999988,-3.450000000000000,-4.224892E-016));
#3100=CARTESIAN_POINT('',(-5.727817459305190,-3.450000000000000,-4.224892E-016));
#3101=CARTESIAN_POINT('',(-5.499999999999988,-3.677817459305202,-4.503879E-016));
#3102=CARTESIAN_POINT('',(-5.499999999999989,-4.0,-4.898425E-016));
#3103=CARTESIAN_POINT('',(-6.094608210462936,-3.450000000000000,0.927225802123182));
#3104=CARTESIAN_POINT('',(-5.772425669768140,-3.450000000000000,0.927225802123182));
#3105=CARTESIAN_POINT('',(-5.544608210462937,-3.677817459305203,0.988454273555626));
#3106=CARTESIAN_POINT('',(-5.544608210462937,-3.999999999999999,1.075044408258762));
#3107=CARTESIAN_POINT('',(-6.142891789537036,-3.095166047466027,1.783870742721151));
#3108=CARTESIAN_POINT('',(-5.820709248842238,-3.095166047466027,1.783870742721151));
#3109=CARTESIAN_POINT('',(-5.592891789537039,-3.299552385164994,1.901666945716982));
#3110=CARTESIAN_POINT('',(-5.592891789537038,-3.588598315902640,2.068255933589740));
#3111=CARTESIAN_POINT('',(-6.187499999999987,-2.439518395093589,2.439518395093589));
#3112=CARTESIAN_POINT('',(-5.865317459305190,-2.439518395093589,2.439518395093589));
#3113=CARTESIAN_POINT('',(-5.637499999999989,-2.600609665440988,2.600609665440987));
#3114=CARTESIAN_POINT('',(-5.637499999999988,-2.828427124746191,2.828427124746189));
#3115=CARTESIAN_POINT('',(-6.232108210462936,-1.783870742721153,3.095166047466027));
#3116=CARTESIAN_POINT('',(-5.909925669768140,-1.783870742721152,3.095166047466027));
#3117=CARTESIAN_POINT('',(-5.682108210462937,-1.901666945716984,3.299552385164994));
#3118=CARTESIAN_POINT('',(-5.682108210462936,-2.068255933589742,3.588598315902640));
#3119=CARTESIAN_POINT('',(-6.280391789537037,-0.927225802123184,3.450000000000000));
#3120=CARTESIAN_POINT('',(-5.958209248842240,-0.927225802123184,3.450000000000000));
#3121=CARTESIAN_POINT('',(-5.730391789537039,-0.988454273555628,3.677817459305202));
#3122=CARTESIAN_POINT('',(-5.730391789537038,-1.075044408258764,4.0));
#3123=CARTESIAN_POINT('',(-6.324999999999987,-6.337338E-016,3.450000000000000));
#3124=CARTESIAN_POINT('',(-6.002817459305190,-6.337338E-016,3.450000000000000));
#3125=CARTESIAN_POINT('',(-5.774999999999987,-6.755818E-016,3.677817459305202));
#3126=CARTESIAN_POINT('',(-5.774999999999987,-7.347638E-016,4.0));
#3127=CARTESIAN_POINT('',(-6.369608210462936,0.927225802123183,3.449999999999998));
#3128=CARTESIAN_POINT('',(-6.047425669768140,0.927225802123183,3.450000000000000));
#3129=CARTESIAN_POINT('',(-5.819608210462937,0.988454273555627,3.677817459305202));
#3130=CARTESIAN_POINT('',(-5.819608210462937,1.075044408258763,3.999999999999999));
#3131=CARTESIAN_POINT('',(-6.417891789537036,1.783870742721152,3.095166047466027));
#3132=CARTESIAN_POINT('',(-6.095709248842237,1.783870742721151,3.095166047466027));
#3133=CARTESIAN_POINT('',(-5.867891789537038,1.901666945716982,3.299552385164994));
#3134=CARTESIAN_POINT('',(-5.867891789537034,2.068255933589740,3.588598315902640));
#3135=CARTESIAN_POINT('',(-6.462499999999986,2.439518395093589,2.439518395093589));
#3136=CARTESIAN_POINT('',(-6.140317459305188,2.439518395093588,2.439518395093589));
#3137=CARTESIAN_POINT('',(-5.912499999999986,2.600609665440987,2.600609665440988));
#3138=CARTESIAN_POINT('',(-5.912499999999986,2.828427124746189,2.828427124746191));
#3139=CARTESIAN_POINT('',(-6.507108210462937,3.095166047466027,1.783870742721153));
#3140=CARTESIAN_POINT('',(-6.184925669768142,3.095166047466027,1.783870742721153));
#3141=CARTESIAN_POINT('',(-5.957108210462936,3.299552385164994,1.901666945716986));
#3142=CARTESIAN_POINT('',(-5.957108210462936,3.588598315902640,2.068255933589742));
#3143=CARTESIAN_POINT('',(-6.555391789537035,3.450000000000000,0.927225802123184));
#3144=CARTESIAN_POINT('',(-6.233209248842239,3.450000000000000,0.927225802123184));
#3145=CARTESIAN_POINT('',(-6.005391789537037,3.677817459305202,0.988454273555628));
#3146=CARTESIAN_POINT('',(-6.005391789537034,4.0,1.075044408258764));
#3147=CARTESIAN_POINT('',(-6.599999999999985,3.450000000000000,0.0));
#3148=CARTESIAN_POINT('',(-6.277817459305190,3.450000000000000,0.0));
#3149=CARTESIAN_POINT('',(-6.049999999999985,3.677817459305202,0.0));
#3150=CARTESIAN_POINT('',(-6.049999999999987,4.0,0.0));
#3151=CARTESIAN_POINT('',(-6.644608210462939,3.450000000000000,-0.927225802123183));
#3152=CARTESIAN_POINT('',(-6.322425669768142,3.450000000000000,-0.927225802123182));
#3153=CARTESIAN_POINT('',(-6.094608210462940,3.677817459305203,-0.988454273555626));
#3154=CARTESIAN_POINT('',(-6.094608210462934,4.000000000000002,-1.075044408258762));
#3155=CARTESIAN_POINT('',(-6.692891789537034,3.095166047466027,-1.783870742721152));
#3156=CARTESIAN_POINT('',(-6.370709248842239,3.095166047466027,-1.783870742721151));
#3157=CARTESIAN_POINT('',(-6.142891789537037,3.299552385164994,-1.901666945716982));
#3158=CARTESIAN_POINT('',(-6.142891789537036,3.588598315902640,-2.068255933589741));
#3159=CARTESIAN_POINT('',(-6.737499999999987,2.439518395093589,-2.439518395093589));
#3160=CARTESIAN_POINT('',(-6.415317459305188,2.439518395093589,-2.439518395093589));
#3161=CARTESIAN_POINT('',(-6.187499999999987,2.600609665440988,-2.600609665440987));
#3162=CARTESIAN_POINT('',(-6.187499999999987,2.828427124746191,-2.828427124746189));
#3163=CARTESIAN_POINT('',(-6.782108210462935,1.783870742721152,-3.095166047466027));
#3164=CARTESIAN_POINT('',(-6.459925669768141,1.783870742721151,-3.095166047466027));
#3165=CARTESIAN_POINT('',(-6.232108210462936,1.901666945716982,-3.299552385164994));
#3166=CARTESIAN_POINT('',(-6.232108210462935,2.068255933589740,-3.588598315902640));
#3167=CARTESIAN_POINT('',(-6.830391789537035,0.927225802123182,-3.450000000000000));
#3168=CARTESIAN_POINT('',(-6.508209248842239,0.927225802123182,-3.450000000000000));
#3169=CARTESIAN_POINT('',(-6.280391789537035,0.988454273555626,-3.677817459305202));
#3170=CARTESIAN_POINT('',(-6.280391789537032,1.075044408258763,-3.999999999999999));
#3171=CARTESIAN_POINT('',(-6.874999999999987,2.112446E-016,-3.450000000000000));
#3172=CARTESIAN_POINT('',(-6.552817459305187,2.112446E-016,-3.450000000000000));
#3173=CARTESIAN_POINT('',(-6.324999999999985,2.251939E-016,-3.677817459305202));
#3174=CARTESIAN_POINT('',(-6.324999999999985,2.449213E-016,-4.0));
#3175=CARTESIAN_POINT('',(-6.919608210462938,-0.927225802123182,-3.450000000000000));
#3176=CARTESIAN_POINT('',(-6.597425669768137,-0.927225802123182,-3.450000000000000));
#3177=CARTESIAN_POINT('',(-6.369608210462937,-0.988454273555626,-3.677817459305203));
#3178=CARTESIAN_POINT('',(-6.369608210462937,-1.075044408258762,-4.000000000000002));
#3179=CARTESIAN_POINT('',(-6.967891789537035,-1.783870742721151,-3.095166047466027));
#3180=CARTESIAN_POINT('',(-6.645709248842238,-1.783870742721151,-3.095166047466027));
#3181=CARTESIAN_POINT('',(-6.417891789537036,-1.901666945716982,-3.299552385164994));
#3182=CARTESIAN_POINT('',(-6.417891789537036,-2.068255933589741,-3.588598315902640));
#3183=CARTESIAN_POINT('',(-7.012499999999986,-2.439518395093589,-2.439518395093589));
#3184=CARTESIAN_POINT('',(-6.690317459305186,-2.439518395093589,-2.439518395093589));
#3185=CARTESIAN_POINT('',(-6.462499999999985,-2.600609665440987,-2.600609665440988));
#3186=CARTESIAN_POINT('',(-6.462499999999984,-2.828427124746189,-2.828427124746191));
#3187=CARTESIAN_POINT('',(-7.057108210462938,-3.095166047466027,-1.783870742721152));
#3188=CARTESIAN_POINT('',(-6.734925669768140,-3.095166047466027,-1.783870742721151));
#3189=CARTESIAN_POINT('',(-6.507108210462937,-3.299552385164994,-1.901666945716982));
#3190=CARTESIAN_POINT('',(-6.507108210462933,-3.588598315902640,-2.068255933589740));
#3191=CARTESIAN_POINT('',(-7.105391789537032,-3.450000000000000,-0.927225802123183));
#3192=CARTESIAN_POINT('',(-6.783209248842239,-3.450000000000000,-0.927225802123183));
#3193=CARTESIAN_POINT('',(-6.555391789537035,-3.677817459305202,-0.988454273555626));
#3194=CARTESIAN_POINT('',(-6.555391789537032,-3.999999999999999,-1.075044408258763));
#3195=CARTESIAN_POINT('',(-7.149999999999986,-3.450000000000000,-4.224892E-016));
#3196=CARTESIAN_POINT('',(-6.827817459305186,-3.450000000000000,-4.224892E-016));
#3197=CARTESIAN_POINT('',(-6.599999999999985,-3.677817459305202,-4.503879E-016));
#3198=CARTESIAN_POINT('',(-6.599999999999985,-4.0,-4.898425E-016));
#3199=CARTESIAN_POINT('',(-7.194608210462937,-3.450000000000000,0.927225802123182));
#3200=CARTESIAN_POINT('',(-6.872425669768138,-3.450000000000000,0.927225802123182));
#3201=CARTESIAN_POINT('',(-6.644608210462937,-3.677817459305203,0.988454273555626));
#3202=CARTESIAN_POINT('',(-6.644608210462937,-4.000000000000002,1.075044408258762));
#3203=CARTESIAN_POINT('',(-7.242891789537036,-3.095166047466027,1.783870742721151));
#3204=CARTESIAN_POINT('',(-6.920709248842238,-3.095166047466027,1.783870742721151));
#3205=CARTESIAN_POINT('',(-6.692891789537034,-3.299552385164994,1.901666945716982));
#3206=CARTESIAN_POINT('',(-6.692891789537034,-3.588598315902641,2.068255933589741));
#3207=CARTESIAN_POINT('',(-7.287499999999985,-2.439518395093589,2.439518395093589));
#3208=CARTESIAN_POINT('',(-6.965317459305186,-2.439518395093589,2.439518395093589));
#3209=CARTESIAN_POINT('',(-6.737499999999985,-2.600609665440988,2.600609665440987));
#3210=CARTESIAN_POINT('',(-6.737499999999987,-2.828427124746191,2.828427124746189));
#3211=CARTESIAN_POINT('',(-7.332108210462934,-1.783870742721152,3.095166047466027));
#3212=CARTESIAN_POINT('',(-7.009925669768139,-1.783870742721152,3.095166047466027));
#3213=CARTESIAN_POINT('',(-6.782108210462937,-1.901666945716984,3.299552385164994));
#3214=CARTESIAN_POINT('',(-6.782108210462935,-2.068255933589741,3.588598315902640));
#3215=CARTESIAN_POINT('',(-7.380391789537031,-0.927225802123184,3.449999999999998));
#3216=CARTESIAN_POINT('',(-7.058209248842237,-0.927225802123184,3.450000000000000));
#3217=CARTESIAN_POINT('',(-6.830391789537033,-0.988454273555628,3.677817459305202));
#3218=CARTESIAN_POINT('',(-6.830391789537033,-1.075044408258764,3.999999999999999));
#3219=CARTESIAN_POINT('',(-7.424999999999987,-6.337338E-016,3.450000000000000));
#3220=CARTESIAN_POINT('',(-7.102817459305186,-6.337338E-016,3.450000000000000));
#3221=CARTESIAN_POINT('',(-6.874999999999983,-6.755818E-016,3.677817459305202));
#3222=CARTESIAN_POINT('',(-6.874999999999984,-7.347638E-016,4.0));
#3223=CARTESIAN_POINT('',(-7.469608210462937,0.927225802123183,3.450000000000000));
#3224=CARTESIAN_POINT('',(-7.147425669768137,0.927225802123183,3.450000000000000));
#3225=CARTESIAN_POINT('',(-6.919608210462938,0.988454273555627,3.677817459305202));
#3226=CARTESIAN_POINT('',(-6.919608210462935,1.075044408258763,4.0));
#3227=CARTESIAN_POINT('',(-7.517891789537032,1.783870742721152,3.095166047466027));
#3228=CARTESIAN_POINT('',(-7.195709248842237,1.783870742721151,3.095166047466027));
#3229=CARTESIAN_POINT('',(-6.967891789537033,1.901666945716982,3.299552385164994));
#3230=CARTESIAN_POINT('',(-6.967891789537033,2.068255933589741,3.588598315902640));
#3231=CARTESIAN_POINT('',(-7.562499999999987,2.439518395093589,2.439518395093589));
#3232=CARTESIAN_POINT('',(-7.240317459305183,2.439518395093588,2.439518395093589));
#3233=CARTESIAN_POINT('',(-7.012499999999986,2.600609665440987,2.600609665440988));
#3234=CARTESIAN_POINT('',(-7.012499999999983,2.828427124746189,2.828427124746191));
#3235=CARTESIAN_POINT('',(-7.607108210462937,3.095166047466027,1.783870742721153));
#3236=CARTESIAN_POINT('',(-7.284925669768141,3.095166047466027,1.783870742721153));
#3237=CARTESIAN_POINT('',(-7.057108210462935,3.299552385164994,1.901666945716986));
#3238=CARTESIAN_POINT('',(-7.057108210462935,3.588598315902640,2.068255933589742));
#3239=CARTESIAN_POINT('',(-7.655391789537033,3.450000000000000,0.927225802123184));
#3240=CARTESIAN_POINT('',(-7.333209248842238,3.450000000000000,0.927225802123184));
#3241=CARTESIAN_POINT('',(-7.105391789537032,3.677817459305202,0.988454273555628));
#3242=CARTESIAN_POINT('',(-7.105391789537032,4.0,1.075044408258764));
#3243=CARTESIAN_POINT('',(-7.699999999999987,3.450000000000000,0.0));
#3244=CARTESIAN_POINT('',(-7.377817459305187,3.450000000000000,0.0));
#3245=CARTESIAN_POINT('',(-7.149999999999985,3.677817459305202,0.0));
#3246=CARTESIAN_POINT('',(-7.149999999999986,4.0,0.0));
#3247=CARTESIAN_POINT('',(-7.744608210462935,3.450000000000000,-0.927225802123182));
#3248=CARTESIAN_POINT('',(-7.422425669768141,3.450000000000000,-0.927225802123182));
#3249=CARTESIAN_POINT('',(-7.194608210462936,3.677817459305203,-0.988454273555626));
#3250=CARTESIAN_POINT('',(-7.194608210462935,3.999999999999999,-1.075044408258762));
#3251=CARTESIAN_POINT('',(-7.792891789537033,3.095166047466027,-1.783870742721151));
#3252=CARTESIAN_POINT('',(-7.470709248842238,3.095166047466027,-1.783870742721151));
#3253=CARTESIAN_POINT('',(-7.242891789537032,3.299552385164994,-1.901666945716982));
#3254=CARTESIAN_POINT('',(-7.242891789537032,3.588598315902640,-2.068255933589740));
#3255=CARTESIAN_POINT('',(-7.837499999999983,2.439518395093589,-2.439518395093589));
#3256=CARTESIAN_POINT('',(-7.515317459305186,2.439518395093589,-2.439518395093589));
#3257=CARTESIAN_POINT('',(-7.287499999999985,2.600609665440988,-2.600609665440987));
#3258=CARTESIAN_POINT('',(-7.287499999999984,2.828427124746191,-2.828427124746189));
#3259=CARTESIAN_POINT('',(-7.882108210462935,1.783870742721152,-3.095166047466027));
#3260=CARTESIAN_POINT('',(-7.559925669768139,1.783870742721151,-3.095166047466027));
#3261=CARTESIAN_POINT('',(-7.332108210462936,1.901666945716982,-3.299552385164994));
#3262=CARTESIAN_POINT('',(-7.332108210462933,2.068255933589740,-3.588598315902640));
#3263=CARTESIAN_POINT('',(-7.930391789537032,0.927225802123182,-3.450000000000000));
#3264=CARTESIAN_POINT('',(-7.608209248842238,0.927225802123182,-3.450000000000000));
#3265=CARTESIAN_POINT('',(-7.380391789537032,0.988454273555626,-3.677817459305202));
#3266=CARTESIAN_POINT('',(-7.380391789537031,1.075044408258763,-3.999999999999999));
#3267=CARTESIAN_POINT('',(-7.974999999999984,2.112446E-016,-3.450000000000000));
#3268=CARTESIAN_POINT('',(-7.652817459305183,2.112446E-016,-3.450000000000000));
#3269=CARTESIAN_POINT('',(-7.424999999999985,2.251939E-016,-3.677817459305202));
#3270=CARTESIAN_POINT('',(-7.424999999999987,2.449213E-016,-4.0));
#3271=CARTESIAN_POINT('',(-8.019608210462934,-0.927225802123182,-3.450000000000000));
#3272=CARTESIAN_POINT('',(-7.697425669768140,-0.927225802123182,-3.450000000000000));
#3273=CARTESIAN_POINT('',(-7.469608210462935,-0.988454273555626,-3.677817459305203));
#3274=CARTESIAN_POINT('',(-7.469608210462935,-1.075044408258762,-4.0));
#3275=CARTESIAN_POINT('',(-8.067891789537033,-1.783870742721151,-3.095166047466027));
#3276=CARTESIAN_POINT('',(-7.745709248842237,-1.783870742721151,-3.095166047466027));
#3277=CARTESIAN_POINT('',(-7.517891789537032,-1.901666945716982,-3.299552385164994));
#3278=CARTESIAN_POINT('',(-7.517891789537032,-2.068255933589740,-3.588598315902640));
#3279=CARTESIAN_POINT('',(-8.112499999999987,-2.439518395093589,-2.439518395093589));
#3280=CARTESIAN_POINT('',(-7.790317459305186,-2.439518395093589,-2.439518395093589));
#3281=CARTESIAN_POINT('',(-7.562499999999983,-2.600609665440987,-2.600609665440988));
#3282=CARTESIAN_POINT('',(-7.562499999999983,-2.828427124746189,-2.828427124746191));
#3283=CARTESIAN_POINT('',(-8.157108210462933,-3.095166047466027,-1.783870742721152));
#3284=CARTESIAN_POINT('',(-7.834925669768140,-3.095166047466027,-1.783870742721151));
#3285=CARTESIAN_POINT('',(-7.607108210462935,-3.299552385164994,-1.901666945716982));
#3286=CARTESIAN_POINT('',(-7.607108210462931,-3.588598315902640,-2.068255933589740));
#3287=CARTESIAN_POINT('',(-8.205391789537032,-3.450000000000000,-0.927225802123183));
#3288=CARTESIAN_POINT('',(-7.883209248842238,-3.450000000000000,-0.927225802123183));
#3289=CARTESIAN_POINT('',(-7.655391789537031,-3.677817459305202,-0.988454273555626));
#3290=CARTESIAN_POINT('',(-7.655391789537030,-3.999999999999999,-1.075044408258763));
#3291=CARTESIAN_POINT('',(-8.249999999999982,-3.450000000000000,-4.224892E-016));
#3292=CARTESIAN_POINT('',(-7.927817459305187,-3.450000000000000,-4.224892E-016));
#3293=CARTESIAN_POINT('',(-7.699999999999983,-3.677817459305202,-4.503879E-016));
#3294=CARTESIAN_POINT('',(-7.699999999999983,-4.0,-4.898425E-016));
#3295=CARTESIAN_POINT('',(-8.294608210462929,-3.450000000000000,0.927225802123182));
#3296=CARTESIAN_POINT('',(-7.972425669768136,-3.450000000000000,0.927225802123182));
#3297=CARTESIAN_POINT('',(-7.744608210462933,-3.677817459305203,0.988454273555626));
#3298=CARTESIAN_POINT('',(-7.744608210462931,-3.999999999999999,1.075044408258762));
#3299=CARTESIAN_POINT('',(-8.342891789537031,-3.095166047466027,1.783870742721151));
#3300=CARTESIAN_POINT('',(-8.020709248842238,-3.095166047466027,1.783870742721151));
#3301=CARTESIAN_POINT('',(-7.792891789537031,-3.299552385164994,1.901666945716982));
#3302=CARTESIAN_POINT('',(-7.792891789537030,-3.588598315902640,2.068255933589740));
#3303=CARTESIAN_POINT('',(-8.387499999999980,-2.439518395093589,2.439518395093589));
#3304=CARTESIAN_POINT('',(-8.065317459305184,-2.439518395093589,2.439518395093589));
#3305=CARTESIAN_POINT('',(-7.837499999999982,-2.600609665440988,2.600609665440987));
#3306=CARTESIAN_POINT('',(-7.837499999999981,-2.828427124746191,2.828427124746189));
#3307=CARTESIAN_POINT('',(-8.432108210462932,-1.783870742721152,3.095166047466027));
#3308=CARTESIAN_POINT('',(-8.109925669768135,-1.783870742721152,3.095166047466027));
#3309=CARTESIAN_POINT('',(-7.882108210462935,-1.901666945716984,3.299552385164994));
#3310=CARTESIAN_POINT('',(-7.882108210462930,-2.068255933589741,3.588598315902640));
#3311=CARTESIAN_POINT('',(-8.480391789537030,-0.927225802123184,3.449999999999998));
#3312=CARTESIAN_POINT('',(-8.158209248842239,-0.927225802123184,3.450000000000000));
#3313=CARTESIAN_POINT('',(-7.930391789537032,-0.988454273555628,3.677817459305202));
#3314=CARTESIAN_POINT('',(-7.930391789537032,-1.075044408258764,3.999999999999999));
#3315=CARTESIAN_POINT('',(-8.524999999999981,-6.337338E-016,3.450000000000000));
#3316=CARTESIAN_POINT('',(-8.202817459305184,-6.337338E-016,3.450000000000000));
#3317=CARTESIAN_POINT('',(-7.974999999999981,-6.755818E-016,3.677817459305202));
#3318=CARTESIAN_POINT('',(-7.974999999999984,-7.347638E-016,4.0));
#3319=CARTESIAN_POINT('',(-8.569608210462931,0.927225802123183,3.450000000000000));
#3320=CARTESIAN_POINT('',(-8.247425669768141,0.927225802123183,3.450000000000000));
#3321=CARTESIAN_POINT('',(-8.019608210462934,0.988454273555627,3.677817459305202));
#3322=CARTESIAN_POINT('',(-8.019608210462931,1.075044408258763,4.0));
#3323=CARTESIAN_POINT('',(-8.617891789537030,1.783870742721152,3.095166047466027));
#3324=CARTESIAN_POINT('',(-8.295709248842238,1.783870742721151,3.095166047466027));
#3325=CARTESIAN_POINT('',(-8.067891789537033,1.901666945716982,3.299552385164994));
#3326=CARTESIAN_POINT('',(-8.067891789537033,2.068255933589740,3.588598315902640));
#3327=CARTESIAN_POINT('',(-8.662499999999982,2.439518395093589,2.439518395093589));
#3328=CARTESIAN_POINT('',(-8.340317459305185,2.439518395093588,2.439518395093589));
#3329=CARTESIAN_POINT('',(-8.112499999999979,2.600609665440987,2.600609665440988));
#3330=CARTESIAN_POINT('',(-8.112499999999979,2.828427124746189,2.828427124746191));
#3331=CARTESIAN_POINT('',(-8.707108210462931,3.095166047466027,1.783870742721152));
#3332=CARTESIAN_POINT('',(-8.384925669768133,3.095166047466027,1.783870742721153));
#3333=CARTESIAN_POINT('',(-8.157108210462933,3.299552385164994,1.901666945716986));
#3334=CARTESIAN_POINT('',(-8.157108210462930,3.588598315902640,2.068255933589742));
#3335=CARTESIAN_POINT('',(-8.755391789537031,3.449999999999998,0.927225802123184));
#3336=CARTESIAN_POINT('',(-8.433209248842237,3.450000000000000,0.927225802123184));
#3337=CARTESIAN_POINT('',(-8.205391789537032,3.677817459305202,0.988454273555628));
#3338=CARTESIAN_POINT('',(-8.205391789537032,3.999999999999999,1.075044408258764));
#3339=CARTESIAN_POINT('',(-8.799999999999981,3.450000000000000,0.0));
#3340=CARTESIAN_POINT('',(-8.477817459305182,3.450000000000000,0.0));
#3341=CARTESIAN_POINT('',(-8.249999999999979,3.677817459305202,0.0));
#3342=CARTESIAN_POINT('',(-8.249999999999981,4.0,0.0));
#3343=CARTESIAN_POINT('',(-8.844608210462932,3.450000000000000,-0.927225802123182));
#3344=CARTESIAN_POINT('',(-8.522425669768134,3.450000000000000,-0.927225802123182));
#3345=CARTESIAN_POINT('',(-8.294608210462929,3.677817459305203,-0.988454273555626));
#3346=CARTESIAN_POINT('',(-8.294608210462929,3.999999999999999,-1.075044408258762));
#3347=CARTESIAN_POINT('',(-8.892891789537025,3.095166047466027,-1.783870742721151));
#3348=CARTESIAN_POINT('',(-8.570709248842233,3.095166047466027,-1.783870742721151));
#3349=CARTESIAN_POINT('',(-8.342891789537031,3.299552385164994,-1.901666945716982));
#3350=CARTESIAN_POINT('',(-8.342891789537024,3.588598315902640,-2.068255933589740));
#3351=CARTESIAN_POINT('',(-8.937499999999982,2.439518395093589,-2.439518395093589));
#3352=CARTESIAN_POINT('',(-8.615317459305185,2.439518395093589,-2.439518395093589));
#3353=CARTESIAN_POINT('',(-8.387499999999980,2.600609665440988,-2.600609665440987));
#3354=CARTESIAN_POINT('',(-8.387499999999980,2.828427124746191,-2.828427124746189));
#3355=CARTESIAN_POINT('',(-8.982108210462931,1.783870742721152,-3.095166047466027));
#3356=CARTESIAN_POINT('',(-8.659925669768134,1.783870742721151,-3.095166047466027));
#3357=CARTESIAN_POINT('',(-8.432108210462932,1.901666945716982,-3.299552385164994));
#3358=CARTESIAN_POINT('',(-8.432108210462932,2.068255933589741,-3.588598315902640));
#3359=CARTESIAN_POINT('',(-9.030391789537024,0.927225802123182,-3.449999999999998));
#3360=CARTESIAN_POINT('',(-8.708209248842238,0.927225802123182,-3.450000000000000));
#3361=CARTESIAN_POINT('',(-8.480391789537030,0.988454273555626,-3.677817459305202));
#3362=CARTESIAN_POINT('',(-8.480391789537023,1.075044408258763,-3.999999999999999));
#3363=CARTESIAN_POINT('',(-9.074999999999982,2.112446E-016,-3.450000000000000));
#3364=CARTESIAN_POINT('',(-8.752817459305184,2.112446E-016,-3.450000000000000));
#3365=CARTESIAN_POINT('',(-8.524999999999981,2.251939E-016,-3.677817459305202));
#3366=CARTESIAN_POINT('',(-8.524999999999981,2.449213E-016,-4.0));
#3367=CARTESIAN_POINT('',(-9.119608210462925,-0.927225802123182,-3.450000000000000));
#3368=CARTESIAN_POINT('',(-8.797425669768135,-0.927225802123182,-3.450000000000000));
#3369=CARTESIAN_POINT('',(-8.569608210462931,-0.988454273555626,-3.677817459305203));
#3370=CARTESIAN_POINT('',(-8.569608210462931,-1.075044408258762,-3.999999999999999));
#3371=CARTESIAN_POINT('',(-9.167891789537027,-1.783870742721151,-3.095166047466027));
#3372=CARTESIAN_POINT('',(-8.845709248842233,-1.783870742721151,-3.095166047466027));
#3373=CARTESIAN_POINT('',(-8.617891789537030,-1.901666945716982,-3.299552385164994));
#3374=CARTESIAN_POINT('',(-8.617891789537030,-2.068255933589740,-3.588598315902640));
#3375=CARTESIAN_POINT('',(-9.212499999999981,-2.439518395093589,-2.439518395093589));
#3376=CARTESIAN_POINT('',(-8.890317459305184,-2.439518395093589,-2.439518395093589));
#3377=CARTESIAN_POINT('',(-8.662499999999982,-2.600609665440987,-2.600609665440988));
#3378=CARTESIAN_POINT('',(-8.662499999999982,-2.828427124746189,-2.828427124746191));
#3379=CARTESIAN_POINT('',(-9.257108210462931,-3.095166047466027,-1.783870742721152));
#3380=CARTESIAN_POINT('',(-8.934925669768134,-3.095166047466027,-1.783870742721151));
#3381=CARTESIAN_POINT('',(-8.707108210462931,-3.299552385164994,-1.901666945716982));
#3382=CARTESIAN_POINT('',(-8.707108210462931,-3.588598315902640,-2.068255933589740));
#3383=CARTESIAN_POINT('',(-9.305391789537030,-3.450000000000000,-0.927225802123183));
#3384=CARTESIAN_POINT('',(-8.983209248842233,-3.450000000000000,-0.927225802123183));
#3385=CARTESIAN_POINT('',(-8.755391789537031,-3.677817459305202,-0.988454273555626));
#3386=CARTESIAN_POINT('',(-8.755391789537029,-3.999999999999999,-1.075044408258763));
#3387=CARTESIAN_POINT('',(-9.349999999999984,-3.450000000000000,-4.224892E-016));
#3388=CARTESIAN_POINT('',(-9.027817459305185,-3.450000000000000,-4.224892E-016));
#3389=CARTESIAN_POINT('',(-8.799999999999979,-3.677817459305202,-4.503879E-016));
#3390=CARTESIAN_POINT('',(-8.799999999999979,-4.0,-4.898425E-016));
#3391=CARTESIAN_POINT('',(-9.394608210462931,-3.450000000000000,0.927225802123182));
#3392=CARTESIAN_POINT('',(-9.072425669768137,-3.450000000000000,0.927225802123182));
#3393=CARTESIAN_POINT('',(-8.844608210462932,-3.677817459305203,0.988454273555626));
#3394=CARTESIAN_POINT('',(-8.844608210462932,-3.999999999999999,1.075044408258762));
#3395=CARTESIAN_POINT('',(-9.442891789537031,-3.095166047466027,1.783870742721151));
#3396=CARTESIAN_POINT('',(-9.120709248842239,-3.095166047466027,1.783870742721151));
#3397=CARTESIAN_POINT('',(-8.892891789537030,-3.299552385164994,1.901666945716982));
#3398=CARTESIAN_POINT('',(-8.892891789537025,-3.588598315902640,2.068255933589740));
#3399=CARTESIAN_POINT('',(-9.487499999999983,-2.439518395093589,2.439518395093589));
#3400=CARTESIAN_POINT('',(-9.165317459305179,-2.439518395093589,2.439518395093589));
#3401=CARTESIAN_POINT('',(-8.937499999999982,-2.600609665440988,2.600609665440987));
#3402=CARTESIAN_POINT('',(-8.937499999999982,-2.828427124746191,2.828427124746189));
#3403=CARTESIAN_POINT('',(-9.532108210462926,-1.783870742721153,3.095166047466027));
#3404=CARTESIAN_POINT('',(-9.209925669768136,-1.783870742721152,3.095166047466027));
#3405=CARTESIAN_POINT('',(-8.982108210462931,-1.901666945716984,3.299552385164994));
#3406=CARTESIAN_POINT('',(-8.982108210462931,-2.068255933589742,3.588598315902640));
#3407=CARTESIAN_POINT('',(-9.580391789537023,-0.927225802123184,3.449999999999998));
#3408=CARTESIAN_POINT('',(-9.258209248842231,-0.927225802123184,3.450000000000000));
#3409=CARTESIAN_POINT('',(-9.030391789537024,-0.988454273555628,3.677817459305202));
#3410=CARTESIAN_POINT('',(-9.030391789537024,-1.075044408258764,3.999999999999999));
#3411=CARTESIAN_POINT('',(-9.624999999999979,-6.337338E-016,3.450000000000000));
#3412=CARTESIAN_POINT('',(-9.302817459305183,-6.337338E-016,3.450000000000000));
#3413=CARTESIAN_POINT('',(-9.074999999999974,-6.755818E-016,3.677817459305202));
#3414=CARTESIAN_POINT('',(-9.074999999999982,-7.347638E-016,4.0));
#3415=CARTESIAN_POINT('',(-9.669608210462924,0.927225802123183,3.449999999999998));
#3416=CARTESIAN_POINT('',(-9.347425669768136,0.927225802123183,3.450000000000000));
#3417=CARTESIAN_POINT('',(-9.119608210462932,0.988454273555627,3.677817459305202));
#3418=CARTESIAN_POINT('',(-9.119608210462925,1.075044408258763,3.999999999999999));
#3419=CARTESIAN_POINT('',(-9.717891789537024,1.783870742721152,3.095166047466027));
#3420=CARTESIAN_POINT('',(-9.395709248842234,1.783870742721151,3.095166047466027));
#3421=CARTESIAN_POINT('',(-9.167891789537030,1.901666945716982,3.299552385164994));
#3422=CARTESIAN_POINT('',(-9.167891789537027,2.068255933589740,3.588598315902640));
#3423=CARTESIAN_POINT('',(-9.762499999999982,2.439518395093589,2.439518395093589));
#3424=CARTESIAN_POINT('',(-9.440317459305183,2.439518395093588,2.439518395093589));
#3425=CARTESIAN_POINT('',(-9.212499999999981,2.600609665440987,2.600609665440988));
#3426=CARTESIAN_POINT('',(-9.212499999999981,2.828427124746189,2.828427124746191));
#3427=CARTESIAN_POINT('',(-9.807108210462925,3.095166047466027,1.783870742721152));
#3428=CARTESIAN_POINT('',(-9.484925669768135,3.095166047466027,1.783870742721153));
#3429=CARTESIAN_POINT('',(-9.257108210462931,3.299552385164994,1.901666945716986));
#3430=CARTESIAN_POINT('',(-9.257108210462926,3.588598315902640,2.068255933589742));
#3431=CARTESIAN_POINT('',(-9.855391789537025,3.449999999999998,0.927225802123184));
#3432=CARTESIAN_POINT('',(-9.533209248842237,3.450000000000000,0.927225802123184));
#3433=CARTESIAN_POINT('',(-9.305391789537030,3.677817459305202,0.988454273555628));
#3434=CARTESIAN_POINT('',(-9.305391789537026,3.999999999999999,1.075044408258764));
#3435=CARTESIAN_POINT('',(-9.899999999999981,3.450000000000000,0.0));
#3436=CARTESIAN_POINT('',(-9.577817459305184,3.450000000000000,0.0));
#3437=CARTESIAN_POINT('',(-9.349999999999978,3.677817459305202,0.0));
#3438=CARTESIAN_POINT('',(-9.349999999999978,4.0,0.0));
#3439=CARTESIAN_POINT('',(-9.944608210462931,3.450000000000000,-0.927225802123183));
#3440=CARTESIAN_POINT('',(-9.622425669768131,3.450000000000000,-0.927225802123182));
#3441=CARTESIAN_POINT('',(-9.394608210462925,3.677817459305203,-0.988454273555626));
#3442=CARTESIAN_POINT('',(-9.394608210462923,4.0,-1.075044408258762));
#3443=CARTESIAN_POINT('',(-9.992891789537023,3.095166047466027,-1.783870742721151));
#3444=CARTESIAN_POINT('',(-9.670709248842233,3.095166047466027,-1.783870742721151));
#3445=CARTESIAN_POINT('',(-9.442891789537026,3.299552385164994,-1.901666945716982));
#3446=CARTESIAN_POINT('',(-9.442891789537026,3.588598315902640,-2.068255933589740));
#3447=CARTESIAN_POINT('',(-10.037499999999980,2.439518395093589,-2.439518395093589));
#3448=CARTESIAN_POINT('',(-9.715317459305183,2.439518395093589,-2.439518395093589));
#3449=CARTESIAN_POINT('',(-9.487499999999974,2.600609665440988,-2.600609665440987));
#3450=CARTESIAN_POINT('',(-9.487499999999983,2.828427124746191,-2.828427124746189));
#3451=CARTESIAN_POINT('',(-10.082108210462927,1.783870742721152,-3.095166047466027));
#3452=CARTESIAN_POINT('',(-9.759925669768130,1.783870742721151,-3.095166047466027));
#3453=CARTESIAN_POINT('',(-9.532108210462926,1.901666945716982,-3.299552385164994));
#3454=CARTESIAN_POINT('',(-9.532108210462926,2.068255933589740,-3.588598315902640));
#3455=CARTESIAN_POINT('',(-10.130391789537024,0.927225802123182,-3.450000000000000));
#3456=CARTESIAN_POINT('',(-9.808209248842232,0.927225802123182,-3.450000000000000));
#3457=CARTESIAN_POINT('',(-9.580391789537030,0.988454273555626,-3.677817459305202));
#3458=CARTESIAN_POINT('',(-9.580391789537023,1.075044408258763,-3.999999999999999));
#3459=CARTESIAN_POINT('',(-10.174999999999981,2.112446E-016,-3.450000000000000));
#3460=CARTESIAN_POINT('',(-9.852817459305182,2.112446E-016,-3.450000000000000));
#3461=CARTESIAN_POINT('',(-9.624999999999979,2.251939E-016,-3.677817459305202));
#3462=CARTESIAN_POINT('',(-9.624999999999979,2.449213E-016,-4.0));
#3463=CARTESIAN_POINT('',(-10.219608210462926,-0.927225802123182,-3.450000000000000));
#3464=CARTESIAN_POINT('',(-9.897425669768129,-0.927225802123182,-3.450000000000000));
#3465=CARTESIAN_POINT('',(-9.669608210462931,-0.988454273555626,-3.677817459305203));
#3466=CARTESIAN_POINT('',(-9.669608210462924,-1.075044408258762,-3.999999999999999));
#3467=CARTESIAN_POINT('',(-10.267891789537023,-1.783870742721151,-3.095166047466027));
#3468=CARTESIAN_POINT('',(-9.945709248842231,-1.783870742721151,-3.095166047466027));
#3469=CARTESIAN_POINT('',(-9.717891789537024,-1.901666945716982,-3.299552385164994));
#3470=CARTESIAN_POINT('',(-9.717891789537024,-2.068255933589740,-3.588598315902640));
#3471=CARTESIAN_POINT('',(-10.312499999999982,-2.439518395093589,-2.439518395093589));
#3472=CARTESIAN_POINT('',(-9.990317459305183,-2.439518395093589,-2.439518395093589));
#3473=CARTESIAN_POINT('',(-9.762499999999978,-2.600609665440987,-2.600609665440988));
#3474=CARTESIAN_POINT('',(-9.762499999999974,-2.828427124746189,-2.828427124746191));
#3475=CARTESIAN_POINT('',(-10.357108210462927,-3.095166047466027,-1.783870742721152));
#3476=CARTESIAN_POINT('',(-10.034925669768134,-3.095166047466027,-1.783870742721151));
#3477=CARTESIAN_POINT('',(-9.807108210462925,-3.299552385164994,-1.901666945716982));
#3478=CARTESIAN_POINT('',(-9.807108210462925,-3.588598315902640,-2.068255933589740));
#3479=CARTESIAN_POINT('',(-10.405391789537024,-3.450000000000000,-0.927225802123183));
#3480=CARTESIAN_POINT('',(-10.083209248842234,-3.450000000000000,-0.927225802123183));
#3481=CARTESIAN_POINT('',(-9.855391789537025,-3.677817459305202,-0.988454273555626));
#3482=CARTESIAN_POINT('',(-9.855391789537023,-3.999999999999999,-1.075044408258763));
#3483=CARTESIAN_POINT('',(-10.449999999999974,-3.450000000000000,-4.224892E-016));
#3484=CARTESIAN_POINT('',(-10.127817459305179,-3.450000000000000,-4.224892E-016));
#3485=CARTESIAN_POINT('',(-9.899999999999974,-3.677817459305202,-4.503879E-016));
#3486=CARTESIAN_POINT('',(-9.899999999999981,-4.0,-4.898425E-016));
#3487=CARTESIAN_POINT('',(-10.494608210462928,-3.450000000000000,0.927225802123182));
#3488=CARTESIAN_POINT('',(-10.172425669768135,-3.450000000000000,0.927225802123182));
#3489=CARTESIAN_POINT('',(-9.944608210462931,-3.677817459305203,0.988454273555626));
#3490=CARTESIAN_POINT('',(-9.944608210462931,-4.0,1.075044408258762));
#3491=CARTESIAN_POINT('',(-10.542891789537023,-3.095166047466027,1.783870742721151));
#3492=CARTESIAN_POINT('',(-10.220709248842233,-3.095166047466027,1.783870742721151));
#3493=CARTESIAN_POINT('',(-9.992891789537024,-3.299552385164994,1.901666945716982));
#3494=CARTESIAN_POINT('',(-9.992891789537023,-3.588598315902640,2.068255933589740));
#3495=CARTESIAN_POINT('',(-10.587499999999979,-2.439518395093589,2.439518395093589));
#3496=CARTESIAN_POINT('',(-10.265317459305177,-2.439518395093589,2.439518395093589));
#3497=CARTESIAN_POINT('',(-10.037499999999975,-2.600609665440988,2.600609665440987));
#3498=CARTESIAN_POINT('',(-10.037499999999975,-2.828427124746191,2.828427124746189));
#3499=CARTESIAN_POINT('',(-10.632108210462928,-1.783870742721152,3.095166047466027));
#3500=CARTESIAN_POINT('',(-10.309925669768132,-1.783870742721152,3.095166047466027));
#3501=CARTESIAN_POINT('',(-10.082108210462930,-1.901666945716984,3.299552385164994));
#3502=CARTESIAN_POINT('',(-10.082108210462923,-2.068255933589741,3.588598315902640));
#3503=CARTESIAN_POINT('',(-10.680391789537023,-0.927225802123184,3.449999999999998));
#3504=CARTESIAN_POINT('',(-10.358209248842234,-0.927225802123184,3.450000000000000));
#3505=CARTESIAN_POINT('',(-10.130391789537025,-0.988454273555628,3.677817459305202));
#3506=CARTESIAN_POINT('',(-10.130391789537024,-1.075044408258764,3.999999999999999));
#3507=CARTESIAN_POINT('',(-10.724999999999978,-6.337338E-016,3.450000000000000));
#3508=CARTESIAN_POINT('',(-10.402817459305183,-6.337338E-016,3.450000000000000));
#3509=CARTESIAN_POINT('',(-10.174999999999978,-6.755818E-016,3.677817459305202));
#3510=CARTESIAN_POINT('',(-10.174999999999981,-7.347638E-016,4.0));
#3511=CARTESIAN_POINT('',(-10.769608210462927,0.927225802123183,3.449999999999998));
#3512=CARTESIAN_POINT('',(-10.447425669768132,0.927225802123183,3.450000000000000));
#3513=CARTESIAN_POINT('',(-10.219608210462926,0.988454273555627,3.677817459305202));
#3514=CARTESIAN_POINT('',(-10.219608210462926,1.075044408258763,3.999999999999999));
#3515=CARTESIAN_POINT('',(-10.817891789537024,1.783870742721152,3.095166047466027));
#3516=CARTESIAN_POINT('',(-10.495709248842227,1.783870742721151,3.095166047466027));
#3517=CARTESIAN_POINT('',(-10.267891789537023,1.901666945716982,3.299552385164994));
#3518=CARTESIAN_POINT('',(-10.267891789537023,2.068255933589740,3.588598315902640));
#3519=CARTESIAN_POINT('',(-10.862499999999978,2.439518395093589,2.439518395093589));
#3520=CARTESIAN_POINT('',(-10.540317459305175,2.439518395093588,2.439518395093589));
#3521=CARTESIAN_POINT('',(-10.312499999999975,2.600609665440987,2.600609665440988));
#3522=CARTESIAN_POINT('',(-10.312499999999975,2.828427124746189,2.828427124746191));
#3523=CARTESIAN_POINT('',(-10.907108210462926,3.095166047466027,1.783870742721152));
#3524=CARTESIAN_POINT('',(-10.584925669768131,3.095166047466027,1.783870742721153));
#3525=CARTESIAN_POINT('',(-10.357108210462929,3.299552385164994,1.901666945716986));
#3526=CARTESIAN_POINT('',(-10.357108210462927,3.588598315902640,2.068255933589742));
#3527=CARTESIAN_POINT('',(-10.955391789537023,3.449999999999998,0.927225802123184));
#3528=CARTESIAN_POINT('',(-10.633209248842231,3.450000000000000,0.927225802123184));
#3529=CARTESIAN_POINT('',(-10.405391789537024,3.677817459305202,0.988454273555628));
#3530=CARTESIAN_POINT('',(-10.405391789537024,3.999999999999999,1.075044408258764));
#3531=CARTESIAN_POINT('',(-10.999999999999977,3.450000000000000,0.0));
#3532=CARTESIAN_POINT('',(-10.677817459305178,3.450000000000000,0.0));
#3533=CARTESIAN_POINT('',(-10.449999999999978,3.677817459305202,0.0));
#3534=CARTESIAN_POINT('',(-10.449999999999974,4.0,0.0));
#3535=CARTESIAN_POINT('',(-11.044608210462927,3.450000000000000,-0.927225802123183));
#3536=CARTESIAN_POINT('',(-10.722425669768132,3.450000000000000,-0.927225802123182));
#3537=CARTESIAN_POINT('',(-10.494608210462928,3.677817459305203,-0.988454273555626));
#3538=CARTESIAN_POINT('',(-10.494608210462928,4.0,-1.075044408258762));
#3539=CARTESIAN_POINT('',(-11.092891789537024,3.095166047466027,-1.783870742721151));
#3540=CARTESIAN_POINT('',(-10.770709248842232,3.095166047466027,-1.783870742721151));
#3541=CARTESIAN_POINT('',(-10.542891789537023,3.299552385164994,-1.901666945716982));
#3542=CARTESIAN_POINT('',(-10.542891789537023,3.588598315902640,-2.068255933589740));
#3543=CARTESIAN_POINT('',(-11.137499999999978,2.439518395093589,-2.439518395093589));
#3544=CARTESIAN_POINT('',(-10.815317459305181,2.439518395093589,-2.439518395093589));
#3545=CARTESIAN_POINT('',(-10.587499999999981,2.600609665440988,-2.600609665440987));
#3546=CARTESIAN_POINT('',(-10.587499999999979,2.828427124746191,-2.828427124746189));
#3547=CARTESIAN_POINT('',(-11.182108210462925,1.783870742721152,-3.095166047466027));
#3548=CARTESIAN_POINT('',(-10.859925669768131,1.783870742721151,-3.095166047466027));
#3549=CARTESIAN_POINT('',(-10.632108210462928,1.901666945716982,-3.299552385164994));
#3550=CARTESIAN_POINT('',(-10.632108210462928,2.068255933589740,-3.588598315902640));
#3551=CARTESIAN_POINT('',(-11.230391789537023,0.927225802123182,-3.450000000000000));
#3552=CARTESIAN_POINT('',(-10.908209248842232,0.927225802123182,-3.450000000000000));
#3553=CARTESIAN_POINT('',(-10.680391789537026,0.988454273555626,-3.677817459305202));
#3554=CARTESIAN_POINT('',(-10.680391789537023,1.075044408258763,-3.999999999999999));
#3555=CARTESIAN_POINT('',(-11.274999999999975,2.112446E-016,-3.450000000000000));
#3556=CARTESIAN_POINT('',(-10.952817459305182,2.112446E-016,-3.450000000000000));
#3557=CARTESIAN_POINT('',(-10.724999999999978,2.251939E-016,-3.677817459305202));
#3558=CARTESIAN_POINT('',(-10.724999999999978,2.449213E-016,-4.0));
#3559=CARTESIAN_POINT('',(-11.319608210462924,-0.927225802123182,-3.450000000000000));
#3560=CARTESIAN_POINT('',(-10.997425669768132,-0.927225802123182,-3.450000000000000));
#3561=CARTESIAN_POINT('',(-10.769608210462927,-0.988454273555626,-3.677817459305203));
#3562=CARTESIAN_POINT('',(-10.769608210462923,-1.075044408258762,-3.999999999999999));
#3563=CARTESIAN_POINT('',(-11.367891789537023,-1.783870742721151,-3.095166047466027));
#3564=CARTESIAN_POINT('',(-11.045709248842233,-1.783870742721151,-3.095166047466027));
#3565=CARTESIAN_POINT('',(-10.817891789537025,-1.901666945716982,-3.299552385164994));
#3566=CARTESIAN_POINT('',(-10.817891789537024,-2.068255933589740,-3.588598315902640));
#3567=CARTESIAN_POINT('',(-11.412499999999977,-2.439518395093589,-2.439518395093589));
#3568=CARTESIAN_POINT('',(-11.090317459305183,-2.439518395093589,-2.439518395093589));
#3569=CARTESIAN_POINT('',(-10.862499999999978,-2.600609665440987,-2.600609665440988));
#3570=CARTESIAN_POINT('',(-10.862499999999978,-2.828427124746189,-2.828427124746191));
#3571=CARTESIAN_POINT('',(-11.457108210462927,-3.095166047466027,-1.783870742721152));
#3572=CARTESIAN_POINT('',(-11.134925669768132,-3.095166047466027,-1.783870742721151));
#3573=CARTESIAN_POINT('',(-10.907108210462926,-3.299552385164994,-1.901666945716982));
#3574=CARTESIAN_POINT('',(-10.907108210462926,-3.588598315902640,-2.068255933589741));
#3575=CARTESIAN_POINT('',(-11.505391789537025,-3.449999999999998,-0.927225802123183));
#3576=CARTESIAN_POINT('',(-11.183209248842230,-3.450000000000000,-0.927225802123183));
#3577=CARTESIAN_POINT('',(-10.955391789537028,-3.677817459305202,-0.988454273555626));
#3578=CARTESIAN_POINT('',(-10.955391789537023,-3.999999999999999,-1.075044408258763));
#3579=CARTESIAN_POINT('',(-11.549999999999974,-3.450000000000000,-4.224892E-016));
#3580=CARTESIAN_POINT('',(-11.227817459305179,-3.450000000000000,-4.224892E-016));
#3581=CARTESIAN_POINT('',(-10.999999999999975,-3.677817459305202,-4.503879E-016));
#3582=CARTESIAN_POINT('',(-10.999999999999977,-4.0,-4.898425E-016));
#3583=CARTESIAN_POINT('',(-11.594608210462923,-3.450000000000000,0.927225802123182));
#3584=CARTESIAN_POINT('',(-11.272425669768133,-3.450000000000000,0.927225802123182));
#3585=CARTESIAN_POINT('',(-11.044608210462927,-3.677817459305203,0.988454273555626));
#3586=CARTESIAN_POINT('',(-11.044608210462922,-3.999999999999999,1.075044408258762));
#3587=CARTESIAN_POINT('',(-11.642891789537021,-3.095166047466027,1.783870742721151));
#3588=CARTESIAN_POINT('',(-11.320709248842231,-3.095166047466027,1.783870742721151));
#3589=CARTESIAN_POINT('',(-11.092891789537024,-3.299552385164994,1.901666945716982));
#3590=CARTESIAN_POINT('',(-11.092891789537024,-3.588598315902640,2.068255933589740));
#3591=CARTESIAN_POINT('',(-11.687499999999977,-2.439518395093589,2.439518395093589));
#3592=CARTESIAN_POINT('',(-11.365317459305174,-2.439518395093589,2.439518395093589));
#3593=CARTESIAN_POINT('',(-11.137499999999976,-2.600609665440988,2.600609665440987));
#3594=CARTESIAN_POINT('',(-11.137499999999978,-2.828427124746191,2.828427124746189));
#3595=CARTESIAN_POINT('',(-11.732108210462922,-1.783870742721152,3.095166047466027));
#3596=CARTESIAN_POINT('',(-11.409925669768132,-1.783870742721152,3.095166047466027));
#3597=CARTESIAN_POINT('',(-11.182108210462925,-1.901666945716984,3.299552385164994));
#3598=CARTESIAN_POINT('',(-11.182108210462919,-2.068255933589741,3.588598315902640));
#3599=CARTESIAN_POINT('',(-11.780391789537020,-0.927225802123184,3.449999999999998));
#3600=CARTESIAN_POINT('',(-11.458209248842229,-0.927225802123184,3.450000000000000));
#3601=CARTESIAN_POINT('',(-11.230391789537023,-0.988454273555628,3.677817459305202));
#3602=CARTESIAN_POINT('',(-11.230391789537023,-1.075044408258764,3.999999999999999));
#3603=CARTESIAN_POINT('',(-11.824999999999974,-6.337338E-016,3.450000000000000));
#3604=CARTESIAN_POINT('',(-11.502817459305174,-6.337338E-016,3.450000000000000));
#3605=CARTESIAN_POINT('',(-11.274999999999977,-6.755818E-016,3.677817459305202));
#3606=CARTESIAN_POINT('',(-11.274999999999975,-7.347638E-016,4.0));
#3607=CARTESIAN_POINT('',(-11.869608210462923,0.927225802123183,3.449999999999998));
#3608=CARTESIAN_POINT('',(-11.547425669768131,0.927225802123183,3.450000000000000));
#3609=CARTESIAN_POINT('',(-11.319608210462926,0.988454273555627,3.677817459305202));
#3610=CARTESIAN_POINT('',(-11.319608210462924,1.075044408258763,3.999999999999999));
#3611=CARTESIAN_POINT('',(-11.917891789537023,1.783870742721152,3.095166047466027));
#3612=CARTESIAN_POINT('',(-11.595709248842232,1.783870742721151,3.095166047466027));
#3613=CARTESIAN_POINT('',(-11.367891789537026,1.901666945716982,3.299552385164994));
#3614=CARTESIAN_POINT('',(-11.367891789537023,2.068255933589740,3.588598315902640));
#3615=CARTESIAN_POINT('',(-11.962499999999977,2.439518395093589,2.439518395093589));
#3616=CARTESIAN_POINT('',(-11.640317459305177,2.439518395093588,2.439518395093589));
#3617=CARTESIAN_POINT('',(-11.412499999999975,2.600609665440987,2.600609665440988));
#3618=CARTESIAN_POINT('',(-11.412499999999975,2.828427124746189,2.828427124746191));
#3619=CARTESIAN_POINT('',(-12.007108210462929,3.095166047466027,1.783870742721153));
#3620=CARTESIAN_POINT('',(-11.684925669768131,3.095166047466027,1.783870742721153));
#3621=CARTESIAN_POINT('',(-11.457108210462923,3.299552385164994,1.901666945716986));
#3622=CARTESIAN_POINT('',(-11.457108210462923,3.588598315902640,2.068255933589742));
#3623=CARTESIAN_POINT('',(-12.055391789537024,3.449999999999998,0.927225802123184));
#3624=CARTESIAN_POINT('',(-11.733209248842229,3.450000000000000,0.927225802123184));
#3625=CARTESIAN_POINT('',(-11.505391789537025,3.677817459305202,0.988454273555628));
#3626=CARTESIAN_POINT('',(-11.505391789537025,3.999999999999999,1.075044408258764));
#3627=CARTESIAN_POINT('',(-12.099999999999977,3.450000000000000,0.0));
#3628=CARTESIAN_POINT('',(-11.777817459305176,3.450000000000000,0.0));
#3629=CARTESIAN_POINT('',(-11.549999999999974,3.677817459305202,0.0));
#3630=CARTESIAN_POINT('',(-11.549999999999974,4.0,0.0));
#3631=CARTESIAN_POINT('',(-12.144608210462923,3.450000000000000,-0.927225802123182));
#3632=CARTESIAN_POINT('',(-11.822425669768132,3.450000000000000,-0.927225802123182));
#3633=CARTESIAN_POINT('',(-11.594608210462926,3.677817459305203,-0.988454273555626));
#3634=CARTESIAN_POINT('',(-11.594608210462923,3.999999999999999,-1.075044408258762));
#3635=CARTESIAN_POINT('',(-12.192891789537022,3.095166047466027,-1.783870742721151));
#3636=CARTESIAN_POINT('',(-11.870709248842228,3.095166047466027,-1.783870742721151));
#3637=CARTESIAN_POINT('',(-11.642891789537025,3.299552385164994,-1.901666945716982));
#3638=CARTESIAN_POINT('',(-11.642891789537021,3.588598315902640,-2.068255933589740));
#3639=CARTESIAN_POINT('',(-12.237499999999974,2.439518395093589,-2.439518395093589));
#3640=CARTESIAN_POINT('',(-11.915317459305175,2.439518395093589,-2.439518395093589));
#3641=CARTESIAN_POINT('',(-11.687499999999977,2.600609665440988,-2.600609665440987));
#3642=CARTESIAN_POINT('',(-11.687499999999973,2.828427124746191,-2.828427124746189));
#3643=CARTESIAN_POINT('',(-12.282108210462921,1.783870742721152,-3.095166047466027));
#3644=CARTESIAN_POINT('',(-11.959925669768120,1.783870742721151,-3.095166047466027));
#3645=CARTESIAN_POINT('',(-11.732108210462920,1.901666945716982,-3.299552385164994));
#3646=CARTESIAN_POINT('',(-11.732108210462922,2.068255933589740,-3.588598315902640));
#3647=CARTESIAN_POINT('',(-12.330391789537023,0.927225802123182,-3.450000000000000));
#3648=CARTESIAN_POINT('',(-12.008209248842229,0.927225802123182,-3.450000000000000));
#3649=CARTESIAN_POINT('',(-11.780391789537024,0.988454273555626,-3.677817459305202));
#3650=CARTESIAN_POINT('',(-11.780391789537020,1.075044408258763,-3.999999999999999));
#3651=CARTESIAN_POINT('',(-12.374999999999973,2.112446E-016,-3.450000000000000));
#3652=CARTESIAN_POINT('',(-12.052817459305178,2.112446E-016,-3.450000000000000));
#3653=CARTESIAN_POINT('',(-11.824999999999978,2.251939E-016,-3.677817459305202));
#3654=CARTESIAN_POINT('',(-11.824999999999974,2.449213E-016,-4.0));
#3655=CARTESIAN_POINT('',(-12.419608210462929,-0.927225802123182,-3.450000000000000));
#3656=CARTESIAN_POINT('',(-12.097425669768132,-0.927225802123182,-3.450000000000000));
#3657=CARTESIAN_POINT('',(-11.869608210462928,-0.988454273555626,-3.677817459305203));
#3658=CARTESIAN_POINT('',(-11.869608210462928,-1.075044408258762,-4.0));
#3659=CARTESIAN_POINT('',(-12.467891789537022,-1.783870742721151,-3.095166047466027));
#3660=CARTESIAN_POINT('',(-12.145709248842229,-1.783870742721151,-3.095166047466027));
#3661=CARTESIAN_POINT('',(-11.917891789537025,-1.901666945716982,-3.299552385164994));
#3662=CARTESIAN_POINT('',(-11.917891789537023,-2.068255933589740,-3.588598315902640));
#3663=CARTESIAN_POINT('',(-12.512499999999973,-2.439518395093589,-2.439518395093589));
#3664=CARTESIAN_POINT('',(-12.190317459305177,-2.439518395093589,-2.439518395093589));
#3665=CARTESIAN_POINT('',(-11.962499999999974,-2.600609665440987,-2.600609665440988));
#3666=CARTESIAN_POINT('',(-11.962499999999974,-2.828427124746189,-2.828427124746191));
#3667=CARTESIAN_POINT('',(-12.557108210462919,-3.095166047466027,-1.783870742721152));
#3668=CARTESIAN_POINT('',(-12.234925669768133,-3.095166047466027,-1.783870742721151));
#3669=CARTESIAN_POINT('',(-12.007108210462931,-3.299552385164994,-1.901666945716982));
#3670=CARTESIAN_POINT('',(-12.007108210462922,-3.588598315902640,-2.068255933589740));
#3671=CARTESIAN_POINT('',(-12.605391789537022,-3.450000000000000,-0.927225802123183));
#3672=CARTESIAN_POINT('',(-12.283209248842226,-3.450000000000000,-0.927225802123183));
#3673=CARTESIAN_POINT('',(-12.055391789537024,-3.677817459305202,-0.988454273555626));
#3674=CARTESIAN_POINT('',(-12.055391789537023,-3.999999999999999,-1.075044408258763));
#3675=CARTESIAN_POINT('',(-12.649999999999974,-3.450000000000000,-4.224892E-016));
#3676=CARTESIAN_POINT('',(-12.327817459305175,-3.450000000000000,-4.224892E-016));
#3677=CARTESIAN_POINT('',(-12.099999999999973,-3.677817459305202,-4.503879E-016));
#3678=CARTESIAN_POINT('',(-12.099999999999973,-4.0,-4.898425E-016));
#3679=CARTESIAN_POINT('',(-12.694608210462922,-3.450000000000000,0.927225802123182));
#3680=CARTESIAN_POINT('',(-12.372425669768132,-3.450000000000000,0.927225802123182));
#3681=CARTESIAN_POINT('',(-12.144608210462923,-3.677817459305203,0.988454273555626));
#3682=CARTESIAN_POINT('',(-12.144608210462923,-3.999999999999999,1.075044408258762));
#3683=CARTESIAN_POINT('',(-12.742891789537021,-3.095166047466027,1.783870742721151));
#3684=CARTESIAN_POINT('',(-12.420709248842229,-3.095166047466027,1.783870742721151));
#3685=CARTESIAN_POINT('',(-12.192891789537025,-3.299552385164994,1.901666945716982));
#3686=CARTESIAN_POINT('',(-12.192891789537022,-3.588598315902640,2.068255933589740));
#3687=CARTESIAN_POINT('',(-12.787499999999973,-2.439518395093589,2.439518395093589));
#3688=CARTESIAN_POINT('',(-12.465317459305174,-2.439518395093589,2.439518395093589));
#3689=CARTESIAN_POINT('',(-12.237499999999972,-2.600609665440988,2.600609665440987));
#3690=CARTESIAN_POINT('',(-12.237499999999972,-2.828427124746191,2.828427124746189));
#3691=CARTESIAN_POINT('',(-12.832108210462925,-1.783870742721152,3.095166047466027));
#3692=CARTESIAN_POINT('',(-12.509925669768132,-1.783870742721152,3.095166047466027));
#3693=CARTESIAN_POINT('',(-12.282108210462928,-1.901666945716984,3.299552385164994));
#3694=CARTESIAN_POINT('',(-12.282108210462921,-2.068255933589741,3.588598315902640));
#3695=CARTESIAN_POINT('',(-12.880391789537020,-0.927225802123184,3.449999999999998));
#3696=CARTESIAN_POINT('',(-12.558209248842232,-0.927225802123184,3.450000000000000));
#3697=CARTESIAN_POINT('',(-12.330391789537023,-0.988454273555628,3.677817459305202));
#3698=CARTESIAN_POINT('',(-12.330391789537023,-1.075044408258764,3.999999999999999));
#3699=CARTESIAN_POINT('',(-12.924999999999972,-6.337338E-016,3.450000000000000));
#3700=CARTESIAN_POINT('',(-12.602817459305179,-6.337338E-016,3.450000000000000));
#3701=CARTESIAN_POINT('',(-12.374999999999973,-6.755818E-016,3.677817459305202));
#3702=CARTESIAN_POINT('',(-12.374999999999973,-7.347638E-016,4.0));
#3703=CARTESIAN_POINT('',(-12.969608210462924,0.927225802123183,3.450000000000000));
#3704=CARTESIAN_POINT('',(-12.647425669768131,0.927225802123183,3.450000000000000));
#3705=CARTESIAN_POINT('',(-12.419608210462926,0.988454273555627,3.677817459305202));
#3706=CARTESIAN_POINT('',(-12.419608210462929,1.075044408258763,4.0));
#3707=CARTESIAN_POINT('',(-13.017891789537021,1.783870742721152,3.095166047466027));
#3708=CARTESIAN_POINT('',(-12.695709248842231,1.783870742721151,3.095166047466027));
#3709=CARTESIAN_POINT('',(-12.467891789537022,1.901666945716982,3.299552385164994));
#3710=CARTESIAN_POINT('',(-12.467891789537022,2.068255933589740,3.588598315902640));
#3711=CARTESIAN_POINT('',(-13.062499999999972,2.439518395093589,2.439518395093589));
#3712=CARTESIAN_POINT('',(-12.740317459305174,2.439518395093588,2.439518395093589));
#3713=CARTESIAN_POINT('',(-12.512499999999969,2.600609665440987,2.600609665440988));
#3714=CARTESIAN_POINT('',(-12.512499999999973,2.828427124746189,2.828427124746191));
#3715=CARTESIAN_POINT('',(-13.107108210462922,3.095166047466027,1.783870742721152));
#3716=CARTESIAN_POINT('',(-12.784925669768132,3.095166047466027,1.783870742721153));
#3717=CARTESIAN_POINT('',(-12.557108210462927,3.299552385164994,1.901666945716986));
#3718=CARTESIAN_POINT('',(-12.557108210462919,3.588598315902640,2.068255933589742));
#3719=CARTESIAN_POINT('',(-13.155391789537020,3.449999999999998,0.927225802123184));
#3720=CARTESIAN_POINT('',(-12.833209248842232,3.450000000000000,0.927225802123184));
#3721=CARTESIAN_POINT('',(-12.605391789537023,3.677817459305202,0.988454273555628));
#3722=CARTESIAN_POINT('',(-12.605391789537022,3.999999999999999,1.075044408258764));
#3723=CARTESIAN_POINT('',(-13.199999999999971,3.450000000000000,0.0));
#3724=CARTESIAN_POINT('',(-12.877817459305174,3.450000000000000,0.0));
#3725=CARTESIAN_POINT('',(-12.649999999999970,3.677817459305202,0.0));
#3726=CARTESIAN_POINT('',(-12.649999999999970,4.0,0.0));
#3727=CARTESIAN_POINT('',(-13.244608210462921,3.450000000000000,-0.927225802123182));
#3728=CARTESIAN_POINT('',(-12.922425669768131,3.450000000000000,-0.927225802123182));
#3729=CARTESIAN_POINT('',(-12.694608210462926,3.677817459305203,-0.988454273555626));
#3730=CARTESIAN_POINT('',(-12.694608210462921,3.999999999999999,-1.075044408258762));
#3731=CARTESIAN_POINT('',(-13.292891789537020,3.095166047466027,-1.783870742721151));
#3732=CARTESIAN_POINT('',(-12.970709248842232,3.095166047466027,-1.783870742721151));
#3733=CARTESIAN_POINT('',(-12.742891789537023,3.299552385164994,-1.901666945716982));
#3734=CARTESIAN_POINT('',(-12.742891789537021,3.588598315902640,-2.068255933589740));
#3735=CARTESIAN_POINT('',(-13.337499999999968,2.439518395093589,-2.439518395093589));
#3736=CARTESIAN_POINT('',(-13.015317459305171,2.439518395093589,-2.439518395093589));
#3737=CARTESIAN_POINT('',(-12.787499999999973,2.600609665440988,-2.600609665440987));
#3738=CARTESIAN_POINT('',(-12.787499999999973,2.828427124746191,-2.828427124746189));
#3739=CARTESIAN_POINT('',(-13.382108210462924,1.783870742721152,-3.095166047466027));
#3740=CARTESIAN_POINT('',(-13.059925669768131,1.783870742721151,-3.095166047466027));
#3741=CARTESIAN_POINT('',(-12.832108210462927,1.901666945716982,-3.299552385164994));
#3742=CARTESIAN_POINT('',(-12.832108210462925,2.068255933589741,-3.588598315902640));
#3743=CARTESIAN_POINT('',(-13.430391789537023,0.927225802123182,-3.449999999999998));
#3744=CARTESIAN_POINT('',(-13.108209248842231,0.927225802123182,-3.450000000000000));
#3745=CARTESIAN_POINT('',(-12.880391789537020,0.988454273555626,-3.677817459305202));
#3746=CARTESIAN_POINT('',(-12.880391789537015,1.075044408258763,-3.999999999999999));
#3747=CARTESIAN_POINT('',(-13.474999999999973,2.112446E-016,-3.450000000000000));
#3748=CARTESIAN_POINT('',(-13.152817459305176,2.112446E-016,-3.450000000000000));
#3749=CARTESIAN_POINT('',(-12.924999999999972,2.251939E-016,-3.677817459305202));
#3750=CARTESIAN_POINT('',(-12.924999999999972,2.449213E-016,-4.0));
#3751=CARTESIAN_POINT('',(-13.519608210462922,-0.927225802123182,-3.450000000000000));
#3752=CARTESIAN_POINT('',(-13.197425669768123,-0.927225802123182,-3.450000000000000));
#3753=CARTESIAN_POINT('',(-12.969608210462924,-0.988454273555626,-3.677817459305203));
#3754=CARTESIAN_POINT('',(-12.969608210462919,-1.075044408258762,-3.999999999999999));
#3755=CARTESIAN_POINT('',(-13.567891789537022,-1.783870742721151,-3.095166047466027));
#3756=CARTESIAN_POINT('',(-13.245709248842223,-1.783870742721151,-3.095166047466027));
#3757=CARTESIAN_POINT('',(-13.017891789537021,-1.901666945716982,-3.299552385164994));
#3758=CARTESIAN_POINT('',(-13.017891789537014,-2.068255933589740,-3.588598315902640));
#3759=CARTESIAN_POINT('',(-13.612499999999974,-2.439518395093589,-2.439518395093589));
#3760=CARTESIAN_POINT('',(-13.290317459305177,-2.439518395093589,-2.439518395093589));
#3761=CARTESIAN_POINT('',(-13.062499999999968,-2.600609665440987,-2.600609665440988));
#3762=CARTESIAN_POINT('',(-13.062499999999972,-2.828427124746189,-2.828427124746191));
#3763=CARTESIAN_POINT('',(-13.657108210462921,-3.095166047466027,-1.783870742721152));
#3764=CARTESIAN_POINT('',(-13.334925669768131,-3.095166047466027,-1.783870742721151));
#3765=CARTESIAN_POINT('',(-13.107108210462929,-3.299552385164994,-1.901666945716982));
#3766=CARTESIAN_POINT('',(-13.107108210462922,-3.588598315902640,-2.068255933589740));
#3767=CARTESIAN_POINT('',(-13.705391789537023,-3.450000000000000,-0.927225802123183));
#3768=CARTESIAN_POINT('',(-13.383209248842224,-3.450000000000000,-0.927225802123183));
#3769=CARTESIAN_POINT('',(-13.155391789537020,-3.677817459305202,-0.988454273555626));
#3770=CARTESIAN_POINT('',(-13.155391789537017,-3.999999999999999,-1.075044408258763));
#3771=CARTESIAN_POINT('',(-13.749999999999973,-3.450000000000000,-4.224892E-016));
#3772=CARTESIAN_POINT('',(-13.427817459305171,-3.450000000000000,-4.224892E-016));
#3773=CARTESIAN_POINT('',(-13.199999999999969,-3.677817459305202,-4.503879E-016));
#3774=CARTESIAN_POINT('',(-13.199999999999971,-4.0,-4.898425E-016));
#3775=CARTESIAN_POINT('',(-13.794608210462922,-3.450000000000000,0.927225802123182));
#3776=CARTESIAN_POINT('',(-13.472425669768134,-3.450000000000000,0.927225802123182));
#3777=CARTESIAN_POINT('',(-13.244608210462925,-3.677817459305203,0.988454273555626));
#3778=CARTESIAN_POINT('',(-13.244608210462921,-3.999999999999999,1.075044408258762));
#3779=CARTESIAN_POINT('',(-13.842891789537022,-3.095166047466027,1.783870742721151));
#3780=CARTESIAN_POINT('',(-13.520709248842223,-3.095166047466027,1.783870742721151));
#3781=CARTESIAN_POINT('',(-13.292891789537018,-3.299552385164994,1.901666945716982));
#3782=CARTESIAN_POINT('',(-13.292891789537020,-3.588598315902640,2.068255933589740));
#3783=CARTESIAN_POINT('',(-13.887499999999973,-2.439518395093589,2.439518395093589));
#3784=CARTESIAN_POINT('',(-13.565317459305177,-2.439518395093589,2.439518395093589));
#3785=CARTESIAN_POINT('',(-13.337499999999974,-2.600609665440988,2.600609665440987));
#3786=CARTESIAN_POINT('',(-13.337499999999968,-2.828427124746191,2.828427124746189));
#3787=CARTESIAN_POINT('',(-13.932108210462921,-1.783870742721153,3.095166047466027));
#3788=CARTESIAN_POINT('',(-13.609925669768131,-1.783870742721152,3.095166047466027));
#3789=CARTESIAN_POINT('',(-13.382108210462928,-1.901666945716984,3.299552385164994));
#3790=CARTESIAN_POINT('',(-13.382108210462924,-2.068255933589742,3.588598315902640));
#3791=CARTESIAN_POINT('',(-13.980391789537023,-0.927225802123184,3.449999999999998));
#3792=CARTESIAN_POINT('',(-13.658209248842223,-0.927225802123184,3.450000000000000));
#3793=CARTESIAN_POINT('',(-13.430391789537024,-0.988454273555628,3.677817459305202));
#3794=CARTESIAN_POINT('',(-13.430391789537023,-1.075044408258764,3.999999999999999));
#3795=CARTESIAN_POINT('',(-14.024999999999974,-6.337338E-016,3.450000000000000));
#3796=CARTESIAN_POINT('',(-13.702817459305173,-6.337338E-016,3.450000000000000));
#3797=CARTESIAN_POINT('',(-13.474999999999969,-6.755818E-016,3.677817459305202));
#3798=CARTESIAN_POINT('',(-13.474999999999973,-7.347638E-016,4.0));
#3799=CARTESIAN_POINT('',(-14.069608210462921,0.927225802123183,3.449999999999998));
#3800=CARTESIAN_POINT('',(-13.747425669768125,0.927225802123183,3.450000000000000));
#3801=CARTESIAN_POINT('',(-13.519608210462923,0.988454273555627,3.677817459305202));
#3802=CARTESIAN_POINT('',(-13.519608210462922,1.075044408258763,3.999999999999999));
#3803=CARTESIAN_POINT('',(-14.117891789537023,1.783870742721152,3.095166047466027));
#3804=CARTESIAN_POINT('',(-13.795709248842225,1.783870742721151,3.095166047466027));
#3805=CARTESIAN_POINT('',(-13.567891789537018,1.901666945716982,3.299552385164994));
#3806=CARTESIAN_POINT('',(-13.567891789537022,2.068255933589740,3.588598315902640));
#3807=CARTESIAN_POINT('',(-14.162499999999971,2.439518395093589,2.439518395093589));
#3808=CARTESIAN_POINT('',(-13.840317459305176,2.439518395093588,2.439518395093589));
#3809=CARTESIAN_POINT('',(-13.612499999999972,2.600609665440987,2.600609665440988));
#3810=CARTESIAN_POINT('',(-13.612499999999974,2.828427124746189,2.828427124746191));
#3811=CARTESIAN_POINT('',(-14.196673844678633,2.941802633882161,1.937234156305019));
#3812=CARTESIAN_POINT('',(-13.874491303983831,2.941802633882158,1.937234156305019));
#3813=CARTESIAN_POINT('',(-13.646673844678631,3.136061764846910,2.065157566035067));
#3814=CARTESIAN_POINT('',(-13.646673844678636,3.410785662472069,2.246068587020311));
#3815=CARTESIAN_POINT('',(-14.233685763797661,3.273092275600452,1.305129450301608));
#3816=CARTESIAN_POINT('',(-13.911503223102867,3.273092275600451,1.305129450301609));
#3817=CARTESIAN_POINT('',(-13.683685763797662,3.489227802063866,1.391312428687726));
#3818=CARTESIAN_POINT('',(-13.683685763797662,3.794889594899074,1.513193565567082));
#3819=CARTESIAN_POINT('',(-14.270133897759230,3.397586747892127,0.599086212950853));
#3820=CARTESIAN_POINT('',(-13.947951357064436,3.397586747892127,0.599086212950854));
#3821=CARTESIAN_POINT('',(-13.720133897759228,3.621943148087436,0.638646299599909));
#3822=CARTESIAN_POINT('',(-13.720133897759224,3.939231012048845,0.694592710667656));
#3830=(BOUNDED_SURFACE()B_SPLINE_SURFACE(3,3,((#2571,#2575,#2579,#2583,#2587,#2591,#2595,#2599,#2603,#2607,#2611,#2615,#2619,#2623,#2627,#2631,#2635,#2639,#2643,#2647,#2651,#2655,#2659,#2663,#2667,#2671,#2675,#2679,#2683,#2687,#2691,#2695,#2699,#2703,#2707,#2711,#2715,#2719,#2723,#2727,#2731,#2735,#2739,#2743,#2747,#2751,#2755,#2759,#2763,#2767,#2771,#2775,#2779,#2783,#2787,#2791,#2795,#2799,#2803,#2807,#2811,#2815,#2819,#2823,#2827,#2831,#2835,#2839,#2843,#2847,#2851,#2855,#2859,#2863,#2867,#2871,#2875,#2879,#2883,#2887,#2891,#2895,#2899,#2903,#2907,#2911,#2915,#2919,#2923,#2927,#2931,#2935,#2939,#2943,#2947,#2951,#2955,#2959,#2963,#2967,#2971,#2975,#2979,#2983,#2987,#2991,#2995,#2999,#3003,#3007,#3011,#3015,#3019,#3023,#3027,#3031,#3035,#3039,#3043,#3047,#3051,#3055,#3059,#3063,#3067,#3071,#3075,#3079,#3083,#3087,#3091,#3095,#3099,#3103,#3107,#3111,#3115,#3119,#3123,#3127,#3131,#3135,#3139,#3143,#3147,#3151,#3155,#3159,#3163,#3167,#3171,#3175,#3179,#3183,#3187,#3191,#3195,#3199,#3203,#3207,#3211,#3215,#3219,#3223,#3227,#3231,#3235,#3239,#3243,#3247,#3251,#3255,#3259,#3263,#3267,#3271,#3275,#3279,#3283,#3287,#3291,#3295,#3299,#3303,#3307,#3311,#3315,#3319,#3323,#3327,#3331,#3335,#3339,#3343,#3347,#3351,#3355,#3359,#3363,#3367,#3371,#3375,#3379,#3383,#3387,#3391,#3395,#3399,#3403,#3407,#3411,#3415,#3419,#3423,#3427,#3431,#3435,#3439,#3443,#3447,#3451,#3455,#3459,#3463,#3467,#3471,#3475,#3479,#3483,#3487,#3491,#3495,#3499,#3503,#3507,#3511,#3515,#3519,#3523,#3527,#3531,#3535,#3539,#3543,#3547,#3551,#3555,#3559,#3563,#3567,#3571,#3575,#3579,#3583,#3587,#3591,#3595,#3599,#3603,#3607,#3611,#3615,#3619,#3623,#3627,#3631,#3635,#3639,#3643,#3647,#3651,#3655,#3659,#3663,#3667,#3671,#3675,#3679,#3683,#3687,#3691,#3695,#3699,#3703,#3707,#3711,#3715,#3719,#3723,#3727,#3731,#3735,#3739,#3743,#3747,#3751,#3755,#3759,#3763,#3767,#3771,#3775,#3779,#3783,#3787,#3791,#3795,#3799,#3803,#3807,#3811,#3815,#3819),(#2572,#2576,#2580,#2584,#2588,#2592,#2596,#2600,#2604,#2608,#2612,#2616,#2620,#2624,#2628,#2632,#2636,#2640,#2644,#2648,#2652,#2656,#2660,#2664,#2668,#2672,#2676,#2680,#2684,#2688,#2692,#2696,#2700,#2704,#2708,#2712,#2716,#2720,#2724,#2728,#2732,#2736,#2740,#2744,#2748,#2752,#2756,#2760,#2764,#2768,#2772,#2776,#2780,#2784,#2788,#2792,#2796,#2800,#2804,#2808,#2812,#2816,#2820,#2824,#2828,#2832,#2836,#2840,#2844,#2848,#2852,#2856,#2860,#2864,#2868,#2872,#2876,#2880,#2884,#2888,#2892,#2896,#2900,#2904,#2908,#2912,#2916,#2920,#2924,#2928,#2932,#2936,#2940,#2944,#2948,#2952,#2956,#2960,#2964,#2968,#2972,#2976,#2980,#2984,#2988,#2992,#2996,#3000,#3004,#3008,#3012,#3016,#3020,#3024,#3028,#3032,#3036,#3040,#3044,#3048,#3052,#3056,#3060,#3064,#3068,#3072,#3076,#3080,#3084,#3088,#3092,#3096,#3100,#3104,#3108,#3112,#3116,#3120,#3124,#3128,#3132,#3136,#3140,#3144,#3148,#3152,#3156,#3160,#3164,#3168,#3172,#3176,#3180,#3184,#3188,#3192,#3196,#3200,#3204,#3208,#3212,#3216,#3220,#3224,#3228,#3232,#3236,#3240,#3244,#3248,#3252,#3256,#3260,#3264,#3268,#3272,#3276,#3280,#3284,#3288,#3292,#3296,#3300,#3304,#3308,#3312,#3316,#3320,#3324,#3328,#3332,#3336,#3340,#3344,#3348,#3352,#3356,#3360,#3364,#3368,#3372,#3376,#3380,#3384,#3388,#3392,#3396,#3400,#3404,#3408,#3412,#3416,#3420,#3424,#3428,#3432,#3436,#3440,#3444,#3448,#3452,#3456,#3460,#3464,#3468,#3472,#3476,#3480,#3484,#3488,#3492,#3496,#3500,#3504,#3508,#3512,#3516,#3520,#3524,#3528,#3532,#3536,#3540,#3544,#3548,#3552,#3556,#3560,#3564,#3568,#3572,#3576,#3580,#3584,#3588,#3592,#3596,#3600,#3604,#3608,#3612,#3616,#3620,#3624,#3628,#3632,#3636,#3640,#3644,#3648,#3652,#3656,#3660,#3664,#3668,#3672,#3676,#3680,#3684,#3688,#3692,#3696,#3700,#3704,#3708,#3712,#3716,#3720,#3724,#3728,#3732,#3736,#3740,#3744,#3748,#3752,#3756,#3760,#3764,#3768,#3772,#3776,#3780,#3784,#3788,#3792,#3796,#3800,#3804,#3808,#3812,#3816,#3820),(#2573,#2577,#2581,#2585,#2589,#2593,#2597,#2601,#2605,#2609,#2613,#2617,#2621,#2625,#2629,#2633,#2637,#2641,#2645,#2649,#2653,#2657,#2661,#2665,#2669,#2673,#2677,#2681,#2685,#2689,#2693,#2697,#2701,#2705,#2709,#2713,#2717,#2721,#2725,#2729,#2733,#2737,#2741,#2745,#2749,#2753,#2757,#2761,#2765,#2769,#2773,#2777,#2781,#2785,#2789,#2793,#2797,#2801,#2805,#2809,#2813,#2817,#2821,#2825,#2829,#2833,#2837,#2841,#2845,#2849,#2853,#2857,#2861,#2865,#2869,#2873,#2877,#2881,#2885,#2889,#2893,#2897,#2901,#2905,#2909,#2913,#2917,#2921,#2925,#2929,#2933,#2937,#2941,#2945,#2949,#2953,#2957,#2961,#2965,#2969,#2973,#2977,#2981,#2985,#2989,#2993,#2997,#3001,#3005,#3009,#3013,#3017,#3021,#3025,#3029,#3033,#3037,#3041,#3045,#3049,#3053,#3057,#3061,#3065,#3069,#3073,#3077,#3081,#3085,#3089,#3093,#3097,#3101,#3105,#3109,#3113,#3117,#3121,#3125,#3129,#3133,#3137,#3141,#3145,#3149,#3153,#3157,#3161,#3165,#3169,#3173,#3177,#3181,#3185,#3189,#3193,#3197,#3201,#3205,#3209,#3213,#3217,#3221,#3225,#3229,#3233,#3237,#3241,#3245,#3249,#3253,#3257,#3261,#3265,#3269,#3273,#3277,#3281,#3285,#3289,#3293,#3297,#3301,#3305,#3309,#3313,#3317,#3321,#3325,#3329,#3333,#3337,#3341,#3345,#3349,#3353,#3357,#3361,#3365,#3369,#3373,#3377,#3381,#3385,#3389,#3393,#3397,#3401,#3405,#3409,#3413,#3417,#3421,#3425,#3429,#3433,#3437,#3441,#3445,#3449,#3453,#3457,#3461,#3465,#3469,#3473,#3477,#3481,#3485,#3489,#3493,#3497,#3501,#3505,#3509,#3513,#3517,#3521,#3525,#3529,#3533,#3537,#3541,#3545,#3549,#3553,#3557,#3561,#3565,#3569,#3573,#3577,#3581,#3585,#3589,#3593,#3597,#3601,#3605,#3609,#3613,#3617,#3621,#3625,#3629,#3633,#3637,#3641,#3645,#3649,#3653,#3657,#3661,#3665,#3669,#3673,#3677,#3681,#3685,#3689,#3693,#3697,#3701,#3705,#3709,#3713,#3717,#3721,#3725,#3729,#3733,#3737,#3741,#3745,#3749,#3753,#3757,#3761,#3765,#3769,#3773,#3777,#3781,#3785,#3789,#3793,#3797,#3801,#3805,#3809,#3813,#3817,#3821),(#2574,#2578,#2582,#2586,#2590,#2594,#2598,#2602,#2606,#2610,#2614,#2618,#2622,#2626,#2630,#2634,#2638,#2642,#2646,#2650,#2654,#2658,#2662,#2666,#2670,#2674,#2678,#2682,#2686,#2690,#2694,#2698,#2702,#2706,#2710,#2714,#2718,#2722,#2726,#2730,#2734,#2738,#2742,#2746,#2750,#2754,#2758,#2762,#2766,#2770,#2774,#2778,#2782,#2786,#2790,#2794,#2798,#2802,#2806,#2810,#2814,#2818,#2822,#2826,#2830,#2834,#2838,#2842,#2846,#2850,#2854,#2858,#2862,#2866,#2870,#2874,#2878,#2882,#2886,#2890,#2894,#2898,#2902,#2906,#2910,#2914,#2918,#2922,#2926,#2930,#2934,#2938,#2942,#2946,#2950,#2954,#2958,#2962,#2966,#2970,#2974,#2978,#2982,#2986,#2990,#2994,#2998,#3002,#3006,#3010,#3014,#3018,#3022,#3026,#3030,#3034,#3038,#3042,#3046,#3050,#3054,#3058,#3062,#3066,#3070,#3074,#3078,#3082,#3086,#3090,#3094,#3098,#3102,#3106,#3110,#3114,#3118,#3122,#3126,#3130,#3134,#3138,#3142,#3146,#3150,#3154,#3158,#3162,#3166,#3170,#3174,#3178,#3182,#3186,#3190,#3194,#3198,#3202,#3206,#3210,#3214,#3218,#3222,#3226,#3230,#3234,#3238,#3242,#3246,#3250,#3254,#3258,#3262,#3266,#3270,#3274,#3278,#3282,#3286,#3290,#3294,#3298,#3302,#3306,#3310,#3314,#3318,#3322,#3326,#3330,#3334,#3338,#3342,#3346,#3350,#3354,#3358,#3362,#3366,#3370,#3374,#3378,#3382,#3386,#3390,#3394,#3398,#3402,#3406,#3410,#3414,#3418,#3422,#3426,#3430,#3434,#3438,#3442,#3446,#3450,#3454,#3458,#3462,#3466,#3470,#3474,#3478,#3482,#3486,#3490,#3494,#3498,#3502,#3506,#3510,#3514,#3518,#3522,#3526,#3530,#3534,#3538,#3542,#3546,#3550,#3554,#3558,#3562,#3566,#3570,#3574,#3578,#3582,#3586,#3590,#3594,#3598,#3602,#3606,#3610,#3614,#3618,#3622,#3626,#3630,#3634,#3638,#3642,#3646,#3650,#3654,#3658,#3662,#3666,#3670,#3674,#3678,#3682,#3686,#3690,#3694,#3698,#3702,#3706,#3710,#3714,#3718,#3722,#3726,#3730,#3734,#3738,#3742,#3746,#3750,#3754,#3758,#3762,#3766,#3770,#3774,#3778,#3782,#3786,#3790,#3794,#3798,#3802,#3806,#3810,#3814,#3818,#3822)),.UNSPECIFIED.,.F.,.F.,.U.)B_SPLINE_SURFACE_WITH_KNOTS((4,4),(4,3,3,3,3,3,3,3,3,3,3,3,3,3,3,3,3,3,3,3,3,3,3,3,3,3,3,3,3,3,3,3,3,3,3,3,3,3,3,3,3,3,3,3,3,3,3,3,3,3,3,3,3,3,3,3,3,3,3,3,3,3,3,3,3,3,3,3,3,3,3,3,3,3,3,3,3,3,3,3,3,3,3,3,3,3,3,3,3,3,3,3,3,3,3,3,3,3,3,3,3,3,3,3,4),(0.0,1.0),(0.002006324911757,0.008928571428571,0.017857142857143,0.026785714285714,0.035714285714286,0.044642857142857,0.053571428571429,0.062500000000000,0.071428571428571,0.080357142857143,0.089285714285714,0.098214285714286,0.107142857142857,0.116071428571429,0.125000000000000,0.133928571428571,0.142857142857143,0.151785714285714,0.160714285714286,0.169642857142857,0.178571428571429,0.187500000000000,0.196428571428571,0.205357142857143,0.214285714285714,0.223214285714286,0.232142857142857,0.241071428571429,0.250000000000000,0.258928571428571,0.267857142857143,0.276785714285714,0.285714285714286,0.294642857142857,0.303571428571429,0.312500000000000,0.321428571428571,0.330357142857143,0.339285714285714,0.348214285714286,0.357142857142857,0.366071428571429,0.375000000000000,0.383928571428571,0.392857142857143,0.401785714285714,0.410714285714286,0.419642857142857,0.428571428571429,0.437500000000000,0.446428571428571,0.455357142857143,0.464285714285714,0.473214285714286,0.482142857142857,0.491071428571429,0.500000000000000,0.508928571428571,0.517857142857143,0.526785714285714,0.535714285714286,0.544642857142857,0.553571428571428,0.562500000000000,0.571428571428571,0.580357142857143,0.589285714285714,0.598214285714286,0.607142857142857,0.616071428571428,0.625000000000000,0.633928571428571,0.642857142857143,0.651785714285714,0.660714285714286,0.669642857142857,0.678571428571428,0.687500000000000,0.696428571428571,0.705357142857143,0.714285714285714,0.723214285714286,0.732142857142857,0.741071428571429,0.750000000000000,0.758928571428571,0.767857142857143,0.776785714285714,0.785714285714286,0.794642857142857,0.803571428571429,0.812500000000000,0.821428571428571,0.830357142857143,0.839285714285714,0.848214285714286,0.857142857142857,0.866071428571429,0.875000000000000,0.883928571428571,0.892857142857143,0.901785714285714,0.910714285714286,0.919642857142857,0.926565103659671),.UNSPECIFIED.)GEOMETRIC_REPRESENTATION_ITEM()RATIONAL_B_SPLINE_SURFACE(((0.973477417138016,0.951815432523082,0.960656293477076,1.000000000000000,0.949253021674191,0.949253021674191,1.0,0.949253021674191,0.949253021674191,1.0,0.949253021674191,0.949253021674191,1.0,0.949253021674191,0.949253021674191,1.0,0.949253021674191,0.949253021674191,1.0,0.949253021674191,0.949253021674191,1.0,0.949253021674191,0.949253021674191,1.0,0.949253021674191,0.949253021674191,1.0,0.949253021674191,0.949253021674191,1.0,0.949253021674191,0.949253021674191,1.0,0.949253021674191,0.949253021674191,1.0,0.949253021674191,0.949253021674191,1.0,0.949253021674191,0.949253021674191,1.0,0.949253021674191,0.949253021674191,1.0,0.949253021674191,0.949253021674191,1.0,0.949253021674191,0.949253021674191,1.0,0.949253021674191,0.949253021674191,1.0,0.949253021674191,0.949253021674191,1.0,0.949253021674191,0.949253021674191,1.0,0.949253021674191,0.949253021674191,1.0,0.949253021674191,0.949253021674191,1.0,0.949253021674191,0.949253021674191,1.0,0.949253021674191,0.949253021674191,1.0,0.949253021674191,0.949253021674191,1.0,0.949253021674191,0.949253021674191,1.0,0.949253021674191,0.949253021674191,1.0,0.949253021674191,0.949253021674191,1.0,0.949253021674191,0.949253021674191,1.0,0.949253021674191,0.949253021674191,1.0,0.949253021674191,0.949253021674191,1.0,0.949253021674191,0.949253021674191,1.0,0.949253021674191,0.949253021674191,1.0,0.949253021674191,0.949253021674191,1.0,0.949253021674191,0.949253021674191,1.0,0.949253021674191,0.949253021674191,1.0,0.949253021674191,0.949253021674191,1.0,0.949253021674191,0.949253021674191,1.0,0.949253021674191,0.949253021674191,1.0,0.949253021674191,0.949253021674191,1.0,0.949253021674191,0.949253021674191,1.0,0.949253021674191,0.949253021674191,1.0,0.949253021674191,0.949253021674191,1.0,0.949253021674191,0.949253021674191,1.0,0.949253021674191,0.949253021674191,1.0,0.949253021674191,0.949253021674191,1.0,0.949253021674191,0.949253021674191,1.0,0.949253021674191,0.949253021674191,1.0,0.949253021674191,0.949253021674191,1.0,0.949253021674191,0.949253021674191,1.0,0.949253021674191,0.949253021674191,1.0,0.949253021674191,0.949253021674191,1.0,0.949253021674191,0.949253021674191,1.0,0.949253021674191,0.949253021674191,1.0,0.949253021674191,0.949253021674191,1.0,0.949253021674191,0.949253021674191,1.0,0.949253021674191,0.949253021674191,1.0,0.949253021674191,0.949253021674191,1.0,0.949253021674191,0.949253021674191,1.0,0.949253021674191,0.949253021674191,1.0,0.949253021674191,0.949253021674191,1.0,0.949253021674191,0.949253021674191,1.0,0.949253021674191,0.949253021674191,1.0,0.949253021674191,0.949253021674191,1.0,0.949253021674191,0.949253021674191,1.0,0.949253021674191,0.949253021674191,1.0,0.949253021674191,0.949253021674191,1.0,0.949253021674191,0.949253021674191,1.0,0.949253021674191,0.949253021674191,1.0,0.949253021674191,0.949253021674191,1.0,0.949253021674191,0.949253021674191,1.0,0.949253021674191,0.949253021674191,1.0,0.949253021674191,0.949253021674191,1.0,0.949253021674191,0.949253021674191,1.0,0.949253021674191,0.949253021674191,1.0,0.949253021674191,0.949253021674191,1.0,0.949253021674191,0.949253021674191,1.0,0.949253021674191,0.949253021674191,1.0,0.949253021674191,0.949253021674191,1.0,0.949253021674191,0.949253021674191,1.0,0.949253021674191,0.949253021674191,1.0,0.949253021674191,0.949253021674191,1.0,0.949253021674191,0.949253021674191,1.0,0.949253021674191,0.949253021674191,1.0,0.949253021674191,0.949253021674191,1.0,0.949253021674191,0.949253021674191,1.0,0.949253021674191,0.949253021674191,1.0,0.949253021674191,0.949253021674191,1.0,0.949253021674191,0.949253021674191,1.0,0.949253021674191,0.949253021674191,1.0,0.949253021674191,0.949253021674191,1.0,0.949253021674191,0.949253021674191,1.0,0.949253021674191,0.949253021674191,1.0,0.949253021674191,0.949253021674191,1.0,0.949253021674191,0.949253021674191,1.0,0.949253021674191,0.949253021674191,1.0,0.949253021674191,0.949253021674191,1.0,0.949253021674191,0.949253021674191,1.0,0.949253021674191,0.949253021674191,1.0,0.949253021674191,0.949253021674191,1.0,0.949253021674191,0.949253021674191,1.0,0.949253021674191,0.949253021674191,1.0,0.949253021674191,0.949253021674191,1.0,0.960656293477075,0.951815432523082,0.973477417138018),(0.783394127706177,0.765961908691079,0.773076484163808,0.804737854124365,0.763899839683158,0.763899839683158,0.804737854124365,0.763899839683158,0.763899839683158,0.804737854124365,0.763899839683158,0.763899839683158,0.804737854124365,0.763899839683158,0.763899839683158,0.804737854124365,0.763899839683157,0.763899839683158,0.804737854124365,0.763899839683157,0.763899839683158,0.804737854124365,0.763899839683158,0.763899839683158,0.804737854124365,0.763899839683158,0.763899839683158,0.804737854124365,0.763899839683158,0.763899839683158,0.804737854124365,0.763899839683157,0.763899839683158,0.804737854124365,0.763899839683158,0.763899839683158,0.804737854124365,0.763899839683158,0.763899839683158,0.804737854124365,0.763899839683157,0.763899839683158,0.804737854124365,0.763899839683158,0.763899839683158,0.804737854124365,0.763899839683158,0.763899839683158,0.804737854124365,0.763899839683158,0.763899839683158,0.804737854124365,0.763899839683158,0.763899839683158,0.804737854124365,0.763899839683158,0.763899839683158,0.804737854124365,0.763899839683158,0.763899839683158,0.804737854124365,0.763899839683158,0.763899839683158,0.804737854124365,0.763899839683158,0.763899839683158,0.804737854124365,0.763899839683158,0.763899839683158,0.804737854124365,0.763899839683158,0.763899839683158,0.804737854124365,0.763899839683158,0.763899839683158,0.804737854124365,0.763899839683158,0.763899839683158,0.804737854124365,0.763899839683158,0.763899839683158,0.804737854124365,0.763899839683158,0.763899839683158,0.804737854124365,0.763899839683158,0.763899839683158,0.804737854124365,0.763899839683158,0.763899839683158,0.804737854124365,0.763899839683158,0.763899839683158,0.804737854124365,0.763899839683158,0.763899839683158,0.804737854124365,0.763899839683158,0.763899839683158,0.804737854124365,0.763899839683158,0.763899839683158,0.804737854124365,0.763899839683158,0.763899839683158,0.804737854124365,0.763899839683158,0.763899839683158,0.804737854124365,0.763899839683158,0.763899839683158,0.804737854124365,0.763899839683158,0.763899839683158,0.804737854124365,0.763899839683158,0.763899839683158,0.804737854124365,0.763899839683158,0.763899839683158,0.804737854124365,0.763899839683158,0.763899839683158,0.804737854124365,0.763899839683158,0.763899839683158,0.804737854124365,0.763899839683158,0.763899839683158,0.804737854124365,0.763899839683158,0.763899839683158,0.804737854124365,0.763899839683158,0.763899839683158,0.804737854124365,0.763899839683158,0.763899839683158,0.804737854124365,0.763899839683158,0.763899839683158,0.804737854124365,0.763899839683158,0.763899839683158,0.804737854124365,0.763899839683158,0.763899839683158,0.804737854124365,0.763899839683158,0.763899839683158,0.804737854124365,0.763899839683158,0.763899839683158,0.804737854124365,0.763899839683158,0.763899839683158,0.804737854124365,0.763899839683158,0.763899839683158,0.804737854124365,0.763899839683158,0.763899839683158,0.804737854124365,0.763899839683158,0.763899839683158,0.804737854124365,0.763899839683158,0.763899839683158,0.804737854124365,0.763899839683158,0.763899839683158,0.804737854124365,0.763899839683158,0.763899839683158,0.804737854124365,0.763899839683158,0.763899839683158,0.804737854124365,0.763899839683158,0.763899839683158,0.804737854124365,0.763899839683158,0.763899839683158,0.804737854124365,0.763899839683158,0.763899839683158,0.804737854124365,0.763899839683158,0.763899839683158,0.804737854124365,0.763899839683158,0.763899839683158,0.804737854124365,0.763899839683158,0.763899839683158,0.804737854124365,0.763899839683158,0.763899839683158,0.804737854124365,0.763899839683158,0.763899839683158,0.804737854124365,0.763899839683158,0.763899839683158,0.804737854124365,0.763899839683158,0.763899839683158,0.804737854124365,0.763899839683158,0.763899839683158,0.804737854124365,0.763899839683158,0.763899839683158,0.804737854124365,0.763899839683158,0.763899839683158,0.804737854124365,0.763899839683158,0.763899839683158,0.804737854124365,0.763899839683158,0.763899839683158,0.804737854124365,0.763899839683158,0.763899839683158,0.804737854124365,0.763899839683158,0.763899839683158,0.804737854124365,0.763899839683158,0.763899839683158,0.804737854124365,0.763899839683158,0.763899839683158,0.804737854124365,0.763899839683158,0.763899839683158,0.804737854124365,0.763899839683158,0.763899839683158,0.804737854124365,0.763899839683158,0.763899839683158,0.804737854124365,0.763899839683158,0.763899839683158,0.804737854124365,0.763899839683158,0.763899839683158,0.804737854124365,0.763899839683158,0.763899839683158,0.804737854124365,0.763899839683158,0.763899839683158,0.804737854124365,0.763899839683158,0.763899839683158,0.804737854124365,0.763899839683158,0.763899839683158,0.804737854124365,0.763899839683158,0.763899839683158,0.804737854124365,0.763899839683158,0.763899839683158,0.804737854124365,0.763899839683158,0.763899839683158,0.804737854124365,0.763899839683158,0.763899839683158,0.804737854124365,0.763899839683158,0.763899839683158,0.804737854124365,0.763899839683158,0.763899839683158,0.804737854124365,0.763899839683158,0.763899839683158,0.804737854124365,0.763899839683158,0.763899839683158,0.804737854124365,0.763899839683158,0.763899839683158,0.804737854124365,0.763899839683158,0.763899839683158,0.804737854124365,0.763899839683158,0.763899839683158,0.804737854124365,0.763899839683158,0.763899839683158,0.804737854124365,0.763899839683158,0.763899839683158,0.804737854124365,0.763899839683158,0.763899839683158,0.804737854124365,0.763899839683158,0.763899839683158,0.804737854124365,0.763899839683158,0.763899839683158,0.804737854124365,0.773076484163808,0.765961908691079,0.783394127706177),(0.783394127706177,0.765961908691079,0.773076484163808,0.804737854124365,0.763899839683158,0.763899839683158,0.804737854124365,0.763899839683158,0.763899839683158,0.804737854124365,0.763899839683158,0.763899839683158,0.804737854124365,0.763899839683158,0.763899839683158,0.804737854124365,0.763899839683157,0.763899839683158,0.804737854124365,0.763899839683157,0.763899839683158,0.804737854124365,0.763899839683158,0.763899839683158,0.804737854124365,0.763899839683158,0.763899839683158,0.804737854124365,0.763899839683158,0.763899839683158,0.804737854124365,0.763899839683157,0.763899839683158,0.804737854124365,0.763899839683158,0.763899839683158,0.804737854124365,0.763899839683158,0.763899839683158,0.804737854124365,0.763899839683157,0.763899839683158,0.804737854124365,0.763899839683158,0.763899839683158,0.804737854124365,0.763899839683158,0.763899839683158,0.804737854124365,0.763899839683158,0.763899839683158,0.804737854124365,0.763899839683158,0.763899839683158,0.804737854124365,0.763899839683158,0.763899839683158,0.804737854124365,0.763899839683158,0.763899839683158,0.804737854124365,0.763899839683158,0.763899839683158,0.804737854124365,0.763899839683158,0.763899839683158,0.804737854124365,0.763899839683158,0.763899839683158,0.804737854124365,0.763899839683158,0.763899839683158,0.804737854124365,0.763899839683158,0.763899839683158,0.804737854124365,0.763899839683158,0.763899839683158,0.804737854124365,0.763899839683158,0.763899839683158,0.804737854124365,0.763899839683158,0.763899839683158,0.804737854124365,0.763899839683158,0.763899839683158,0.804737854124365,0.763899839683158,0.763899839683158,0.804737854124365,0.763899839683158,0.763899839683158,0.804737854124365,0.763899839683158,0.763899839683158,0.804737854124365,0.763899839683158,0.763899839683158,0.804737854124365,0.763899839683158,0.763899839683158,0.804737854124365,0.763899839683158,0.763899839683158,0.804737854124365,0.763899839683158,0.763899839683158,0.804737854124365,0.763899839683158,0.763899839683158,0.804737854124365,0.763899839683158,0.763899839683158,0.804737854124365,0.763899839683158,0.763899839683158,0.804737854124365,0.763899839683158,0.763899839683158,0.804737854124365,0.763899839683158,0.763899839683158,0.804737854124365,0.763899839683158,0.763899839683158,0.804737854124365,0.763899839683158,0.763899839683158,0.804737854124365,0.763899839683158,0.763899839683158,0.804737854124365,0.763899839683158,0.763899839683158,0.804737854124365,0.763899839683158,0.763899839683158,0.804737854124365,0.763899839683158,0.763899839683158,0.804737854124365,0.763899839683158,0.763899839683158,0.804737854124365,0.763899839683158,0.763899839683158,0.804737854124365,0.763899839683158,0.763899839683158,0.804737854124365,0.763899839683158,0.763899839683158,0.804737854124365,0.763899839683158,0.763899839683158,0.804737854124365,0.763899839683158,0.763899839683158,0.804737854124365,0.763899839683158,0.763899839683158,0.804737854124365,0.763899839683158,0.763899839683158,0.804737854124365,0.763899839683158,0.763899839683158,0.804737854124365,0.763899839683158,0.763899839683158,0.804737854124365,0.763899839683158,0.763899839683158,0.804737854124365,0.763899839683158,0.763899839683158,0.804737854124365,0.763899839683158,0.763899839683158,0.804737854124365,0.763899839683158,0.763899839683158,0.804737854124365,0.763899839683158,0.763899839683158,0.804737854124365,0.763899839683158,0.763899839683158,0.804737854124365,0.763899839683158,0.763899839683158,0.804737854124365,0.763899839683158,0.763899839683158,0.804737854124365,0.763899839683158,0.763899839683158,0.804737854124365,0.763899839683158,0.763899839683158,0.804737854124365,0.763899839683158,0.763899839683158,0.804737854124365,0.763899839683158,0.763899839683158,0.804737854124365,0.763899839683158,0.763899839683158,0.804737854124365,0.763899839683158,0.763899839683158,0.804737854124365,0.763899839683158,0.763899839683158,0.804737854124365,0.763899839683158,0.763899839683158,0.804737854124365,0.763899839683158,0.763899839683158,0.804737854124365,0.763899839683158,0.763899839683158,0.804737854124365,0.763899839683158,0.763899839683158,0.804737854124365,0.763899839683158,0.763899839683158,0.804737854124365,0.763899839683158,0.763899839683158,0.804737854124365,0.763899839683158,0.763899839683158,0.804737854124365,0.763899839683158,0.763899839683158,0.804737854124365,0.763899839683158,0.763899839683158,0.804737854124365,0.763899839683158,0.763899839683158,0.804737854124365,0.763899839683158,0.763899839683158,0.804737854124365,0.763899839683158,0.763899839683158,0.804737854124365,0.763899839683158,0.763899839683158,0.804737854124365,0.763899839683158,0.763899839683158,0.804737854124365,0.763899839683158,0.763899839683158,0.804737854124365,0.763899839683158,0.763899839683158,0.804737854124365,0.763899839683158,0.763899839683158,0.804737854124365,0.763899839683158,0.763899839683158,0.804737854124365,0.763899839683158,0.763899839683158,0.804737854124365,0.763899839683158,0.763899839683158,0.804737854124365,0.763899839683158,0.763899839683158,0.804737854124365,0.763899839683158,0.763899839683158,0.804737854124365,0.763899839683158,0.763899839683158,0.804737854124365,0.763899839683158,0.763899839683158,0.804737854124365,0.763899839683158,0.763899839683158,0.804737854124365,0.763899839683158,0.763899839683158,0.804737854124365,0.763899839683158,0.763899839683158,0.804737854124365,0.763899839683158,0.763899839683158,0.804737854124365,0.763899839683158,0.763899839683158,0.804737854124365,0.763899839683158,0.763899839683158,0.804737854124365,0.763899839683158,0.763899839683158,0.804737854124365,0.773076484163808,0.765961908691079,0.783394127706177),(0.973477417138016,0.951815432523082,0.960656293477076,1.000000000000000,0.949253021674191,0.949253021674191,1.0,0.949253021674191,0.949253021674191,1.0,0.949253021674191,0.949253021674191,1.0,0.949253021674191,0.949253021674191,1.0,0.949253021674191,0.949253021674191,1.0,0.949253021674191,0.949253021674191,1.0,0.949253021674191,0.949253021674191,1.0,0.949253021674191,0.949253021674191,1.0,0.949253021674191,0.949253021674191,1.0,0.949253021674191,0.949253021674191,1.0,0.949253021674191,0.949253021674191,1.0,0.949253021674191,0.949253021674191,1.0,0.949253021674191,0.949253021674191,1.0,0.949253021674191,0.949253021674191,1.0,0.949253021674191,0.949253021674191,1.0,0.949253021674191,0.949253021674191,1.0,0.949253021674191,0.949253021674191,1.0,0.949253021674191,0.949253021674191,1.0,0.949253021674191,0.949253021674191,1.0,0.949253021674191,0.949253021674191,1.0,0.949253021674191,0.949253021674191,1.0,0.949253021674191,0.949253021674191,1.0,0.949253021674191,0.949253021674191,1.0,0.949253021674191,0.949253021674191,1.0,0.949253021674191,0.949253021674191,1.0,0.949253021674191,0.949253021674191,1.0,0.949253021674191,0.949253021674191,1.0,0.949253021674191,0.949253021674191,1.0,0.949253021674191,0.949253021674191,1.0,0.949253021674191,0.949253021674191,1.0,0.949253021674191,0.949253021674191,1.0,0.949253021674191,0.949253021674191,1.0,0.949253021674191,0.949253021674191,1.0,0.949253021674191,0.949253021674191,1.0,0.949253021674191,0.949253021674191,1.0,0.949253021674191,0.949253021674191,1.0,0.949253021674191,0.949253021674191,1.0,0.949253021674191,0.949253021674191,1.0,0.949253021674191,0.949253021674191,1.0,0.949253021674191,0.949253021674191,1.0,0.949253021674191,0.949253021674191,1.0,0.949253021674191,0.949253021674191,1.0,0.949253021674191,0.949253021674191,1.0,0.949253021674191,0.949253021674191,1.0,0.949253021674191,0.949253021674191,1.0,0.949253021674191,0.949253021674191,1.0,0.949253021674191,0.949253021674191,1.0,0.949253021674191,0.949253021674191,1.0,0.949253021674191,0.949253021674191,1.0,0.949253021674191,0.949253021674191,1.0,0.949253021674191,0.949253021674191,1.0,0.949253021674191,0.949253021674191,1.0,0.949253021674191,0.949253021674191,1.0,0.949253021674191,0.949253021674191,1.0,0.949253021674191,0.949253021674191,1.0,0.949253021674191,0.949253021674191,1.0,0.949253021674191,0.949253021674191,1.0,0.949253021674191,0.949253021674191,1.0,0.949253021674191,0.949253021674191,1.0,0.949253021674191,0.949253021674191,1.0,0.949253021674191,0.949253021674191,1.0,0.949253021674191,0.949253021674191,1.0,0.949253021674191,0.949253021674191,1.0,0.949253021674191,0.949253021674191,1.0,0.949253021674191,0.949253021674191,1.0,0.949253021674191,0.949253021674191,1.0,0.949253021674191,0.949253021674191,1.0,0.949253021674191,0.949253021674191,1.0,0.949253021674191,0.949253021674191,1.0,0.949253021674191,0.949253021674191,1.0,0.949253021674191,0.949253021674191,1.0,0.949253021674191,0.949253021674191,1.0,0.949253021674191,0.949253021674191,1.0,0.949253021674191,0.949253021674191,1.0,0.949253021674191,0.949253021674191,1.0,0.949253021674191,0.949253021674191,1.0,0.949253021674191,0.949253021674191,1.0,0.949253021674191,0.949253021674191,1.0,0.949253021674191,0.949253021674191,1.0,0.949253021674191,0.949253021674191,1.0,0.949253021674191,0.949253021674191,1.0,0.949253021674191,0.949253021674191,1.0,0.949253021674191,0.949253021674191,1.0,0.949253021674191,0.949253021674191,1.0,0.949253021674191,0.949253021674191,1.0,0.949253021674191,0.949253021674191,1.0,0.949253021674191,0.949253021674191,1.0,0.949253021674191,0.949253021674191,1.0,0.949253021674191,0.949253021674191,1.0,0.949253021674191,0.949253021674191,1.0,0.949253021674191,0.949253021674191,1.0,0.949253021674191,0.949253021674191,1.0,0.949253021674191,0.949253021674191,1.0,0.949253021674191,0.949253021674191,1.0,0.949253021674191,0.949253021674191,1.0,0.949253021674191,0.949253021674191,1.0,0.949253021674191,0.949253021674191,1.0,0.949253021674191,0.949253021674191,1.0,0.949253021674191,0.949253021674191,1.0,0.949253021674191,0.949253021674191,1.0,0.949253021674191,0.949253021674191,1.0,0.949253021674191,0.949253021674191,1.0,0.960656293477075,0.951815432523082,0.973477417138018)))REPRESENTATION_ITEM('')SURFACE());
#3831=ORIENTED_EDGE('',*,*,#2562,.T.);
#3832=CARTESIAN_POINT('',(-13.720386519009304,3.923184176703234,0.691763220641279));
#3833=VERTEX_POINT('',#3832);
#3834=CARTESIAN_POINT('',(-14.270133897759241,3.939231012048850,0.694592710667718));
#3835=DIRECTION('',(1.070428E-013,-0.173648177666960,0.984807753012203));
#3836=DIRECTION('',(0.999561031346229,-0.029176658057694,-0.005144632022586));
#3837=AXIS2_PLACEMENT_3D('',#3834,#3835,#3836);
#3838=CIRCLE('',#3837,0.550000000000018);
#3839=EDGE_CURVE('',#2233,#3833,#3838,.T.);
#3840=ORIENTED_EDGE('',*,*,#3839,.T.);
#3841=CARTESIAN_POINT('',(-14.270133897759223,3.939231012048841,0.694592710667696));
#3842=DIRECTION('',(0.0,0.173648177666924,-0.984807753012209));
#3843=DIRECTION('',(0.0,0.984807753012209,0.173648177666924));
#3844=AXIS2_PLACEMENT_3D('',#3841,#3842,#3843);
#3845=CIRCLE('',#3844,0.550000000000004);
#3846=EDGE_CURVE('',#215,#3833,#3845,.T.);
#3847=ORIENTED_EDGE('',*,*,#3846,.F.);
#3848=CARTESIAN_POINT('',(-0.579866109389285,3.939230983739271,-0.694592871219206));
#3849=CARTESIAN_POINT('',(-0.616314241202509,3.794889543037760,-1.513193664588876));
#3850=CARTESIAN_POINT('',(-0.653326157695443,3.410785622014802,-2.246068627477580));
#3851=CARTESIAN_POINT('',(-0.687499999999997,2.828427124746191,-2.828427124746191));
#3852=CARTESIAN_POINT('',(-0.732108210462948,2.068255933589741,-3.588598315902641));
#3853=CARTESIAN_POINT('',(-0.780391789537047,1.075044408258763,-4.000000000000002));
#3854=CARTESIAN_POINT('',(-0.824999999999997,2.449213E-016,-4.0));
#3855=CARTESIAN_POINT('',(-0.869608210462948,-1.075044408258762,-4.0));
#3856=CARTESIAN_POINT('',(-0.917891789537046,-2.068255933589741,-3.588598315902641));
#3857=CARTESIAN_POINT('',(-0.962499999999997,-2.828427124746189,-2.828427124746191));
#3858=CARTESIAN_POINT('',(-1.007108210462947,-3.588598315902641,-2.068255933589741));
#3859=CARTESIAN_POINT('',(-1.055391789537046,-4.000000000000002,-1.075044408258763));
#3860=CARTESIAN_POINT('',(-1.099999999999997,-4.0,-4.898425E-016));
#3861=CARTESIAN_POINT('',(-1.144608210462946,-4.0,1.075044408258762));
#3862=CARTESIAN_POINT('',(-1.192891789537046,-3.588598315902641,2.068255933589741));
#3863=CARTESIAN_POINT('',(-1.237499999999996,-2.828427124746191,2.828427124746191));
#3864=CARTESIAN_POINT('',(-1.282108210462947,-2.068255933589742,3.588598315902638));
#3865=CARTESIAN_POINT('',(-1.330391789537046,-1.075044408258764,3.999999999999999));
#3866=CARTESIAN_POINT('',(-1.374999999999996,-7.347638E-016,4.0));
#3867=CARTESIAN_POINT('',(-1.419608210462946,1.075044408258763,3.999999999999999));
#3868=CARTESIAN_POINT('',(-1.467891789537046,2.068255933589741,3.588598315902640));
#3869=CARTESIAN_POINT('',(-1.512499999999996,2.828427124746189,2.828427124746191));
#3870=CARTESIAN_POINT('',(-1.557108210462946,3.588598315902640,2.068255933589742));
#3871=CARTESIAN_POINT('',(-1.605391789537045,4.0,1.075044408258764));
#3872=CARTESIAN_POINT('',(-1.649999999999995,4.0,0.0));
#3873=CARTESIAN_POINT('',(-1.694608210462945,4.0,-1.075044408258763));
#3874=CARTESIAN_POINT('',(-1.742891789537045,3.588598315902641,-2.068255933589741));
#3875=CARTESIAN_POINT('',(-1.787499999999995,2.828427124746191,-2.828427124746191));
#3876=CARTESIAN_POINT('',(-1.832108210462945,2.068255933589741,-3.588598315902641));
#3877=CARTESIAN_POINT('',(-1.880391789537045,1.075044408258763,-4.000000000000002));
#3878=CARTESIAN_POINT('',(-1.924999999999995,2.449213E-016,-4.0));
#3879=CARTESIAN_POINT('',(-1.969608210462945,-1.075044408258762,-4.0));
#3880=CARTESIAN_POINT('',(-2.017891789537045,-2.068255933589741,-3.588598315902641));
#3881=CARTESIAN_POINT('',(-2.062499999999995,-2.828427124746191,-2.828427124746191));
#3882=CARTESIAN_POINT('',(-2.107108210462944,-3.588598315902641,-2.068255933589741));
#3883=CARTESIAN_POINT('',(-2.155391789537044,-4.000000000000002,-1.075044408258763));
#3884=CARTESIAN_POINT('',(-2.199999999999994,-4.0,-4.898425E-016));
#3885=CARTESIAN_POINT('',(-2.244608210462945,-4.000000000000002,1.075044408258762));
#3886=CARTESIAN_POINT('',(-2.292891789537043,-3.588598315902641,2.068255933589741));
#3887=CARTESIAN_POINT('',(-2.337499999999993,-2.828427124746191,2.828427124746189));
#3888=CARTESIAN_POINT('',(-2.382108210462945,-2.068255933589741,3.588598315902640));
#3889=CARTESIAN_POINT('',(-2.430391789537043,-1.075044408258764,4.0));
#3890=CARTESIAN_POINT('',(-2.474999999999995,-7.347638E-016,4.0));
#3891=CARTESIAN_POINT('',(-2.519608210462944,1.075044408258763,3.999999999999999));
#3892=CARTESIAN_POINT('',(-2.567891789537044,2.068255933589741,3.588598315902640));
#3893=CARTESIAN_POINT('',(-2.612499999999994,2.828427124746189,2.828427124746191));
#3894=CARTESIAN_POINT('',(-2.657108210462944,3.588598315902640,2.068255933589742));
#3895=CARTESIAN_POINT('',(-2.705391789537043,4.0,1.075044408258764));
#3896=CARTESIAN_POINT('',(-2.749999999999994,4.0,0.0));
#3897=CARTESIAN_POINT('',(-2.794608210462943,4.0,-1.075044408258763));
#3898=CARTESIAN_POINT('',(-2.842891789537043,3.588598315902641,-2.068255933589741));
#3899=CARTESIAN_POINT('',(-2.887499999999994,2.828427124746191,-2.828427124746191));
#3900=CARTESIAN_POINT('',(-2.932108210462944,2.068255933589741,-3.588598315902641));
#3901=CARTESIAN_POINT('',(-2.980391789537044,1.075044408258763,-4.000000000000002));
#3902=CARTESIAN_POINT('',(-3.024999999999993,2.449213E-016,-4.0));
#3903=CARTESIAN_POINT('',(-3.069608210462944,-1.075044408258762,-4.0));
#3904=CARTESIAN_POINT('',(-3.117891789537042,-2.068255933589741,-3.588598315902641));
#3905=CARTESIAN_POINT('',(-3.162499999999993,-2.828427124746191,-2.828427124746191));
#3906=CARTESIAN_POINT('',(-3.207108210462943,-3.588598315902640,-2.068255933589741));
#3907=CARTESIAN_POINT('',(-3.255391789537042,-4.0,-1.075044408258763));
#3908=CARTESIAN_POINT('',(-3.299999999999992,-4.0,-4.898425E-016));
#3909=CARTESIAN_POINT('',(-3.344608210462941,-3.999999999999999,1.075044408258762));
#3910=CARTESIAN_POINT('',(-3.392891789537042,-3.588598315902640,2.068255933589740));
#3911=CARTESIAN_POINT('',(-3.437499999999993,-2.828427124746191,2.828427124746189));
#3912=CARTESIAN_POINT('',(-3.482108210462942,-2.068255933589742,3.588598315902640));
#3913=CARTESIAN_POINT('',(-3.530391789537041,-1.075044408258764,4.0));
#3914=CARTESIAN_POINT('',(-3.574999999999993,-7.347638E-016,4.0));
#3915=CARTESIAN_POINT('',(-3.619608210462941,1.075044408258763,3.999999999999999));
#3916=CARTESIAN_POINT('',(-3.667891789537040,2.068255933589740,3.588598315902640));
#3917=CARTESIAN_POINT('',(-3.712499999999992,2.828427124746189,2.828427124746191));
#3918=CARTESIAN_POINT('',(-3.757108210462941,3.588598315902640,2.068255933589742));
#3919=CARTESIAN_POINT('',(-3.805391789537041,4.0,1.075044408258764));
#3920=CARTESIAN_POINT('',(-3.849999999999992,4.0,0.0));
#3921=CARTESIAN_POINT('',(-3.894608210462942,4.000000000000002,-1.075044408258762));
#3922=CARTESIAN_POINT('',(-3.942891789537041,3.588598315902640,-2.068255933589741));
#3923=CARTESIAN_POINT('',(-3.987499999999989,2.828427124746191,-2.828427124746189));
#3924=CARTESIAN_POINT('',(-4.032108210462941,2.068255933589740,-3.588598315902640));
#3925=CARTESIAN_POINT('',(-4.080391789537040,1.075044408258763,-3.999999999999999));
#3926=CARTESIAN_POINT('',(-4.124999999999989,2.449213E-016,-4.0));
#3927=CARTESIAN_POINT('',(-4.169608210462942,-1.075044408258762,-4.000000000000002));
#3928=CARTESIAN_POINT('',(-4.217891789537037,-2.068255933589741,-3.588598315902640));
#3929=CARTESIAN_POINT('',(-4.262499999999990,-2.828427124746189,-2.828427124746191));
#3930=CARTESIAN_POINT('',(-4.307108210462938,-3.588598315902640,-2.068255933589740));
#3931=CARTESIAN_POINT('',(-4.355391789537037,-3.999999999999999,-1.075044408258763));
#3932=CARTESIAN_POINT('',(-4.399999999999990,-4.0,-4.898425E-016));
#3933=CARTESIAN_POINT('',(-4.444608210462938,-4.000000000000002,1.075044408258762));
#3934=CARTESIAN_POINT('',(-4.492891789537039,-3.588598315902641,2.068255933589741));
#3935=CARTESIAN_POINT('',(-4.537499999999990,-2.828427124746191,2.828427124746189));
#3936=CARTESIAN_POINT('',(-4.582108210462939,-2.068255933589741,3.588598315902640));
#3937=CARTESIAN_POINT('',(-4.630391789537037,-1.075044408258764,3.999999999999999));
#3938=CARTESIAN_POINT('',(-4.674999999999989,-7.347638E-016,4.0));
#3939=CARTESIAN_POINT('',(-4.719608210462940,1.075044408258763,4.0));
#3940=CARTESIAN_POINT('',(-4.767891789537040,2.068255933589741,3.588598315902640));
#3941=CARTESIAN_POINT('',(-4.812499999999989,2.828427124746189,2.828427124746191));
#3942=CARTESIAN_POINT('',(-4.857108210462937,3.588598315902640,2.068255933589742));
#3943=CARTESIAN_POINT('',(-4.905391789537037,3.999999999999999,1.075044408258764));
#3944=CARTESIAN_POINT('',(-4.949999999999987,4.0,0.0));
#3945=CARTESIAN_POINT('',(-4.994608210462937,4.000000000000002,-1.075044408258762));
#3946=CARTESIAN_POINT('',(-5.042891789537038,3.588598315902640,-2.068255933589741));
#3947=CARTESIAN_POINT('',(-5.087499999999987,2.828427124746191,-2.828427124746189));
#3948=CARTESIAN_POINT('',(-5.132108210462937,2.068255933589741,-3.588598315902640));
#3949=CARTESIAN_POINT('',(-5.180391789537037,1.075044408258763,-4.0));
#3950=CARTESIAN_POINT('',(-5.224999999999987,2.449213E-016,-4.0));
#3951=CARTESIAN_POINT('',(-5.269608210462936,-1.075044408258762,-3.999999999999999));
#3952=CARTESIAN_POINT('',(-5.317891789537038,-2.068255933589740,-3.588598315902640));
#3953=CARTESIAN_POINT('',(-5.362499999999988,-2.828427124746189,-2.828427124746191));
#3954=CARTESIAN_POINT('',(-5.407108210462937,-3.588598315902640,-2.068255933589741));
#3955=CARTESIAN_POINT('',(-5.455391789537037,-4.0,-1.075044408258763));
#3956=CARTESIAN_POINT('',(-5.499999999999989,-4.0,-4.898425E-016));
#3957=CARTESIAN_POINT('',(-5.544608210462937,-3.999999999999999,1.075044408258762));
#3958=CARTESIAN_POINT('',(-5.592891789537038,-3.588598315902640,2.068255933589740));
#3959=CARTESIAN_POINT('',(-5.637499999999988,-2.828427124746191,2.828427124746189));
#3960=CARTESIAN_POINT('',(-5.682108210462936,-2.068255933589742,3.588598315902640));
#3961=CARTESIAN_POINT('',(-5.730391789537038,-1.075044408258764,4.0));
#3962=CARTESIAN_POINT('',(-5.774999999999987,-7.347638E-016,4.0));
#3963=CARTESIAN_POINT('',(-5.819608210462937,1.075044408258763,3.999999999999999));
#3964=CARTESIAN_POINT('',(-5.867891789537034,2.068255933589740,3.588598315902640));
#3965=CARTESIAN_POINT('',(-5.912499999999986,2.828427124746189,2.828427124746191));
#3966=CARTESIAN_POINT('',(-5.957108210462936,3.588598315902640,2.068255933589742));
#3967=CARTESIAN_POINT('',(-6.005391789537034,4.0,1.075044408258764));
#3968=CARTESIAN_POINT('',(-6.049999999999987,4.0,0.0));
#3969=CARTESIAN_POINT('',(-6.094608210462934,4.000000000000002,-1.075044408258762));
#3970=CARTESIAN_POINT('',(-6.142891789537036,3.588598315902640,-2.068255933589741));
#3971=CARTESIAN_POINT('',(-6.187499999999987,2.828427124746191,-2.828427124746189));
#3972=CARTESIAN_POINT('',(-6.232108210462935,2.068255933589740,-3.588598315902640));
#3973=CARTESIAN_POINT('',(-6.280391789537032,1.075044408258763,-3.999999999999999));
#3974=CARTESIAN_POINT('',(-6.324999999999985,2.449213E-016,-4.0));
#3975=CARTESIAN_POINT('',(-6.369608210462937,-1.075044408258762,-4.000000000000002));
#3976=CARTESIAN_POINT('',(-6.417891789537036,-2.068255933589741,-3.588598315902640));
#3977=CARTESIAN_POINT('',(-6.462499999999984,-2.828427124746189,-2.828427124746191));
#3978=CARTESIAN_POINT('',(-6.507108210462933,-3.588598315902640,-2.068255933589740));
#3979=CARTESIAN_POINT('',(-6.555391789537032,-3.999999999999999,-1.075044408258763));
#3980=CARTESIAN_POINT('',(-6.599999999999985,-4.0,-4.898425E-016));
#3981=CARTESIAN_POINT('',(-6.644608210462937,-4.000000000000002,1.075044408258762));
#3982=CARTESIAN_POINT('',(-6.692891789537034,-3.588598315902641,2.068255933589741));
#3983=CARTESIAN_POINT('',(-6.737499999999987,-2.828427124746191,2.828427124746189));
#3984=CARTESIAN_POINT('',(-6.782108210462935,-2.068255933589741,3.588598315902640));
#3985=CARTESIAN_POINT('',(-6.830391789537033,-1.075044408258764,3.999999999999999));
#3986=CARTESIAN_POINT('',(-6.874999999999984,-7.347638E-016,4.0));
#3987=CARTESIAN_POINT('',(-6.919608210462935,1.075044408258763,4.0));
#3988=CARTESIAN_POINT('',(-6.967891789537033,2.068255933589741,3.588598315902640));
#3989=CARTESIAN_POINT('',(-7.012499999999983,2.828427124746189,2.828427124746191));
#3990=CARTESIAN_POINT('',(-7.057108210462935,3.588598315902640,2.068255933589742));
#3991=CARTESIAN_POINT('',(-7.105391789537032,4.0,1.075044408258764));
#3992=CARTESIAN_POINT('',(-7.149999999999986,4.0,0.0));
#3993=CARTESIAN_POINT('',(-7.194608210462935,3.999999999999999,-1.075044408258762));
#3994=CARTESIAN_POINT('',(-7.242891789537032,3.588598315902640,-2.068255933589740));
#3995=CARTESIAN_POINT('',(-7.287499999999984,2.828427124746191,-2.828427124746189));
#3996=CARTESIAN_POINT('',(-7.332108210462933,2.068255933589740,-3.588598315902640));
#3997=CARTESIAN_POINT('',(-7.380391789537031,1.075044408258763,-3.999999999999999));
#3998=CARTESIAN_POINT('',(-7.424999999999987,2.449213E-016,-4.0));
#3999=CARTESIAN_POINT('',(-7.469608210462935,-1.075044408258762,-4.0));
#4000=CARTESIAN_POINT('',(-7.517891789537032,-2.068255933589740,-3.588598315902640));
#4001=CARTESIAN_POINT('',(-7.562499999999983,-2.828427124746189,-2.828427124746191));
#4002=CARTESIAN_POINT('',(-7.607108210462931,-3.588598315902640,-2.068255933589740));
#4003=CARTESIAN_POINT('',(-7.655391789537030,-3.999999999999999,-1.075044408258763));
#4004=CARTESIAN_POINT('',(-7.699999999999983,-4.0,-4.898425E-016));
#4005=CARTESIAN_POINT('',(-7.744608210462931,-3.999999999999999,1.075044408258762));
#4006=CARTESIAN_POINT('',(-7.792891789537030,-3.588598315902640,2.068255933589740));
#4007=CARTESIAN_POINT('',(-7.837499999999981,-2.828427124746191,2.828427124746189));
#4008=CARTESIAN_POINT('',(-7.882108210462930,-2.068255933589741,3.588598315902640));
#4009=CARTESIAN_POINT('',(-7.930391789537032,-1.075044408258764,3.999999999999999));
#4010=CARTESIAN_POINT('',(-7.974999999999984,-7.347638E-016,4.0));
#4011=CARTESIAN_POINT('',(-8.019608210462931,1.075044408258763,4.0));
#4012=CARTESIAN_POINT('',(-8.067891789537033,2.068255933589740,3.588598315902640));
#4013=CARTESIAN_POINT('',(-8.112499999999979,2.828427124746189,2.828427124746191));
#4014=CARTESIAN_POINT('',(-8.157108210462930,3.588598315902640,2.068255933589742));
#4015=CARTESIAN_POINT('',(-8.205391789537032,3.999999999999999,1.075044408258764));
#4016=CARTESIAN_POINT('',(-8.249999999999981,4.0,0.0));
#4017=CARTESIAN_POINT('',(-8.294608210462929,3.999999999999999,-1.075044408258762));
#4018=CARTESIAN_POINT('',(-8.342891789537024,3.588598315902640,-2.068255933589740));
#4019=CARTESIAN_POINT('',(-8.387499999999980,2.828427124746191,-2.828427124746189));
#4020=CARTESIAN_POINT('',(-8.432108210462932,2.068255933589741,-3.588598315902640));
#4021=CARTESIAN_POINT('',(-8.480391789537023,1.075044408258763,-3.999999999999999));
#4022=CARTESIAN_POINT('',(-8.524999999999981,2.449213E-016,-4.0));
#4023=CARTESIAN_POINT('',(-8.569608210462931,-1.075044408258762,-3.999999999999999));
#4024=CARTESIAN_POINT('',(-8.617891789537030,-2.068255933589740,-3.588598315902640));
#4025=CARTESIAN_POINT('',(-8.662499999999982,-2.828427124746189,-2.828427124746191));
#4026=CARTESIAN_POINT('',(-8.707108210462931,-3.588598315902640,-2.068255933589740));
#4027=CARTESIAN_POINT('',(-8.755391789537029,-3.999999999999999,-1.075044408258763));
#4028=CARTESIAN_POINT('',(-8.799999999999979,-4.0,-4.898425E-016));
#4029=CARTESIAN_POINT('',(-8.844608210462932,-3.999999999999999,1.075044408258762));
#4030=CARTESIAN_POINT('',(-8.892891789537025,-3.588598315902640,2.068255933589740));
#4031=CARTESIAN_POINT('',(-8.937499999999982,-2.828427124746191,2.828427124746189));
#4032=CARTESIAN_POINT('',(-8.982108210462931,-2.068255933589742,3.588598315902640));
#4033=CARTESIAN_POINT('',(-9.030391789537024,-1.075044408258764,3.999999999999999));
#4034=CARTESIAN_POINT('',(-9.074999999999982,-7.347638E-016,4.0));
#4035=CARTESIAN_POINT('',(-9.119608210462925,1.075044408258763,3.999999999999999));
#4036=CARTESIAN_POINT('',(-9.167891789537027,2.068255933589740,3.588598315902640));
#4037=CARTESIAN_POINT('',(-9.212499999999981,2.828427124746189,2.828427124746191));
#4038=CARTESIAN_POINT('',(-9.257108210462926,3.588598315902640,2.068255933589742));
#4039=CARTESIAN_POINT('',(-9.305391789537026,3.999999999999999,1.075044408258764));
#4040=CARTESIAN_POINT('',(-9.349999999999978,4.0,0.0));
#4041=CARTESIAN_POINT('',(-9.394608210462923,4.0,-1.075044408258762));
#4042=CARTESIAN_POINT('',(-9.442891789537026,3.588598315902640,-2.068255933589740));
#4043=CARTESIAN_POINT('',(-9.487499999999983,2.828427124746191,-2.828427124746189));
#4044=CARTESIAN_POINT('',(-9.532108210462926,2.068255933589740,-3.588598315902640));
#4045=CARTESIAN_POINT('',(-9.580391789537023,1.075044408258763,-3.999999999999999));
#4046=CARTESIAN_POINT('',(-9.624999999999979,2.449213E-016,-4.0));
#4047=CARTESIAN_POINT('',(-9.669608210462924,-1.075044408258762,-3.999999999999999));
#4048=CARTESIAN_POINT('',(-9.717891789537024,-2.068255933589740,-3.588598315902640));
#4049=CARTESIAN_POINT('',(-9.762499999999974,-2.828427124746189,-2.828427124746191));
#4050=CARTESIAN_POINT('',(-9.807108210462925,-3.588598315902640,-2.068255933589740));
#4051=CARTESIAN_POINT('',(-9.855391789537023,-3.999999999999999,-1.075044408258763));
#4052=CARTESIAN_POINT('',(-9.899999999999981,-4.0,-4.898425E-016));
#4053=CARTESIAN_POINT('',(-9.944608210462931,-4.0,1.075044408258762));
#4054=CARTESIAN_POINT('',(-9.992891789537023,-3.588598315902640,2.068255933589740));
#4055=CARTESIAN_POINT('',(-10.037499999999975,-2.828427124746191,2.828427124746189));
#4056=CARTESIAN_POINT('',(-10.082108210462923,-2.068255933589741,3.588598315902640));
#4057=CARTESIAN_POINT('',(-10.130391789537024,-1.075044408258764,3.999999999999999));
#4058=CARTESIAN_POINT('',(-10.174999999999981,-7.347638E-016,4.0));
#4059=CARTESIAN_POINT('',(-10.219608210462926,1.075044408258763,3.999999999999999));
#4060=CARTESIAN_POINT('',(-10.267891789537023,2.068255933589740,3.588598315902640));
#4061=CARTESIAN_POINT('',(-10.312499999999975,2.828427124746189,2.828427124746191));
#4062=CARTESIAN_POINT('',(-10.357108210462927,3.588598315902640,2.068255933589742));
#4063=CARTESIAN_POINT('',(-10.405391789537024,3.999999999999999,1.075044408258764));
#4064=CARTESIAN_POINT('',(-10.449999999999974,4.0,0.0));
#4065=CARTESIAN_POINT('',(-10.494608210462928,4.0,-1.075044408258762));
#4066=CARTESIAN_POINT('',(-10.542891789537023,3.588598315902640,-2.068255933589740));
#4067=CARTESIAN_POINT('',(-10.587499999999979,2.828427124746191,-2.828427124746189));
#4068=CARTESIAN_POINT('',(-10.632108210462928,2.068255933589740,-3.588598315902640));
#4069=CARTESIAN_POINT('',(-10.680391789537023,1.075044408258763,-3.999999999999999));
#4070=CARTESIAN_POINT('',(-10.724999999999978,2.449213E-016,-4.0));
#4071=CARTESIAN_POINT('',(-10.769608210462923,-1.075044408258762,-3.999999999999999));
#4072=CARTESIAN_POINT('',(-10.817891789537024,-2.068255933589740,-3.588598315902640));
#4073=CARTESIAN_POINT('',(-10.862499999999978,-2.828427124746189,-2.828427124746191));
#4074=CARTESIAN_POINT('',(-10.907108210462926,-3.588598315902640,-2.068255933589741));
#4075=CARTESIAN_POINT('',(-10.955391789537023,-3.999999999999999,-1.075044408258763));
#4076=CARTESIAN_POINT('',(-10.999999999999977,-4.0,-4.898425E-016));
#4077=CARTESIAN_POINT('',(-11.044608210462922,-3.999999999999999,1.075044408258762));
#4078=CARTESIAN_POINT('',(-11.092891789537024,-3.588598315902640,2.068255933589740));
#4079=CARTESIAN_POINT('',(-11.137499999999978,-2.828427124746191,2.828427124746189));
#4080=CARTESIAN_POINT('',(-11.182108210462919,-2.068255933589741,3.588598315902640));
#4081=CARTESIAN_POINT('',(-11.230391789537023,-1.075044408258764,3.999999999999999));
#4082=CARTESIAN_POINT('',(-11.274999999999975,-7.347638E-016,4.0));
#4083=CARTESIAN_POINT('',(-11.319608210462924,1.075044408258763,3.999999999999999));
#4084=CARTESIAN_POINT('',(-11.367891789537023,2.068255933589740,3.588598315902640));
#4085=CARTESIAN_POINT('',(-11.412499999999975,2.828427124746189,2.828427124746191));
#4086=CARTESIAN_POINT('',(-11.457108210462923,3.588598315902640,2.068255933589742));
#4087=CARTESIAN_POINT('',(-11.505391789537025,3.999999999999999,1.075044408258764));
#4088=CARTESIAN_POINT('',(-11.549999999999974,4.0,0.0));
#4089=CARTESIAN_POINT('',(-11.594608210462923,3.999999999999999,-1.075044408258762));
#4090=CARTESIAN_POINT('',(-11.642891789537021,3.588598315902640,-2.068255933589740));
#4091=CARTESIAN_POINT('',(-11.687499999999973,2.828427124746191,-2.828427124746189));
#4092=CARTESIAN_POINT('',(-11.732108210462922,2.068255933589740,-3.588598315902640));
#4093=CARTESIAN_POINT('',(-11.780391789537020,1.075044408258763,-3.999999999999999));
#4094=CARTESIAN_POINT('',(-11.824999999999974,2.449213E-016,-4.0));
#4095=CARTESIAN_POINT('',(-11.869608210462928,-1.075044408258762,-4.0));
#4096=CARTESIAN_POINT('',(-11.917891789537023,-2.068255933589740,-3.588598315902640));
#4097=CARTESIAN_POINT('',(-11.962499999999974,-2.828427124746189,-2.828427124746191));
#4098=CARTESIAN_POINT('',(-12.007108210462922,-3.588598315902640,-2.068255933589740));
#4099=CARTESIAN_POINT('',(-12.055391789537023,-3.999999999999999,-1.075044408258763));
#4100=CARTESIAN_POINT('',(-12.099999999999973,-4.0,-4.898425E-016));
#4101=CARTESIAN_POINT('',(-12.144608210462923,-3.999999999999999,1.075044408258762));
#4102=CARTESIAN_POINT('',(-12.192891789537022,-3.588598315902640,2.068255933589740));
#4103=CARTESIAN_POINT('',(-12.237499999999972,-2.828427124746191,2.828427124746189));
#4104=CARTESIAN_POINT('',(-12.282108210462921,-2.068255933589741,3.588598315902640));
#4105=CARTESIAN_POINT('',(-12.330391789537023,-1.075044408258764,3.999999999999999));
#4106=CARTESIAN_POINT('',(-12.374999999999973,-7.347638E-016,4.0));
#4107=CARTESIAN_POINT('',(-12.419608210462929,1.075044408258763,4.0));
#4108=CARTESIAN_POINT('',(-12.467891789537022,2.068255933589740,3.588598315902640));
#4109=CARTESIAN_POINT('',(-12.512499999999973,2.828427124746189,2.828427124746191));
#4110=CARTESIAN_POINT('',(-12.557108210462919,3.588598315902640,2.068255933589742));
#4111=CARTESIAN_POINT('',(-12.605391789537022,3.999999999999999,1.075044408258764));
#4112=CARTESIAN_POINT('',(-12.649999999999970,4.0,0.0));
#4113=CARTESIAN_POINT('',(-12.694608210462921,3.999999999999999,-1.075044408258762));
#4114=CARTESIAN_POINT('',(-12.742891789537021,3.588598315902640,-2.068255933589740));
#4115=CARTESIAN_POINT('',(-12.787499999999973,2.828427124746191,-2.828427124746189));
#4116=CARTESIAN_POINT('',(-12.832108210462925,2.068255933589741,-3.588598315902640));
#4117=CARTESIAN_POINT('',(-12.880391789537015,1.075044408258763,-3.999999999999999));
#4118=CARTESIAN_POINT('',(-12.924999999999972,2.449213E-016,-4.0));
#4119=CARTESIAN_POINT('',(-12.969608210462919,-1.075044408258762,-3.999999999999999));
#4120=CARTESIAN_POINT('',(-13.017891789537014,-2.068255933589740,-3.588598315902640));
#4121=CARTESIAN_POINT('',(-13.062499999999972,-2.828427124746189,-2.828427124746191));
#4122=CARTESIAN_POINT('',(-13.107108210462922,-3.588598315902640,-2.068255933589740));
#4123=CARTESIAN_POINT('',(-13.155391789537017,-3.999999999999999,-1.075044408258763));
#4124=CARTESIAN_POINT('',(-13.199999999999971,-4.0,-4.898425E-016));
#4125=CARTESIAN_POINT('',(-13.244608210462921,-3.999999999999999,1.075044408258762));
#4126=CARTESIAN_POINT('',(-13.292891789537020,-3.588598315902640,2.068255933589740));
#4127=CARTESIAN_POINT('',(-13.337499999999968,-2.828427124746191,2.828427124746189));
#4128=CARTESIAN_POINT('',(-13.382108210462924,-2.068255933589742,3.588598315902640));
#4129=CARTESIAN_POINT('',(-13.430391789537023,-1.075044408258764,3.999999999999999));
#4130=CARTESIAN_POINT('',(-13.474999999999973,-7.347638E-016,4.0));
#4131=CARTESIAN_POINT('',(-13.519608210462922,1.075044408258763,3.999999999999999));
#4132=CARTESIAN_POINT('',(-13.567891789537022,2.068255933589740,3.588598315902640));
#4133=CARTESIAN_POINT('',(-13.612499999999974,2.828427124746189,2.828427124746191));
#4134=CARTESIAN_POINT('',(-13.646673844678636,3.410785662472060,2.246068587020321));
#4135=CARTESIAN_POINT('',(-13.683685763797602,3.794889594898499,1.513193565568515));
#4136=CARTESIAN_POINT('',(-13.720133897759160,3.939231012048577,0.694592710669158));
#4144=(BOUNDED_CURVE()B_SPLINE_CURVE(3,(#3848,#3849,#3850,#3851,#3852,#3853,#3854,#3855,#3856,#3857,#3858,#3859,#3860,#3861,#3862,#3863,#3864,#3865,#3866,#3867,#3868,#3869,#3870,#3871,#3872,#3873,#3874,#3875,#3876,#3877,#3878,#3879,#3880,#3881,#3882,#3883,#3884,#3885,#3886,#3887,#3888,#3889,#3890,#3891,#3892,#3893,#3894,#3895,#3896,#3897,#3898,#3899,#3900,#3901,#3902,#3903,#3904,#3905,#3906,#3907,#3908,#3909,#3910,#3911,#3912,#3913,#3914,#3915,#3916,#3917,#3918,#3919,#3920,#3921,#3922,#3923,#3924,#3925,#3926,#3927,#3928,#3929,#3930,#3931,#3932,#3933,#3934,#3935,#3936,#3937,#3938,#3939,#3940,#3941,#3942,#3943,#3944,#3945,#3946,#3947,#3948,#3949,#3950,#3951,#3952,#3953,#3954,#3955,#3956,#3957,#3958,#3959,#3960,#3961,#3962,#3963,#3964,#3965,#3966,#3967,#3968,#3969,#3970,#3971,#3972,#3973,#3974,#3975,#3976,#3977,#3978,#3979,#3980,#3981,#3982,#3983,#3984,#3985,#3986,#3987,#3988,#3989,#3990,#3991,#3992,#3993,#3994,#3995,#3996,#3997,#3998,#3999,#4000,#4001,#4002,#4003,#4004,#4005,#4006,#4007,#4008,#4009,#4010,#4011,#4012,#4013,#4014,#4015,#4016,#4017,#4018,#4019,#4020,#4021,#4022,#4023,#4024,#4025,#4026,#4027,#4028,#4029,#4030,#4031,#4032,#4033,#4034,#4035,#4036,#4037,#4038,#4039,#4040,#4041,#4042,#4043,#4044,#4045,#4046,#4047,#4048,#4049,#4050,#4051,#4052,#4053,#4054,#4055,#4056,#4057,#4058,#4059,#4060,#4061,#4062,#4063,#4064,#4065,#4066,#4067,#4068,#4069,#4070,#4071,#4072,#4073,#4074,#4075,#4076,#4077,#4078,#4079,#4080,#4081,#4082,#4083,#4084,#4085,#4086,#4087,#4088,#4089,#4090,#4091,#4092,#4093,#4094,#4095,#4096,#4097,#4098,#4099,#4100,#4101,#4102,#4103,#4104,#4105,#4106,#4107,#4108,#4109,#4110,#4111,#4112,#4113,#4114,#4115,#4116,#4117,#4118,#4119,#4120,#4121,#4122,#4123,#4124,#4125,#4126,#4127,#4128,#4129,#4130,#4131,#4132,#4133,#4134,#4135,#4136),.UNSPECIFIED.,.F.,.U.)B_SPLINE_CURVE_WITH_KNOTS((4,3,3,3,3,3,3,3,3,3,3,3,3,3,3,3,3,3,3,3,3,3,3,3,3,3,3,3,3,3,3,3,3,3,3,3,3,3,3,3,3,3,3,3,3,3,3,3,3,3,3,3,3,3,3,3,3,3,3,3,3,3,3,3,3,3,3,3,3,3,3,3,3,3,3,3,3,3,3,3,3,3,3,3,3,3,3,3,3,3,3,3,3,3,3,3,4),(0.073434896803180,0.080357142858009,0.089285714286571,0.098214285715133,0.107142857143696,0.116071428572258,0.125000000000820,0.133928571429382,0.142857142857945,0.151785714286507,0.160714285715069,0.169642857143631,0.178571428572194,0.187500000000756,0.196428571429318,0.205357142857880,0.214285714286443,0.223214285715005,0.232142857143567,0.241071428572129,0.250000000000692,0.258928571429254,0.267857142857816,0.276785714286378,0.285714285714941,0.294642857143503,0.303571428572065,0.312500000000627,0.321428571429190,0.330357142857752,0.339285714286314,0.348214285714876,0.357142857143439,0.366071428572001,0.375000000000563,0.383928571429125,0.392857142857687,0.401785714286250,0.410714285714812,0.419642857143374,0.428571428571936,0.437500000000499,0.446428571429061,0.455357142857623,0.464285714286185,0.473214285714748,0.482142857143310,0.491071428571872,0.500000000000434,0.508928571428997,0.517857142857559,0.526785714286121,0.535714285714683,0.544642857143246,0.553571428571808,0.562500000000370,0.571428571428932,0.580357142857495,0.589285714286057,0.598214285714619,0.607142857143181,0.616071428571744,0.625000000000306,0.633928571428868,0.642857142857430,0.651785714285993,0.660714285714555,0.669642857143117,0.678571428571679,0.687500000000242,0.696428571428804,0.705357142857366,0.714285714285928,0.723214285714491,0.732142857143053,0.741071428571615,0.750000000000177,0.758928571428739,0.767857142857302,0.776785714285864,0.785714285714426,0.794642857142988,0.803571428571551,0.812500000000113,0.821428571428675,0.830357142857238,0.839285714285800,0.848214285714362,0.857142857142924,0.866071428571487,0.875000000000049,0.883928571428611,0.892857142857173,0.901785714285735,0.910714285714298,0.919642857142860,0.926565103659667),.UNSPECIFIED.)CURVE()GEOMETRIC_REPRESENTATION_ITEM()RATIONAL_B_SPLINE_CURVE((0.973477412800976,0.951815433703127,0.960656296102802,1.0,0.949253021674191,0.949253021674191,1.0,0.949253021674191,0.949253021674191,1.0,0.949253021674191,0.949253021674191,1.0,0.949253021674191,0.949253021674191,1.0,0.949253021674191,0.949253021674191,1.0,0.949253021674191,0.949253021674191,1.0,0.949253021674191,0.949253021674191,1.0,0.949253021674191,0.949253021674191,1.0,0.949253021674191,0.949253021674191,1.0,0.949253021674191,0.949253021674191,1.0,0.949253021674191,0.949253021674191,1.0,0.949253021674191,0.949253021674191,1.0,0.949253021674191,0.949253021674191,1.0,0.949253021674191,0.949253021674191,1.0,0.949253021674191,0.949253021674191,1.0,0.949253021674191,0.949253021674191,1.0,0.949253021674191,0.949253021674191,1.0,0.949253021674191,0.949253021674191,1.0,0.949253021674191,0.949253021674191,1.0,0.949253021674191,0.949253021674191,1.0,0.949253021674191,0.949253021674191,1.0,0.949253021674191,0.949253021674191,1.0,0.949253021674191,0.949253021674191,1.0,0.949253021674191,0.949253021674191,1.0,0.949253021674191,0.949253021674191,1.0,0.949253021674191,0.949253021674191,1.0,0.949253021674191,0.949253021674191,1.0,0.949253021674191,0.949253021674191,1.0,0.949253021674191,0.949253021674191,1.0,0.949253021674191,0.949253021674191,1.0,0.949253021674191,0.949253021674191,1.0,0.949253021674191,0.949253021674191,1.0,0.949253021674191,0.949253021674191,1.0,0.949253021674191,0.949253021674191,1.0,0.949253021674191,0.949253021674191,1.0,0.949253021674191,0.949253021674191,1.0,0.949253021674191,0.949253021674191,1.0,0.949253021674191,0.949253021674191,1.0,0.949253021674191,0.949253021674191,1.0,0.949253021674191,0.949253021674191,1.0,0.949253021674191,0.949253021674191,1.0,0.949253021674191,0.949253021674191,1.0,0.949253021674191,0.949253021674191,1.0,0.949253021674191,0.949253021674191,1.0,0.949253021674191,0.949253021674191,1.0,0.949253021674191,0.949253021674191,1.0,0.949253021674191,0.949253021674191,1.0,0.949253021674191,0.949253021674191,1.0,0.949253021674191,0.949253021674191,1.0,0.949253021674191,0.949253021674191,1.0,0.949253021674191,0.949253021674191,1.0,0.949253021674191,0.949253021674191,1.0,0.949253021674191,0.949253021674191,1.0,0.949253021674191,0.949253021674191,1.0,0.949253021674191,0.949253021674191,1.0,0.949253021674191,0.949253021674191,1.0,0.949253021674191,0.949253021674191,1.0,0.949253021674191,0.949253021674191,1.0,0.949253021674191,0.949253021674191,1.0,0.949253021674191,0.949253021674191,1.0,0.949253021674191,0.949253021674191,1.0,0.949253021674191,0.949253021674191,1.0,0.949253021674191,0.949253021674191,1.0,0.949253021674191,0.949253021674191,1.0,0.949253021674191,0.949253021674191,1.0,0.949253021674191,0.949253021674191,1.0,0.949253021674191,0.949253021674191,1.0,0.949253021674191,0.949253021674191,1.0,0.949253021674191,0.949253021674191,1.0,0.949253021674191,0.949253021674191,1.0,0.949253021674191,0.949253021674191,1.0,0.949253021674191,0.949253021674191,1.0,0.949253021674191,0.949253021674191,1.0,0.949253021674191,0.949253021674191,1.0,0.949253021674191,0.949253021674191,1.0,0.949253021674191,0.949253021674191,1.0,0.949253021674191,0.949253021674191,1.0,0.949253021674191,0.949253021674191,1.0,0.949253021674191,0.949253021674191,1.0,0.949253021674191,0.949253021674191,1.0,0.949253021674191,0.949253021674191,1.0,0.949253021674191,0.949253021674191,1.0,0.949253021674191,0.949253021674191,1.0,0.949253021674191,0.949253021674191,1.0,0.949253021674191,0.949253021674191,1.0,0.949253021674191,0.949253021674191,1.0,0.949253021674191,0.949253021674191,1.0,0.949253021674191,0.949253021674191,1.0,0.949253021674191,0.949253021674191,1.0,0.949253021674191,0.949253021674191,1.0,0.949253021674191,0.949253021674191,1.0,0.949253021674191,0.949253021674191,1.0,0.949253021674191,0.949253021674191,1.0,0.949253021674191,0.949253021674191,1.0,0.960656293477076,0.951815432523082,0.973477417138017))REPRESENTATION_ITEM(''));
#4145=EDGE_CURVE('',#357,#215,#4144,.T.);
#4146=ORIENTED_EDGE('',*,*,#4145,.F.);
#4147=ORIENTED_EDGE('',*,*,#488,.F.);
#4148=CARTESIAN_POINT('',(-0.549999999999997,4.0,-1.286514E-015));
#4149=VERTEX_POINT('',#4148);
#4150=CARTESIAN_POINT('',(-0.618738060988294,-0.006217314181486,0.002863022432458));
#4151=DIRECTION('',(-0.998992929968437,0.017170190983816,0.041452507941706));
#4152=DIRECTION('',(0.011632760356011,0.991405378198224,-0.130307539943537));
#4153=AXIS2_PLACEMENT_3D('',#4150,#4151,#4152);
#4154=CIRCLE('',#4153,4.006807992201947);
#4155=EDGE_CURVE('',#4149,#433,#4154,.T.);
#4156=ORIENTED_EDGE('',*,*,#4155,.F.);
#4157=CARTESIAN_POINT('',(0.520133897759255,3.939231012048837,-0.694592710667704));
#4158=CARTESIAN_POINT('',(0.483685763797694,3.794889594899058,-1.513193565567108));
#4159=CARTESIAN_POINT('',(0.446673844678659,3.410785662472059,-2.246068587020321));
#4160=CARTESIAN_POINT('',(0.412500000000000,2.828427124746191,-2.828427124746191));
#4161=CARTESIAN_POINT('',(0.367891789537050,2.068255933589741,-3.588598315902640));
#4162=CARTESIAN_POINT('',(0.319608210462951,1.075044408258763,-4.0));
#4163=CARTESIAN_POINT('',(0.275000000000001,2.449213E-016,-3.999999999999999));
#4164=CARTESIAN_POINT('',(0.230391789537050,-1.075044408258762,-4.0));
#4165=CARTESIAN_POINT('',(0.182108210462951,-2.068255933589740,-3.588598315902640));
#4166=CARTESIAN_POINT('',(0.137500000000001,-2.828427124746189,-2.828427124746191));
#4167=CARTESIAN_POINT('',(0.092891789537051,-3.588598315902640,-2.068255933589741));
#4168=CARTESIAN_POINT('',(0.044608210462952,-4.0,-1.075044408258763));
#4169=CARTESIAN_POINT('',(1.192622E-015,-3.999999999999999,-4.898425E-016));
#4170=CARTESIAN_POINT('',(-0.044608210462949,-4.0,1.075044408258762));
#4171=CARTESIAN_POINT('',(-0.092891789537048,-3.588598315902641,2.068255933589741));
#4172=CARTESIAN_POINT('',(-0.137499999999998,-2.828427124746191,2.828427124746191));
#4173=CARTESIAN_POINT('',(-0.182108210462949,-2.068255933589741,3.588598315902640));
#4174=CARTESIAN_POINT('',(-0.230391789537048,-1.075044408258764,3.999999999999999));
#4175=CARTESIAN_POINT('',(-0.274999999999998,-7.347638E-016,3.999999999999999));
#4176=CARTESIAN_POINT('',(-0.319608210462948,1.075044408258763,3.999999999999999));
#4177=CARTESIAN_POINT('',(-0.367891789537047,2.068255933589741,3.588598315902640));
#4178=CARTESIAN_POINT('',(-0.412499999999998,2.828427124746189,2.828427124746191));
#4179=CARTESIAN_POINT('',(-0.457108210462948,3.588598315902640,2.068255933589742));
#4180=CARTESIAN_POINT('',(-0.505391789537047,4.0,1.075044408258764));
#4181=CARTESIAN_POINT('',(-0.549999999999997,4.0,0.0));
#4189=(BOUNDED_CURVE()B_SPLINE_CURVE(3,(#4157,#4158,#4159,#4160,#4161,#4162,#4163,#4164,#4165,#4166,#4167,#4168,#4169,#4170,#4171,#4172,#4173,#4174,#4175,#4176,#4177,#4178,#4179,#4180,#4181),.UNSPECIFIED.,.F.,.U.)B_SPLINE_CURVE_WITH_KNOTS((4,3,3,3,3,3,3,3,4),(0.002006324911757,0.008928571428571,0.017857142857143,0.026785714285714,0.035714285714286,0.044642857142857,0.053571428571429,0.062500000000000,0.071428571428571),.UNSPECIFIED.)CURVE()GEOMETRIC_REPRESENTATION_ITEM()RATIONAL_B_SPLINE_CURVE((0.973477417138016,0.951815432523082,0.960656293477076,1.000000000000000,0.949253021674191,0.949253021674191,1.0,0.949253021674191,0.949253021674191,1.0,0.949253021674191,0.949253021674191,1.0,0.949253021674191,0.949253021674191,1.0,0.949253021674191,0.949253021674191,1.0,0.949253021674191,0.949253021674191,1.0,0.949253021674191,0.949253021674191,1.0))REPRESENTATION_ITEM(''));
#4190=EDGE_CURVE('',#601,#4149,#4189,.T.);
#4191=ORIENTED_EDGE('',*,*,#4190,.F.);
#4192=ORIENTED_EDGE('',*,*,#607,.F.);
#4193=ORIENTED_EDGE('',*,*,#598,.F.);
#4194=ORIENTED_EDGE('',*,*,#589,.F.);
#4195=EDGE_LOOP('',(#3831,#3840,#3847,#4146,#4147,#4156,#4191,#4192,#4193,#4194));
#4196=FACE_OUTER_BOUND('',#4195,.T.);
#4197=ADVANCED_FACE('',(#4196),#3830,.F.);
#4198=CARTESIAN_POINT('',(0.550000000000000,3.999999999999999,0.0));
#4199=CARTESIAN_POINT('',(0.550000000000000,4.322182540694799,0.0));
#4200=CARTESIAN_POINT('',(0.322182540694798,4.550000000000002,0.0));
#4201=CARTESIAN_POINT('',(3.367667E-017,4.550000000000000,0.0));
#4202=CARTESIAN_POINT('',(0.505391789537050,4.0,-1.075044408258762));
#4203=CARTESIAN_POINT('',(0.505391789537050,4.322182540694799,-1.161634542961898));
#4204=CARTESIAN_POINT('',(0.277574330231848,4.550000000000002,-1.222863014394342));
#4205=CARTESIAN_POINT('',(-0.044608210462950,4.549999999999999,-1.222863014394342));
#4206=CARTESIAN_POINT('',(0.457108210462950,3.588598315902640,-2.068255933589740));
#4207=CARTESIAN_POINT('',(0.457108210462951,3.877644246640288,-2.234844921462497));
#4208=CARTESIAN_POINT('',(0.229290751157748,4.082030584339252,-2.352641124458329));
#4209=CARTESIAN_POINT('',(-0.092891789537049,4.082030584339252,-2.352641124458330));
#4210=CARTESIAN_POINT('',(0.412500000000000,2.828427124746191,-2.828427124746189));
#4211=CARTESIAN_POINT('',(0.412500000000000,3.056244584051393,-3.056244584051392));
#4212=CARTESIAN_POINT('',(0.184682540694798,3.217335854398791,-3.217335854398791));
#4213=CARTESIAN_POINT('',(-0.137500000000000,3.217335854398791,-3.217335854398791));
#4214=CARTESIAN_POINT('',(0.367891789537050,2.068255933589741,-3.588598315902640));
#4215=CARTESIAN_POINT('',(0.367891789537050,2.234844921462499,-3.877644246640286));
#4216=CARTESIAN_POINT('',(0.140074330231848,2.352641124458329,-4.082030584339252));
#4217=CARTESIAN_POINT('',(-0.182108210462950,2.352641124458330,-4.082030584339252));
#4218=CARTESIAN_POINT('',(0.319608210462951,1.075044408258763,-4.0));
#4219=CARTESIAN_POINT('',(0.319608210462951,1.161634542961898,-4.322182540694799));
#4220=CARTESIAN_POINT('',(0.091790751157749,1.222863014394342,-4.550000000000002));
#4221=CARTESIAN_POINT('',(-0.230391789537049,1.222863014394342,-4.550000000000000));
#4222=CARTESIAN_POINT('',(0.275000000000001,2.449213E-016,-3.999999999999999));
#4223=CARTESIAN_POINT('',(0.275000000000001,2.646486E-016,-4.322182540694799));
#4224=CARTESIAN_POINT('',(0.047182540694798,2.785979E-016,-4.550000000000002));
#4225=CARTESIAN_POINT('',(-0.274999999999999,2.785979E-016,-4.550000000000000));
#4226=CARTESIAN_POINT('',(0.230391789537050,-1.075044408258762,-4.0));
#4227=CARTESIAN_POINT('',(0.230391789537050,-1.161634542961898,-4.322182540694799));
#4228=CARTESIAN_POINT('',(0.002574330231848,-1.222863014394342,-4.550000000000002));
#4229=CARTESIAN_POINT('',(-0.319608210462950,-1.222863014394342,-4.549999999999999));
#4230=CARTESIAN_POINT('',(0.182108210462951,-2.068255933589740,-3.588598315902640));
#4231=CARTESIAN_POINT('',(0.182108210462951,-2.234844921462497,-3.877644246640288));
#4232=CARTESIAN_POINT('',(-0.045709248842251,-2.352641124458329,-4.082030584339252));
#4233=CARTESIAN_POINT('',(-0.367891789537049,-2.352641124458330,-4.082030584339252));
#4234=CARTESIAN_POINT('',(0.137500000000001,-2.828427124746189,-2.828427124746191));
#4235=CARTESIAN_POINT('',(0.137500000000001,-3.056244584051392,-3.056244584051393));
#4236=CARTESIAN_POINT('',(-0.090317459305201,-3.217335854398791,-3.217335854398791));
#4237=CARTESIAN_POINT('',(-0.412499999999999,-3.217335854398791,-3.217335854398791));
#4238=CARTESIAN_POINT('',(0.092891789537051,-3.588598315902640,-2.068255933589741));
#4239=CARTESIAN_POINT('',(0.092891789537051,-3.877644246640286,-2.234844921462499));
#4240=CARTESIAN_POINT('',(-0.134925669768152,-4.082030584339252,-2.352641124458329));
#4241=CARTESIAN_POINT('',(-0.457108210462949,-4.082030584339252,-2.352641124458330));
#4242=CARTESIAN_POINT('',(0.044608210462952,-4.0,-1.075044408258763));
#4243=CARTESIAN_POINT('',(0.044608210462952,-4.322182540694799,-1.161634542961899));
#4244=CARTESIAN_POINT('',(-0.183209248842251,-4.550000000000002,-1.222863014394342));
#4245=CARTESIAN_POINT('',(-0.505391789537048,-4.550000000000000,-1.222863014394342));
#4246=CARTESIAN_POINT('',(1.192622E-015,-3.999999999999999,-4.898425E-016));
#4247=CARTESIAN_POINT('',(1.192622E-015,-4.322182540694799,-5.292972E-016));
#4248=CARTESIAN_POINT('',(-0.227817459305201,-4.550000000000002,-5.571959E-016));
#4249=CARTESIAN_POINT('',(-0.549999999999999,-4.550000000000000,-5.571959E-016));
#4250=CARTESIAN_POINT('',(-0.044608210462949,-4.0,1.075044408258762));
#4251=CARTESIAN_POINT('',(-0.044608210462949,-4.322182540694800,1.161634542961898));
#4252=CARTESIAN_POINT('',(-0.272425669768152,-4.550000000000002,1.222863014394342));
#4253=CARTESIAN_POINT('',(-0.594608210462949,-4.550000000000002,1.222863014394341));
#4254=CARTESIAN_POINT('',(-0.092891789537048,-3.588598315902641,2.068255933589741));
#4255=CARTESIAN_POINT('',(-0.092891789537048,-3.877644246640288,2.234844921462499));
#4256=CARTESIAN_POINT('',(-0.320709248842250,-4.082030584339252,2.352641124458329));
#4257=CARTESIAN_POINT('',(-0.642891789537048,-4.082030584339254,2.352641124458329));
#4258=CARTESIAN_POINT('',(-0.137499999999998,-2.828427124746191,2.828427124746191));
#4259=CARTESIAN_POINT('',(-0.137499999999999,-3.056244584051393,3.056244584051392));
#4260=CARTESIAN_POINT('',(-0.365317459305201,-3.217335854398791,3.217335854398791));
#4261=CARTESIAN_POINT('',(-0.687499999999999,-3.217335854398792,3.217335854398792));
#4262=CARTESIAN_POINT('',(-0.182108210462949,-2.068255933589741,3.588598315902640));
#4263=CARTESIAN_POINT('',(-0.182108210462949,-2.234844921462501,3.877644246640286));
#4264=CARTESIAN_POINT('',(-0.409925669768151,-2.352641124458332,4.082030584339252));
#4265=CARTESIAN_POINT('',(-0.732108210462949,-2.352641124458331,4.082030584339252));
#4266=CARTESIAN_POINT('',(-0.230391789537048,-1.075044408258764,3.999999999999999));
#4267=CARTESIAN_POINT('',(-0.230391789537048,-1.161634542961900,4.322182540694799));
#4268=CARTESIAN_POINT('',(-0.458209248842250,-1.222863014394344,4.550000000000000));
#4269=CARTESIAN_POINT('',(-0.780391789537048,-1.222863014394344,4.550000000000000));
#4270=CARTESIAN_POINT('',(-0.274999999999998,-7.347638E-016,3.999999999999999));
#4271=CARTESIAN_POINT('',(-0.274999999999998,-7.939458E-016,4.322182540694800));
#4272=CARTESIAN_POINT('',(-0.502817459305201,-8.357938E-016,4.550000000000002));
#4273=CARTESIAN_POINT('',(-0.824999999999998,-8.357938E-016,4.550000000000000));
#4274=CARTESIAN_POINT('',(-0.319608210462948,1.075044408258763,3.999999999999999));
#4275=CARTESIAN_POINT('',(-0.319608210462949,1.161634542961898,4.322182540694797));
#4276=CARTESIAN_POINT('',(-0.547425669768151,1.222863014394342,4.550000000000000));
#4277=CARTESIAN_POINT('',(-0.869608210462949,1.222863014394342,4.550000000000000));
#4278=CARTESIAN_POINT('',(-0.367891789537047,2.068255933589741,3.588598315902640));
#4279=CARTESIAN_POINT('',(-0.367891789537048,2.234844921462499,3.877644246640288));
#4280=CARTESIAN_POINT('',(-0.595709248842250,2.352641124458330,4.082030584339252));
#4281=CARTESIAN_POINT('',(-0.917891789537048,2.352641124458330,4.082030584339252));
#4282=CARTESIAN_POINT('',(-0.412499999999998,2.828427124746189,2.828427124746191));
#4283=CARTESIAN_POINT('',(-0.412499999999998,3.056244584051393,3.056244584051395));
#4284=CARTESIAN_POINT('',(-0.640317459305201,3.217335854398792,3.217335854398793));
#4285=CARTESIAN_POINT('',(-0.962499999999998,3.217335854398791,3.217335854398792));
#4286=CARTESIAN_POINT('',(-0.457108210462948,3.588598315902640,2.068255933589742));
#4287=CARTESIAN_POINT('',(-0.457108210462948,3.877644246640288,2.234844921462502));
#4288=CARTESIAN_POINT('',(-0.684925669768151,4.082030584339252,2.352641124458332));
#4289=CARTESIAN_POINT('',(-1.007108210462949,4.082030584339252,2.352641124458332));
#4290=CARTESIAN_POINT('',(-0.505391789537047,4.0,1.075044408258764));
#4291=CARTESIAN_POINT('',(-0.505391789537048,4.322182540694799,1.161634542961901));
#4292=CARTESIAN_POINT('',(-0.733209248842250,4.550000000000002,1.222863014394344));
#4293=CARTESIAN_POINT('',(-1.055391789537048,4.550000000000000,1.222863014394344));
#4294=CARTESIAN_POINT('',(-0.549999999999997,4.0,0.0));
#4295=CARTESIAN_POINT('',(-0.549999999999998,4.322182540694799,0.0));
#4296=CARTESIAN_POINT('',(-0.777817459305200,4.550000000000002,0.0));
#4297=CARTESIAN_POINT('',(-1.099999999999998,4.550000000000000,0.0));
#4298=CARTESIAN_POINT('',(-0.594608210462948,4.0,-1.075044408258763));
#4299=CARTESIAN_POINT('',(-0.594608210462948,4.322182540694800,-1.161634542961898));
#4300=CARTESIAN_POINT('',(-0.822425669768150,4.550000000000002,-1.222863014394342));
#4301=CARTESIAN_POINT('',(-1.144608210462948,4.550000000000002,-1.222863014394342));
#4302=CARTESIAN_POINT('',(-0.642891789537047,3.588598315902641,-2.068255933589741));
#4303=CARTESIAN_POINT('',(-0.642891789537047,3.877644246640288,-2.234844921462499));
#4304=CARTESIAN_POINT('',(-0.870709248842249,4.082030584339252,-2.352641124458329));
#4305=CARTESIAN_POINT('',(-1.192891789537047,4.082030584339254,-2.352641124458329));
#4306=CARTESIAN_POINT('',(-0.687499999999997,2.828427124746191,-2.828427124746191));
#4307=CARTESIAN_POINT('',(-0.687499999999997,3.056244584051393,-3.056244584051392));
#4308=CARTESIAN_POINT('',(-0.915317459305199,3.217335854398791,-3.217335854398791));
#4309=CARTESIAN_POINT('',(-1.237499999999998,3.217335854398792,-3.217335854398792));
#4310=CARTESIAN_POINT('',(-0.732108210462948,2.068255933589741,-3.588598315902641));
#4311=CARTESIAN_POINT('',(-0.732108210462948,2.234844921462499,-3.877644246640288));
#4312=CARTESIAN_POINT('',(-0.959925669768150,2.352641124458330,-4.082030584339252));
#4313=CARTESIAN_POINT('',(-1.282108210462947,2.352641124458329,-4.082030584339254));
#4314=CARTESIAN_POINT('',(-0.780391789537047,1.075044408258763,-4.000000000000002));
#4315=CARTESIAN_POINT('',(-0.780391789537047,1.161634542961898,-4.322182540694800));
#4316=CARTESIAN_POINT('',(-1.008209248842249,1.222863014394342,-4.550000000000002));
#4317=CARTESIAN_POINT('',(-1.330391789537047,1.222863014394342,-4.550000000000002));
#4318=CARTESIAN_POINT('',(-0.824999999999997,2.449213E-016,-4.0));
#4319=CARTESIAN_POINT('',(-0.824999999999997,2.646486E-016,-4.322182540694799));
#4320=CARTESIAN_POINT('',(-1.052817459305200,2.785979E-016,-4.550000000000002));
#4321=CARTESIAN_POINT('',(-1.374999999999998,2.785979E-016,-4.550000000000000));
#4322=CARTESIAN_POINT('',(-0.869608210462948,-1.075044408258762,-4.0));
#4323=CARTESIAN_POINT('',(-0.869608210462948,-1.161634542961898,-4.322182540694799));
#4324=CARTESIAN_POINT('',(-1.097425669768150,-1.222863014394342,-4.550000000000002));
#4325=CARTESIAN_POINT('',(-1.419608210462947,-1.222863014394342,-4.550000000000000));
#4326=CARTESIAN_POINT('',(-0.917891789537046,-2.068255933589741,-3.588598315902641));
#4327=CARTESIAN_POINT('',(-0.917891789537047,-2.234844921462499,-3.877644246640288));
#4328=CARTESIAN_POINT('',(-1.145709248842248,-2.352641124458329,-4.082030584339252));
#4329=CARTESIAN_POINT('',(-1.467891789537047,-2.352641124458329,-4.082030584339252));
#4330=CARTESIAN_POINT('',(-0.962499999999997,-2.828427124746189,-2.828427124746191));
#4331=CARTESIAN_POINT('',(-0.962499999999997,-3.056244584051392,-3.056244584051393));
#4332=CARTESIAN_POINT('',(-1.190317459305199,-3.217335854398791,-3.217335854398791));
#4333=CARTESIAN_POINT('',(-1.512499999999997,-3.217335854398791,-3.217335854398792));
#4334=CARTESIAN_POINT('',(-1.007108210462947,-3.588598315902641,-2.068255933589741));
#4335=CARTESIAN_POINT('',(-1.007108210462948,-3.877644246640288,-2.234844921462499));
#4336=CARTESIAN_POINT('',(-1.234925669768150,-4.082030584339252,-2.352641124458330));
#4337=CARTESIAN_POINT('',(-1.557108210462947,-4.082030584339254,-2.352641124458329));
#4338=CARTESIAN_POINT('',(-1.055391789537046,-4.000000000000002,-1.075044408258763));
#4339=CARTESIAN_POINT('',(-1.055391789537046,-4.322182540694800,-1.161634542961899));
#4340=CARTESIAN_POINT('',(-1.283209248842248,-4.550000000000002,-1.222863014394342));
#4341=CARTESIAN_POINT('',(-1.605391789537046,-4.550000000000002,-1.222863014394342));
#4342=CARTESIAN_POINT('',(-1.099999999999997,-4.0,-4.898425E-016));
#4343=CARTESIAN_POINT('',(-1.099999999999997,-4.322182540694799,-5.292972E-016));
#4344=CARTESIAN_POINT('',(-1.327817459305199,-4.550000000000002,-5.571959E-016));
#4345=CARTESIAN_POINT('',(-1.649999999999996,-4.550000000000000,-5.571959E-016));
#4346=CARTESIAN_POINT('',(-1.144608210462946,-4.0,1.075044408258762));
#4347=CARTESIAN_POINT('',(-1.144608210462947,-4.322182540694800,1.161634542961898));
#4348=CARTESIAN_POINT('',(-1.372425669768150,-4.550000000000002,1.222863014394342));
#4349=CARTESIAN_POINT('',(-1.694608210462947,-4.550000000000002,1.222863014394341));
#4350=CARTESIAN_POINT('',(-1.192891789537046,-3.588598315902641,2.068255933589741));
#4351=CARTESIAN_POINT('',(-1.192891789537046,-3.877644246640288,2.234844921462499));
#4352=CARTESIAN_POINT('',(-1.420709248842249,-4.082030584339252,2.352641124458329));
#4353=CARTESIAN_POINT('',(-1.742891789537046,-4.082030584339254,2.352641124458329));
#4354=CARTESIAN_POINT('',(-1.237499999999996,-2.828427124746191,2.828427124746191));
#4355=CARTESIAN_POINT('',(-1.237499999999996,-3.056244584051393,3.056244584051392));
#4356=CARTESIAN_POINT('',(-1.465317459305199,-3.217335854398791,3.217335854398791));
#4357=CARTESIAN_POINT('',(-1.787499999999997,-3.217335854398792,3.217335854398792));
#4358=CARTESIAN_POINT('',(-1.282108210462947,-2.068255933589742,3.588598315902638));
#4359=CARTESIAN_POINT('',(-1.282108210462947,-2.234844921462501,3.877644246640286));
#4360=CARTESIAN_POINT('',(-1.509925669768149,-2.352641124458332,4.082030584339252));
#4361=CARTESIAN_POINT('',(-1.832108210462947,-2.352641124458332,4.082030584339252));
#4362=CARTESIAN_POINT('',(-1.330391789537046,-1.075044408258764,3.999999999999999));
#4363=CARTESIAN_POINT('',(-1.330391789537046,-1.161634542961901,4.322182540694799));
#4364=CARTESIAN_POINT('',(-1.558209248842248,-1.222863014394344,4.550000000000000));
#4365=CARTESIAN_POINT('',(-1.880391789537045,-1.222863014394344,4.550000000000000));
#4366=CARTESIAN_POINT('',(-1.374999999999996,-7.347638E-016,4.0));
#4367=CARTESIAN_POINT('',(-1.374999999999996,-7.939458E-016,4.322182540694799));
#4368=CARTESIAN_POINT('',(-1.602817459305198,-8.357938E-016,4.549999999999999));
#4369=CARTESIAN_POINT('',(-1.924999999999997,-8.357938E-016,4.550000000000000));
#4370=CARTESIAN_POINT('',(-1.419608210462946,1.075044408258763,3.999999999999999));
#4371=CARTESIAN_POINT('',(-1.419608210462947,1.161634542961899,4.322182540694799));
#4372=CARTESIAN_POINT('',(-1.647425669768149,1.222863014394342,4.550000000000002));
#4373=CARTESIAN_POINT('',(-1.969608210462946,1.222863014394342,4.549999999999999));
#4374=CARTESIAN_POINT('',(-1.467891789537046,2.068255933589741,3.588598315902640));
#4375=CARTESIAN_POINT('',(-1.467891789537046,2.234844921462499,3.877644246640288));
#4376=CARTESIAN_POINT('',(-1.695709248842249,2.352641124458330,4.082030584339252));
#4377=CARTESIAN_POINT('',(-2.017891789537046,2.352641124458330,4.082030584339252));
#4378=CARTESIAN_POINT('',(-1.512499999999996,2.828427124746189,2.828427124746191));
#4379=CARTESIAN_POINT('',(-1.512499999999996,3.056244584051392,3.056244584051393));
#4380=CARTESIAN_POINT('',(-1.740317459305198,3.217335854398791,3.217335854398791));
#4381=CARTESIAN_POINT('',(-2.062499999999996,3.217335854398791,3.217335854398792));
#4382=CARTESIAN_POINT('',(-1.557108210462946,3.588598315902640,2.068255933589742));
#4383=CARTESIAN_POINT('',(-1.557108210462946,3.877644246640288,2.234844921462502));
#4384=CARTESIAN_POINT('',(-1.784925669768149,4.082030584339252,2.352641124458332));
#4385=CARTESIAN_POINT('',(-2.107108210462946,4.082030584339252,2.352641124458332));
#4386=CARTESIAN_POINT('',(-1.605391789537045,4.0,1.075044408258764));
#4387=CARTESIAN_POINT('',(-1.605391789537045,4.322182540694799,1.161634542961901));
#4388=CARTESIAN_POINT('',(-1.833209248842248,4.550000000000002,1.222863014394344));
#4389=CARTESIAN_POINT('',(-2.155391789537046,4.550000000000000,1.222863014394344));
#4390=CARTESIAN_POINT('',(-1.649999999999995,4.0,0.0));
#4391=CARTESIAN_POINT('',(-1.649999999999995,4.322182540694799,0.0));
#4392=CARTESIAN_POINT('',(-1.877817459305198,4.550000000000002,0.0));
#4393=CARTESIAN_POINT('',(-2.199999999999997,4.550000000000000,0.0));
#4394=CARTESIAN_POINT('',(-1.694608210462945,4.0,-1.075044408258763));
#4395=CARTESIAN_POINT('',(-1.694608210462946,4.322182540694800,-1.161634542961898));
#4396=CARTESIAN_POINT('',(-1.922425669768148,4.550000000000002,-1.222863014394342));
#4397=CARTESIAN_POINT('',(-2.244608210462945,4.550000000000002,-1.222863014394342));
#4398=CARTESIAN_POINT('',(-1.742891789537045,3.588598315902641,-2.068255933589741));
#4399=CARTESIAN_POINT('',(-1.742891789537045,3.877644246640288,-2.234844921462499));
#4400=CARTESIAN_POINT('',(-1.970709248842246,4.082030584339252,-2.352641124458329));
#4401=CARTESIAN_POINT('',(-2.292891789537044,4.082030584339254,-2.352641124458329));
#4402=CARTESIAN_POINT('',(-1.787499999999995,2.828427124746191,-2.828427124746191));
#4403=CARTESIAN_POINT('',(-1.787499999999995,3.056244584051393,-3.056244584051392));
#4404=CARTESIAN_POINT('',(-2.015317459305197,3.217335854398791,-3.217335854398791));
#4405=CARTESIAN_POINT('',(-2.337499999999996,3.217335854398792,-3.217335854398792));
#4406=CARTESIAN_POINT('',(-1.832108210462945,2.068255933589741,-3.588598315902641));
#4407=CARTESIAN_POINT('',(-1.832108210462945,2.234844921462499,-3.877644246640288));
#4408=CARTESIAN_POINT('',(-2.059925669768147,2.352641124458330,-4.082030584339252));
#4409=CARTESIAN_POINT('',(-2.382108210462945,2.352641124458329,-4.082030584339254));
#4410=CARTESIAN_POINT('',(-1.880391789537045,1.075044408258763,-4.000000000000002));
#4411=CARTESIAN_POINT('',(-1.880391789537045,1.161634542961898,-4.322182540694800));
#4412=CARTESIAN_POINT('',(-2.108209248842248,1.222863014394342,-4.550000000000002));
#4413=CARTESIAN_POINT('',(-2.430391789537045,1.222863014394342,-4.550000000000002));
#4414=CARTESIAN_POINT('',(-1.924999999999995,2.449213E-016,-4.0));
#4415=CARTESIAN_POINT('',(-1.924999999999994,2.646486E-016,-4.322182540694799));
#4416=CARTESIAN_POINT('',(-2.152817459305196,2.785979E-016,-4.550000000000002));
#4417=CARTESIAN_POINT('',(-2.474999999999995,2.785979E-016,-4.550000000000000));
#4418=CARTESIAN_POINT('',(-1.969608210462945,-1.075044408258762,-4.0));
#4419=CARTESIAN_POINT('',(-1.969608210462945,-1.161634542961898,-4.322182540694800));
#4420=CARTESIAN_POINT('',(-2.197425669768149,-1.222863014394342,-4.550000000000002));
#4421=CARTESIAN_POINT('',(-2.519608210462945,-1.222863014394342,-4.550000000000002));
#4422=CARTESIAN_POINT('',(-2.017891789537045,-2.068255933589741,-3.588598315902641));
#4423=CARTESIAN_POINT('',(-2.017891789537045,-2.234844921462499,-3.877644246640288));
#4424=CARTESIAN_POINT('',(-2.245709248842247,-2.352641124458329,-4.082030584339252));
#4425=CARTESIAN_POINT('',(-2.567891789537045,-2.352641124458329,-4.082030584339254));
#4426=CARTESIAN_POINT('',(-2.062499999999995,-2.828427124746191,-2.828427124746191));
#4427=CARTESIAN_POINT('',(-2.062499999999995,-3.056244584051392,-3.056244584051393));
#4428=CARTESIAN_POINT('',(-2.290317459305197,-3.217335854398791,-3.217335854398791));
#4429=CARTESIAN_POINT('',(-2.612499999999994,-3.217335854398792,-3.217335854398792));
#4430=CARTESIAN_POINT('',(-2.107108210462944,-3.588598315902641,-2.068255933589741));
#4431=CARTESIAN_POINT('',(-2.107108210462946,-3.877644246640288,-2.234844921462499));
#4432=CARTESIAN_POINT('',(-2.334925669768148,-4.082030584339252,-2.352641124458330));
#4433=CARTESIAN_POINT('',(-2.657108210462944,-4.082030584339254,-2.352641124458329));
#4434=CARTESIAN_POINT('',(-2.155391789537044,-4.000000000000002,-1.075044408258763));
#4435=CARTESIAN_POINT('',(-2.155391789537045,-4.322182540694800,-1.161634542961899));
#4436=CARTESIAN_POINT('',(-2.383209248842246,-4.550000000000002,-1.222863014394342));
#4437=CARTESIAN_POINT('',(-2.705391789537044,-4.550000000000002,-1.222863014394342));
#4438=CARTESIAN_POINT('',(-2.199999999999994,-4.0,-4.898425E-016));
#4439=CARTESIAN_POINT('',(-2.199999999999994,-4.322182540694799,-5.292972E-016));
#4440=CARTESIAN_POINT('',(-2.427817459305197,-4.550000000000002,-5.571959E-016));
#4441=CARTESIAN_POINT('',(-2.749999999999995,-4.550000000000000,-5.571959E-016));
#4442=CARTESIAN_POINT('',(-2.244608210462945,-4.000000000000002,1.075044408258762));
#4443=CARTESIAN_POINT('',(-2.244608210462945,-4.322182540694799,1.161634542961898));
#4444=CARTESIAN_POINT('',(-2.472425669768148,-4.550000000000002,1.222863014394342));
#4445=CARTESIAN_POINT('',(-2.794608210462945,-4.550000000000002,1.222863014394341));
#4446=CARTESIAN_POINT('',(-2.292891789537043,-3.588598315902641,2.068255933589741));
#4447=CARTESIAN_POINT('',(-2.292891789537044,-3.877644246640288,2.234844921462499));
#4448=CARTESIAN_POINT('',(-2.520709248842246,-4.082030584339252,2.352641124458329));
#4449=CARTESIAN_POINT('',(-2.842891789537045,-4.082030584339252,2.352641124458329));
#4450=CARTESIAN_POINT('',(-2.337499999999993,-2.828427124746191,2.828427124746189));
#4451=CARTESIAN_POINT('',(-2.337499999999994,-3.056244584051393,3.056244584051392));
#4452=CARTESIAN_POINT('',(-2.565317459305196,-3.217335854398791,3.217335854398791));
#4453=CARTESIAN_POINT('',(-2.887499999999994,-3.217335854398792,3.217335854398791));
#4454=CARTESIAN_POINT('',(-2.382108210462945,-2.068255933589741,3.588598315902640));
#4455=CARTESIAN_POINT('',(-2.382108210462945,-2.234844921462501,3.877644246640288));
#4456=CARTESIAN_POINT('',(-2.609925669768147,-2.352641124458332,4.082030584339252));
#4457=CARTESIAN_POINT('',(-2.932108210462944,-2.352641124458332,4.082030584339252));
#4458=CARTESIAN_POINT('',(-2.430391789537043,-1.075044408258764,4.0));
#4459=CARTESIAN_POINT('',(-2.430391789537044,-1.161634542961901,4.322182540694799));
#4460=CARTESIAN_POINT('',(-2.658209248842246,-1.222863014394345,4.550000000000002));
#4461=CARTESIAN_POINT('',(-2.980391789537044,-1.222863014394344,4.550000000000000));
#4462=CARTESIAN_POINT('',(-2.474999999999995,-7.347638E-016,4.0));
#4463=CARTESIAN_POINT('',(-2.474999999999995,-7.939458E-016,4.322182540694799));
#4464=CARTESIAN_POINT('',(-2.702817459305196,-8.357938E-016,4.550000000000002));
#4465=CARTESIAN_POINT('',(-3.024999999999996,-8.357938E-016,4.550000000000000));
#4466=CARTESIAN_POINT('',(-2.519608210462944,1.075044408258763,3.999999999999999));
#4467=CARTESIAN_POINT('',(-2.519608210462945,1.161634542961899,4.322182540694799));
#4468=CARTESIAN_POINT('',(-2.747425669768147,1.222863014394342,4.550000000000002));
#4469=CARTESIAN_POINT('',(-3.069608210462945,1.222863014394342,4.549999999999999));
#4470=CARTESIAN_POINT('',(-2.567891789537044,2.068255933589741,3.588598315902640));
#4471=CARTESIAN_POINT('',(-2.567891789537044,2.234844921462499,3.877644246640288));
#4472=CARTESIAN_POINT('',(-2.795709248842246,2.352641124458330,4.082030584339252));
#4473=CARTESIAN_POINT('',(-3.117891789537044,2.352641124458330,4.082030584339252));
#4474=CARTESIAN_POINT('',(-2.612499999999994,2.828427124746189,2.828427124746191));
#4475=CARTESIAN_POINT('',(-2.612499999999995,3.056244584051392,3.056244584051393));
#4476=CARTESIAN_POINT('',(-2.840317459305195,3.217335854398791,3.217335854398791));
#4477=CARTESIAN_POINT('',(-3.162499999999995,3.217335854398791,3.217335854398792));
#4478=CARTESIAN_POINT('',(-2.657108210462944,3.588598315902640,2.068255933589742));
#4479=CARTESIAN_POINT('',(-2.657108210462945,3.877644246640288,2.234844921462502));
#4480=CARTESIAN_POINT('',(-2.884925669768146,4.082030584339252,2.352641124458332));
#4481=CARTESIAN_POINT('',(-3.207108210462943,4.082030584339252,2.352641124458332));
#4482=CARTESIAN_POINT('',(-2.705391789537043,4.0,1.075044408258764));
#4483=CARTESIAN_POINT('',(-2.705391789537043,4.322182540694799,1.161634542961901));
#4484=CARTESIAN_POINT('',(-2.933209248842245,4.550000000000002,1.222863014394344));
#4485=CARTESIAN_POINT('',(-3.255391789537042,4.550000000000000,1.222863014394344));
#4486=CARTESIAN_POINT('',(-2.749999999999994,4.0,0.0));
#4487=CARTESIAN_POINT('',(-2.749999999999994,4.322182540694799,0.0));
#4488=CARTESIAN_POINT('',(-2.977817459305196,4.550000000000002,0.0));
#4489=CARTESIAN_POINT('',(-3.299999999999993,4.550000000000000,0.0));
#4490=CARTESIAN_POINT('',(-2.794608210462943,4.0,-1.075044408258763));
#4491=CARTESIAN_POINT('',(-2.794608210462945,4.322182540694800,-1.161634542961898));
#4492=CARTESIAN_POINT('',(-3.022425669768146,4.550000000000002,-1.222863014394342));
#4493=CARTESIAN_POINT('',(-3.344608210462944,4.550000000000002,-1.222863014394342));
#4494=CARTESIAN_POINT('',(-2.842891789537043,3.588598315902641,-2.068255933589741));
#4495=CARTESIAN_POINT('',(-2.842891789537043,3.877644246640288,-2.234844921462499));
#4496=CARTESIAN_POINT('',(-3.070709248842245,4.082030584339252,-2.352641124458329));
#4497=CARTESIAN_POINT('',(-3.392891789537045,4.082030584339254,-2.352641124458329));
#4498=CARTESIAN_POINT('',(-2.887499999999994,2.828427124746191,-2.828427124746191));
#4499=CARTESIAN_POINT('',(-2.887499999999994,3.056244584051393,-3.056244584051392));
#4500=CARTESIAN_POINT('',(-3.115317459305195,3.217335854398791,-3.217335854398791));
#4501=CARTESIAN_POINT('',(-3.437499999999993,3.217335854398792,-3.217335854398792));
#4502=CARTESIAN_POINT('',(-2.932108210462944,2.068255933589741,-3.588598315902641));
#4503=CARTESIAN_POINT('',(-2.932108210462945,2.234844921462499,-3.877644246640288));
#4504=CARTESIAN_POINT('',(-3.159925669768147,2.352641124458330,-4.082030584339252));
#4505=CARTESIAN_POINT('',(-3.482108210462944,2.352641124458329,-4.082030584339254));
#4506=CARTESIAN_POINT('',(-2.980391789537044,1.075044408258763,-4.000000000000002));
#4507=CARTESIAN_POINT('',(-2.980391789537042,1.161634542961898,-4.322182540694800));
#4508=CARTESIAN_POINT('',(-3.208209248842245,1.222863014394342,-4.550000000000002));
#4509=CARTESIAN_POINT('',(-3.530391789537045,1.222863014394342,-4.550000000000002));
#4510=CARTESIAN_POINT('',(-3.024999999999993,2.449213E-016,-4.0));
#4511=CARTESIAN_POINT('',(-3.024999999999993,2.646486E-016,-4.322182540694799));
#4512=CARTESIAN_POINT('',(-3.252817459305196,2.785979E-016,-4.550000000000002));
#4513=CARTESIAN_POINT('',(-3.574999999999993,2.785979E-016,-4.550000000000000));
#4514=CARTESIAN_POINT('',(-3.069608210462944,-1.075044408258762,-4.0));
#4515=CARTESIAN_POINT('',(-3.069608210462945,-1.161634542961898,-4.322182540694800));
#4516=CARTESIAN_POINT('',(-3.297425669768146,-1.222863014394342,-4.550000000000002));
#4517=CARTESIAN_POINT('',(-3.619608210462944,-1.222863014394342,-4.550000000000002));
#4518=CARTESIAN_POINT('',(-3.117891789537042,-2.068255933589741,-3.588598315902641));
#4519=CARTESIAN_POINT('',(-3.117891789537042,-2.234844921462499,-3.877644246640288));
#4520=CARTESIAN_POINT('',(-3.345709248842245,-2.352641124458329,-4.082030584339252));
#4521=CARTESIAN_POINT('',(-3.667891789537042,-2.352641124458329,-4.082030584339254));
#4522=CARTESIAN_POINT('',(-3.162499999999993,-2.828427124746191,-2.828427124746191));
#4523=CARTESIAN_POINT('',(-3.162499999999993,-3.056244584051392,-3.056244584051393));
#4524=CARTESIAN_POINT('',(-3.390317459305196,-3.217335854398791,-3.217335854398791));
#4525=CARTESIAN_POINT('',(-3.712499999999993,-3.217335854398792,-3.217335854398792));
#4526=CARTESIAN_POINT('',(-3.207108210462943,-3.588598315902640,-2.068255933589741));
#4527=CARTESIAN_POINT('',(-3.207108210462943,-3.877644246640288,-2.234844921462499));
#4528=CARTESIAN_POINT('',(-3.434925669768145,-4.082030584339252,-2.352641124458329));
#4529=CARTESIAN_POINT('',(-3.757108210462944,-4.082030584339252,-2.352641124458330));
#4530=CARTESIAN_POINT('',(-3.255391789537042,-4.0,-1.075044408258763));
#4531=CARTESIAN_POINT('',(-3.255391789537043,-4.322182540694799,-1.161634542961899));
#4532=CARTESIAN_POINT('',(-3.483209248842245,-4.550000000000002,-1.222863014394342));
#4533=CARTESIAN_POINT('',(-3.805391789537041,-4.550000000000002,-1.222863014394342));
#4534=CARTESIAN_POINT('',(-3.299999999999992,-4.0,-4.898425E-016));
#4535=CARTESIAN_POINT('',(-3.299999999999992,-4.322182540694799,-5.292972E-016));
#4536=CARTESIAN_POINT('',(-3.527817459305193,-4.550000000000002,-5.571959E-016));
#4537=CARTESIAN_POINT('',(-3.849999999999993,-4.550000000000000,-5.571959E-016));
#4538=CARTESIAN_POINT('',(-3.344608210462941,-3.999999999999999,1.075044408258762));
#4539=CARTESIAN_POINT('',(-3.344608210462941,-4.322182540694799,1.161634542961898));
#4540=CARTESIAN_POINT('',(-3.572425669768146,-4.550000000000002,1.222863014394342));
#4541=CARTESIAN_POINT('',(-3.894608210462942,-4.550000000000000,1.222863014394341));
#4542=CARTESIAN_POINT('',(-3.392891789537042,-3.588598315902640,2.068255933589740));
#4543=CARTESIAN_POINT('',(-3.392891789537042,-3.877644246640288,2.234844921462499));
#4544=CARTESIAN_POINT('',(-3.620709248842245,-4.082030584339252,2.352641124458329));
#4545=CARTESIAN_POINT('',(-3.942891789537041,-4.082030584339252,2.352641124458328));
#4546=CARTESIAN_POINT('',(-3.437499999999993,-2.828427124746191,2.828427124746189));
#4547=CARTESIAN_POINT('',(-3.437499999999993,-3.056244584051393,3.056244584051392));
#4548=CARTESIAN_POINT('',(-3.665317459305193,-3.217335854398791,3.217335854398791));
#4549=CARTESIAN_POINT('',(-3.987499999999993,-3.217335854398792,3.217335854398791));
#4550=CARTESIAN_POINT('',(-3.482108210462942,-2.068255933589742,3.588598315902640));
#4551=CARTESIAN_POINT('',(-3.482108210462942,-2.234844921462501,3.877644246640286));
#4552=CARTESIAN_POINT('',(-3.709925669768144,-2.352641124458332,4.082030584339252));
#4553=CARTESIAN_POINT('',(-4.032108210462941,-2.352641124458331,4.082030584339252));
#4554=CARTESIAN_POINT('',(-3.530391789537041,-1.075044408258764,4.0));
#4555=CARTESIAN_POINT('',(-3.530391789537041,-1.161634542961901,4.322182540694799));
#4556=CARTESIAN_POINT('',(-3.758209248842245,-1.222863014394344,4.550000000000000));
#4557=CARTESIAN_POINT('',(-4.080391789537041,-1.222863014394344,4.550000000000000));
#4558=CARTESIAN_POINT('',(-3.574999999999993,-7.347638E-016,4.0));
#4559=CARTESIAN_POINT('',(-3.574999999999993,-7.939458E-016,4.322182540694799));
#4560=CARTESIAN_POINT('',(-3.802817459305194,-8.357938E-016,4.550000000000002));
#4561=CARTESIAN_POINT('',(-4.124999999999991,-8.357938E-016,4.550000000000000));
#4562=CARTESIAN_POINT('',(-3.619608210462941,1.075044408258763,3.999999999999999));
#4563=CARTESIAN_POINT('',(-3.619608210462944,1.161634542961898,4.322182540694799));
#4564=CARTESIAN_POINT('',(-3.847425669768144,1.222863014394342,4.550000000000000));
#4565=CARTESIAN_POINT('',(-4.169608210462941,1.222863014394342,4.549999999999999));
#4566=CARTESIAN_POINT('',(-3.667891789537040,2.068255933589740,3.588598315902640));
#4567=CARTESIAN_POINT('',(-3.667891789537041,2.234844921462499,3.877644246640288));
#4568=CARTESIAN_POINT('',(-3.895709248842243,2.352641124458330,4.082030584339252));
#4569=CARTESIAN_POINT('',(-4.217891789537042,2.352641124458329,4.082030584339252));
#4570=CARTESIAN_POINT('',(-3.712499999999992,2.828427124746189,2.828427124746191));
#4571=CARTESIAN_POINT('',(-3.712499999999992,3.056244584051392,3.056244584051393));
#4572=CARTESIAN_POINT('',(-3.940317459305193,3.217335854398790,3.217335854398791));
#4573=CARTESIAN_POINT('',(-4.262499999999990,3.217335854398791,3.217335854398792));
#4574=CARTESIAN_POINT('',(-3.757108210462941,3.588598315902640,2.068255933589742));
#4575=CARTESIAN_POINT('',(-3.757108210462942,3.877644246640286,2.234844921462502));
#4576=CARTESIAN_POINT('',(-3.984925669768145,4.082030584339252,2.352641124458332));
#4577=CARTESIAN_POINT('',(-4.307108210462941,4.082030584339252,2.352641124458332));
#4578=CARTESIAN_POINT('',(-3.805391789537041,4.0,1.075044408258764));
#4579=CARTESIAN_POINT('',(-3.805391789537040,4.322182540694799,1.161634542961901));
#4580=CARTESIAN_POINT('',(-4.033209248842243,4.550000000000000,1.222863014394344));
#4581=CARTESIAN_POINT('',(-4.355391789537042,4.550000000000000,1.222863014394344));
#4582=CARTESIAN_POINT('',(-3.849999999999992,4.0,0.0));
#4583=CARTESIAN_POINT('',(-3.849999999999990,4.322182540694799,0.0));
#4584=CARTESIAN_POINT('',(-4.077817459305192,4.550000000000002,0.0));
#4585=CARTESIAN_POINT('',(-4.399999999999991,4.550000000000000,0.0));
#4586=CARTESIAN_POINT('',(-3.894608210462942,4.000000000000002,-1.075044408258762));
#4587=CARTESIAN_POINT('',(-3.894608210462943,4.322182540694799,-1.161634542961898));
#4588=CARTESIAN_POINT('',(-4.122425669768144,4.550000000000002,-1.222863014394342));
#4589=CARTESIAN_POINT('',(-4.444608210462940,4.550000000000002,-1.222863014394342));
#4590=CARTESIAN_POINT('',(-3.942891789537041,3.588598315902640,-2.068255933589741));
#4591=CARTESIAN_POINT('',(-3.942891789537042,3.877644246640288,-2.234844921462499));
#4592=CARTESIAN_POINT('',(-4.170709248842243,4.082030584339252,-2.352641124458329));
#4593=CARTESIAN_POINT('',(-4.492891789537042,4.082030584339252,-2.352641124458329));
#4594=CARTESIAN_POINT('',(-3.987499999999989,2.828427124746191,-2.828427124746189));
#4595=CARTESIAN_POINT('',(-3.987499999999991,3.056244584051393,-3.056244584051392));
#4596=CARTESIAN_POINT('',(-4.215317459305191,3.217335854398791,-3.217335854398791));
#4597=CARTESIAN_POINT('',(-4.537499999999991,3.217335854398792,-3.217335854398791));
#4598=CARTESIAN_POINT('',(-4.032108210462941,2.068255933589740,-3.588598315902640));
#4599=CARTESIAN_POINT('',(-4.032108210462941,2.234844921462499,-3.877644246640288));
#4600=CARTESIAN_POINT('',(-4.259925669768143,2.352641124458329,-4.082030584339252));
#4601=CARTESIAN_POINT('',(-4.582108210462941,2.352641124458329,-4.082030584339252));
#4602=CARTESIAN_POINT('',(-4.080391789537040,1.075044408258763,-3.999999999999999));
#4603=CARTESIAN_POINT('',(-4.080391789537041,1.161634542961898,-4.322182540694799));
#4604=CARTESIAN_POINT('',(-4.308209248842242,1.222863014394342,-4.550000000000002));
#4605=CARTESIAN_POINT('',(-4.630391789537041,1.222863014394342,-4.550000000000000));
#4606=CARTESIAN_POINT('',(-4.124999999999989,2.449213E-016,-4.0));
#4607=CARTESIAN_POINT('',(-4.124999999999989,2.646486E-016,-4.322182540694797));
#4608=CARTESIAN_POINT('',(-4.352817459305191,2.785979E-016,-4.550000000000002));
#4609=CARTESIAN_POINT('',(-4.674999999999992,2.785979E-016,-4.550000000000000));
#4610=CARTESIAN_POINT('',(-4.169608210462942,-1.075044408258762,-4.000000000000002));
#4611=CARTESIAN_POINT('',(-4.169608210462942,-1.161634542961898,-4.322182540694799));
#4612=CARTESIAN_POINT('',(-4.397425669768142,-1.222863014394342,-4.550000000000002));
#4613=CARTESIAN_POINT('',(-4.719608210462940,-1.222863014394342,-4.550000000000002));
#4614=CARTESIAN_POINT('',(-4.217891789537037,-2.068255933589741,-3.588598315902640));
#4615=CARTESIAN_POINT('',(-4.217891789537042,-2.234844921462499,-3.877644246640288));
#4616=CARTESIAN_POINT('',(-4.445709248842242,-2.352641124458329,-4.082030584339252));
#4617=CARTESIAN_POINT('',(-4.767891789537043,-2.352641124458329,-4.082030584339252));
#4618=CARTESIAN_POINT('',(-4.262499999999990,-2.828427124746189,-2.828427124746191));
#4619=CARTESIAN_POINT('',(-4.262499999999990,-3.056244584051392,-3.056244584051393));
#4620=CARTESIAN_POINT('',(-4.490317459305190,-3.217335854398791,-3.217335854398791));
#4621=CARTESIAN_POINT('',(-4.812499999999989,-3.217335854398791,-3.217335854398792));
#4622=CARTESIAN_POINT('',(-4.307108210462938,-3.588598315902640,-2.068255933589740));
#4623=CARTESIAN_POINT('',(-4.307108210462941,-3.877644246640288,-2.234844921462499));
#4624=CARTESIAN_POINT('',(-4.534925669768144,-4.082030584339252,-2.352641124458329));
#4625=CARTESIAN_POINT('',(-4.857108210462938,-4.082030584339252,-2.352641124458329));
#4626=CARTESIAN_POINT('',(-4.355391789537037,-3.999999999999999,-1.075044408258763));
#4627=CARTESIAN_POINT('',(-4.355391789537039,-4.322182540694799,-1.161634542961899));
#4628=CARTESIAN_POINT('',(-4.583209248842242,-4.550000000000002,-1.222863014394342));
#4629=CARTESIAN_POINT('',(-4.905391789537037,-4.550000000000000,-1.222863014394342));
#4630=CARTESIAN_POINT('',(-4.399999999999990,-4.0,-4.898425E-016));
#4631=CARTESIAN_POINT('',(-4.399999999999987,-4.322182540694797,-5.292972E-016));
#4632=CARTESIAN_POINT('',(-4.627817459305191,-4.550000000000002,-5.571959E-016));
#4633=CARTESIAN_POINT('',(-4.949999999999990,-4.550000000000000,-5.571959E-016));
#4634=CARTESIAN_POINT('',(-4.444608210462938,-4.000000000000002,1.075044408258762));
#4635=CARTESIAN_POINT('',(-4.444608210462940,-4.322182540694799,1.161634542961898));
#4636=CARTESIAN_POINT('',(-4.672425669768144,-4.550000000000002,1.222863014394342));
#4637=CARTESIAN_POINT('',(-4.994608210462941,-4.550000000000002,1.222863014394341));
#4638=CARTESIAN_POINT('',(-4.492891789537039,-3.588598315902641,2.068255933589741));
#4639=CARTESIAN_POINT('',(-4.492891789537042,-3.877644246640288,2.234844921462499));
#4640=CARTESIAN_POINT('',(-4.720709248842242,-4.082030584339252,2.352641124458329));
#4641=CARTESIAN_POINT('',(-5.042891789537042,-4.082030584339252,2.352641124458329));
#4642=CARTESIAN_POINT('',(-4.537499999999990,-2.828427124746191,2.828427124746189));
#4643=CARTESIAN_POINT('',(-4.537499999999989,-3.056244584051393,3.056244584051392));
#4644=CARTESIAN_POINT('',(-4.765317459305191,-3.217335854398791,3.217335854398791));
#4645=CARTESIAN_POINT('',(-5.087499999999991,-3.217335854398792,3.217335854398791));
#4646=CARTESIAN_POINT('',(-4.582108210462939,-2.068255933589741,3.588598315902640));
#4647=CARTESIAN_POINT('',(-4.582108210462941,-2.234844921462501,3.877644246640286));
#4648=CARTESIAN_POINT('',(-4.809925669768143,-2.352641124458332,4.082030584339252));
#4649=CARTESIAN_POINT('',(-5.132108210462939,-2.352641124458331,4.082030584339252));
#4650=CARTESIAN_POINT('',(-4.630391789537037,-1.075044408258764,3.999999999999999));
#4651=CARTESIAN_POINT('',(-4.630391789537040,-1.161634542961901,4.322182540694799));
#4652=CARTESIAN_POINT('',(-4.858209248842242,-1.222863014394344,4.550000000000000));
#4653=CARTESIAN_POINT('',(-5.180391789537037,-1.222863014394344,4.549999999999999));
#4654=CARTESIAN_POINT('',(-4.674999999999989,-7.347638E-016,4.0));
#4655=CARTESIAN_POINT('',(-4.674999999999989,-7.939458E-016,4.322182540694797));
#4656=CARTESIAN_POINT('',(-4.902817459305191,-8.357938E-016,4.550000000000002));
#4657=CARTESIAN_POINT('',(-5.224999999999987,-8.357938E-016,4.550000000000000));
#4658=CARTESIAN_POINT('',(-4.719608210462940,1.075044408258763,4.0));
#4659=CARTESIAN_POINT('',(-4.719608210462939,1.161634542961898,4.322182540694799));
#4660=CARTESIAN_POINT('',(-4.947425669768143,1.222863014394342,4.550000000000000));
#4661=CARTESIAN_POINT('',(-5.269608210462939,1.222863014394342,4.550000000000000));
#4662=CARTESIAN_POINT('',(-4.767891789537040,2.068255933589741,3.588598315902640));
#4663=CARTESIAN_POINT('',(-4.767891789537037,2.234844921462499,3.877644246640288));
#4664=CARTESIAN_POINT('',(-4.995709248842242,2.352641124458330,4.082030584339252));
#4665=CARTESIAN_POINT('',(-5.317891789537041,2.352641124458330,4.082030584339252));
#4666=CARTESIAN_POINT('',(-4.812499999999989,2.828427124746189,2.828427124746191));
#4667=CARTESIAN_POINT('',(-4.812499999999988,3.056244584051392,3.056244584051393));
#4668=CARTESIAN_POINT('',(-5.040317459305193,3.217335854398790,3.217335854398791));
#4669=CARTESIAN_POINT('',(-5.362499999999989,3.217335854398791,3.217335854398792));
#4670=CARTESIAN_POINT('',(-4.857108210462937,3.588598315902640,2.068255933589742));
#4671=CARTESIAN_POINT('',(-4.857108210462937,3.877644246640286,2.234844921462502));
#4672=CARTESIAN_POINT('',(-5.084925669768142,4.082030584339252,2.352641124458332));
#4673=CARTESIAN_POINT('',(-5.407108210462937,4.082030584339252,2.352641124458332));
#4674=CARTESIAN_POINT('',(-4.905391789537037,3.999999999999999,1.075044408258764));
#4675=CARTESIAN_POINT('',(-4.905391789537037,4.322182540694799,1.161634542961901));
#4676=CARTESIAN_POINT('',(-5.133209248842242,4.550000000000000,1.222863014394344));
#4677=CARTESIAN_POINT('',(-5.455391789537037,4.549999999999999,1.222863014394344));
#4678=CARTESIAN_POINT('',(-4.949999999999987,4.0,0.0));
#4679=CARTESIAN_POINT('',(-4.949999999999990,4.322182540694797,0.0));
#4680=CARTESIAN_POINT('',(-5.177817459305190,4.550000000000002,0.0));
#4681=CARTESIAN_POINT('',(-5.499999999999990,4.550000000000000,0.0));
#4682=CARTESIAN_POINT('',(-4.994608210462937,4.000000000000002,-1.075044408258762));
#4683=CARTESIAN_POINT('',(-4.994608210462941,4.322182540694799,-1.161634542961898));
#4684=CARTESIAN_POINT('',(-5.222425669768143,4.550000000000002,-1.222863014394342));
#4685=CARTESIAN_POINT('',(-5.544608210462938,4.550000000000002,-1.222863014394342));
#4686=CARTESIAN_POINT('',(-5.042891789537038,3.588598315902640,-2.068255933589741));
#4687=CARTESIAN_POINT('',(-5.042891789537038,3.877644246640288,-2.234844921462499));
#4688=CARTESIAN_POINT('',(-5.270709248842240,4.082030584339252,-2.352641124458329));
#4689=CARTESIAN_POINT('',(-5.592891789537038,4.082030584339252,-2.352641124458329));
#4690=CARTESIAN_POINT('',(-5.087499999999987,2.828427124746191,-2.828427124746189));
#4691=CARTESIAN_POINT('',(-5.087499999999986,3.056244584051393,-3.056244584051392));
#4692=CARTESIAN_POINT('',(-5.315317459305190,3.217335854398791,-3.217335854398791));
#4693=CARTESIAN_POINT('',(-5.637499999999988,3.217335854398792,-3.217335854398791));
#4694=CARTESIAN_POINT('',(-5.132108210462937,2.068255933589741,-3.588598315902640));
#4695=CARTESIAN_POINT('',(-5.132108210462937,2.234844921462499,-3.877644246640288));
#4696=CARTESIAN_POINT('',(-5.359925669768143,2.352641124458329,-4.082030584339252));
#4697=CARTESIAN_POINT('',(-5.682108210462941,2.352641124458329,-4.082030584339252));
#4698=CARTESIAN_POINT('',(-5.180391789537037,1.075044408258763,-4.0));
#4699=CARTESIAN_POINT('',(-5.180391789537040,1.161634542961898,-4.322182540694799));
#4700=CARTESIAN_POINT('',(-5.408209248842240,1.222863014394342,-4.550000000000002));
#4701=CARTESIAN_POINT('',(-5.730391789537038,1.222863014394342,-4.550000000000002));
#4702=CARTESIAN_POINT('',(-5.224999999999987,2.449213E-016,-4.0));
#4703=CARTESIAN_POINT('',(-5.224999999999989,2.646486E-016,-4.322182540694799));
#4704=CARTESIAN_POINT('',(-5.452817459305190,2.785979E-016,-4.550000000000002));
#4705=CARTESIAN_POINT('',(-5.774999999999989,2.785979E-016,-4.550000000000000));
#4706=CARTESIAN_POINT('',(-5.269608210462936,-1.075044408258762,-3.999999999999999));
#4707=CARTESIAN_POINT('',(-5.269608210462941,-1.161634542961898,-4.322182540694799));
#4708=CARTESIAN_POINT('',(-5.497425669768139,-1.222863014394342,-4.550000000000002));
#4709=CARTESIAN_POINT('',(-5.819608210462937,-1.222863014394342,-4.550000000000000));
#4710=CARTESIAN_POINT('',(-5.317891789537038,-2.068255933589740,-3.588598315902640));
#4711=CARTESIAN_POINT('',(-5.317891789537041,-2.234844921462499,-3.877644246640288));
#4712=CARTESIAN_POINT('',(-5.545709248842242,-2.352641124458329,-4.082030584339252));
#4713=CARTESIAN_POINT('',(-5.867891789537035,-2.352641124458329,-4.082030584339252));
#4714=CARTESIAN_POINT('',(-5.362499999999988,-2.828427124746189,-2.828427124746191));
#4715=CARTESIAN_POINT('',(-5.362499999999988,-3.056244584051392,-3.056244584051393));
#4716=CARTESIAN_POINT('',(-5.590317459305187,-3.217335854398791,-3.217335854398791));
#4717=CARTESIAN_POINT('',(-5.912499999999989,-3.217335854398791,-3.217335854398792));
#4718=CARTESIAN_POINT('',(-5.407108210462937,-3.588598315902640,-2.068255933589741));
#4719=CARTESIAN_POINT('',(-5.407108210462938,-3.877644246640288,-2.234844921462499));
#4720=CARTESIAN_POINT('',(-5.634925669768140,-4.082030584339252,-2.352641124458329));
#4721=CARTESIAN_POINT('',(-5.957108210462939,-4.082030584339252,-2.352641124458330));
#4722=CARTESIAN_POINT('',(-5.455391789537037,-4.0,-1.075044408258763));
#4723=CARTESIAN_POINT('',(-5.455391789537037,-4.322182540694799,-1.161634542961899));
#4724=CARTESIAN_POINT('',(-5.683209248842242,-4.550000000000002,-1.222863014394342));
#4725=CARTESIAN_POINT('',(-6.005391789537038,-4.550000000000002,-1.222863014394342));
#4726=CARTESIAN_POINT('',(-5.499999999999989,-4.0,-4.898425E-016));
#4727=CARTESIAN_POINT('',(-5.499999999999988,-4.322182540694799,-5.292972E-016));
#4728=CARTESIAN_POINT('',(-5.727817459305190,-4.550000000000002,-5.571959E-016));
#4729=CARTESIAN_POINT('',(-6.049999999999988,-4.550000000000000,-5.571959E-016));
#4730=CARTESIAN_POINT('',(-5.544608210462937,-3.999999999999999,1.075044408258762));
#4731=CARTESIAN_POINT('',(-5.544608210462937,-4.322182540694799,1.161634542961898));
#4732=CARTESIAN_POINT('',(-5.772425669768140,-4.550000000000002,1.222863014394342));
#4733=CARTESIAN_POINT('',(-6.094608210462936,-4.550000000000000,1.222863014394341));
#4734=CARTESIAN_POINT('',(-5.592891789537038,-3.588598315902640,2.068255933589740));
#4735=CARTESIAN_POINT('',(-5.592891789537039,-3.877644246640288,2.234844921462499));
#4736=CARTESIAN_POINT('',(-5.820709248842238,-4.082030584339252,2.352641124458329));
#4737=CARTESIAN_POINT('',(-6.142891789537036,-4.082030584339252,2.352641124458328));
#4738=CARTESIAN_POINT('',(-5.637499999999988,-2.828427124746191,2.828427124746189));
#4739=CARTESIAN_POINT('',(-5.637499999999989,-3.056244584051393,3.056244584051392));
#4740=CARTESIAN_POINT('',(-5.865317459305190,-3.217335854398791,3.217335854398791));
#4741=CARTESIAN_POINT('',(-6.187499999999987,-3.217335854398792,3.217335854398791));
#4742=CARTESIAN_POINT('',(-5.682108210462936,-2.068255933589742,3.588598315902640));
#4743=CARTESIAN_POINT('',(-5.682108210462937,-2.234844921462501,3.877644246640286));
#4744=CARTESIAN_POINT('',(-5.909925669768140,-2.352641124458332,4.082030584339252));
#4745=CARTESIAN_POINT('',(-6.232108210462936,-2.352641124458331,4.082030584339252));
#4746=CARTESIAN_POINT('',(-5.730391789537038,-1.075044408258764,4.0));
#4747=CARTESIAN_POINT('',(-5.730391789537039,-1.161634542961901,4.322182540694799));
#4748=CARTESIAN_POINT('',(-5.958209248842240,-1.222863014394344,4.550000000000000));
#4749=CARTESIAN_POINT('',(-6.280391789537037,-1.222863014394344,4.550000000000000));
#4750=CARTESIAN_POINT('',(-5.774999999999987,-7.347638E-016,4.0));
#4751=CARTESIAN_POINT('',(-5.774999999999987,-7.939458E-016,4.322182540694799));
#4752=CARTESIAN_POINT('',(-6.002817459305190,-8.357938E-016,4.550000000000002));
#4753=CARTESIAN_POINT('',(-6.324999999999987,-8.357938E-016,4.550000000000000));
#4754=CARTESIAN_POINT('',(-5.819608210462937,1.075044408258763,3.999999999999999));
#4755=CARTESIAN_POINT('',(-5.819608210462937,1.161634542961898,4.322182540694799));
#4756=CARTESIAN_POINT('',(-6.047425669768140,1.222863014394342,4.550000000000000));
#4757=CARTESIAN_POINT('',(-6.369608210462936,1.222863014394342,4.549999999999999));
#4758=CARTESIAN_POINT('',(-5.867891789537034,2.068255933589740,3.588598315902640));
#4759=CARTESIAN_POINT('',(-5.867891789537038,2.234844921462499,3.877644246640288));
#4760=CARTESIAN_POINT('',(-6.095709248842237,2.352641124458330,4.082030584339252));
#4761=CARTESIAN_POINT('',(-6.417891789537036,2.352641124458329,4.082030584339252));
#4762=CARTESIAN_POINT('',(-5.912499999999986,2.828427124746189,2.828427124746191));
#4763=CARTESIAN_POINT('',(-5.912499999999986,3.056244584051392,3.056244584051393));
#4764=CARTESIAN_POINT('',(-6.140317459305188,3.217335854398790,3.217335854398791));
#4765=CARTESIAN_POINT('',(-6.462499999999986,3.217335854398791,3.217335854398792));
#4766=CARTESIAN_POINT('',(-5.957108210462936,3.588598315902640,2.068255933589742));
#4767=CARTESIAN_POINT('',(-5.957108210462936,3.877644246640286,2.234844921462502));
#4768=CARTESIAN_POINT('',(-6.184925669768142,4.082030584339252,2.352641124458332));
#4769=CARTESIAN_POINT('',(-6.507108210462937,4.082030584339252,2.352641124458332));
#4770=CARTESIAN_POINT('',(-6.005391789537034,4.0,1.075044408258764));
#4771=CARTESIAN_POINT('',(-6.005391789537037,4.322182540694799,1.161634542961901));
#4772=CARTESIAN_POINT('',(-6.233209248842239,4.550000000000000,1.222863014394344));
#4773=CARTESIAN_POINT('',(-6.555391789537035,4.550000000000000,1.222863014394344));
#4774=CARTESIAN_POINT('',(-6.049999999999987,4.0,0.0));
#4775=CARTESIAN_POINT('',(-6.049999999999985,4.322182540694799,0.0));
#4776=CARTESIAN_POINT('',(-6.277817459305190,4.550000000000002,0.0));
#4777=CARTESIAN_POINT('',(-6.599999999999985,4.550000000000000,0.0));
#4778=CARTESIAN_POINT('',(-6.094608210462934,4.000000000000002,-1.075044408258762));
#4779=CARTESIAN_POINT('',(-6.094608210462940,4.322182540694799,-1.161634542961898));
#4780=CARTESIAN_POINT('',(-6.322425669768142,4.550000000000002,-1.222863014394342));
#4781=CARTESIAN_POINT('',(-6.644608210462939,4.550000000000002,-1.222863014394342));
#4782=CARTESIAN_POINT('',(-6.142891789537036,3.588598315902640,-2.068255933589741));
#4783=CARTESIAN_POINT('',(-6.142891789537037,3.877644246640288,-2.234844921462499));
#4784=CARTESIAN_POINT('',(-6.370709248842239,4.082030584339252,-2.352641124458329));
#4785=CARTESIAN_POINT('',(-6.692891789537034,4.082030584339252,-2.352641124458329));
#4786=CARTESIAN_POINT('',(-6.187499999999987,2.828427124746191,-2.828427124746189));
#4787=CARTESIAN_POINT('',(-6.187499999999987,3.056244584051393,-3.056244584051392));
#4788=CARTESIAN_POINT('',(-6.415317459305188,3.217335854398791,-3.217335854398791));
#4789=CARTESIAN_POINT('',(-6.737499999999987,3.217335854398792,-3.217335854398791));
#4790=CARTESIAN_POINT('',(-6.232108210462935,2.068255933589740,-3.588598315902640));
#4791=CARTESIAN_POINT('',(-6.232108210462936,2.234844921462499,-3.877644246640288));
#4792=CARTESIAN_POINT('',(-6.459925669768141,2.352641124458329,-4.082030584339252));
#4793=CARTESIAN_POINT('',(-6.782108210462935,2.352641124458329,-4.082030584339252));
#4794=CARTESIAN_POINT('',(-6.280391789537032,1.075044408258763,-3.999999999999999));
#4795=CARTESIAN_POINT('',(-6.280391789537035,1.161634542961898,-4.322182540694799));
#4796=CARTESIAN_POINT('',(-6.508209248842239,1.222863014394342,-4.550000000000002));
#4797=CARTESIAN_POINT('',(-6.830391789537035,1.222863014394342,-4.550000000000000));
#4798=CARTESIAN_POINT('',(-6.324999999999985,2.449213E-016,-4.0));
#4799=CARTESIAN_POINT('',(-6.324999999999985,2.646486E-016,-4.322182540694797));
#4800=CARTESIAN_POINT('',(-6.552817459305187,2.785979E-016,-4.550000000000002));
#4801=CARTESIAN_POINT('',(-6.874999999999987,2.785979E-016,-4.550000000000000));
#4802=CARTESIAN_POINT('',(-6.369608210462937,-1.075044408258762,-4.000000000000002));
#4803=CARTESIAN_POINT('',(-6.369608210462937,-1.161634542961898,-4.322182540694799));
#4804=CARTESIAN_POINT('',(-6.597425669768137,-1.222863014394342,-4.550000000000002));
#4805=CARTESIAN_POINT('',(-6.919608210462938,-1.222863014394342,-4.550000000000002));
#4806=CARTESIAN_POINT('',(-6.417891789537036,-2.068255933589741,-3.588598315902640));
#4807=CARTESIAN_POINT('',(-6.417891789537036,-2.234844921462499,-3.877644246640288));
#4808=CARTESIAN_POINT('',(-6.645709248842238,-2.352641124458329,-4.082030584339252));
#4809=CARTESIAN_POINT('',(-6.967891789537035,-2.352641124458329,-4.082030584339252));
#4810=CARTESIAN_POINT('',(-6.462499999999984,-2.828427124746189,-2.828427124746191));
#4811=CARTESIAN_POINT('',(-6.462499999999985,-3.056244584051392,-3.056244584051393));
#4812=CARTESIAN_POINT('',(-6.690317459305186,-3.217335854398791,-3.217335854398791));
#4813=CARTESIAN_POINT('',(-7.012499999999986,-3.217335854398791,-3.217335854398792));
#4814=CARTESIAN_POINT('',(-6.507108210462933,-3.588598315902640,-2.068255933589740));
#4815=CARTESIAN_POINT('',(-6.507108210462937,-3.877644246640288,-2.234844921462499));
#4816=CARTESIAN_POINT('',(-6.734925669768140,-4.082030584339252,-2.352641124458329));
#4817=CARTESIAN_POINT('',(-7.057108210462938,-4.082030584339252,-2.352641124458329));
#4818=CARTESIAN_POINT('',(-6.555391789537032,-3.999999999999999,-1.075044408258763));
#4819=CARTESIAN_POINT('',(-6.555391789537035,-4.322182540694799,-1.161634542961899));
#4820=CARTESIAN_POINT('',(-6.783209248842239,-4.550000000000002,-1.222863014394342));
#4821=CARTESIAN_POINT('',(-7.105391789537032,-4.550000000000000,-1.222863014394342));
#4822=CARTESIAN_POINT('',(-6.599999999999985,-4.0,-4.898425E-016));
#4823=CARTESIAN_POINT('',(-6.599999999999985,-4.322182540694797,-5.292972E-016));
#4824=CARTESIAN_POINT('',(-6.827817459305186,-4.550000000000002,-5.571959E-016));
#4825=CARTESIAN_POINT('',(-7.149999999999986,-4.550000000000000,-5.571959E-016));
#4826=CARTESIAN_POINT('',(-6.644608210462937,-4.000000000000002,1.075044408258762));
#4827=CARTESIAN_POINT('',(-6.644608210462937,-4.322182540694799,1.161634542961898));
#4828=CARTESIAN_POINT('',(-6.872425669768138,-4.550000000000002,1.222863014394342));
#4829=CARTESIAN_POINT('',(-7.194608210462937,-4.550000000000002,1.222863014394341));
#4830=CARTESIAN_POINT('',(-6.692891789537034,-3.588598315902641,2.068255933589741));
#4831=CARTESIAN_POINT('',(-6.692891789537034,-3.877644246640288,2.234844921462499));
#4832=CARTESIAN_POINT('',(-6.920709248842238,-4.082030584339252,2.352641124458329));
#4833=CARTESIAN_POINT('',(-7.242891789537036,-4.082030584339252,2.352641124458329));
#4834=CARTESIAN_POINT('',(-6.737499999999987,-2.828427124746191,2.828427124746189));
#4835=CARTESIAN_POINT('',(-6.737499999999985,-3.056244584051393,3.056244584051392));
#4836=CARTESIAN_POINT('',(-6.965317459305186,-3.217335854398791,3.217335854398791));
#4837=CARTESIAN_POINT('',(-7.287499999999985,-3.217335854398792,3.217335854398791));
#4838=CARTESIAN_POINT('',(-6.782108210462935,-2.068255933589741,3.588598315902640));
#4839=CARTESIAN_POINT('',(-6.782108210462937,-2.234844921462501,3.877644246640286));
#4840=CARTESIAN_POINT('',(-7.009925669768139,-2.352641124458332,4.082030584339252));
#4841=CARTESIAN_POINT('',(-7.332108210462934,-2.352641124458331,4.082030584339252));
#4842=CARTESIAN_POINT('',(-6.830391789537033,-1.075044408258764,3.999999999999999));
#4843=CARTESIAN_POINT('',(-6.830391789537033,-1.161634542961901,4.322182540694799));
#4844=CARTESIAN_POINT('',(-7.058209248842237,-1.222863014394344,4.550000000000000));
#4845=CARTESIAN_POINT('',(-7.380391789537031,-1.222863014394344,4.549999999999999));
#4846=CARTESIAN_POINT('',(-6.874999999999984,-7.347638E-016,4.0));
#4847=CARTESIAN_POINT('',(-6.874999999999983,-7.939458E-016,4.322182540694797));
#4848=CARTESIAN_POINT('',(-7.102817459305186,-8.357938E-016,4.550000000000002));
#4849=CARTESIAN_POINT('',(-7.424999999999987,-8.357938E-016,4.550000000000000));
#4850=CARTESIAN_POINT('',(-6.919608210462935,1.075044408258763,4.0));
#4851=CARTESIAN_POINT('',(-6.919608210462938,1.161634542961898,4.322182540694799));
#4852=CARTESIAN_POINT('',(-7.147425669768137,1.222863014394342,4.550000000000000));
#4853=CARTESIAN_POINT('',(-7.469608210462937,1.222863014394342,4.550000000000000));
#4854=CARTESIAN_POINT('',(-6.967891789537033,2.068255933589741,3.588598315902640));
#4855=CARTESIAN_POINT('',(-6.967891789537033,2.234844921462499,3.877644246640288));
#4856=CARTESIAN_POINT('',(-7.195709248842237,2.352641124458330,4.082030584339252));
#4857=CARTESIAN_POINT('',(-7.517891789537032,2.352641124458330,4.082030584339252));
#4858=CARTESIAN_POINT('',(-7.012499999999983,2.828427124746189,2.828427124746191));
#4859=CARTESIAN_POINT('',(-7.012499999999986,3.056244584051392,3.056244584051393));
#4860=CARTESIAN_POINT('',(-7.240317459305183,3.217335854398790,3.217335854398791));
#4861=CARTESIAN_POINT('',(-7.562499999999987,3.217335854398791,3.217335854398792));
#4862=CARTESIAN_POINT('',(-7.057108210462935,3.588598315902640,2.068255933589742));
#4863=CARTESIAN_POINT('',(-7.057108210462935,3.877644246640286,2.234844921462502));
#4864=CARTESIAN_POINT('',(-7.284925669768141,4.082030584339252,2.352641124458332));
#4865=CARTESIAN_POINT('',(-7.607108210462937,4.082030584339252,2.352641124458332));
#4866=CARTESIAN_POINT('',(-7.105391789537032,4.0,1.075044408258764));
#4867=CARTESIAN_POINT('',(-7.105391789537032,4.322182540694799,1.161634542961901));
#4868=CARTESIAN_POINT('',(-7.333209248842238,4.550000000000000,1.222863014394344));
#4869=CARTESIAN_POINT('',(-7.655391789537033,4.550000000000000,1.222863014394344));
#4870=CARTESIAN_POINT('',(-7.149999999999986,4.0,0.0));
#4871=CARTESIAN_POINT('',(-7.149999999999985,4.322182540694799,0.0));
#4872=CARTESIAN_POINT('',(-7.377817459305187,4.550000000000002,0.0));
#4873=CARTESIAN_POINT('',(-7.699999999999987,4.550000000000000,0.0));
#4874=CARTESIAN_POINT('',(-7.194608210462935,3.999999999999999,-1.075044408258762));
#4875=CARTESIAN_POINT('',(-7.194608210462936,4.322182540694799,-1.161634542961898));
#4876=CARTESIAN_POINT('',(-7.422425669768141,4.550000000000002,-1.222863014394342));
#4877=CARTESIAN_POINT('',(-7.744608210462935,4.550000000000000,-1.222863014394342));
#4878=CARTESIAN_POINT('',(-7.242891789537032,3.588598315902640,-2.068255933589740));
#4879=CARTESIAN_POINT('',(-7.242891789537032,3.877644246640288,-2.234844921462499));
#4880=CARTESIAN_POINT('',(-7.470709248842238,4.082030584339252,-2.352641124458329));
#4881=CARTESIAN_POINT('',(-7.792891789537033,4.082030584339252,-2.352641124458329));
#4882=CARTESIAN_POINT('',(-7.287499999999984,2.828427124746191,-2.828427124746189));
#4883=CARTESIAN_POINT('',(-7.287499999999985,3.056244584051393,-3.056244584051392));
#4884=CARTESIAN_POINT('',(-7.515317459305186,3.217335854398791,-3.217335854398791));
#4885=CARTESIAN_POINT('',(-7.837499999999983,3.217335854398792,-3.217335854398791));
#4886=CARTESIAN_POINT('',(-7.332108210462933,2.068255933589740,-3.588598315902640));
#4887=CARTESIAN_POINT('',(-7.332108210462936,2.234844921462499,-3.877644246640288));
#4888=CARTESIAN_POINT('',(-7.559925669768139,2.352641124458329,-4.082030584339252));
#4889=CARTESIAN_POINT('',(-7.882108210462935,2.352641124458329,-4.082030584339252));
#4890=CARTESIAN_POINT('',(-7.380391789537031,1.075044408258763,-3.999999999999999));
#4891=CARTESIAN_POINT('',(-7.380391789537032,1.161634542961898,-4.322182540694799));
#4892=CARTESIAN_POINT('',(-7.608209248842238,1.222863014394342,-4.550000000000002));
#4893=CARTESIAN_POINT('',(-7.930391789537032,1.222863014394342,-4.550000000000000));
#4894=CARTESIAN_POINT('',(-7.424999999999987,2.449213E-016,-4.0));
#4895=CARTESIAN_POINT('',(-7.424999999999985,2.646486E-016,-4.322182540694797));
#4896=CARTESIAN_POINT('',(-7.652817459305183,2.785979E-016,-4.550000000000002));
#4897=CARTESIAN_POINT('',(-7.974999999999984,2.785979E-016,-4.550000000000000));
#4898=CARTESIAN_POINT('',(-7.469608210462935,-1.075044408258762,-4.0));
#4899=CARTESIAN_POINT('',(-7.469608210462935,-1.161634542961898,-4.322182540694799));
#4900=CARTESIAN_POINT('',(-7.697425669768140,-1.222863014394342,-4.550000000000002));
#4901=CARTESIAN_POINT('',(-8.019608210462934,-1.222863014394342,-4.550000000000002));
#4902=CARTESIAN_POINT('',(-7.517891789537032,-2.068255933589740,-3.588598315902640));
#4903=CARTESIAN_POINT('',(-7.517891789537032,-2.234844921462499,-3.877644246640288));
#4904=CARTESIAN_POINT('',(-7.745709248842237,-2.352641124458329,-4.082030584339252));
#4905=CARTESIAN_POINT('',(-8.067891789537033,-2.352641124458329,-4.082030584339252));
#4906=CARTESIAN_POINT('',(-7.562499999999983,-2.828427124746189,-2.828427124746191));
#4907=CARTESIAN_POINT('',(-7.562499999999983,-3.056244584051392,-3.056244584051393));
#4908=CARTESIAN_POINT('',(-7.790317459305186,-3.217335854398791,-3.217335854398791));
#4909=CARTESIAN_POINT('',(-8.112499999999987,-3.217335854398791,-3.217335854398792));
#4910=CARTESIAN_POINT('',(-7.607108210462931,-3.588598315902640,-2.068255933589740));
#4911=CARTESIAN_POINT('',(-7.607108210462935,-3.877644246640288,-2.234844921462499));
#4912=CARTESIAN_POINT('',(-7.834925669768140,-4.082030584339252,-2.352641124458329));
#4913=CARTESIAN_POINT('',(-8.157108210462933,-4.082030584339252,-2.352641124458329));
#4914=CARTESIAN_POINT('',(-7.655391789537030,-3.999999999999999,-1.075044408258763));
#4915=CARTESIAN_POINT('',(-7.655391789537031,-4.322182540694799,-1.161634542961899));
#4916=CARTESIAN_POINT('',(-7.883209248842238,-4.550000000000002,-1.222863014394342));
#4917=CARTESIAN_POINT('',(-8.205391789537032,-4.550000000000000,-1.222863014394342));
#4918=CARTESIAN_POINT('',(-7.699999999999983,-4.0,-4.898425E-016));
#4919=CARTESIAN_POINT('',(-7.699999999999983,-4.322182540694797,-5.292972E-016));
#4920=CARTESIAN_POINT('',(-7.927817459305184,-4.550000000000002,-5.571959E-016));
#4921=CARTESIAN_POINT('',(-8.249999999999982,-4.550000000000000,-5.571959E-016));
#4922=CARTESIAN_POINT('',(-7.744608210462931,-3.999999999999999,1.075044408258762));
#4923=CARTESIAN_POINT('',(-7.744608210462933,-4.322182540694799,1.161634542961898));
#4924=CARTESIAN_POINT('',(-7.972425669768128,-4.550000000000002,1.222863014394342));
#4925=CARTESIAN_POINT('',(-8.294608210462929,-4.550000000000000,1.222863014394341));
#4926=CARTESIAN_POINT('',(-7.792891789537030,-3.588598315902640,2.068255933589740));
#4927=CARTESIAN_POINT('',(-7.792891789537031,-3.877644246640288,2.234844921462499));
#4928=CARTESIAN_POINT('',(-8.020709248842232,-4.082030584339252,2.352641124458329));
#4929=CARTESIAN_POINT('',(-8.342891789537031,-4.082030584339252,2.352641124458328));
#4930=CARTESIAN_POINT('',(-7.837499999999981,-2.828427124746191,2.828427124746189));
#4931=CARTESIAN_POINT('',(-7.837499999999982,-3.056244584051393,3.056244584051392));
#4932=CARTESIAN_POINT('',(-8.065317459305184,-3.217335854398791,3.217335854398791));
#4933=CARTESIAN_POINT('',(-8.387499999999980,-3.217335854398792,3.217335854398791));
#4934=CARTESIAN_POINT('',(-7.882108210462930,-2.068255933589741,3.588598315902640));
#4935=CARTESIAN_POINT('',(-7.882108210462935,-2.234844921462501,3.877644246640286));
#4936=CARTESIAN_POINT('',(-8.109925669768135,-2.352641124458332,4.082030584339252));
#4937=CARTESIAN_POINT('',(-8.432108210462932,-2.352641124458331,4.082030584339252));
#4938=CARTESIAN_POINT('',(-7.930391789537032,-1.075044408258764,3.999999999999999));
#4939=CARTESIAN_POINT('',(-7.930391789537032,-1.161634542961901,4.322182540694799));
#4940=CARTESIAN_POINT('',(-8.158209248842239,-1.222863014394344,4.550000000000000));
#4941=CARTESIAN_POINT('',(-8.480391789537030,-1.222863014394344,4.549999999999999));
#4942=CARTESIAN_POINT('',(-7.974999999999984,-7.347638E-016,4.0));
#4943=CARTESIAN_POINT('',(-7.974999999999981,-7.939458E-016,4.322182540694797));
#4944=CARTESIAN_POINT('',(-8.202817459305184,-8.357938E-016,4.550000000000002));
#4945=CARTESIAN_POINT('',(-8.524999999999981,-8.357938E-016,4.550000000000000));
#4946=CARTESIAN_POINT('',(-8.019608210462931,1.075044408258763,4.0));
#4947=CARTESIAN_POINT('',(-8.019608210462934,1.161634542961898,4.322182540694799));
#4948=CARTESIAN_POINT('',(-8.247425669768141,1.222863014394342,4.550000000000002));
#4949=CARTESIAN_POINT('',(-8.569608210462931,1.222863014394342,4.550000000000000));
#4950=CARTESIAN_POINT('',(-8.067891789537033,2.068255933589740,3.588598315902640));
#4951=CARTESIAN_POINT('',(-8.067891789537033,2.234844921462499,3.877644246640288));
#4952=CARTESIAN_POINT('',(-8.295709248842238,2.352641124458330,4.082030584339252));
#4953=CARTESIAN_POINT('',(-8.617891789537030,2.352641124458329,4.082030584339252));
#4954=CARTESIAN_POINT('',(-8.112499999999979,2.828427124746189,2.828427124746191));
#4955=CARTESIAN_POINT('',(-8.112499999999979,3.056244584051392,3.056244584051393));
#4956=CARTESIAN_POINT('',(-8.340317459305185,3.217335854398790,3.217335854398791));
#4957=CARTESIAN_POINT('',(-8.662499999999982,3.217335854398791,3.217335854398792));
#4958=CARTESIAN_POINT('',(-8.157108210462930,3.588598315902640,2.068255933589742));
#4959=CARTESIAN_POINT('',(-8.157108210462933,3.877644246640286,2.234844921462502));
#4960=CARTESIAN_POINT('',(-8.384925669768133,4.082030584339252,2.352641124458332));
#4961=CARTESIAN_POINT('',(-8.707108210462931,4.082030584339252,2.352641124458332));
#4962=CARTESIAN_POINT('',(-8.205391789537032,3.999999999999999,1.075044408258764));
#4963=CARTESIAN_POINT('',(-8.205391789537032,4.322182540694799,1.161634542961901));
#4964=CARTESIAN_POINT('',(-8.433209248842234,4.550000000000000,1.222863014394344));
#4965=CARTESIAN_POINT('',(-8.755391789537031,4.549999999999999,1.222863014394344));
#4966=CARTESIAN_POINT('',(-8.249999999999981,4.0,0.0));
#4967=CARTESIAN_POINT('',(-8.249999999999979,4.322182540694797,0.0));
#4968=CARTESIAN_POINT('',(-8.477817459305182,4.550000000000002,0.0));
#4969=CARTESIAN_POINT('',(-8.799999999999981,4.550000000000000,0.0));
#4970=CARTESIAN_POINT('',(-8.294608210462929,3.999999999999999,-1.075044408258762));
#4971=CARTESIAN_POINT('',(-8.294608210462929,4.322182540694799,-1.161634542961898));
#4972=CARTESIAN_POINT('',(-8.522425669768134,4.550000000000002,-1.222863014394342));
#4973=CARTESIAN_POINT('',(-8.844608210462932,4.550000000000000,-1.222863014394342));
#4974=CARTESIAN_POINT('',(-8.342891789537024,3.588598315902640,-2.068255933589740));
#4975=CARTESIAN_POINT('',(-8.342891789537031,3.877644246640288,-2.234844921462499));
#4976=CARTESIAN_POINT('',(-8.570709248842233,4.082030584339252,-2.352641124458329));
#4977=CARTESIAN_POINT('',(-8.892891789537025,4.082030584339252,-2.352641124458329));
#4978=CARTESIAN_POINT('',(-8.387499999999980,2.828427124746191,-2.828427124746189));
#4979=CARTESIAN_POINT('',(-8.387499999999980,3.056244584051393,-3.056244584051392));
#4980=CARTESIAN_POINT('',(-8.615317459305185,3.217335854398791,-3.217335854398791));
#4981=CARTESIAN_POINT('',(-8.937499999999982,3.217335854398792,-3.217335854398791));
#4982=CARTESIAN_POINT('',(-8.432108210462932,2.068255933589741,-3.588598315902640));
#4983=CARTESIAN_POINT('',(-8.432108210462932,2.234844921462499,-3.877644246640288));
#4984=CARTESIAN_POINT('',(-8.659925669768134,2.352641124458329,-4.082030584339252));
#4985=CARTESIAN_POINT('',(-8.982108210462931,2.352641124458329,-4.082030584339252));
#4986=CARTESIAN_POINT('',(-8.480391789537023,1.075044408258763,-3.999999999999999));
#4987=CARTESIAN_POINT('',(-8.480391789537030,1.161634542961898,-4.322182540694799));
#4988=CARTESIAN_POINT('',(-8.708209248842238,1.222863014394342,-4.550000000000002));
#4989=CARTESIAN_POINT('',(-9.030391789537024,1.222863014394342,-4.550000000000000));
#4990=CARTESIAN_POINT('',(-8.524999999999981,2.449213E-016,-4.0));
#4991=CARTESIAN_POINT('',(-8.524999999999981,2.646486E-016,-4.322182540694797));
#4992=CARTESIAN_POINT('',(-8.752817459305184,2.785979E-016,-4.550000000000002));
#4993=CARTESIAN_POINT('',(-9.074999999999982,2.785979E-016,-4.550000000000000));
#4994=CARTESIAN_POINT('',(-8.569608210462931,-1.075044408258762,-3.999999999999999));
#4995=CARTESIAN_POINT('',(-8.569608210462931,-1.161634542961898,-4.322182540694799));
#4996=CARTESIAN_POINT('',(-8.797425669768135,-1.222863014394342,-4.550000000000002));
#4997=CARTESIAN_POINT('',(-9.119608210462925,-1.222863014394342,-4.550000000000000));
#4998=CARTESIAN_POINT('',(-8.617891789537030,-2.068255933589740,-3.588598315902640));
#4999=CARTESIAN_POINT('',(-8.617891789537030,-2.234844921462499,-3.877644246640288));
#5000=CARTESIAN_POINT('',(-8.845709248842233,-2.352641124458329,-4.082030584339252));
#5001=CARTESIAN_POINT('',(-9.167891789537027,-2.352641124458329,-4.082030584339252));
#5002=CARTESIAN_POINT('',(-8.662499999999982,-2.828427124746189,-2.828427124746191));
#5003=CARTESIAN_POINT('',(-8.662499999999982,-3.056244584051392,-3.056244584051393));
#5004=CARTESIAN_POINT('',(-8.890317459305184,-3.217335854398791,-3.217335854398791));
#5005=CARTESIAN_POINT('',(-9.212499999999981,-3.217335854398791,-3.217335854398792));
#5006=CARTESIAN_POINT('',(-8.707108210462931,-3.588598315902640,-2.068255933589740));
#5007=CARTESIAN_POINT('',(-8.707108210462931,-3.877644246640288,-2.234844921462499));
#5008=CARTESIAN_POINT('',(-8.934925669768134,-4.082030584339252,-2.352641124458329));
#5009=CARTESIAN_POINT('',(-9.257108210462931,-4.082030584339252,-2.352641124458329));
#5010=CARTESIAN_POINT('',(-8.755391789537029,-3.999999999999999,-1.075044408258763));
#5011=CARTESIAN_POINT('',(-8.755391789537031,-4.322182540694799,-1.161634542961899));
#5012=CARTESIAN_POINT('',(-8.983209248842233,-4.550000000000002,-1.222863014394342));
#5013=CARTESIAN_POINT('',(-9.305391789537030,-4.550000000000000,-1.222863014394342));
#5014=CARTESIAN_POINT('',(-8.799999999999979,-4.0,-4.898425E-016));
#5015=CARTESIAN_POINT('',(-8.799999999999979,-4.322182540694797,-5.292972E-016));
#5016=CARTESIAN_POINT('',(-9.027817459305181,-4.550000000000002,-5.571959E-016));
#5017=CARTESIAN_POINT('',(-9.349999999999984,-4.550000000000000,-5.571959E-016));
#5018=CARTESIAN_POINT('',(-8.844608210462932,-3.999999999999999,1.075044408258762));
#5019=CARTESIAN_POINT('',(-8.844608210462932,-4.322182540694799,1.161634542961898));
#5020=CARTESIAN_POINT('',(-9.072425669768137,-4.550000000000002,1.222863014394342));
#5021=CARTESIAN_POINT('',(-9.394608210462931,-4.550000000000000,1.222863014394341));
#5022=CARTESIAN_POINT('',(-8.892891789537025,-3.588598315902640,2.068255933589740));
#5023=CARTESIAN_POINT('',(-8.892891789537030,-3.877644246640288,2.234844921462499));
#5024=CARTESIAN_POINT('',(-9.120709248842239,-4.082030584339252,2.352641124458329));
#5025=CARTESIAN_POINT('',(-9.442891789537031,-4.082030584339252,2.352641124458328));
#5026=CARTESIAN_POINT('',(-8.937499999999982,-2.828427124746191,2.828427124746189));
#5027=CARTESIAN_POINT('',(-8.937499999999982,-3.056244584051393,3.056244584051392));
#5028=CARTESIAN_POINT('',(-9.165317459305179,-3.217335854398791,3.217335854398791));
#5029=CARTESIAN_POINT('',(-9.487499999999983,-3.217335854398792,3.217335854398791));
#5030=CARTESIAN_POINT('',(-8.982108210462931,-2.068255933589742,3.588598315902640));
#5031=CARTESIAN_POINT('',(-8.982108210462931,-2.234844921462501,3.877644246640286));
#5032=CARTESIAN_POINT('',(-9.209925669768136,-2.352641124458332,4.082030584339252));
#5033=CARTESIAN_POINT('',(-9.532108210462926,-2.352641124458331,4.082030584339252));
#5034=CARTESIAN_POINT('',(-9.030391789537024,-1.075044408258764,3.999999999999999));
#5035=CARTESIAN_POINT('',(-9.030391789537024,-1.161634542961901,4.322182540694799));
#5036=CARTESIAN_POINT('',(-9.258209248842231,-1.222863014394344,4.550000000000000));
#5037=CARTESIAN_POINT('',(-9.580391789537023,-1.222863014394344,4.549999999999999));
#5038=CARTESIAN_POINT('',(-9.074999999999982,-7.347638E-016,4.0));
#5039=CARTESIAN_POINT('',(-9.074999999999974,-7.939458E-016,4.322182540694797));
#5040=CARTESIAN_POINT('',(-9.302817459305183,-8.357938E-016,4.550000000000002));
#5041=CARTESIAN_POINT('',(-9.624999999999979,-8.357938E-016,4.550000000000000));
#5042=CARTESIAN_POINT('',(-9.119608210462925,1.075044408258763,3.999999999999999));
#5043=CARTESIAN_POINT('',(-9.119608210462932,1.161634542961898,4.322182540694799));
#5044=CARTESIAN_POINT('',(-9.347425669768130,1.222863014394342,4.550000000000000));
#5045=CARTESIAN_POINT('',(-9.669608210462924,1.222863014394342,4.549999999999999));
#5046=CARTESIAN_POINT('',(-9.167891789537027,2.068255933589740,3.588598315902640));
#5047=CARTESIAN_POINT('',(-9.167891789537030,2.234844921462499,3.877644246640288));
#5048=CARTESIAN_POINT('',(-9.395709248842232,2.352641124458330,4.082030584339252));
#5049=CARTESIAN_POINT('',(-9.717891789537024,2.352641124458329,4.082030584339252));
#5050=CARTESIAN_POINT('',(-9.212499999999981,2.828427124746189,2.828427124746191));
#5051=CARTESIAN_POINT('',(-9.212499999999981,3.056244584051392,3.056244584051393));
#5052=CARTESIAN_POINT('',(-9.440317459305183,3.217335854398790,3.217335854398791));
#5053=CARTESIAN_POINT('',(-9.762499999999982,3.217335854398791,3.217335854398792));
#5054=CARTESIAN_POINT('',(-9.257108210462926,3.588598315902640,2.068255933589742));
#5055=CARTESIAN_POINT('',(-9.257108210462931,3.877644246640286,2.234844921462502));
#5056=CARTESIAN_POINT('',(-9.484925669768130,4.082030584339252,2.352641124458332));
#5057=CARTESIAN_POINT('',(-9.807108210462925,4.082030584339252,2.352641124458332));
#5058=CARTESIAN_POINT('',(-9.305391789537026,3.999999999999999,1.075044408258764));
#5059=CARTESIAN_POINT('',(-9.305391789537030,4.322182540694799,1.161634542961901));
#5060=CARTESIAN_POINT('',(-9.533209248842232,4.550000000000000,1.222863014394344));
#5061=CARTESIAN_POINT('',(-9.855391789537025,4.549999999999999,1.222863014394344));
#5062=CARTESIAN_POINT('',(-9.349999999999978,4.0,0.0));
#5063=CARTESIAN_POINT('',(-9.349999999999978,4.322182540694797,0.0));
#5064=CARTESIAN_POINT('',(-9.577817459305177,4.550000000000002,0.0));
#5065=CARTESIAN_POINT('',(-9.899999999999981,4.550000000000000,0.0));
#5066=CARTESIAN_POINT('',(-9.394608210462923,4.0,-1.075044408258762));
#5067=CARTESIAN_POINT('',(-9.394608210462925,4.322182540694799,-1.161634542961898));
#5068=CARTESIAN_POINT('',(-9.622425669768131,4.550000000000002,-1.222863014394342));
#5069=CARTESIAN_POINT('',(-9.944608210462931,4.550000000000002,-1.222863014394342));
#5070=CARTESIAN_POINT('',(-9.442891789537026,3.588598315902640,-2.068255933589740));
#5071=CARTESIAN_POINT('',(-9.442891789537026,3.877644246640288,-2.234844921462499));
#5072=CARTESIAN_POINT('',(-9.670709248842233,4.082030584339252,-2.352641124458329));
#5073=CARTESIAN_POINT('',(-9.992891789537023,4.082030584339252,-2.352641124458329));
#5074=CARTESIAN_POINT('',(-9.487499999999983,2.828427124746191,-2.828427124746189));
#5075=CARTESIAN_POINT('',(-9.487499999999974,3.056244584051393,-3.056244584051392));
#5076=CARTESIAN_POINT('',(-9.715317459305183,3.217335854398791,-3.217335854398791));
#5077=CARTESIAN_POINT('',(-10.037499999999980,3.217335854398792,-3.217335854398791));
#5078=CARTESIAN_POINT('',(-9.532108210462926,2.068255933589740,-3.588598315902640));
#5079=CARTESIAN_POINT('',(-9.532108210462926,2.234844921462499,-3.877644246640288));
#5080=CARTESIAN_POINT('',(-9.759925669768130,2.352641124458329,-4.082030584339252));
#5081=CARTESIAN_POINT('',(-10.082108210462927,2.352641124458329,-4.082030584339252));
#5082=CARTESIAN_POINT('',(-9.580391789537023,1.075044408258763,-3.999999999999999));
#5083=CARTESIAN_POINT('',(-9.580391789537030,1.161634542961898,-4.322182540694799));
#5084=CARTESIAN_POINT('',(-9.808209248842232,1.222863014394342,-4.550000000000002));
#5085=CARTESIAN_POINT('',(-10.130391789537024,1.222863014394342,-4.550000000000000));
#5086=CARTESIAN_POINT('',(-9.624999999999979,2.449213E-016,-4.0));
#5087=CARTESIAN_POINT('',(-9.624999999999979,2.646486E-016,-4.322182540694797));
#5088=CARTESIAN_POINT('',(-9.852817459305182,2.785979E-016,-4.550000000000002));
#5089=CARTESIAN_POINT('',(-10.174999999999981,2.785979E-016,-4.550000000000000));
#5090=CARTESIAN_POINT('',(-9.669608210462924,-1.075044408258762,-3.999999999999999));
#5091=CARTESIAN_POINT('',(-9.669608210462931,-1.161634542961898,-4.322182540694799));
#5092=CARTESIAN_POINT('',(-9.897425669768129,-1.222863014394342,-4.550000000000002));
#5093=CARTESIAN_POINT('',(-10.219608210462926,-1.222863014394342,-4.550000000000000));
#5094=CARTESIAN_POINT('',(-9.717891789537024,-2.068255933589740,-3.588598315902640));
#5095=CARTESIAN_POINT('',(-9.717891789537024,-2.234844921462499,-3.877644246640288));
#5096=CARTESIAN_POINT('',(-9.945709248842228,-2.352641124458329,-4.082030584339252));
#5097=CARTESIAN_POINT('',(-10.267891789537023,-2.352641124458329,-4.082030584339252));
#5098=CARTESIAN_POINT('',(-9.762499999999974,-2.828427124746189,-2.828427124746191));
#5099=CARTESIAN_POINT('',(-9.762499999999978,-3.056244584051392,-3.056244584051393));
#5100=CARTESIAN_POINT('',(-9.990317459305183,-3.217335854398791,-3.217335854398791));
#5101=CARTESIAN_POINT('',(-10.312499999999982,-3.217335854398791,-3.217335854398792));
#5102=CARTESIAN_POINT('',(-9.807108210462925,-3.588598315902640,-2.068255933589740));
#5103=CARTESIAN_POINT('',(-9.807108210462925,-3.877644246640288,-2.234844921462499));
#5104=CARTESIAN_POINT('',(-10.034925669768132,-4.082030584339252,-2.352641124458329));
#5105=CARTESIAN_POINT('',(-10.357108210462927,-4.082030584339252,-2.352641124458329));
#5106=CARTESIAN_POINT('',(-9.855391789537023,-3.999999999999999,-1.075044408258763));
#5107=CARTESIAN_POINT('',(-9.855391789537025,-4.322182540694799,-1.161634542961899));
#5108=CARTESIAN_POINT('',(-10.083209248842227,-4.550000000000002,-1.222863014394342));
#5109=CARTESIAN_POINT('',(-10.405391789537024,-4.550000000000000,-1.222863014394342));
#5110=CARTESIAN_POINT('',(-9.899999999999981,-4.0,-4.898425E-016));
#5111=CARTESIAN_POINT('',(-9.899999999999974,-4.322182540694797,-5.292972E-016));
#5112=CARTESIAN_POINT('',(-10.127817459305179,-4.550000000000002,-5.571959E-016));
#5113=CARTESIAN_POINT('',(-10.449999999999974,-4.550000000000000,-5.571959E-016));
#5114=CARTESIAN_POINT('',(-9.944608210462931,-4.0,1.075044408258762));
#5115=CARTESIAN_POINT('',(-9.944608210462931,-4.322182540694799,1.161634542961898));
#5116=CARTESIAN_POINT('',(-10.172425669768135,-4.550000000000002,1.222863014394342));
#5117=CARTESIAN_POINT('',(-10.494608210462928,-4.550000000000002,1.222863014394341));
#5118=CARTESIAN_POINT('',(-9.992891789537023,-3.588598315902640,2.068255933589740));
#5119=CARTESIAN_POINT('',(-9.992891789537024,-3.877644246640288,2.234844921462499));
#5120=CARTESIAN_POINT('',(-10.220709248842233,-4.082030584339252,2.352641124458329));
#5121=CARTESIAN_POINT('',(-10.542891789537023,-4.082030584339252,2.352641124458328));
#5122=CARTESIAN_POINT('',(-10.037499999999975,-2.828427124746191,2.828427124746189));
#5123=CARTESIAN_POINT('',(-10.037499999999975,-3.056244584051393,3.056244584051392));
#5124=CARTESIAN_POINT('',(-10.265317459305177,-3.217335854398791,3.217335854398791));
#5125=CARTESIAN_POINT('',(-10.587499999999979,-3.217335854398792,3.217335854398791));
#5126=CARTESIAN_POINT('',(-10.082108210462923,-2.068255933589741,3.588598315902640));
#5127=CARTESIAN_POINT('',(-10.082108210462930,-2.234844921462501,3.877644246640286));
#5128=CARTESIAN_POINT('',(-10.309925669768132,-2.352641124458332,4.082030584339252));
#5129=CARTESIAN_POINT('',(-10.632108210462928,-2.352641124458331,4.082030584339252));
#5130=CARTESIAN_POINT('',(-10.130391789537024,-1.075044408258764,3.999999999999999));
#5131=CARTESIAN_POINT('',(-10.130391789537025,-1.161634542961901,4.322182540694799));
#5132=CARTESIAN_POINT('',(-10.358209248842225,-1.222863014394344,4.550000000000000));
#5133=CARTESIAN_POINT('',(-10.680391789537023,-1.222863014394344,4.549999999999999));
#5134=CARTESIAN_POINT('',(-10.174999999999981,-7.347638E-016,4.0));
#5135=CARTESIAN_POINT('',(-10.174999999999978,-7.939458E-016,4.322182540694797));
#5136=CARTESIAN_POINT('',(-10.402817459305174,-8.357938E-016,4.550000000000002));
#5137=CARTESIAN_POINT('',(-10.724999999999978,-8.357938E-016,4.550000000000000));
#5138=CARTESIAN_POINT('',(-10.219608210462926,1.075044408258763,3.999999999999999));
#5139=CARTESIAN_POINT('',(-10.219608210462926,1.161634542961898,4.322182540694799));
#5140=CARTESIAN_POINT('',(-10.447425669768132,1.222863014394342,4.550000000000000));
#5141=CARTESIAN_POINT('',(-10.769608210462927,1.222863014394342,4.549999999999999));
#5142=CARTESIAN_POINT('',(-10.267891789537023,2.068255933589740,3.588598315902640));
#5143=CARTESIAN_POINT('',(-10.267891789537023,2.234844921462499,3.877644246640288));
#5144=CARTESIAN_POINT('',(-10.495709248842227,2.352641124458330,4.082030584339252));
#5145=CARTESIAN_POINT('',(-10.817891789537024,2.352641124458329,4.082030584339252));
#5146=CARTESIAN_POINT('',(-10.312499999999975,2.828427124746189,2.828427124746191));
#5147=CARTESIAN_POINT('',(-10.312499999999975,3.056244584051392,3.056244584051393));
#5148=CARTESIAN_POINT('',(-10.540317459305175,3.217335854398790,3.217335854398791));
#5149=CARTESIAN_POINT('',(-10.862499999999978,3.217335854398791,3.217335854398792));
#5150=CARTESIAN_POINT('',(-10.357108210462927,3.588598315902640,2.068255933589742));
#5151=CARTESIAN_POINT('',(-10.357108210462929,3.877644246640286,2.234844921462502));
#5152=CARTESIAN_POINT('',(-10.584925669768131,4.082030584339252,2.352641124458332));
#5153=CARTESIAN_POINT('',(-10.907108210462926,4.082030584339252,2.352641124458332));
#5154=CARTESIAN_POINT('',(-10.405391789537024,3.999999999999999,1.075044408258764));
#5155=CARTESIAN_POINT('',(-10.405391789537024,4.322182540694799,1.161634542961901));
#5156=CARTESIAN_POINT('',(-10.633209248842231,4.550000000000000,1.222863014394344));
#5157=CARTESIAN_POINT('',(-10.955391789537023,4.549999999999999,1.222863014394344));
#5158=CARTESIAN_POINT('',(-10.449999999999974,4.0,0.0));
#5159=CARTESIAN_POINT('',(-10.449999999999978,4.322182540694797,0.0));
#5160=CARTESIAN_POINT('',(-10.677817459305178,4.550000000000002,0.0));
#5161=CARTESIAN_POINT('',(-10.999999999999977,4.550000000000000,0.0));
#5162=CARTESIAN_POINT('',(-10.494608210462928,4.0,-1.075044408258762));
#5163=CARTESIAN_POINT('',(-10.494608210462928,4.322182540694799,-1.161634542961898));
#5164=CARTESIAN_POINT('',(-10.722425669768132,4.550000000000002,-1.222863014394342));
#5165=CARTESIAN_POINT('',(-11.044608210462927,4.550000000000002,-1.222863014394342));
#5166=CARTESIAN_POINT('',(-10.542891789537023,3.588598315902640,-2.068255933589740));
#5167=CARTESIAN_POINT('',(-10.542891789537023,3.877644246640288,-2.234844921462499));
#5168=CARTESIAN_POINT('',(-10.770709248842232,4.082030584339252,-2.352641124458329));
#5169=CARTESIAN_POINT('',(-11.092891789537024,4.082030584339252,-2.352641124458329));
#5170=CARTESIAN_POINT('',(-10.587499999999979,2.828427124746191,-2.828427124746189));
#5171=CARTESIAN_POINT('',(-10.587499999999981,3.056244584051393,-3.056244584051392));
#5172=CARTESIAN_POINT('',(-10.815317459305174,3.217335854398791,-3.217335854398791));
#5173=CARTESIAN_POINT('',(-11.137499999999978,3.217335854398792,-3.217335854398791));
#5174=CARTESIAN_POINT('',(-10.632108210462928,2.068255933589740,-3.588598315902640));
#5175=CARTESIAN_POINT('',(-10.632108210462928,2.234844921462499,-3.877644246640288));
#5176=CARTESIAN_POINT('',(-10.859925669768131,2.352641124458329,-4.082030584339252));
#5177=CARTESIAN_POINT('',(-11.182108210462925,2.352641124458329,-4.082030584339252));
#5178=CARTESIAN_POINT('',(-10.680391789537023,1.075044408258763,-3.999999999999999));
#5179=CARTESIAN_POINT('',(-10.680391789537026,1.161634542961898,-4.322182540694799));
#5180=CARTESIAN_POINT('',(-10.908209248842232,1.222863014394342,-4.550000000000002));
#5181=CARTESIAN_POINT('',(-11.230391789537023,1.222863014394342,-4.550000000000000));
#5182=CARTESIAN_POINT('',(-10.724999999999978,2.449213E-016,-4.0));
#5183=CARTESIAN_POINT('',(-10.724999999999978,2.646486E-016,-4.322182540694797));
#5184=CARTESIAN_POINT('',(-10.952817459305175,2.785979E-016,-4.550000000000002));
#5185=CARTESIAN_POINT('',(-11.274999999999975,2.785979E-016,-4.550000000000000));
#5186=CARTESIAN_POINT('',(-10.769608210462923,-1.075044408258762,-3.999999999999999));
#5187=CARTESIAN_POINT('',(-10.769608210462927,-1.161634542961898,-4.322182540694799));
#5188=CARTESIAN_POINT('',(-10.997425669768132,-1.222863014394342,-4.550000000000002));
#5189=CARTESIAN_POINT('',(-11.319608210462924,-1.222863014394342,-4.550000000000000));
#5190=CARTESIAN_POINT('',(-10.817891789537024,-2.068255933589740,-3.588598315902640));
#5191=CARTESIAN_POINT('',(-10.817891789537025,-2.234844921462499,-3.877644246640288));
#5192=CARTESIAN_POINT('',(-11.045709248842231,-2.352641124458329,-4.082030584339252));
#5193=CARTESIAN_POINT('',(-11.367891789537023,-2.352641124458329,-4.082030584339252));
#5194=CARTESIAN_POINT('',(-10.862499999999978,-2.828427124746189,-2.828427124746191));
#5195=CARTESIAN_POINT('',(-10.862499999999978,-3.056244584051392,-3.056244584051393));
#5196=CARTESIAN_POINT('',(-11.090317459305183,-3.217335854398791,-3.217335854398791));
#5197=CARTESIAN_POINT('',(-11.412499999999977,-3.217335854398791,-3.217335854398792));
#5198=CARTESIAN_POINT('',(-10.907108210462926,-3.588598315902640,-2.068255933589741));
#5199=CARTESIAN_POINT('',(-10.907108210462926,-3.877644246640288,-2.234844921462499));
#5200=CARTESIAN_POINT('',(-11.134925669768132,-4.082030584339252,-2.352641124458329));
#5201=CARTESIAN_POINT('',(-11.457108210462927,-4.082030584339252,-2.352641124458329));
#5202=CARTESIAN_POINT('',(-10.955391789537023,-3.999999999999999,-1.075044408258763));
#5203=CARTESIAN_POINT('',(-10.955391789537028,-4.322182540694799,-1.161634542961899));
#5204=CARTESIAN_POINT('',(-11.183209248842230,-4.550000000000002,-1.222863014394342));
#5205=CARTESIAN_POINT('',(-11.505391789537025,-4.550000000000000,-1.222863014394342));
#5206=CARTESIAN_POINT('',(-10.999999999999977,-4.0,-4.898425E-016));
#5207=CARTESIAN_POINT('',(-10.999999999999975,-4.322182540694797,-5.292972E-016));
#5208=CARTESIAN_POINT('',(-11.227817459305179,-4.550000000000002,-5.571959E-016));
#5209=CARTESIAN_POINT('',(-11.549999999999974,-4.550000000000000,-5.571959E-016));
#5210=CARTESIAN_POINT('',(-11.044608210462922,-3.999999999999999,1.075044408258762));
#5211=CARTESIAN_POINT('',(-11.044608210462927,-4.322182540694799,1.161634542961898));
#5212=CARTESIAN_POINT('',(-11.272425669768133,-4.550000000000002,1.222863014394342));
#5213=CARTESIAN_POINT('',(-11.594608210462923,-4.550000000000000,1.222863014394341));
#5214=CARTESIAN_POINT('',(-11.092891789537024,-3.588598315902640,2.068255933589740));
#5215=CARTESIAN_POINT('',(-11.092891789537024,-3.877644246640288,2.234844921462499));
#5216=CARTESIAN_POINT('',(-11.320709248842231,-4.082030584339252,2.352641124458329));
#5217=CARTESIAN_POINT('',(-11.642891789537021,-4.082030584339252,2.352641124458328));
#5218=CARTESIAN_POINT('',(-11.137499999999978,-2.828427124746191,2.828427124746189));
#5219=CARTESIAN_POINT('',(-11.137499999999976,-3.056244584051393,3.056244584051392));
#5220=CARTESIAN_POINT('',(-11.365317459305174,-3.217335854398791,3.217335854398791));
#5221=CARTESIAN_POINT('',(-11.687499999999977,-3.217335854398792,3.217335854398791));
#5222=CARTESIAN_POINT('',(-11.182108210462919,-2.068255933589741,3.588598315902640));
#5223=CARTESIAN_POINT('',(-11.182108210462925,-2.234844921462501,3.877644246640286));
#5224=CARTESIAN_POINT('',(-11.409925669768132,-2.352641124458332,4.082030584339252));
#5225=CARTESIAN_POINT('',(-11.732108210462922,-2.352641124458331,4.082030584339252));
#5226=CARTESIAN_POINT('',(-11.230391789537023,-1.075044408258764,3.999999999999999));
#5227=CARTESIAN_POINT('',(-11.230391789537023,-1.161634542961901,4.322182540694799));
#5228=CARTESIAN_POINT('',(-11.458209248842229,-1.222863014394344,4.550000000000000));
#5229=CARTESIAN_POINT('',(-11.780391789537020,-1.222863014394344,4.549999999999999));
#5230=CARTESIAN_POINT('',(-11.274999999999975,-7.347638E-016,4.0));
#5231=CARTESIAN_POINT('',(-11.274999999999977,-7.939458E-016,4.322182540694797));
#5232=CARTESIAN_POINT('',(-11.502817459305174,-8.357938E-016,4.550000000000002));
#5233=CARTESIAN_POINT('',(-11.824999999999974,-8.357938E-016,4.550000000000000));
#5234=CARTESIAN_POINT('',(-11.319608210462924,1.075044408258763,3.999999999999999));
#5235=CARTESIAN_POINT('',(-11.319608210462926,1.161634542961898,4.322182540694799));
#5236=CARTESIAN_POINT('',(-11.547425669768131,1.222863014394342,4.550000000000000));
#5237=CARTESIAN_POINT('',(-11.869608210462923,1.222863014394342,4.549999999999999));
#5238=CARTESIAN_POINT('',(-11.367891789537023,2.068255933589740,3.588598315902640));
#5239=CARTESIAN_POINT('',(-11.367891789537026,2.234844921462499,3.877644246640288));
#5240=CARTESIAN_POINT('',(-11.595709248842232,2.352641124458330,4.082030584339252));
#5241=CARTESIAN_POINT('',(-11.917891789537023,2.352641124458329,4.082030584339252));
#5242=CARTESIAN_POINT('',(-11.412499999999975,2.828427124746189,2.828427124746191));
#5243=CARTESIAN_POINT('',(-11.412499999999975,3.056244584051392,3.056244584051393));
#5244=CARTESIAN_POINT('',(-11.640317459305177,3.217335854398790,3.217335854398791));
#5245=CARTESIAN_POINT('',(-11.962499999999977,3.217335854398791,3.217335854398792));
#5246=CARTESIAN_POINT('',(-11.457108210462923,3.588598315902640,2.068255933589742));
#5247=CARTESIAN_POINT('',(-11.457108210462923,3.877644246640286,2.234844921462502));
#5248=CARTESIAN_POINT('',(-11.684925669768131,4.082030584339252,2.352641124458332));
#5249=CARTESIAN_POINT('',(-12.007108210462929,4.082030584339252,2.352641124458332));
#5250=CARTESIAN_POINT('',(-11.505391789537025,3.999999999999999,1.075044408258764));
#5251=CARTESIAN_POINT('',(-11.505391789537025,4.322182540694799,1.161634542961901));
#5252=CARTESIAN_POINT('',(-11.733209248842229,4.550000000000000,1.222863014394344));
#5253=CARTESIAN_POINT('',(-12.055391789537024,4.549999999999999,1.222863014394344));
#5254=CARTESIAN_POINT('',(-11.549999999999974,4.0,0.0));
#5255=CARTESIAN_POINT('',(-11.549999999999974,4.322182540694797,0.0));
#5256=CARTESIAN_POINT('',(-11.777817459305176,4.550000000000002,0.0));
#5257=CARTESIAN_POINT('',(-12.099999999999977,4.550000000000000,0.0));
#5258=CARTESIAN_POINT('',(-11.594608210462923,3.999999999999999,-1.075044408258762));
#5259=CARTESIAN_POINT('',(-11.594608210462926,4.322182540694799,-1.161634542961898));
#5260=CARTESIAN_POINT('',(-11.822425669768132,4.550000000000002,-1.222863014394342));
#5261=CARTESIAN_POINT('',(-12.144608210462923,4.550000000000000,-1.222863014394342));
#5262=CARTESIAN_POINT('',(-11.642891789537021,3.588598315902640,-2.068255933589740));
#5263=CARTESIAN_POINT('',(-11.642891789537025,3.877644246640288,-2.234844921462499));
#5264=CARTESIAN_POINT('',(-11.870709248842228,4.082030584339252,-2.352641124458329));
#5265=CARTESIAN_POINT('',(-12.192891789537022,4.082030584339252,-2.352641124458329));
#5266=CARTESIAN_POINT('',(-11.687499999999973,2.828427124746191,-2.828427124746189));
#5267=CARTESIAN_POINT('',(-11.687499999999977,3.056244584051393,-3.056244584051392));
#5268=CARTESIAN_POINT('',(-11.915317459305172,3.217335854398791,-3.217335854398791));
#5269=CARTESIAN_POINT('',(-12.237499999999974,3.217335854398792,-3.217335854398791));
#5270=CARTESIAN_POINT('',(-11.732108210462922,2.068255933589740,-3.588598315902640));
#5271=CARTESIAN_POINT('',(-11.732108210462920,2.234844921462499,-3.877644246640288));
#5272=CARTESIAN_POINT('',(-11.959925669768120,2.352641124458329,-4.082030584339252));
#5273=CARTESIAN_POINT('',(-12.282108210462921,2.352641124458329,-4.082030584339252));
#5274=CARTESIAN_POINT('',(-11.780391789537020,1.075044408258763,-3.999999999999999));
#5275=CARTESIAN_POINT('',(-11.780391789537024,1.161634542961898,-4.322182540694799));
#5276=CARTESIAN_POINT('',(-12.008209248842229,1.222863014394342,-4.550000000000002));
#5277=CARTESIAN_POINT('',(-12.330391789537023,1.222863014394342,-4.550000000000000));
#5278=CARTESIAN_POINT('',(-11.824999999999974,2.449213E-016,-4.0));
#5279=CARTESIAN_POINT('',(-11.824999999999978,2.646486E-016,-4.322182540694797));
#5280=CARTESIAN_POINT('',(-12.052817459305178,2.785979E-016,-4.550000000000002));
#5281=CARTESIAN_POINT('',(-12.374999999999973,2.785979E-016,-4.550000000000000));
#5282=CARTESIAN_POINT('',(-11.869608210462928,-1.075044408258762,-4.0));
#5283=CARTESIAN_POINT('',(-11.869608210462928,-1.161634542961898,-4.322182540694799));
#5284=CARTESIAN_POINT('',(-12.097425669768132,-1.222863014394342,-4.550000000000002));
#5285=CARTESIAN_POINT('',(-12.419608210462929,-1.222863014394342,-4.550000000000002));
#5286=CARTESIAN_POINT('',(-11.917891789537023,-2.068255933589740,-3.588598315902640));
#5287=CARTESIAN_POINT('',(-11.917891789537025,-2.234844921462499,-3.877644246640288));
#5288=CARTESIAN_POINT('',(-12.145709248842229,-2.352641124458329,-4.082030584339252));
#5289=CARTESIAN_POINT('',(-12.467891789537022,-2.352641124458329,-4.082030584339252));
#5290=CARTESIAN_POINT('',(-11.962499999999974,-2.828427124746189,-2.828427124746191));
#5291=CARTESIAN_POINT('',(-11.962499999999974,-3.056244584051392,-3.056244584051393));
#5292=CARTESIAN_POINT('',(-12.190317459305177,-3.217335854398791,-3.217335854398791));
#5293=CARTESIAN_POINT('',(-12.512499999999973,-3.217335854398791,-3.217335854398792));
#5294=CARTESIAN_POINT('',(-12.007108210462922,-3.588598315902640,-2.068255933589740));
#5295=CARTESIAN_POINT('',(-12.007108210462931,-3.877644246640288,-2.234844921462499));
#5296=CARTESIAN_POINT('',(-12.234925669768133,-4.082030584339252,-2.352641124458329));
#5297=CARTESIAN_POINT('',(-12.557108210462919,-4.082030584339252,-2.352641124458329));
#5298=CARTESIAN_POINT('',(-12.055391789537023,-3.999999999999999,-1.075044408258763));
#5299=CARTESIAN_POINT('',(-12.055391789537024,-4.322182540694799,-1.161634542961899));
#5300=CARTESIAN_POINT('',(-12.283209248842226,-4.550000000000002,-1.222863014394342));
#5301=CARTESIAN_POINT('',(-12.605391789537022,-4.550000000000000,-1.222863014394342));
#5302=CARTESIAN_POINT('',(-12.099999999999973,-4.0,-4.898425E-016));
#5303=CARTESIAN_POINT('',(-12.099999999999973,-4.322182540694797,-5.292972E-016));
#5304=CARTESIAN_POINT('',(-12.327817459305175,-4.550000000000002,-5.571959E-016));
#5305=CARTESIAN_POINT('',(-12.649999999999974,-4.550000000000000,-5.571959E-016));
#5306=CARTESIAN_POINT('',(-12.144608210462923,-3.999999999999999,1.075044408258762));
#5307=CARTESIAN_POINT('',(-12.144608210462923,-4.322182540694799,1.161634542961898));
#5308=CARTESIAN_POINT('',(-12.372425669768132,-4.550000000000002,1.222863014394342));
#5309=CARTESIAN_POINT('',(-12.694608210462922,-4.550000000000000,1.222863014394341));
#5310=CARTESIAN_POINT('',(-12.192891789537022,-3.588598315902640,2.068255933589740));
#5311=CARTESIAN_POINT('',(-12.192891789537025,-3.877644246640288,2.234844921462499));
#5312=CARTESIAN_POINT('',(-12.420709248842229,-4.082030584339252,2.352641124458329));
#5313=CARTESIAN_POINT('',(-12.742891789537021,-4.082030584339252,2.352641124458328));
#5314=CARTESIAN_POINT('',(-12.237499999999972,-2.828427124746191,2.828427124746189));
#5315=CARTESIAN_POINT('',(-12.237499999999972,-3.056244584051393,3.056244584051392));
#5316=CARTESIAN_POINT('',(-12.465317459305174,-3.217335854398791,3.217335854398791));
#5317=CARTESIAN_POINT('',(-12.787499999999973,-3.217335854398792,3.217335854398791));
#5318=CARTESIAN_POINT('',(-12.282108210462921,-2.068255933589741,3.588598315902640));
#5319=CARTESIAN_POINT('',(-12.282108210462928,-2.234844921462501,3.877644246640286));
#5320=CARTESIAN_POINT('',(-12.509925669768124,-2.352641124458332,4.082030584339252));
#5321=CARTESIAN_POINT('',(-12.832108210462925,-2.352641124458331,4.082030584339252));
#5322=CARTESIAN_POINT('',(-12.330391789537023,-1.075044408258764,3.999999999999999));
#5323=CARTESIAN_POINT('',(-12.330391789537023,-1.161634542961901,4.322182540694799));
#5324=CARTESIAN_POINT('',(-12.558209248842232,-1.222863014394344,4.550000000000000));
#5325=CARTESIAN_POINT('',(-12.880391789537020,-1.222863014394344,4.549999999999999));
#5326=CARTESIAN_POINT('',(-12.374999999999973,-7.347638E-016,4.0));
#5327=CARTESIAN_POINT('',(-12.374999999999973,-7.939458E-016,4.322182540694797));
#5328=CARTESIAN_POINT('',(-12.602817459305179,-8.357938E-016,4.550000000000002));
#5329=CARTESIAN_POINT('',(-12.924999999999972,-8.357938E-016,4.550000000000000));
#5330=CARTESIAN_POINT('',(-12.419608210462929,1.075044408258763,4.0));
#5331=CARTESIAN_POINT('',(-12.419608210462926,1.161634542961898,4.322182540694799));
#5332=CARTESIAN_POINT('',(-12.647425669768131,1.222863014394342,4.550000000000002));
#5333=CARTESIAN_POINT('',(-12.969608210462924,1.222863014394342,4.550000000000000));
#5334=CARTESIAN_POINT('',(-12.467891789537022,2.068255933589740,3.588598315902640));
#5335=CARTESIAN_POINT('',(-12.467891789537022,2.234844921462499,3.877644246640288));
#5336=CARTESIAN_POINT('',(-12.695709248842231,2.352641124458330,4.082030584339252));
#5337=CARTESIAN_POINT('',(-13.017891789537021,2.352641124458329,4.082030584339252));
#5338=CARTESIAN_POINT('',(-12.512499999999973,2.828427124746189,2.828427124746191));
#5339=CARTESIAN_POINT('',(-12.512499999999969,3.056244584051392,3.056244584051393));
#5340=CARTESIAN_POINT('',(-12.740317459305174,3.217335854398790,3.217335854398791));
#5341=CARTESIAN_POINT('',(-13.062499999999972,3.217335854398791,3.217335854398792));
#5342=CARTESIAN_POINT('',(-12.557108210462919,3.588598315902640,2.068255933589742));
#5343=CARTESIAN_POINT('',(-12.557108210462927,3.877644246640286,2.234844921462502));
#5344=CARTESIAN_POINT('',(-12.784925669768132,4.082030584339252,2.352641124458332));
#5345=CARTESIAN_POINT('',(-13.107108210462922,4.082030584339252,2.352641124458332));
#5346=CARTESIAN_POINT('',(-12.605391789537022,3.999999999999999,1.075044408258764));
#5347=CARTESIAN_POINT('',(-12.605391789537023,4.322182540694799,1.161634542961901));
#5348=CARTESIAN_POINT('',(-12.833209248842223,4.550000000000000,1.222863014394344));
#5349=CARTESIAN_POINT('',(-13.155391789537020,4.549999999999999,1.222863014394344));
#5350=CARTESIAN_POINT('',(-12.649999999999970,4.0,0.0));
#5351=CARTESIAN_POINT('',(-12.649999999999970,4.322182540694797,0.0));
#5352=CARTESIAN_POINT('',(-12.877817459305174,4.550000000000002,0.0));
#5353=CARTESIAN_POINT('',(-13.199999999999971,4.550000000000000,0.0));
#5354=CARTESIAN_POINT('',(-12.694608210462921,3.999999999999999,-1.075044408258762));
#5355=CARTESIAN_POINT('',(-12.694608210462926,4.322182540694799,-1.161634542961898));
#5356=CARTESIAN_POINT('',(-12.922425669768122,4.550000000000002,-1.222863014394342));
#5357=CARTESIAN_POINT('',(-13.244608210462921,4.550000000000000,-1.222863014394342));
#5358=CARTESIAN_POINT('',(-12.742891789537021,3.588598315902640,-2.068255933589740));
#5359=CARTESIAN_POINT('',(-12.742891789537023,3.877644246640288,-2.234844921462499));
#5360=CARTESIAN_POINT('',(-12.970709248842232,4.082030584339252,-2.352641124458329));
#5361=CARTESIAN_POINT('',(-13.292891789537020,4.082030584339252,-2.352641124458329));
#5362=CARTESIAN_POINT('',(-12.787499999999973,2.828427124746191,-2.828427124746189));
#5363=CARTESIAN_POINT('',(-12.787499999999973,3.056244584051393,-3.056244584051392));
#5364=CARTESIAN_POINT('',(-13.015317459305171,3.217335854398791,-3.217335854398791));
#5365=CARTESIAN_POINT('',(-13.337499999999968,3.217335854398792,-3.217335854398791));
#5366=CARTESIAN_POINT('',(-12.832108210462925,2.068255933589741,-3.588598315902640));
#5367=CARTESIAN_POINT('',(-12.832108210462927,2.234844921462499,-3.877644246640288));
#5368=CARTESIAN_POINT('',(-13.059925669768131,2.352641124458329,-4.082030584339252));
#5369=CARTESIAN_POINT('',(-13.382108210462924,2.352641124458329,-4.082030584339252));
#5370=CARTESIAN_POINT('',(-12.880391789537015,1.075044408258763,-3.999999999999999));
#5371=CARTESIAN_POINT('',(-12.880391789537020,1.161634542961898,-4.322182540694799));
#5372=CARTESIAN_POINT('',(-13.108209248842231,1.222863014394342,-4.550000000000002));
#5373=CARTESIAN_POINT('',(-13.430391789537023,1.222863014394342,-4.550000000000000));
#5374=CARTESIAN_POINT('',(-12.924999999999972,2.449213E-016,-4.0));
#5375=CARTESIAN_POINT('',(-12.924999999999972,2.646486E-016,-4.322182540694797));
#5376=CARTESIAN_POINT('',(-13.152817459305176,2.785979E-016,-4.550000000000002));
#5377=CARTESIAN_POINT('',(-13.474999999999973,2.785979E-016,-4.550000000000000));
#5378=CARTESIAN_POINT('',(-12.969608210462919,-1.075044408258762,-3.999999999999999));
#5379=CARTESIAN_POINT('',(-12.969608210462924,-1.161634542961898,-4.322182540694799));
#5380=CARTESIAN_POINT('',(-13.197425669768123,-1.222863014394342,-4.550000000000002));
#5381=CARTESIAN_POINT('',(-13.519608210462922,-1.222863014394342,-4.550000000000000));
#5382=CARTESIAN_POINT('',(-13.017891789537014,-2.068255933589740,-3.588598315902640));
#5383=CARTESIAN_POINT('',(-13.017891789537021,-2.234844921462499,-3.877644246640288));
#5384=CARTESIAN_POINT('',(-13.245709248842223,-2.352641124458329,-4.082030584339252));
#5385=CARTESIAN_POINT('',(-13.567891789537022,-2.352641124458329,-4.082030584339252));
#5386=CARTESIAN_POINT('',(-13.062499999999972,-2.828427124746189,-2.828427124746191));
#5387=CARTESIAN_POINT('',(-13.062499999999968,-3.056244584051392,-3.056244584051393));
#5388=CARTESIAN_POINT('',(-13.290317459305177,-3.217335854398791,-3.217335854398791));
#5389=CARTESIAN_POINT('',(-13.612499999999974,-3.217335854398791,-3.217335854398792));
#5390=CARTESIAN_POINT('',(-13.107108210462922,-3.588598315902640,-2.068255933589740));
#5391=CARTESIAN_POINT('',(-13.107108210462929,-3.877644246640288,-2.234844921462499));
#5392=CARTESIAN_POINT('',(-13.334925669768131,-4.082030584339252,-2.352641124458329));
#5393=CARTESIAN_POINT('',(-13.657108210462921,-4.082030584339252,-2.352641124458329));
#5394=CARTESIAN_POINT('',(-13.155391789537017,-3.999999999999999,-1.075044408258763));
#5395=CARTESIAN_POINT('',(-13.155391789537020,-4.322182540694799,-1.161634542961899));
#5396=CARTESIAN_POINT('',(-13.383209248842224,-4.550000000000002,-1.222863014394342));
#5397=CARTESIAN_POINT('',(-13.705391789537023,-4.550000000000000,-1.222863014394342));
#5398=CARTESIAN_POINT('',(-13.199999999999971,-4.0,-4.898425E-016));
#5399=CARTESIAN_POINT('',(-13.199999999999969,-4.322182540694797,-5.292972E-016));
#5400=CARTESIAN_POINT('',(-13.427817459305167,-4.550000000000002,-5.571959E-016));
#5401=CARTESIAN_POINT('',(-13.749999999999973,-4.550000000000000,-5.571959E-016));
#5402=CARTESIAN_POINT('',(-13.244608210462921,-3.999999999999999,1.075044408258762));
#5403=CARTESIAN_POINT('',(-13.244608210462925,-4.322182540694799,1.161634542961898));
#5404=CARTESIAN_POINT('',(-13.472425669768134,-4.550000000000002,1.222863014394342));
#5405=CARTESIAN_POINT('',(-13.794608210462922,-4.550000000000000,1.222863014394341));
#5406=CARTESIAN_POINT('',(-13.292891789537020,-3.588598315902640,2.068255933589740));
#5407=CARTESIAN_POINT('',(-13.292891789537018,-3.877644246640288,2.234844921462499));
#5408=CARTESIAN_POINT('',(-13.520709248842223,-4.082030584339252,2.352641124458329));
#5409=CARTESIAN_POINT('',(-13.842891789537022,-4.082030584339252,2.352641124458328));
#5410=CARTESIAN_POINT('',(-13.337499999999968,-2.828427124746191,2.828427124746189));
#5411=CARTESIAN_POINT('',(-13.337499999999974,-3.056244584051393,3.056244584051392));
#5412=CARTESIAN_POINT('',(-13.565317459305177,-3.217335854398791,3.217335854398791));
#5413=CARTESIAN_POINT('',(-13.887499999999973,-3.217335854398792,3.217335854398791));
#5414=CARTESIAN_POINT('',(-13.382108210462924,-2.068255933589742,3.588598315902640));
#5415=CARTESIAN_POINT('',(-13.382108210462928,-2.234844921462501,3.877644246640286));
#5416=CARTESIAN_POINT('',(-13.609925669768131,-2.352641124458332,4.082030584339252));
#5417=CARTESIAN_POINT('',(-13.932108210462921,-2.352641124458331,4.082030584339252));
#5418=CARTESIAN_POINT('',(-13.430391789537023,-1.075044408258764,3.999999999999999));
#5419=CARTESIAN_POINT('',(-13.430391789537024,-1.161634542961901,4.322182540694799));
#5420=CARTESIAN_POINT('',(-13.658209248842223,-1.222863014394344,4.550000000000000));
#5421=CARTESIAN_POINT('',(-13.980391789537023,-1.222863014394344,4.549999999999999));
#5422=CARTESIAN_POINT('',(-13.474999999999973,-7.347638E-016,4.0));
#5423=CARTESIAN_POINT('',(-13.474999999999969,-7.939458E-016,4.322182540694797));
#5424=CARTESIAN_POINT('',(-13.702817459305173,-8.357938E-016,4.550000000000002));
#5425=CARTESIAN_POINT('',(-14.024999999999974,-8.357938E-016,4.550000000000000));
#5426=CARTESIAN_POINT('',(-13.519608210462922,1.075044408258763,3.999999999999999));
#5427=CARTESIAN_POINT('',(-13.519608210462923,1.161634542961898,4.322182540694799));
#5428=CARTESIAN_POINT('',(-13.747425669768125,1.222863014394342,4.550000000000000));
#5429=CARTESIAN_POINT('',(-14.069608210462921,1.222863014394342,4.549999999999999));
#5430=CARTESIAN_POINT('',(-13.567891789537022,2.068255933589740,3.588598315902640));
#5431=CARTESIAN_POINT('',(-13.567891789537018,2.234844921462499,3.877644246640288));
#5432=CARTESIAN_POINT('',(-13.795709248842218,2.352641124458330,4.082030584339252));
#5433=CARTESIAN_POINT('',(-14.117891789537023,2.352641124458329,4.082030584339252));
#5434=CARTESIAN_POINT('',(-13.612499999999974,2.828427124746189,2.828427124746191));
#5435=CARTESIAN_POINT('',(-13.612499999999972,3.056244584051392,3.056244584051393));
#5436=CARTESIAN_POINT('',(-13.840317459305176,3.217335854398790,3.217335854398791));
#5437=CARTESIAN_POINT('',(-14.162499999999971,3.217335854398791,3.217335854398792));
#5438=CARTESIAN_POINT('',(-13.646673844678636,3.410785662472060,2.246068587020321));
#5439=CARTESIAN_POINT('',(-13.646673844678624,3.685509560097221,2.426979608005566));
#5440=CARTESIAN_POINT('',(-13.874491303983824,3.879768691061968,2.554903017735615));
#5441=CARTESIAN_POINT('',(-14.196673844678633,3.879768691061968,2.554903017735617));
#5442=CARTESIAN_POINT('',(-13.683685763797671,3.794889594899062,1.513193565567106));
#5443=CARTESIAN_POINT('',(-13.683685763797659,4.100551387734269,1.635074702446464));
#5444=CARTESIAN_POINT('',(-13.911503223102866,4.316686914197682,1.721257680832584));
#5445=CARTESIAN_POINT('',(-14.233685763797661,4.316686914197682,1.721257680832583));
#5446=CARTESIAN_POINT('',(-13.720133897759224,3.939231012048836,0.694592710667695));
#5447=CARTESIAN_POINT('',(-13.720133897759224,4.256518876010247,0.750539121735446));
#5448=CARTESIAN_POINT('',(-13.947951357064428,4.480875276205554,0.790099208384503));
#5449=CARTESIAN_POINT('',(-14.270133897759221,4.480875276205552,0.790099208384503));
#5457=(BOUNDED_SURFACE()B_SPLINE_SURFACE(3,3,((#4198,#4202,#4206,#4210,#4214,#4218,#4222,#4226,#4230,#4234,#4238,#4242,#4246,#4250,#4254,#4258,#4262,#4266,#4270,#4274,#4278,#4282,#4286,#4290,#4294,#4298,#4302,#4306,#4310,#4314,#4318,#4322,#4326,#4330,#4334,#4338,#4342,#4346,#4350,#4354,#4358,#4362,#4366,#4370,#4374,#4378,#4382,#4386,#4390,#4394,#4398,#4402,#4406,#4410,#4414,#4418,#4422,#4426,#4430,#4434,#4438,#4442,#4446,#4450,#4454,#4458,#4462,#4466,#4470,#4474,#4478,#4482,#4486,#4490,#4494,#4498,#4502,#4506,#4510,#4514,#4518,#4522,#4526,#4530,#4534,#4538,#4542,#4546,#4550,#4554,#4558,#4562,#4566,#4570,#4574,#4578,#4582,#4586,#4590,#4594,#4598,#4602,#4606,#4610,#4614,#4618,#4622,#4626,#4630,#4634,#4638,#4642,#4646,#4650,#4654,#4658,#4662,#4666,#4670,#4674,#4678,#4682,#4686,#4690,#4694,#4698,#4702,#4706,#4710,#4714,#4718,#4722,#4726,#4730,#4734,#4738,#4742,#4746,#4750,#4754,#4758,#4762,#4766,#4770,#4774,#4778,#4782,#4786,#4790,#4794,#4798,#4802,#4806,#4810,#4814,#4818,#4822,#4826,#4830,#4834,#4838,#4842,#4846,#4850,#4854,#4858,#4862,#4866,#4870,#4874,#4878,#4882,#4886,#4890,#4894,#4898,#4902,#4906,#4910,#4914,#4918,#4922,#4926,#4930,#4934,#4938,#4942,#4946,#4950,#4954,#4958,#4962,#4966,#4970,#4974,#4978,#4982,#4986,#4990,#4994,#4998,#5002,#5006,#5010,#5014,#5018,#5022,#5026,#5030,#5034,#5038,#5042,#5046,#5050,#5054,#5058,#5062,#5066,#5070,#5074,#5078,#5082,#5086,#5090,#5094,#5098,#5102,#5106,#5110,#5114,#5118,#5122,#5126,#5130,#5134,#5138,#5142,#5146,#5150,#5154,#5158,#5162,#5166,#5170,#5174,#5178,#5182,#5186,#5190,#5194,#5198,#5202,#5206,#5210,#5214,#5218,#5222,#5226,#5230,#5234,#5238,#5242,#5246,#5250,#5254,#5258,#5262,#5266,#5270,#5274,#5278,#5282,#5286,#5290,#5294,#5298,#5302,#5306,#5310,#5314,#5318,#5322,#5326,#5330,#5334,#5338,#5342,#5346,#5350,#5354,#5358,#5362,#5366,#5370,#5374,#5378,#5382,#5386,#5390,#5394,#5398,#5402,#5406,#5410,#5414,#5418,#5422,#5426,#5430,#5434,#5438,#5442,#5446),(#4199,#4203,#4207,#4211,#4215,#4219,#4223,#4227,#4231,#4235,#4239,#4243,#4247,#4251,#4255,#4259,#4263,#4267,#4271,#4275,#4279,#4283,#4287,#4291,#4295,#4299,#4303,#4307,#4311,#4315,#4319,#4323,#4327,#4331,#4335,#4339,#4343,#4347,#4351,#4355,#4359,#4363,#4367,#4371,#4375,#4379,#4383,#4387,#4391,#4395,#4399,#4403,#4407,#4411,#4415,#4419,#4423,#4427,#4431,#4435,#4439,#4443,#4447,#4451,#4455,#4459,#4463,#4467,#4471,#4475,#4479,#4483,#4487,#4491,#4495,#4499,#4503,#4507,#4511,#4515,#4519,#4523,#4527,#4531,#4535,#4539,#4543,#4547,#4551,#4555,#4559,#4563,#4567,#4571,#4575,#4579,#4583,#4587,#4591,#4595,#4599,#4603,#4607,#4611,#4615,#4619,#4623,#4627,#4631,#4635,#4639,#4643,#4647,#4651,#4655,#4659,#4663,#4667,#4671,#4675,#4679,#4683,#4687,#4691,#4695,#4699,#4703,#4707,#4711,#4715,#4719,#4723,#4727,#4731,#4735,#4739,#4743,#4747,#4751,#4755,#4759,#4763,#4767,#4771,#4775,#4779,#4783,#4787,#4791,#4795,#4799,#4803,#4807,#4811,#4815,#4819,#4823,#4827,#4831,#4835,#4839,#4843,#4847,#4851,#4855,#4859,#4863,#4867,#4871,#4875,#4879,#4883,#4887,#4891,#4895,#4899,#4903,#4907,#4911,#4915,#4919,#4923,#4927,#4931,#4935,#4939,#4943,#4947,#4951,#4955,#4959,#4963,#4967,#4971,#4975,#4979,#4983,#4987,#4991,#4995,#4999,#5003,#5007,#5011,#5015,#5019,#5023,#5027,#5031,#5035,#5039,#5043,#5047,#5051,#5055,#5059,#5063,#5067,#5071,#5075,#5079,#5083,#5087,#5091,#5095,#5099,#5103,#5107,#5111,#5115,#5119,#5123,#5127,#5131,#5135,#5139,#5143,#5147,#5151,#5155,#5159,#5163,#5167,#5171,#5175,#5179,#5183,#5187,#5191,#5195,#5199,#5203,#5207,#5211,#5215,#5219,#5223,#5227,#5231,#5235,#5239,#5243,#5247,#5251,#5255,#5259,#5263,#5267,#5271,#5275,#5279,#5283,#5287,#5291,#5295,#5299,#5303,#5307,#5311,#5315,#5319,#5323,#5327,#5331,#5335,#5339,#5343,#5347,#5351,#5355,#5359,#5363,#5367,#5371,#5375,#5379,#5383,#5387,#5391,#5395,#5399,#5403,#5407,#5411,#5415,#5419,#5423,#5427,#5431,#5435,#5439,#5443,#5447),(#4200,#4204,#4208,#4212,#4216,#4220,#4224,#4228,#4232,#4236,#4240,#4244,#4248,#4252,#4256,#4260,#4264,#4268,#4272,#4276,#4280,#4284,#4288,#4292,#4296,#4300,#4304,#4308,#4312,#4316,#4320,#4324,#4328,#4332,#4336,#4340,#4344,#4348,#4352,#4356,#4360,#4364,#4368,#4372,#4376,#4380,#4384,#4388,#4392,#4396,#4400,#4404,#4408,#4412,#4416,#4420,#4424,#4428,#4432,#4436,#4440,#4444,#4448,#4452,#4456,#4460,#4464,#4468,#4472,#4476,#4480,#4484,#4488,#4492,#4496,#4500,#4504,#4508,#4512,#4516,#4520,#4524,#4528,#4532,#4536,#4540,#4544,#4548,#4552,#4556,#4560,#4564,#4568,#4572,#4576,#4580,#4584,#4588,#4592,#4596,#4600,#4604,#4608,#4612,#4616,#4620,#4624,#4628,#4632,#4636,#4640,#4644,#4648,#4652,#4656,#4660,#4664,#4668,#4672,#4676,#4680,#4684,#4688,#4692,#4696,#4700,#4704,#4708,#4712,#4716,#4720,#4724,#4728,#4732,#4736,#4740,#4744,#4748,#4752,#4756,#4760,#4764,#4768,#4772,#4776,#4780,#4784,#4788,#4792,#4796,#4800,#4804,#4808,#4812,#4816,#4820,#4824,#4828,#4832,#4836,#4840,#4844,#4848,#4852,#4856,#4860,#4864,#4868,#4872,#4876,#4880,#4884,#4888,#4892,#4896,#4900,#4904,#4908,#4912,#4916,#4920,#4924,#4928,#4932,#4936,#4940,#4944,#4948,#4952,#4956,#4960,#4964,#4968,#4972,#4976,#4980,#4984,#4988,#4992,#4996,#5000,#5004,#5008,#5012,#5016,#5020,#5024,#5028,#5032,#5036,#5040,#5044,#5048,#5052,#5056,#5060,#5064,#5068,#5072,#5076,#5080,#5084,#5088,#5092,#5096,#5100,#5104,#5108,#5112,#5116,#5120,#5124,#5128,#5132,#5136,#5140,#5144,#5148,#5152,#5156,#5160,#5164,#5168,#5172,#5176,#5180,#5184,#5188,#5192,#5196,#5200,#5204,#5208,#5212,#5216,#5220,#5224,#5228,#5232,#5236,#5240,#5244,#5248,#5252,#5256,#5260,#5264,#5268,#5272,#5276,#5280,#5284,#5288,#5292,#5296,#5300,#5304,#5308,#5312,#5316,#5320,#5324,#5328,#5332,#5336,#5340,#5344,#5348,#5352,#5356,#5360,#5364,#5368,#5372,#5376,#5380,#5384,#5388,#5392,#5396,#5400,#5404,#5408,#5412,#5416,#5420,#5424,#5428,#5432,#5436,#5440,#5444,#5448),(#4201,#4205,#4209,#4213,#4217,#4221,#4225,#4229,#4233,#4237,#4241,#4245,#4249,#4253,#4257,#4261,#4265,#4269,#4273,#4277,#4281,#4285,#4289,#4293,#4297,#4301,#4305,#4309,#4313,#4317,#4321,#4325,#4329,#4333,#4337,#4341,#4345,#4349,#4353,#4357,#4361,#4365,#4369,#4373,#4377,#4381,#4385,#4389,#4393,#4397,#4401,#4405,#4409,#4413,#4417,#4421,#4425,#4429,#4433,#4437,#4441,#4445,#4449,#4453,#4457,#4461,#4465,#4469,#4473,#4477,#4481,#4485,#4489,#4493,#4497,#4501,#4505,#4509,#4513,#4517,#4521,#4525,#4529,#4533,#4537,#4541,#4545,#4549,#4553,#4557,#4561,#4565,#4569,#4573,#4577,#4581,#4585,#4589,#4593,#4597,#4601,#4605,#4609,#4613,#4617,#4621,#4625,#4629,#4633,#4637,#4641,#4645,#4649,#4653,#4657,#4661,#4665,#4669,#4673,#4677,#4681,#4685,#4689,#4693,#4697,#4701,#4705,#4709,#4713,#4717,#4721,#4725,#4729,#4733,#4737,#4741,#4745,#4749,#4753,#4757,#4761,#4765,#4769,#4773,#4777,#4781,#4785,#4789,#4793,#4797,#4801,#4805,#4809,#4813,#4817,#4821,#4825,#4829,#4833,#4837,#4841,#4845,#4849,#4853,#4857,#4861,#4865,#4869,#4873,#4877,#4881,#4885,#4889,#4893,#4897,#4901,#4905,#4909,#4913,#4917,#4921,#4925,#4929,#4933,#4937,#4941,#4945,#4949,#4953,#4957,#4961,#4965,#4969,#4973,#4977,#4981,#4985,#4989,#4993,#4997,#5001,#5005,#5009,#5013,#5017,#5021,#5025,#5029,#5033,#5037,#5041,#5045,#5049,#5053,#5057,#5061,#5065,#5069,#5073,#5077,#5081,#5085,#5089,#5093,#5097,#5101,#5105,#5109,#5113,#5117,#5121,#5125,#5129,#5133,#5137,#5141,#5145,#5149,#5153,#5157,#5161,#5165,#5169,#5173,#5177,#5181,#5185,#5189,#5193,#5197,#5201,#5205,#5209,#5213,#5217,#5221,#5225,#5229,#5233,#5237,#5241,#5245,#5249,#5253,#5257,#5261,#5265,#5269,#5273,#5277,#5281,#5285,#5289,#5293,#5297,#5301,#5305,#5309,#5313,#5317,#5321,#5325,#5329,#5333,#5337,#5341,#5345,#5349,#5353,#5357,#5361,#5365,#5369,#5373,#5377,#5381,#5385,#5389,#5393,#5397,#5401,#5405,#5409,#5413,#5417,#5421,#5425,#5429,#5433,#5437,#5441,#5445,#5449)),.UNSPECIFIED.,.F.,.F.,.U.)B_SPLINE_SURFACE_WITH_KNOTS((4,4),(4,3,3,3,3,3,3,3,3,3,3,3,3,3,3,3,3,3,3,3,3,3,3,3,3,3,3,3,3,3,3,3,3,3,3,3,3,3,3,3,3,3,3,3,3,3,3,3,3,3,3,3,3,3,3,3,3,3,3,3,3,3,3,3,3,3,3,3,3,3,3,3,3,3,3,3,3,3,3,3,3,3,3,3,3,3,3,3,3,3,3,3,3,3,3,3,3,3,3,3,3,3,3,3,4),(0.0,1.0),(0.0,0.008928571428571,0.017857142857143,0.026785714285714,0.035714285714286,0.044642857142857,0.053571428571429,0.062500000000000,0.071428571428571,0.080357142857143,0.089285714285714,0.098214285714286,0.107142857142857,0.116071428571429,0.125000000000000,0.133928571428571,0.142857142857143,0.151785714285714,0.160714285714286,0.169642857142857,0.178571428571429,0.187500000000000,0.196428571428571,0.205357142857143,0.214285714285714,0.223214285714286,0.232142857142857,0.241071428571429,0.250000000000000,0.258928571428571,0.267857142857143,0.276785714285714,0.285714285714286,0.294642857142857,0.303571428571429,0.312500000000000,0.321428571428571,0.330357142857143,0.339285714285714,0.348214285714286,0.357142857142857,0.366071428571429,0.375000000000000,0.383928571428571,0.392857142857143,0.401785714285714,0.410714285714286,0.419642857142857,0.428571428571429,0.437500000000000,0.446428571428571,0.455357142857143,0.464285714285714,0.473214285714286,0.482142857142857,0.491071428571429,0.500000000000000,0.508928571428571,0.517857142857143,0.526785714285714,0.535714285714286,0.544642857142857,0.553571428571428,0.562500000000000,0.571428571428571,0.580357142857143,0.589285714285714,0.598214285714286,0.607142857142857,0.616071428571428,0.625000000000000,0.633928571428571,0.642857142857143,0.651785714285714,0.660714285714286,0.669642857142857,0.678571428571428,0.687500000000000,0.696428571428571,0.705357142857143,0.714285714285714,0.723214285714286,0.732142857142857,0.741071428571429,0.750000000000000,0.758928571428571,0.767857142857143,0.776785714285714,0.785714285714286,0.794642857142857,0.803571428571429,0.812500000000000,0.821428571428571,0.830357142857143,0.839285714285714,0.848214285714286,0.857142857142857,0.866071428571429,0.875000000000000,0.883928571428571,0.892857142857143,0.901785714285714,0.910714285714286,0.919642857142857,0.926565103659671),.UNSPECIFIED.)GEOMETRIC_REPRESENTATION_ITEM()RATIONAL_B_SPLINE_SURFACE(((1.0,0.949253021674191,0.949253021674191,1.0,0.949253021674191,0.949253021674191,1.0,0.949253021674191,0.949253021674191,1.0,0.949253021674191,0.949253021674191,1.0,0.949253021674191,0.949253021674191,1.0,0.949253021674191,0.949253021674191,1.0,0.949253021674191,0.949253021674191,1.0,0.949253021674191,0.949253021674191,1.0,0.949253021674191,0.949253021674191,1.0,0.949253021674191,0.949253021674191,1.0,0.949253021674191,0.949253021674191,1.0,0.949253021674191,0.949253021674191,1.0,0.949253021674191,0.949253021674191,1.0,0.949253021674191,0.949253021674191,1.0,0.949253021674191,0.949253021674191,1.0,0.949253021674191,0.949253021674191,1.0,0.949253021674191,0.949253021674191,1.0,0.949253021674191,0.949253021674191,1.0,0.949253021674191,0.949253021674191,1.0,0.949253021674191,0.949253021674191,1.0,0.949253021674191,0.949253021674191,1.0,0.949253021674191,0.949253021674191,1.0,0.949253021674191,0.949253021674191,1.0,0.949253021674191,0.949253021674191,1.0,0.949253021674191,0.949253021674191,1.0,0.949253021674191,0.949253021674191,1.0,0.949253021674191,0.949253021674191,1.0,0.949253021674191,0.949253021674191,1.0,0.949253021674191,0.949253021674191,1.0,0.949253021674191,0.949253021674191,1.0,0.949253021674191,0.949253021674191,1.0,0.949253021674191,0.949253021674191,1.0,0.949253021674191,0.949253021674191,1.0,0.949253021674191,0.949253021674191,1.0,0.949253021674191,0.949253021674191,1.0,0.949253021674191,0.949253021674191,1.0,0.949253021674191,0.949253021674191,1.0,0.949253021674191,0.949253021674191,1.0,0.949253021674191,0.949253021674191,1.0,0.949253021674191,0.949253021674191,1.0,0.949253021674191,0.949253021674191,1.0,0.949253021674191,0.949253021674191,1.0,0.949253021674191,0.949253021674191,1.0,0.949253021674191,0.949253021674191,1.0,0.949253021674191,0.949253021674191,1.0,0.949253021674191,0.949253021674191,1.0,0.949253021674191,0.949253021674191,1.0,0.949253021674191,0.949253021674191,1.0,0.949253021674191,0.949253021674191,1.0,0.949253021674191,0.949253021674191,1.0,0.949253021674191,0.949253021674191,1.0,0.949253021674191,0.949253021674191,1.0,0.949253021674191,0.949253021674191,1.0,0.949253021674191,0.949253021674191,1.0,0.949253021674191,0.949253021674191,1.0,0.949253021674191,0.949253021674191,1.0,0.949253021674191,0.949253021674191,1.0,0.949253021674191,0.949253021674191,1.0,0.949253021674191,0.949253021674191,1.0,0.949253021674191,0.949253021674191,1.0,0.949253021674191,0.949253021674191,1.0,0.949253021674191,0.949253021674191,1.0,0.949253021674191,0.949253021674191,1.0,0.949253021674191,0.949253021674191,1.0,0.949253021674191,0.949253021674191,1.0,0.949253021674191,0.949253021674191,1.0,0.949253021674191,0.949253021674191,1.0,0.949253021674191,0.949253021674191,1.0,0.949253021674191,0.949253021674191,1.0,0.949253021674191,0.949253021674191,1.0,0.949253021674191,0.949253021674191,1.0,0.949253021674191,0.949253021674191,1.0,0.949253021674191,0.949253021674191,1.0,0.949253021674191,0.949253021674191,1.0,0.949253021674191,0.949253021674191,1.0,0.949253021674191,0.949253021674191,1.0,0.949253021674191,0.949253021674191,1.0,0.949253021674191,0.949253021674191,1.0,0.949253021674191,0.949253021674191,1.0,0.949253021674191,0.949253021674191,1.0,0.949253021674191,0.949253021674191,1.0,0.949253021674191,0.949253021674191,1.0,0.949253021674191,0.949253021674191,1.0,0.949253021674191,0.949253021674191,1.0,0.949253021674191,0.949253021674191,1.0,0.949253021674191,0.949253021674191,1.0,0.949253021674191,0.949253021674191,1.0,0.949253021674191,0.949253021674191,1.0,0.949253021674191,0.949253021674191,1.0,0.949253021674191,0.949253021674191,1.0,0.949253021674191,0.949253021674191,1.0,0.949253021674191,0.949253021674191,1.0,0.949253021674191,0.949253021674191,1.0,0.949253021674191,0.949253021674191,1.0,0.949253021674191,0.949253021674191,1.0,0.949253021674191,0.949253021674191,1.0,0.949253021674191,0.949253021674191,1.0,0.949253021674191,0.949253021674191,1.0,0.949253021674191,0.949253021674191,1.0,0.949253021674191,0.949253021674191,1.0,0.949253021674191,0.949253021674191,1.0,0.949253021674191,0.949253021674191,1.0,0.949253021674191,0.949253021674191,1.0,0.960656293477076,0.951815432523082,0.973477417138017),(0.804737854124365,0.763899839683158,0.763899839683158,0.804737854124365,0.763899839683158,0.763899839683158,0.804737854124365,0.763899839683158,0.763899839683158,0.804737854124365,0.763899839683158,0.763899839683158,0.804737854124365,0.763899839683158,0.763899839683158,0.804737854124365,0.763899839683157,0.763899839683158,0.804737854124365,0.763899839683157,0.763899839683158,0.804737854124365,0.763899839683158,0.763899839683158,0.804737854124365,0.763899839683158,0.763899839683158,0.804737854124365,0.763899839683158,0.763899839683158,0.804737854124365,0.763899839683157,0.763899839683158,0.804737854124365,0.763899839683158,0.763899839683158,0.804737854124365,0.763899839683158,0.763899839683158,0.804737854124365,0.763899839683157,0.763899839683158,0.804737854124365,0.763899839683158,0.763899839683158,0.804737854124365,0.763899839683158,0.763899839683158,0.804737854124365,0.763899839683158,0.763899839683158,0.804737854124365,0.763899839683158,0.763899839683158,0.804737854124365,0.763899839683158,0.763899839683158,0.804737854124365,0.763899839683158,0.763899839683158,0.804737854124365,0.763899839683158,0.763899839683158,0.804737854124365,0.763899839683158,0.763899839683158,0.804737854124365,0.763899839683158,0.763899839683158,0.804737854124365,0.763899839683158,0.763899839683158,0.804737854124365,0.763899839683158,0.763899839683158,0.804737854124365,0.763899839683158,0.763899839683158,0.804737854124365,0.763899839683158,0.763899839683158,0.804737854124365,0.763899839683158,0.763899839683158,0.804737854124365,0.763899839683158,0.763899839683158,0.804737854124365,0.763899839683158,0.763899839683158,0.804737854124365,0.763899839683158,0.763899839683158,0.804737854124365,0.763899839683158,0.763899839683158,0.804737854124365,0.763899839683158,0.763899839683158,0.804737854124365,0.763899839683158,0.763899839683158,0.804737854124365,0.763899839683158,0.763899839683158,0.804737854124365,0.763899839683158,0.763899839683158,0.804737854124365,0.763899839683158,0.763899839683158,0.804737854124365,0.763899839683158,0.763899839683158,0.804737854124365,0.763899839683158,0.763899839683158,0.804737854124365,0.763899839683158,0.763899839683158,0.804737854124365,0.763899839683158,0.763899839683158,0.804737854124365,0.763899839683158,0.763899839683158,0.804737854124365,0.763899839683158,0.763899839683158,0.804737854124365,0.763899839683158,0.763899839683158,0.804737854124365,0.763899839683158,0.763899839683158,0.804737854124365,0.763899839683158,0.763899839683158,0.804737854124365,0.763899839683158,0.763899839683158,0.804737854124365,0.763899839683158,0.763899839683158,0.804737854124365,0.763899839683158,0.763899839683158,0.804737854124365,0.763899839683158,0.763899839683158,0.804737854124365,0.763899839683158,0.763899839683158,0.804737854124365,0.763899839683158,0.763899839683158,0.804737854124365,0.763899839683158,0.763899839683158,0.804737854124365,0.763899839683158,0.763899839683158,0.804737854124365,0.763899839683158,0.763899839683158,0.804737854124365,0.763899839683158,0.763899839683158,0.804737854124365,0.763899839683158,0.763899839683158,0.804737854124365,0.763899839683158,0.763899839683158,0.804737854124365,0.763899839683158,0.763899839683158,0.804737854124365,0.763899839683158,0.763899839683158,0.804737854124365,0.763899839683158,0.763899839683158,0.804737854124365,0.763899839683158,0.763899839683158,0.804737854124365,0.763899839683158,0.763899839683158,0.804737854124365,0.763899839683158,0.763899839683158,0.804737854124365,0.763899839683158,0.763899839683158,0.804737854124365,0.763899839683158,0.763899839683158,0.804737854124365,0.763899839683158,0.763899839683158,0.804737854124365,0.763899839683158,0.763899839683158,0.804737854124365,0.763899839683158,0.763899839683158,0.804737854124365,0.763899839683158,0.763899839683158,0.804737854124365,0.763899839683158,0.763899839683158,0.804737854124365,0.763899839683158,0.763899839683158,0.804737854124365,0.763899839683158,0.763899839683158,0.804737854124365,0.763899839683158,0.763899839683158,0.804737854124365,0.763899839683158,0.763899839683158,0.804737854124365,0.763899839683158,0.763899839683158,0.804737854124365,0.763899839683158,0.763899839683158,0.804737854124365,0.763899839683158,0.763899839683158,0.804737854124365,0.763899839683158,0.763899839683158,0.804737854124365,0.763899839683158,0.763899839683158,0.804737854124365,0.763899839683158,0.763899839683158,0.804737854124365,0.763899839683158,0.763899839683158,0.804737854124365,0.763899839683158,0.763899839683158,0.804737854124365,0.763899839683158,0.763899839683158,0.804737854124365,0.763899839683158,0.763899839683158,0.804737854124365,0.763899839683158,0.763899839683158,0.804737854124365,0.763899839683158,0.763899839683158,0.804737854124365,0.763899839683158,0.763899839683158,0.804737854124365,0.763899839683158,0.763899839683158,0.804737854124365,0.763899839683158,0.763899839683158,0.804737854124365,0.763899839683158,0.763899839683158,0.804737854124365,0.763899839683158,0.763899839683158,0.804737854124365,0.763899839683158,0.763899839683158,0.804737854124365,0.763899839683158,0.763899839683158,0.804737854124365,0.763899839683158,0.763899839683158,0.804737854124365,0.763899839683158,0.763899839683158,0.804737854124365,0.763899839683158,0.763899839683158,0.804737854124365,0.763899839683158,0.763899839683158,0.804737854124365,0.763899839683158,0.763899839683158,0.804737854124365,0.763899839683158,0.763899839683158,0.804737854124365,0.763899839683158,0.763899839683158,0.804737854124365,0.763899839683158,0.763899839683158,0.804737854124365,0.763899839683158,0.763899839683158,0.804737854124365,0.773076484163809,0.765961908691079,0.783394127706177),(0.804737854124365,0.763899839683158,0.763899839683158,0.804737854124365,0.763899839683158,0.763899839683158,0.804737854124365,0.763899839683158,0.763899839683158,0.804737854124365,0.763899839683158,0.763899839683158,0.804737854124365,0.763899839683158,0.763899839683158,0.804737854124365,0.763899839683157,0.763899839683158,0.804737854124365,0.763899839683157,0.763899839683158,0.804737854124365,0.763899839683158,0.763899839683158,0.804737854124365,0.763899839683158,0.763899839683158,0.804737854124365,0.763899839683158,0.763899839683158,0.804737854124365,0.763899839683157,0.763899839683158,0.804737854124365,0.763899839683158,0.763899839683158,0.804737854124365,0.763899839683158,0.763899839683158,0.804737854124365,0.763899839683157,0.763899839683158,0.804737854124365,0.763899839683158,0.763899839683158,0.804737854124365,0.763899839683158,0.763899839683158,0.804737854124365,0.763899839683158,0.763899839683158,0.804737854124365,0.763899839683158,0.763899839683158,0.804737854124365,0.763899839683158,0.763899839683158,0.804737854124365,0.763899839683158,0.763899839683158,0.804737854124365,0.763899839683158,0.763899839683158,0.804737854124365,0.763899839683158,0.763899839683158,0.804737854124365,0.763899839683158,0.763899839683158,0.804737854124365,0.763899839683158,0.763899839683158,0.804737854124365,0.763899839683158,0.763899839683158,0.804737854124365,0.763899839683158,0.763899839683158,0.804737854124365,0.763899839683158,0.763899839683158,0.804737854124365,0.763899839683158,0.763899839683158,0.804737854124365,0.763899839683158,0.763899839683158,0.804737854124365,0.763899839683158,0.763899839683158,0.804737854124365,0.763899839683158,0.763899839683158,0.804737854124365,0.763899839683158,0.763899839683158,0.804737854124365,0.763899839683158,0.763899839683158,0.804737854124365,0.763899839683158,0.763899839683158,0.804737854124365,0.763899839683158,0.763899839683158,0.804737854124365,0.763899839683158,0.763899839683158,0.804737854124365,0.763899839683158,0.763899839683158,0.804737854124365,0.763899839683158,0.763899839683158,0.804737854124365,0.763899839683158,0.763899839683158,0.804737854124365,0.763899839683158,0.763899839683158,0.804737854124365,0.763899839683158,0.763899839683158,0.804737854124365,0.763899839683158,0.763899839683158,0.804737854124365,0.763899839683158,0.763899839683158,0.804737854124365,0.763899839683158,0.763899839683158,0.804737854124365,0.763899839683158,0.763899839683158,0.804737854124365,0.763899839683158,0.763899839683158,0.804737854124365,0.763899839683158,0.763899839683158,0.804737854124365,0.763899839683158,0.763899839683158,0.804737854124365,0.763899839683158,0.763899839683158,0.804737854124365,0.763899839683158,0.763899839683158,0.804737854124365,0.763899839683158,0.763899839683158,0.804737854124365,0.763899839683158,0.763899839683158,0.804737854124365,0.763899839683158,0.763899839683158,0.804737854124365,0.763899839683158,0.763899839683158,0.804737854124365,0.763899839683158,0.763899839683158,0.804737854124365,0.763899839683158,0.763899839683158,0.804737854124365,0.763899839683158,0.763899839683158,0.804737854124365,0.763899839683158,0.763899839683158,0.804737854124365,0.763899839683158,0.763899839683158,0.804737854124365,0.763899839683158,0.763899839683158,0.804737854124365,0.763899839683158,0.763899839683158,0.804737854124365,0.763899839683158,0.763899839683158,0.804737854124365,0.763899839683158,0.763899839683158,0.804737854124365,0.763899839683158,0.763899839683158,0.804737854124365,0.763899839683158,0.763899839683158,0.804737854124365,0.763899839683158,0.763899839683158,0.804737854124365,0.763899839683158,0.763899839683158,0.804737854124365,0.763899839683158,0.763899839683158,0.804737854124365,0.763899839683158,0.763899839683158,0.804737854124365,0.763899839683158,0.763899839683158,0.804737854124365,0.763899839683158,0.763899839683158,0.804737854124365,0.763899839683158,0.763899839683158,0.804737854124365,0.763899839683158,0.763899839683158,0.804737854124365,0.763899839683158,0.763899839683158,0.804737854124365,0.763899839683158,0.763899839683158,0.804737854124365,0.763899839683158,0.763899839683158,0.804737854124365,0.763899839683158,0.763899839683158,0.804737854124365,0.763899839683158,0.763899839683158,0.804737854124365,0.763899839683158,0.763899839683158,0.804737854124365,0.763899839683158,0.763899839683158,0.804737854124365,0.763899839683158,0.763899839683158,0.804737854124365,0.763899839683158,0.763899839683158,0.804737854124365,0.763899839683158,0.763899839683158,0.804737854124365,0.763899839683158,0.763899839683158,0.804737854124365,0.763899839683158,0.763899839683158,0.804737854124365,0.763899839683158,0.763899839683158,0.804737854124365,0.763899839683158,0.763899839683158,0.804737854124365,0.763899839683158,0.763899839683158,0.804737854124365,0.763899839683158,0.763899839683158,0.804737854124365,0.763899839683158,0.763899839683158,0.804737854124365,0.763899839683158,0.763899839683158,0.804737854124365,0.763899839683158,0.763899839683158,0.804737854124365,0.763899839683158,0.763899839683158,0.804737854124365,0.763899839683158,0.763899839683158,0.804737854124365,0.763899839683158,0.763899839683158,0.804737854124365,0.763899839683158,0.763899839683158,0.804737854124365,0.763899839683158,0.763899839683158,0.804737854124365,0.763899839683158,0.763899839683158,0.804737854124365,0.763899839683158,0.763899839683158,0.804737854124365,0.763899839683158,0.763899839683158,0.804737854124365,0.763899839683158,0.763899839683158,0.804737854124365,0.763899839683158,0.763899839683158,0.804737854124365,0.763899839683158,0.763899839683158,0.804737854124365,0.773076484163809,0.765961908691079,0.783394127706177),(1.0,0.949253021674191,0.949253021674191,1.0,0.949253021674191,0.949253021674191,1.0,0.949253021674191,0.949253021674191,1.0,0.949253021674191,0.949253021674191,1.0,0.949253021674191,0.949253021674191,1.0,0.949253021674191,0.949253021674191,1.0,0.949253021674191,0.949253021674191,1.0,0.949253021674191,0.949253021674191,1.0,0.949253021674191,0.949253021674191,1.0,0.949253021674191,0.949253021674191,1.0,0.949253021674191,0.949253021674191,1.0,0.949253021674191,0.949253021674191,1.0,0.949253021674191,0.949253021674191,1.0,0.949253021674191,0.949253021674191,1.0,0.949253021674191,0.949253021674191,1.0,0.949253021674191,0.949253021674191,1.0,0.949253021674191,0.949253021674191,1.0,0.949253021674191,0.949253021674191,1.0,0.949253021674191,0.949253021674191,1.0,0.949253021674191,0.949253021674191,1.0,0.949253021674191,0.949253021674191,1.0,0.949253021674191,0.949253021674191,1.0,0.949253021674191,0.949253021674191,1.0,0.949253021674191,0.949253021674191,1.0,0.949253021674191,0.949253021674191,1.0,0.949253021674191,0.949253021674191,1.0,0.949253021674191,0.949253021674191,1.0,0.949253021674191,0.949253021674191,1.0,0.949253021674191,0.949253021674191,1.0,0.949253021674191,0.949253021674191,1.0,0.949253021674191,0.949253021674191,1.0,0.949253021674191,0.949253021674191,1.0,0.949253021674191,0.949253021674191,1.0,0.949253021674191,0.949253021674191,1.0,0.949253021674191,0.949253021674191,1.0,0.949253021674191,0.949253021674191,1.0,0.949253021674191,0.949253021674191,1.0,0.949253021674191,0.949253021674191,1.0,0.949253021674191,0.949253021674191,1.0,0.949253021674191,0.949253021674191,1.0,0.949253021674191,0.949253021674191,1.0,0.949253021674191,0.949253021674191,1.0,0.949253021674191,0.949253021674191,1.0,0.949253021674191,0.949253021674191,1.0,0.949253021674191,0.949253021674191,1.0,0.949253021674191,0.949253021674191,1.0,0.949253021674191,0.949253021674191,1.0,0.949253021674191,0.949253021674191,1.0,0.949253021674191,0.949253021674191,1.0,0.949253021674191,0.949253021674191,1.0,0.949253021674191,0.949253021674191,1.0,0.949253021674191,0.949253021674191,1.0,0.949253021674191,0.949253021674191,1.0,0.949253021674191,0.949253021674191,1.0,0.949253021674191,0.949253021674191,1.0,0.949253021674191,0.949253021674191,1.0,0.949253021674191,0.949253021674191,1.0,0.949253021674191,0.949253021674191,1.0,0.949253021674191,0.949253021674191,1.0,0.949253021674191,0.949253021674191,1.0,0.949253021674191,0.949253021674191,1.0,0.949253021674191,0.949253021674191,1.0,0.949253021674191,0.949253021674191,1.0,0.949253021674191,0.949253021674191,1.0,0.949253021674191,0.949253021674191,1.0,0.949253021674191,0.949253021674191,1.0,0.949253021674191,0.949253021674191,1.0,0.949253021674191,0.949253021674191,1.0,0.949253021674191,0.949253021674191,1.0,0.949253021674191,0.949253021674191,1.0,0.949253021674191,0.949253021674191,1.0,0.949253021674191,0.949253021674191,1.0,0.949253021674191,0.949253021674191,1.0,0.949253021674191,0.949253021674191,1.0,0.949253021674191,0.949253021674191,1.0,0.949253021674191,0.949253021674191,1.0,0.949253021674191,0.949253021674191,1.0,0.949253021674191,0.949253021674191,1.0,0.949253021674191,0.949253021674191,1.0,0.949253021674191,0.949253021674191,1.0,0.949253021674191,0.949253021674191,1.0,0.949253021674191,0.949253021674191,1.0,0.949253021674191,0.949253021674191,1.0,0.949253021674191,0.949253021674191,1.0,0.949253021674191,0.949253021674191,1.0,0.949253021674191,0.949253021674191,1.0,0.949253021674191,0.949253021674191,1.0,0.949253021674191,0.949253021674191,1.0,0.949253021674191,0.949253021674191,1.0,0.949253021674191,0.949253021674191,1.0,0.949253021674191,0.949253021674191,1.0,0.949253021674191,0.949253021674191,1.0,0.949253021674191,0.949253021674191,1.0,0.949253021674191,0.949253021674191,1.0,0.949253021674191,0.949253021674191,1.0,0.949253021674191,0.949253021674191,1.0,0.949253021674191,0.949253021674191,1.0,0.949253021674191,0.949253021674191,1.0,0.949253021674191,0.949253021674191,1.0,0.949253021674191,0.949253021674191,1.0,0.949253021674191,0.949253021674191,1.0,0.949253021674191,0.949253021674191,1.0,0.949253021674191,0.949253021674191,1.0,0.960656293477076,0.951815432523082,0.973477417138017)))REPRESENTATION_ITEM('')SURFACE());
#5458=ORIENTED_EDGE('',*,*,#4145,.T.);
#5459=ORIENTED_EDGE('',*,*,#230,.T.);
#5460=CARTESIAN_POINT('',(-0.029815770731786,4.481101827885593,-0.788813291039394));
#5461=CARTESIAN_POINT('',(-0.085141416327723,4.232265488636925,-2.202406326702219));
#5462=CARTESIAN_POINT('',(-0.137500000000000,3.217335854398792,-3.217335854398791));
#5463=CARTESIAN_POINT('',(-0.206250000000000,1.884671708797583,-4.550000000000000));
#5464=CARTESIAN_POINT('',(-0.274999999999999,2.785979E-016,-4.550000000000000));
#5465=CARTESIAN_POINT('',(-0.343749999999999,-1.884671708797583,-4.550000000000000));
#5466=CARTESIAN_POINT('',(-0.412499999999999,-3.217335854398791,-3.217335854398792));
#5467=CARTESIAN_POINT('',(-0.481249999999999,-4.550000000000000,-1.884671708797583));
#5468=CARTESIAN_POINT('',(-0.549999999999999,-4.550000000000000,-5.571959E-016));
#5469=CARTESIAN_POINT('',(-0.618749999999999,-4.550000000000000,1.884671708797581));
#5470=CARTESIAN_POINT('',(-0.687499999999999,-3.217335854398792,3.217335854398791));
#5471=CARTESIAN_POINT('',(-0.756249999999999,-1.884671708797586,4.550000000000000));
#5472=CARTESIAN_POINT('',(-0.824999999999999,-8.357938E-016,4.550000000000000));
#5473=CARTESIAN_POINT('',(-0.893749999999998,1.884671708797584,4.550000000000000));
#5474=CARTESIAN_POINT('',(-0.962499999999998,3.217335854398791,3.217335854398792));
#5475=CARTESIAN_POINT('',(-1.031249999999998,4.550000000000000,1.884671708797586));
#5476=CARTESIAN_POINT('',(-1.099999999999998,4.550000000000000,1.114392E-015));
#5477=CARTESIAN_POINT('',(-1.168749999999998,4.550000000000000,-1.884671708797584));
#5478=CARTESIAN_POINT('',(-1.237499999999998,3.217335854398792,-3.217335854398791));
#5479=CARTESIAN_POINT('',(-1.306249999999998,1.884671708797586,-4.550000000000000));
#5480=CARTESIAN_POINT('',(-1.374999999999998,1.392990E-015,-4.550000000000000));
#5481=CARTESIAN_POINT('',(-1.443749999999997,-1.884671708797584,-4.550000000000000));
#5482=CARTESIAN_POINT('',(-1.512499999999997,-3.217335854398788,-3.217335854398796));
#5483=CARTESIAN_POINT('',(-1.581249999999997,-4.550000000000000,-1.884671708797587));
#5484=CARTESIAN_POINT('',(-1.649999999999996,-4.550000000000000,-1.671588E-015));
#5485=CARTESIAN_POINT('',(-1.718749999999997,-4.550000000000000,1.884671708797583));
#5486=CARTESIAN_POINT('',(-1.787499999999997,-3.217335854398789,3.217335854398793));
#5487=CARTESIAN_POINT('',(-1.856249999999997,-1.884671708797587,4.550000000000000));
#5488=CARTESIAN_POINT('',(-1.924999999999997,-1.950186E-015,4.550000000000000));
#5489=CARTESIAN_POINT('',(-1.993749999999996,1.884671708797583,4.550000000000000));
#5490=CARTESIAN_POINT('',(-2.062499999999996,3.217335854398788,3.217335854398796));
#5491=CARTESIAN_POINT('',(-2.131249999999997,4.550000000000000,1.884671708797587));
#5492=CARTESIAN_POINT('',(-2.199999999999995,4.550000000000000,2.228784E-015));
#5493=CARTESIAN_POINT('',(-2.268749999999995,4.550000000000000,-1.884671708797583));
#5494=CARTESIAN_POINT('',(-2.337499999999996,3.217335854398789,-3.217335854398793));
#5495=CARTESIAN_POINT('',(-2.406249999999996,1.884671708797587,-4.550000000000000));
#5496=CARTESIAN_POINT('',(-2.474999999999995,2.507382E-015,-4.550000000000000));
#5497=CARTESIAN_POINT('',(-2.543749999999995,-1.884671708797581,-4.550000000000000));
#5498=CARTESIAN_POINT('',(-2.612499999999995,-3.217335854398786,-3.217335854398797));
#5499=CARTESIAN_POINT('',(-2.681249999999995,-4.550000000000000,-1.884671708797587));
#5500=CARTESIAN_POINT('',(-2.749999999999995,-4.550000000000000,-2.785979E-015));
#5501=CARTESIAN_POINT('',(-2.818749999999994,-4.550000000000003,1.884671708797574));
#5502=CARTESIAN_POINT('',(-2.887499999999995,-3.217335854398791,3.217335854398792));
#5503=CARTESIAN_POINT('',(-2.956249999999993,-1.884671708797587,4.550000000000000));
#5504=CARTESIAN_POINT('',(-3.024999999999994,-1.114700E-014,4.550000000000000));
#5505=CARTESIAN_POINT('',(-3.093749999999995,1.884671708797581,4.550000000000002));
#5506=CARTESIAN_POINT('',(-3.162499999999993,3.217335854398786,3.217335854398797));
#5507=CARTESIAN_POINT('',(-3.231249999999993,4.550000000000002,1.884671708797581));
#5508=CARTESIAN_POINT('',(-3.299999999999993,4.550000000000000,3.343175E-015));
#5509=CARTESIAN_POINT('',(-3.368749999999993,4.550000000000003,-1.884671708797574));
#5510=CARTESIAN_POINT('',(-3.437499999999993,3.217335854398791,-3.217335854398792));
#5511=CARTESIAN_POINT('',(-3.506249999999993,1.884671708797588,-4.550000000000000));
#5512=CARTESIAN_POINT('',(-3.574999999999993,-4.460650E-015,-4.550000000000000));
#5513=CARTESIAN_POINT('',(-3.643749999999993,-1.884671708797581,-4.550000000000002));
#5514=CARTESIAN_POINT('',(-3.712499999999993,-3.217335854398786,-3.217335854398797));
#5515=CARTESIAN_POINT('',(-3.781249999999993,-4.550000000000002,-1.884671708797581));
#5516=CARTESIAN_POINT('',(-3.849999999999993,-4.550000000000000,-3.900371E-015));
#5517=CARTESIAN_POINT('',(-3.918749999999993,-4.550000000000003,1.884671708797573));
#5518=CARTESIAN_POINT('',(-3.987499999999993,-3.217335854398792,3.217335854398791));
#5519=CARTESIAN_POINT('',(-4.056249999999993,-1.884671708797588,4.550000000000000));
#5520=CARTESIAN_POINT('',(-4.124999999999991,-1.226139E-014,4.550000000000000));
#5521=CARTESIAN_POINT('',(-4.193749999999991,1.884671708797581,4.550000000000002));
#5522=CARTESIAN_POINT('',(-4.262499999999990,3.217335854398786,3.217335854398797));
#5523=CARTESIAN_POINT('',(-4.331249999999991,4.550000000000002,1.884671708797581));
#5524=CARTESIAN_POINT('',(-4.399999999999991,4.550000000000000,4.457567E-015));
#5525=CARTESIAN_POINT('',(-4.468749999999991,4.550000000000003,-1.884671708797572));
#5526=CARTESIAN_POINT('',(-4.537499999999991,3.217335854398792,-3.217335854398791));
#5527=CARTESIAN_POINT('',(-4.606249999999990,1.884671708797589,-4.550000000000000));
#5528=CARTESIAN_POINT('',(-4.674999999999992,-3.346259E-015,-4.550000000000000));
#5529=CARTESIAN_POINT('',(-4.743749999999992,-1.884671708797581,-4.550000000000002));
#5530=CARTESIAN_POINT('',(-4.812499999999989,-3.217335854398786,-3.217335854398797));
#5531=CARTESIAN_POINT('',(-4.881249999999991,-4.550000000000002,-1.884671708797581));
#5532=CARTESIAN_POINT('',(-4.949999999999990,-4.550000000000000,-5.014763E-015));
#5533=CARTESIAN_POINT('',(-5.018749999999990,-4.550000000000006,1.884671708797572));
#5534=CARTESIAN_POINT('',(-5.087499999999991,-3.217335854398792,3.217335854398791));
#5535=CARTESIAN_POINT('',(-5.156249999999988,-1.884671708797591,4.550000000000000));
#5536=CARTESIAN_POINT('',(-5.224999999999990,-1.337578E-014,4.550000000000000));
#5537=CARTESIAN_POINT('',(-5.293749999999990,1.884671708797579,4.550000000000002));
#5538=CARTESIAN_POINT('',(-5.362499999999989,3.217335854398784,3.217335854398798));
#5539=CARTESIAN_POINT('',(-5.431249999999991,4.550000000000000,1.884671708797581));
#5540=CARTESIAN_POINT('',(-5.499999999999990,4.550000000000000,5.571959E-015));
#5541=CARTESIAN_POINT('',(-5.568749999999990,4.550000000000006,-1.884671708797572));
#5542=CARTESIAN_POINT('',(-5.637499999999989,3.217335854398804,-3.217335854398779));
#5543=CARTESIAN_POINT('',(-5.706249999999990,1.884671708797575,-4.550000000000003));
#5544=CARTESIAN_POINT('',(-5.774999999999990,-2.231867E-015,-4.550000000000000));
#5545=CARTESIAN_POINT('',(-5.843749999999991,-1.884671708797578,-4.550000000000002));
#5546=CARTESIAN_POINT('',(-5.912499999999989,-3.217335854398784,-3.217335854398799));
#5547=CARTESIAN_POINT('',(-5.981249999999990,-4.549999999999995,-1.884671708797599));
#5548=CARTESIAN_POINT('',(-6.049999999999988,-4.550000000000000,-2.229400E-014));
#5549=CARTESIAN_POINT('',(-6.118749999999991,-4.550000000000000,1.884671708797587));
#5550=CARTESIAN_POINT('',(-6.187499999999990,-3.217335854398793,3.217335854398789));
#5551=CARTESIAN_POINT('',(-6.256249999999986,-1.884671708797591,4.549999999999999));
#5552=CARTESIAN_POINT('',(-6.324999999999987,-1.449018E-014,4.550000000000000));
#5553=CARTESIAN_POINT('',(-6.393749999999987,1.884671708797562,4.550000000000011));
#5554=CARTESIAN_POINT('',(-6.462499999999986,3.217335854398796,3.217335854398788));
#5555=CARTESIAN_POINT('',(-6.531249999999991,4.550000000000000,1.884671708797584));
#5556=CARTESIAN_POINT('',(-6.599999999999985,4.550000000000000,6.686351E-015));
#5557=CARTESIAN_POINT('',(-6.668749999999987,4.550000000000006,-1.884671708797570));
#5558=CARTESIAN_POINT('',(-6.737499999999987,3.217335854398804,-3.217335854398777));
#5559=CARTESIAN_POINT('',(-6.806249999999987,1.884671708797576,-4.550000000000002));
#5560=CARTESIAN_POINT('',(-6.874999999999987,-1.117475E-015,-4.550000000000000));
#5561=CARTESIAN_POINT('',(-6.943749999999986,-1.884671708797578,-4.550000000000002));
#5562=CARTESIAN_POINT('',(-7.012499999999986,-3.217335854398784,-3.217335854398800));
#5563=CARTESIAN_POINT('',(-7.081249999999986,-4.549999999999995,-1.884671708797600));
#5564=CARTESIAN_POINT('',(-7.149999999999986,-4.550000000000000,8.921301E-015));
#5565=CARTESIAN_POINT('',(-7.218749999999989,-4.550000000000000,1.884671708797586));
#5566=CARTESIAN_POINT('',(-7.287499999999985,-3.217335854398793,3.217335854398789));
#5567=CARTESIAN_POINT('',(-7.356249999999987,-1.884671708797592,4.549999999999995));
#5568=CARTESIAN_POINT('',(-7.424999999999987,-1.560457E-014,4.550000000000000));
#5569=CARTESIAN_POINT('',(-7.493749999999987,1.884671708797561,4.550000000000011));
#5570=CARTESIAN_POINT('',(-7.562499999999987,3.217335854398795,3.217335854398789));
#5571=CARTESIAN_POINT('',(-7.631249999999986,4.550000000000000,1.884671708797584));
#5572=CARTESIAN_POINT('',(-7.699999999999987,4.550000000000000,7.800742E-015));
#5573=CARTESIAN_POINT('',(-7.768749999999987,4.550000000000006,-1.884671708797568));
#5574=CARTESIAN_POINT('',(-7.837499999999983,3.217335854398806,-3.217335854398777));
#5575=CARTESIAN_POINT('',(-7.906249999999984,1.884671708797577,-4.550000000000002));
#5576=CARTESIAN_POINT('',(-7.974999999999984,-3.083200E-018,-4.550000000000000));
#5577=CARTESIAN_POINT('',(-8.043749999999983,-1.884671708797577,-4.550000000000002));
#5578=CARTESIAN_POINT('',(-8.112499999999987,-3.217335854398782,-3.217335854398801));
#5579=CARTESIAN_POINT('',(-8.181249999999983,-4.549999999999992,-1.884671708797601));
#5580=CARTESIAN_POINT('',(-8.249999999999982,-4.550000000000000,-2.452279E-014));
#5581=CARTESIAN_POINT('',(-8.318749999999982,-4.550000000000000,1.884671708797584));
#5582=CARTESIAN_POINT('',(-8.387499999999980,-3.217335854398795,3.217335854398789));
#5583=CARTESIAN_POINT('',(-8.456249999999987,-1.884671708797594,4.549999999999995));
#5584=CARTESIAN_POINT('',(-8.524999999999981,-1.671896E-014,4.550000000000000));
#5585=CARTESIAN_POINT('',(-8.593749999999982,1.884671708797560,4.550000000000011));
#5586=CARTESIAN_POINT('',(-8.662499999999982,3.217335854398793,3.217335854398789));
#5587=CARTESIAN_POINT('',(-8.731249999999982,4.550000000000000,1.884671708797586));
#5588=CARTESIAN_POINT('',(-8.799999999999981,4.550000000000000,8.915134E-015));
#5589=CARTESIAN_POINT('',(-8.868749999999981,4.550000000000006,-1.884671708797568));
#5590=CARTESIAN_POINT('',(-8.937499999999982,3.217335854398807,-3.217335854398776));
#5591=CARTESIAN_POINT('',(-9.006249999999982,1.884671708797578,-4.550000000000002));
#5592=CARTESIAN_POINT('',(-9.074999999999982,1.111309E-015,-4.550000000000000));
#5593=CARTESIAN_POINT('',(-9.143749999999987,-1.884671708797576,-4.550000000000002));
#5594=CARTESIAN_POINT('',(-9.212499999999981,-3.217335854398782,-3.217335854398801));
#5595=CARTESIAN_POINT('',(-9.281249999999982,-4.549999999999992,-1.884671708797603));
#5596=CARTESIAN_POINT('',(-9.349999999999984,-4.550000000000000,6.692517E-015));
#5597=CARTESIAN_POINT('',(-9.418749999999982,-4.550000000000000,1.884671708797584));
#5598=CARTESIAN_POINT('',(-9.487499999999983,-3.217335854398796,3.217335854398788));
#5599=CARTESIAN_POINT('',(-9.556249999999981,-1.884671708797594,4.549999999999995));
#5600=CARTESIAN_POINT('',(-9.624999999999979,-1.783335E-014,4.550000000000000));
#5601=CARTESIAN_POINT('',(-9.693749999999982,1.884671708797558,4.550000000000011));
#5602=CARTESIAN_POINT('',(-9.762499999999982,3.217335854398793,3.217335854398789));
#5603=CARTESIAN_POINT('',(-9.831249999999983,4.550000000000000,1.884671708797587));
#5604=CARTESIAN_POINT('',(-9.899999999999981,4.550000000000000,1.002953E-014));
#5605=CARTESIAN_POINT('',(-9.968749999999979,4.550000000000008,-1.884671708797567));
#5606=CARTESIAN_POINT('',(-10.037499999999980,3.217335854398807,-3.217335854398776));
#5607=CARTESIAN_POINT('',(-10.106249999999978,1.884671708797578,-4.550000000000002));
#5608=CARTESIAN_POINT('',(-10.174999999999981,2.225700E-015,-4.550000000000000));
#5609=CARTESIAN_POINT('',(-10.243749999999981,-1.884671708797575,-4.550000000000003));
#5610=CARTESIAN_POINT('',(-10.312499999999982,-3.217335854398781,-3.217335854398802));
#5611=CARTESIAN_POINT('',(-10.381249999999977,-4.549999999999992,-1.884671708797604));
#5612=CARTESIAN_POINT('',(-10.449999999999980,-4.550000000000000,-2.675157E-014));
#5613=CARTESIAN_POINT('',(-10.518749999999979,-4.550000000000000,1.884671708797581));
#5614=CARTESIAN_POINT('',(-10.587499999999979,-3.217335854398797,3.217335854398786));
#5615=CARTESIAN_POINT('',(-10.656249999999982,-1.884671708797596,4.549999999999995));
#5616=CARTESIAN_POINT('',(-10.724999999999978,-1.894774E-014,4.550000000000000));
#5617=CARTESIAN_POINT('',(-10.793749999999978,1.884671708797557,4.550000000000011));
#5618=CARTESIAN_POINT('',(-10.862499999999978,3.217335854398792,3.217335854398791));
#5619=CARTESIAN_POINT('',(-10.931249999999977,4.550000000000000,1.884671708797587));
#5620=CARTESIAN_POINT('',(-10.999999999999977,4.550000000000000,1.114392E-014));
#5621=CARTESIAN_POINT('',(-11.068749999999977,4.550000000000008,-1.884671708797566));
#5622=CARTESIAN_POINT('',(-11.137499999999978,3.217335854398808,-3.217335854398775));
#5623=CARTESIAN_POINT('',(-11.206249999999978,1.884671708797612,-4.549999999999987));
#5624=CARTESIAN_POINT('',(-11.274999999999977,3.566979E-014,-4.550000000000000));
#5625=CARTESIAN_POINT('',(-11.343749999999977,-1.884671708797541,-4.550000000000017));
#5626=CARTESIAN_POINT('',(-11.412499999999977,-3.217335854398804,-3.217335854398781));
#5627=CARTESIAN_POINT('',(-11.481249999999978,-4.550000000000003,-1.884671708797572));
#5628=CARTESIAN_POINT('',(-11.549999999999978,-4.550000000000000,4.463734E-015));
#5629=CARTESIAN_POINT('',(-11.618749999999977,-4.550000000000002,1.884671708797581));
#5630=CARTESIAN_POINT('',(-11.687499999999977,-3.217335854398797,3.217335854398786));
#5631=CARTESIAN_POINT('',(-11.756249999999977,-1.884671708797597,4.549999999999995));
#5632=CARTESIAN_POINT('',(-11.824999999999974,-2.006214E-014,4.550000000000000));
#5633=CARTESIAN_POINT('',(-11.893749999999978,1.884671708797557,4.550000000000011));
#5634=CARTESIAN_POINT('',(-11.962499999999977,3.217335854398769,3.217335854398815));
#5635=CARTESIAN_POINT('',(-12.031249999999979,4.549999999999984,1.884671708797622));
#5636=CARTESIAN_POINT('',(-12.099999999999977,4.550000000000000,4.458800E-014));
#5637=CARTESIAN_POINT('',(-12.168749999999974,4.549999999999995,-1.884671708797597));
#5638=CARTESIAN_POINT('',(-12.237499999999974,3.217335854398786,-3.217335854398797));
#5639=CARTESIAN_POINT('',(-12.306249999999974,1.884671708797581,-4.550000000000002));
#5640=CARTESIAN_POINT('',(-12.374999999999979,4.454484E-015,-4.550000000000000));
#5641=CARTESIAN_POINT('',(-12.443749999999973,-1.884671708797572,-4.550000000000003));
#5642=CARTESIAN_POINT('',(-12.512499999999973,-3.217335854398781,-3.217335854398804));
#5643=CARTESIAN_POINT('',(-12.581249999999976,-4.549999999999991,-1.884671708797605));
#5644=CARTESIAN_POINT('',(-12.649999999999974,-4.550000000000000,-2.898035E-014));
#5645=CARTESIAN_POINT('',(-12.718749999999979,-4.550000000000013,1.884671708797548));
#5646=CARTESIAN_POINT('',(-12.787499999999973,-3.217335854398821,3.217335854398762));
#5647=CARTESIAN_POINT('',(-12.856249999999976,-1.884671708797566,4.550000000000008));
#5648=CARTESIAN_POINT('',(-12.924999999999972,1.115317E-014,4.550000000000000));
#5649=CARTESIAN_POINT('',(-12.993749999999974,1.884671708797587,4.550000000000000));
#5650=CARTESIAN_POINT('',(-13.062499999999972,3.217335854398791,3.217335854398792));
#5651=CARTESIAN_POINT('',(-13.131249999999973,4.550000000000000,1.884671708797591));
#5652=CARTESIAN_POINT('',(-13.199999999999971,4.550000000000000,1.337270E-014));
#5653=CARTESIAN_POINT('',(-13.268749999999974,4.550000000000010,-1.884671708797563));
#5654=CARTESIAN_POINT('',(-13.337499999999974,3.217335854398810,-3.217335854398773));
#5655=CARTESIAN_POINT('',(-13.406249999999975,1.884671708797614,-4.549999999999987));
#5656=CARTESIAN_POINT('',(-13.474999999999975,3.789857E-014,-4.550000000000000));
#5657=CARTESIAN_POINT('',(-13.543749999999974,-1.884671708797538,-4.550000000000019));
#5658=CARTESIAN_POINT('',(-13.612499999999974,-3.217335854398802,-3.217335854398782));
#5659=CARTESIAN_POINT('',(-13.681249999999977,-4.550000000000003,-1.884671708797575));
#5660=CARTESIAN_POINT('',(-13.749999999999973,-4.550000000000000,2.234950E-015));
#5661=CARTESIAN_POINT('',(-13.818749999999975,-4.550000000000002,1.884671708797578));
#5662=CARTESIAN_POINT('',(-13.887499999999974,-3.217335854398799,3.217335854398784));
#5663=CARTESIAN_POINT('',(-13.956249999999974,-1.884671708797599,4.549999999999995));
#5664=CARTESIAN_POINT('',(-14.024999999999972,-2.229092E-014,4.550000000000000));
#5665=CARTESIAN_POINT('',(-14.093749999999975,1.884671708797554,4.550000000000013));
#5666=CARTESIAN_POINT('',(-14.162499999999971,3.217335854398768,3.217335854398816));
#5667=CARTESIAN_POINT('',(-14.214832404596347,4.231757952707512,2.202913756090818));
#5668=CARTESIAN_POINT('',(-14.270133897759219,4.480875276205551,0.790099208384503));
#5676=(BOUNDED_CURVE()B_SPLINE_CURVE(2,(#5460,#5461,#5462,#5463,#5464,#5465,#5466,#5467,#5468,#5469,#5470,#5471,#5472,#5473,#5474,#5475,#5476,#5477,#5478,#5479,#5480,#5481,#5482,#5483,#5484,#5485,#5486,#5487,#5488,#5489,#5490,#5491,#5492,#5493,#5494,#5495,#5496,#5497,#5498,#5499,#5500,#5501,#5502,#5503,#5504,#5505,#5506,#5507,#5508,#5509,#5510,#5511,#5512,#5513,#5514,#5515,#5516,#5517,#5518,#5519,#5520,#5521,#5522,#5523,#5524,#5525,#5526,#5527,#5528,#5529,#5530,#5531,#5532,#5533,#5534,#5535,#5536,#5537,#5538,#5539,#5540,#5541,#5542,#5543,#5544,#5545,#5546,#5547,#5548,#5549,#5550,#5551,#5552,#5553,#5554,#5555,#5556,#5557,#5558,#5559,#5560,#5561,#5562,#5563,#5564,#5565,#5566,#5567,#5568,#5569,#5570,#5571,#5572,#5573,#5574,#5575,#5576,#5577,#5578,#5579,#5580,#5581,#5582,#5583,#5584,#5585,#5586,#5587,#5588,#5589,#5590,#5591,#5592,#5593,#5594,#5595,#5596,#5597,#5598,#5599,#5600,#5601,#5602,#5603,#5604,#5605,#5606,#5607,#5608,#5609,#5610,#5611,#5612,#5613,#5614,#5615,#5616,#5617,#5618,#5619,#5620,#5621,#5622,#5623,#5624,#5625,#5626,#5627,#5628,#5629,#5630,#5631,#5632,#5633,#5634,#5635,#5636,#5637,#5638,#5639,#5640,#5641,#5642,#5643,#5644,#5645,#5646,#5647,#5648,#5649,#5650,#5651,#5652,#5653,#5654,#5655,#5656,#5657,#5658,#5659,#5660,#5661,#5662,#5663,#5664,#5665,#5666,#5667,#5668),.UNSPECIFIED.,.F.,.U.)B_SPLINE_CURVE_WITH_KNOTS((3,2,2,2,2,2,2,2,2,2,2,2,2,2,2,2,2,2,2,2,2,2,2,2,2,2,2,2,2,2,2,2,2,2,2,2,2,2,2,2,2,2,2,2,2,2,2,2,2,2,2,2,2,2,2,2,2,2,2,2,2,2,2,2,2,2,2,2,2,2,2,2,2,2,2,2,2,2,2,2,2,2,2,2,2,2,2,2,2,2,2,2,2,2,2,2,2,2,2,2,2,2,2,2,3),(0.002003124974947,0.008928630048498,0.017857200906699,0.026785771764901,0.035714342623102,0.044642913481304,0.053571484339506,0.062500055197707,0.071428626055909,0.080357196914110,0.089285767772312,0.098214338630514,0.107142909488715,0.116071480346917,0.125000051205118,0.133928622063320,0.142857192921522,0.151785763779723,0.160714334637925,0.169642905496126,0.178571476354328,0.187500047212530,0.196428618070731,0.205357188928933,0.214285759787134,0.223214330645336,0.232142901503537,0.241071472361739,0.250000043219941,0.258928614078142,0.267857184936344,0.276785755794545,0.285714326652747,0.294642897510949,0.303571468369150,0.312500039227352,0.321428610085553,0.330357180943755,0.339285751801957,0.348214322660158,0.357142893518360,0.366071464376561,0.375000035234763,0.383928606092965,0.392857176951166,0.401785747809368,0.410714318667569,0.419642889525771,0.428571460383972,0.437500031242174,0.446428602100376,0.455357172958577,0.464285743816779,0.473214314674980,0.482142885533182,0.491071456391384,0.500000027249585,0.508928598107787,0.517857168965989,0.526785739824190,0.535714310682392,0.544642881540593,0.553571452398795,0.562500023256996,0.571428594115198,0.580357164973400,0.589285735831601,0.598214306689803,0.607142877548004,0.616071448406206,0.625000019264408,0.633928590122609,0.642857160980811,0.651785731839012,0.660714302697214,0.669642873555416,0.678571444413617,0.687500015271819,0.696428586130020,0.705357156988222,0.714285727846424,0.723214298704625,0.732142869562827,0.741071440421028,0.750000011279230,0.758928582137431,0.767857152995633,0.776785723853835,0.785714294712036,0.794642865570238,0.803571436428440,0.812500007286641,0.821428578144843,0.830357149003044,0.839285719861246,0.848214290719448,0.857142861577649,0.866071432435851,0.875000003294052,0.883928574152254,0.892857145010455,0.901785715868657,0.910714286726859,0.919642857585060,0.926565103659667),.UNSPECIFIED.)CURVE()GEOMETRIC_REPRESENTATION_ITEM()RATIONAL_B_SPLINE_CURVE((0.973508032859779,0.940956655643285,1.0,0.923879532511287,1.0,0.923879532511287,1.0,0.923879532511287,1.0,0.923879532511287,1.0,0.923879532511287,1.0,0.923879532511287,1.0,0.923879532511287,1.0,0.923879532511287,1.0,0.923879532511287,1.0,0.923879532511287,1.0,0.923879532511287,1.0,0.923879532511287,1.0,0.923879532511287,1.0,0.923879532511287,1.0,0.923879532511287,1.0,0.923879532511287,1.0,0.923879532511287,1.0,0.923879532511287,1.0,0.923879532511287,1.0,0.923879532511287,1.0,0.923879532511287,1.0,0.923879532511287,1.0,0.923879532511287,1.0,0.923879532511287,1.0,0.923879532511287,1.0,0.923879532511287,1.0,0.923879532511287,1.0,0.923879532511287,1.0,0.923879532511287,1.0,0.923879532511287,1.0,0.923879532511287,1.0,0.923879532511287,1.0,0.923879532511287,1.0,0.923879532511287,1.0,0.923879532511287,1.0,0.923879532511287,1.0,0.923879532511287,1.0,0.923879532511287,1.0,0.923879532511287,1.0,0.923879532511287,1.0,0.923879532511287,1.0,0.923879532511287,1.0,0.923879532511287,1.0,0.923879532511287,1.0,0.923879532511287,1.0,0.923879532511287,1.0,0.923879532511287,1.0,0.923879532511287,1.0,0.923879532511287,1.0,0.923879532511287,1.0,0.923879532511287,1.0,0.923879532511287,1.0,0.923879532511287,1.0,0.923879532511287,1.0,0.923879532511287,1.0,0.923879532511287,1.0,0.923879532511287,1.0,0.923879532511287,1.0,0.923879532511287,1.0,0.923879532511287,1.0,0.923879532511287,1.0,0.923879532511287,1.0,0.923879532511287,1.0,0.923879532511287,1.0,0.923879532511287,1.0,0.923879532511287,1.0,0.923879532511287,1.0,0.923879532511287,1.0,0.923879532511287,1.0,0.923879532511287,1.0,0.923879532511287,1.0,0.923879532511287,1.0,0.923879532511287,1.0,0.923879532511287,1.0,0.923879532511287,1.0,0.923879532511287,1.0,0.923879532511287,1.0,0.923879532511287,1.0,0.923879532511287,1.0,0.923879532511287,1.0,0.923879532511287,1.0,0.923879532511287,1.0,0.923879532511287,1.0,0.923879532511287,1.0,0.923879532511287,1.0,0.923879532511287,1.0,0.923879532511287,1.0,0.923879532511287,1.0,0.923879532511287,1.0,0.923879532511287,1.0,0.923879532511287,1.0,0.923879532511287,1.0,0.923879532511287,1.0,0.923879532511287,1.0,0.923879532511287,1.0,0.923879532511287,1.0,0.923879532511287,1.0,0.923879532511287,1.0,0.923879532511287,1.0,0.923879532511287,1.0,0.923879532511287,1.0,0.923879532511287,1.0,0.940984440215656,0.973477417137971))REPRESENTATION_ITEM(''));
#5677=EDGE_CURVE('',#386,#217,#5676,.T.);
#5678=ORIENTED_EDGE('',*,*,#5677,.F.);
#5679=ORIENTED_EDGE('',*,*,#396,.F.);
#5680=ORIENTED_EDGE('',*,*,#623,.F.);
#5681=ORIENTED_EDGE('',*,*,#616,.F.);
#5682=ORIENTED_EDGE('',*,*,#4190,.T.);
#5683=ORIENTED_EDGE('',*,*,#4155,.T.);
#5684=ORIENTED_EDGE('',*,*,#439,.F.);
#5685=EDGE_LOOP('',(#5458,#5459,#5678,#5679,#5680,#5681,#5682,#5683,#5684));
#5686=FACE_OUTER_BOUND('',#5685,.T.);
#5687=ADVANCED_FACE('',(#5686),#5457,.F.);
#5688=CARTESIAN_POINT('',(-0.029866102240745,4.480875276205554,-0.790099208384511));
#5689=CARTESIAN_POINT('',(-0.352048642935542,4.480875276205550,-0.790099208384511));
#5690=CARTESIAN_POINT('',(-0.579866102240745,4.256518876010245,-0.750539121735454));
#5691=CARTESIAN_POINT('',(-0.579866102240745,3.939231012048837,-0.694592710667702));
#5692=CARTESIAN_POINT('',(-0.066314236202307,4.316686914197681,-1.721257680832587));
#5693=CARTESIAN_POINT('',(-0.388496776897104,4.316686914197680,-1.721257680832586));
#5694=CARTESIAN_POINT('',(-0.616314236202307,4.100551387734267,-1.635074702446467));
#5695=CARTESIAN_POINT('',(-0.616314236202307,3.794889594899059,-1.513193565567109));
#5696=CARTESIAN_POINT('',(-0.103326155321341,3.879768691061968,-2.554903017735617));
#5697=CARTESIAN_POINT('',(-0.425508696016139,3.879768691061967,-2.554903017735617));
#5698=CARTESIAN_POINT('',(-0.653326155321341,3.685509560097219,-2.426979608005567));
#5699=CARTESIAN_POINT('',(-0.653326155321341,3.410785662472059,-2.246068587020321));
#5700=CARTESIAN_POINT('',(-0.137500000000000,3.217335854398793,-3.217335854398793));
#5701=CARTESIAN_POINT('',(-0.459682540694797,3.217335854398793,-3.217335854398793));
#5702=CARTESIAN_POINT('',(-0.687500000000000,3.056244584051395,-3.056244584051393));
#5703=CARTESIAN_POINT('',(-0.687500000000000,2.828427124746191,-2.828427124746191));
#5704=CARTESIAN_POINT('',(-0.182108210462950,2.352641124458330,-4.082030584339252));
#5705=CARTESIAN_POINT('',(-0.504290751157748,2.352641124458329,-4.082030584339252));
#5706=CARTESIAN_POINT('',(-0.732108210462950,2.234844921462499,-3.877644246640286));
#5707=CARTESIAN_POINT('',(-0.732108210462950,2.068255933589741,-3.588598315902640));
#5708=CARTESIAN_POINT('',(-0.230391789537049,1.222863014394342,-4.550000000000000));
#5709=CARTESIAN_POINT('',(-0.552574330231847,1.222863014394342,-4.550000000000002));
#5710=CARTESIAN_POINT('',(-0.780391789537049,1.161634542961898,-4.322182540694799));
#5711=CARTESIAN_POINT('',(-0.780391789537049,1.075044408258763,-4.0));
#5712=CARTESIAN_POINT('',(-0.274999999999999,2.785979E-016,-4.550000000000000));
#5713=CARTESIAN_POINT('',(-0.597182540694797,2.785979E-016,-4.550000000000002));
#5714=CARTESIAN_POINT('',(-0.825000000000000,2.646486E-016,-4.322182540694799));
#5715=CARTESIAN_POINT('',(-0.825000000000000,2.449213E-016,-3.999999999999999));
#5716=CARTESIAN_POINT('',(-0.319608210462950,-1.222863014394342,-4.549999999999999));
#5717=CARTESIAN_POINT('',(-0.641790751157747,-1.222863014394342,-4.550000000000002));
#5718=CARTESIAN_POINT('',(-0.869608210462950,-1.161634542961898,-4.322182540694799));
#5719=CARTESIAN_POINT('',(-0.869608210462950,-1.075044408258762,-4.0));
#5720=CARTESIAN_POINT('',(-0.367891789537049,-2.352641124458330,-4.082030584339252));
#5721=CARTESIAN_POINT('',(-0.690074330231846,-2.352641124458329,-4.082030584339252));
#5722=CARTESIAN_POINT('',(-0.917891789537048,-2.234844921462497,-3.877644246640288));
#5723=CARTESIAN_POINT('',(-0.917891789537049,-2.068255933589740,-3.588598315902640));
#5724=CARTESIAN_POINT('',(-0.412499999999999,-3.217335854398791,-3.217335854398791));
#5725=CARTESIAN_POINT('',(-0.734682540694797,-3.217335854398791,-3.217335854398791));
#5726=CARTESIAN_POINT('',(-0.962499999999999,-3.056244584051392,-3.056244584051393));
#5727=CARTESIAN_POINT('',(-0.962499999999999,-2.828427124746189,-2.828427124746191));
#5728=CARTESIAN_POINT('',(-0.457108210462949,-4.082030584339252,-2.352641124458330));
#5729=CARTESIAN_POINT('',(-0.779290751157747,-4.082030584339252,-2.352641124458329));
#5730=CARTESIAN_POINT('',(-1.007108210462950,-3.877644246640286,-2.234844921462499));
#5731=CARTESIAN_POINT('',(-1.007108210462949,-3.588598315902640,-2.068255933589741));
#5732=CARTESIAN_POINT('',(-0.505391789537048,-4.550000000000000,-1.222863014394342));
#5733=CARTESIAN_POINT('',(-0.827574330231846,-4.550000000000002,-1.222863014394342));
#5734=CARTESIAN_POINT('',(-1.055391789537049,-4.322182540694799,-1.161634542961899));
#5735=CARTESIAN_POINT('',(-1.055391789537049,-4.0,-1.075044408258763));
#5736=CARTESIAN_POINT('',(-0.549999999999999,-4.550000000000000,-5.571959E-016));
#5737=CARTESIAN_POINT('',(-0.872182540694796,-4.550000000000002,-5.571959E-016));
#5738=CARTESIAN_POINT('',(-1.099999999999999,-4.322182540694799,-5.292972E-016));
#5739=CARTESIAN_POINT('',(-1.099999999999999,-3.999999999999999,-4.898425E-016));
#5740=CARTESIAN_POINT('',(-0.594608210462949,-4.550000000000002,1.222863014394341));
#5741=CARTESIAN_POINT('',(-0.916790751157747,-4.550000000000002,1.222863014394342));
#5742=CARTESIAN_POINT('',(-1.144608210462950,-4.322182540694800,1.161634542961898));
#5743=CARTESIAN_POINT('',(-1.144608210462950,-4.0,1.075044408258762));
#5744=CARTESIAN_POINT('',(-0.642891789537048,-4.082030584339254,2.352641124458329));
#5745=CARTESIAN_POINT('',(-0.965074330231846,-4.082030584339252,2.352641124458329));
#5746=CARTESIAN_POINT('',(-1.192891789537049,-3.877644246640288,2.234844921462499));
#5747=CARTESIAN_POINT('',(-1.192891789537049,-3.588598315902641,2.068255933589741));
#5748=CARTESIAN_POINT('',(-0.687499999999999,-3.217335854398792,3.217335854398792));
#5749=CARTESIAN_POINT('',(-1.009682540694796,-3.217335854398791,3.217335854398791));
#5750=CARTESIAN_POINT('',(-1.237499999999999,-3.056244584051393,3.056244584051392));
#5751=CARTESIAN_POINT('',(-1.237499999999999,-2.828427124746191,2.828427124746191));
#5752=CARTESIAN_POINT('',(-0.732108210462949,-2.352641124458331,4.082030584339252));
#5753=CARTESIAN_POINT('',(-1.054290751157747,-2.352641124458332,4.082030584339252));
#5754=CARTESIAN_POINT('',(-1.282108210462949,-2.234844921462501,3.877644246640286));
#5755=CARTESIAN_POINT('',(-1.282108210462949,-2.068255933589741,3.588598315902640));
#5756=CARTESIAN_POINT('',(-0.780391789537048,-1.222863014394344,4.550000000000000));
#5757=CARTESIAN_POINT('',(-1.102574330231846,-1.222863014394344,4.550000000000000));
#5758=CARTESIAN_POINT('',(-1.330391789537048,-1.161634542961900,4.322182540694799));
#5759=CARTESIAN_POINT('',(-1.330391789537048,-1.075044408258764,3.999999999999999));
#5760=CARTESIAN_POINT('',(-0.824999999999998,-8.357938E-016,4.550000000000000));
#5761=CARTESIAN_POINT('',(-1.147182540694797,-8.357938E-016,4.550000000000002));
#5762=CARTESIAN_POINT('',(-1.374999999999999,-7.939458E-016,4.322182540694800));
#5763=CARTESIAN_POINT('',(-1.374999999999998,-7.347638E-016,3.999999999999999));
#5764=CARTESIAN_POINT('',(-0.869608210462949,1.222863014394342,4.550000000000000));
#5765=CARTESIAN_POINT('',(-1.191790751157746,1.222863014394342,4.550000000000000));
#5766=CARTESIAN_POINT('',(-1.419608210462948,1.161634542961898,4.322182540694797));
#5767=CARTESIAN_POINT('',(-1.419608210462948,1.075044408258763,3.999999999999999));
#5768=CARTESIAN_POINT('',(-0.917891789537048,2.352641124458330,4.082030584339252));
#5769=CARTESIAN_POINT('',(-1.240074330231846,2.352641124458330,4.082030584339252));
#5770=CARTESIAN_POINT('',(-1.467891789537047,2.234844921462499,3.877644246640288));
#5771=CARTESIAN_POINT('',(-1.467891789537047,2.068255933589741,3.588598315902640));
#5772=CARTESIAN_POINT('',(-0.962499999999998,3.217335854398791,3.217335854398792));
#5773=CARTESIAN_POINT('',(-1.284682540694797,3.217335854398792,3.217335854398793));
#5774=CARTESIAN_POINT('',(-1.512499999999998,3.056244584051393,3.056244584051395));
#5775=CARTESIAN_POINT('',(-1.512499999999998,2.828427124746189,2.828427124746191));
#5776=CARTESIAN_POINT('',(-1.007108210462949,4.082030584339252,2.352641124458332));
#5777=CARTESIAN_POINT('',(-1.329290751157747,4.082030584339252,2.352641124458332));
#5778=CARTESIAN_POINT('',(-1.557108210462949,3.877644246640288,2.234844921462502));
#5779=CARTESIAN_POINT('',(-1.557108210462949,3.588598315902640,2.068255933589742));
#5780=CARTESIAN_POINT('',(-1.055391789537048,4.550000000000000,1.222863014394344));
#5781=CARTESIAN_POINT('',(-1.377574330231846,4.550000000000002,1.222863014394344));
#5782=CARTESIAN_POINT('',(-1.605391789537048,4.322182540694799,1.161634542961901));
#5783=CARTESIAN_POINT('',(-1.605391789537047,4.0,1.075044408258764));
#5784=CARTESIAN_POINT('',(-1.099999999999998,4.550000000000000,0.0));
#5785=CARTESIAN_POINT('',(-1.422182540694796,4.550000000000002,0.0));
#5786=CARTESIAN_POINT('',(-1.649999999999998,4.322182540694799,0.0));
#5787=CARTESIAN_POINT('',(-1.649999999999998,4.0,0.0));
#5788=CARTESIAN_POINT('',(-1.144608210462948,4.550000000000002,-1.222863014394342));
#5789=CARTESIAN_POINT('',(-1.466790751157746,4.550000000000002,-1.222863014394342));
#5790=CARTESIAN_POINT('',(-1.694608210462949,4.322182540694800,-1.161634542961898));
#5791=CARTESIAN_POINT('',(-1.694608210462949,4.0,-1.075044408258763));
#5792=CARTESIAN_POINT('',(-1.192891789537047,4.082030584339254,-2.352641124458329));
#5793=CARTESIAN_POINT('',(-1.515074330231844,4.082030584339252,-2.352641124458329));
#5794=CARTESIAN_POINT('',(-1.742891789537048,3.877644246640288,-2.234844921462499));
#5795=CARTESIAN_POINT('',(-1.742891789537047,3.588598315902641,-2.068255933589741));
#5796=CARTESIAN_POINT('',(-1.237499999999998,3.217335854398792,-3.217335854398792));
#5797=CARTESIAN_POINT('',(-1.559682540694795,3.217335854398791,-3.217335854398791));
#5798=CARTESIAN_POINT('',(-1.787499999999998,3.056244584051393,-3.056244584051392));
#5799=CARTESIAN_POINT('',(-1.787499999999997,2.828427124746191,-2.828427124746191));
#5800=CARTESIAN_POINT('',(-1.282108210462947,2.352641124458329,-4.082030584339254));
#5801=CARTESIAN_POINT('',(-1.604290751157746,2.352641124458330,-4.082030584339252));
#5802=CARTESIAN_POINT('',(-1.832108210462948,2.234844921462499,-3.877644246640288));
#5803=CARTESIAN_POINT('',(-1.832108210462948,2.068255933589741,-3.588598315902641));
#5804=CARTESIAN_POINT('',(-1.330391789537047,1.222863014394342,-4.550000000000002));
#5805=CARTESIAN_POINT('',(-1.652574330231845,1.222863014394342,-4.550000000000002));
#5806=CARTESIAN_POINT('',(-1.880391789537047,1.161634542961898,-4.322182540694800));
#5807=CARTESIAN_POINT('',(-1.880391789537047,1.075044408258763,-4.000000000000002));
#5808=CARTESIAN_POINT('',(-1.374999999999998,2.785979E-016,-4.550000000000000));
#5809=CARTESIAN_POINT('',(-1.697182540694795,2.785979E-016,-4.550000000000002));
#5810=CARTESIAN_POINT('',(-1.924999999999998,2.646486E-016,-4.322182540694799));
#5811=CARTESIAN_POINT('',(-1.924999999999997,2.449213E-016,-4.0));
#5812=CARTESIAN_POINT('',(-1.419608210462947,-1.222863014394342,-4.550000000000000));
#5813=CARTESIAN_POINT('',(-1.741790751157746,-1.222863014394342,-4.550000000000002));
#5814=CARTESIAN_POINT('',(-1.969608210462948,-1.161634542961898,-4.322182540694799));
#5815=CARTESIAN_POINT('',(-1.969608210462948,-1.075044408258762,-4.0));
#5816=CARTESIAN_POINT('',(-1.467891789537047,-2.352641124458329,-4.082030584339252));
#5817=CARTESIAN_POINT('',(-1.790074330231844,-2.352641124458329,-4.082030584339252));
#5818=CARTESIAN_POINT('',(-2.017891789537047,-2.234844921462499,-3.877644246640288));
#5819=CARTESIAN_POINT('',(-2.017891789537047,-2.068255933589741,-3.588598315902641));
#5820=CARTESIAN_POINT('',(-1.512499999999997,-3.217335854398791,-3.217335854398792));
#5821=CARTESIAN_POINT('',(-1.834682540694794,-3.217335854398791,-3.217335854398791));
#5822=CARTESIAN_POINT('',(-2.062499999999997,-3.056244584051392,-3.056244584051393));
#5823=CARTESIAN_POINT('',(-2.062499999999997,-2.828427124746189,-2.828427124746191));
#5824=CARTESIAN_POINT('',(-1.557108210462947,-4.082030584339254,-2.352641124458329));
#5825=CARTESIAN_POINT('',(-1.879290751157745,-4.082030584339252,-2.352641124458330));
#5826=CARTESIAN_POINT('',(-2.107108210462948,-3.877644246640288,-2.234844921462499));
#5827=CARTESIAN_POINT('',(-2.107108210462947,-3.588598315902641,-2.068255933589741));
#5828=CARTESIAN_POINT('',(-1.605391789537046,-4.550000000000002,-1.222863014394342));
#5829=CARTESIAN_POINT('',(-1.927574330231844,-4.550000000000002,-1.222863014394342));
#5830=CARTESIAN_POINT('',(-2.155391789537047,-4.322182540694800,-1.161634542961899));
#5831=CARTESIAN_POINT('',(-2.155391789537047,-4.000000000000002,-1.075044408258763));
#5832=CARTESIAN_POINT('',(-1.649999999999996,-4.550000000000000,-5.571959E-016));
#5833=CARTESIAN_POINT('',(-1.972182540694794,-4.550000000000002,-5.571959E-016));
#5834=CARTESIAN_POINT('',(-2.199999999999997,-4.322182540694799,-5.292972E-016));
#5835=CARTESIAN_POINT('',(-2.199999999999997,-4.0,-4.898425E-016));
#5836=CARTESIAN_POINT('',(-1.694608210462947,-4.550000000000002,1.222863014394341));
#5837=CARTESIAN_POINT('',(-2.016790751157746,-4.550000000000002,1.222863014394342));
#5838=CARTESIAN_POINT('',(-2.244608210462947,-4.322182540694800,1.161634542961898));
#5839=CARTESIAN_POINT('',(-2.244608210462947,-4.0,1.075044408258762));
#5840=CARTESIAN_POINT('',(-1.742891789537046,-4.082030584339254,2.352641124458329));
#5841=CARTESIAN_POINT('',(-2.065074330231844,-4.082030584339252,2.352641124458329));
#5842=CARTESIAN_POINT('',(-2.292891789537046,-3.877644246640288,2.234844921462499));
#5843=CARTESIAN_POINT('',(-2.292891789537047,-3.588598315902641,2.068255933589741));
#5844=CARTESIAN_POINT('',(-1.787499999999997,-3.217335854398792,3.217335854398792));
#5845=CARTESIAN_POINT('',(-2.109682540694794,-3.217335854398791,3.217335854398791));
#5846=CARTESIAN_POINT('',(-2.337499999999996,-3.056244584051393,3.056244584051392));
#5847=CARTESIAN_POINT('',(-2.337499999999996,-2.828427124746191,2.828427124746191));
#5848=CARTESIAN_POINT('',(-1.832108210462947,-2.352641124458332,4.082030584339252));
#5849=CARTESIAN_POINT('',(-2.154290751157745,-2.352641124458332,4.082030584339252));
#5850=CARTESIAN_POINT('',(-2.382108210462947,-2.234844921462501,3.877644246640286));
#5851=CARTESIAN_POINT('',(-2.382108210462947,-2.068255933589742,3.588598315902638));
#5852=CARTESIAN_POINT('',(-1.880391789537045,-1.222863014394344,4.550000000000000));
#5853=CARTESIAN_POINT('',(-2.202574330231843,-1.222863014394344,4.550000000000000));
#5854=CARTESIAN_POINT('',(-2.430391789537045,-1.161634542961901,4.322182540694799));
#5855=CARTESIAN_POINT('',(-2.430391789537045,-1.075044408258764,3.999999999999999));
#5856=CARTESIAN_POINT('',(-1.924999999999997,-8.357938E-016,4.550000000000000));
#5857=CARTESIAN_POINT('',(-2.247182540694793,-8.357938E-016,4.549999999999999));
#5858=CARTESIAN_POINT('',(-2.474999999999996,-7.939458E-016,4.322182540694799));
#5859=CARTESIAN_POINT('',(-2.474999999999996,-7.347638E-016,4.0));
#5860=CARTESIAN_POINT('',(-1.969608210462946,1.222863014394342,4.549999999999999));
#5861=CARTESIAN_POINT('',(-2.291790751157745,1.222863014394342,4.550000000000002));
#5862=CARTESIAN_POINT('',(-2.519608210462947,1.161634542961899,4.322182540694799));
#5863=CARTESIAN_POINT('',(-2.519608210462947,1.075044408258763,3.999999999999999));
#5864=CARTESIAN_POINT('',(-2.017891789537046,2.352641124458330,4.082030584339252));
#5865=CARTESIAN_POINT('',(-2.340074330231844,2.352641124458330,4.082030584339252));
#5866=CARTESIAN_POINT('',(-2.567891789537045,2.234844921462499,3.877644246640288));
#5867=CARTESIAN_POINT('',(-2.567891789537047,2.068255933589741,3.588598315902640));
#5868=CARTESIAN_POINT('',(-2.062499999999996,3.217335854398791,3.217335854398792));
#5869=CARTESIAN_POINT('',(-2.384682540694793,3.217335854398791,3.217335854398791));
#5870=CARTESIAN_POINT('',(-2.612499999999996,3.056244584051392,3.056244584051393));
#5871=CARTESIAN_POINT('',(-2.612499999999997,2.828427124746189,2.828427124746191));
#5872=CARTESIAN_POINT('',(-2.107108210462946,4.082030584339252,2.352641124458332));
#5873=CARTESIAN_POINT('',(-2.429290751157744,4.082030584339252,2.352641124458332));
#5874=CARTESIAN_POINT('',(-2.657108210462947,3.877644246640288,2.234844921462502));
#5875=CARTESIAN_POINT('',(-2.657108210462947,3.588598315902640,2.068255933589742));
#5876=CARTESIAN_POINT('',(-2.155391789537046,4.550000000000000,1.222863014394344));
#5877=CARTESIAN_POINT('',(-2.477574330231843,4.550000000000002,1.222863014394344));
#5878=CARTESIAN_POINT('',(-2.705391789537046,4.322182540694799,1.161634542961901));
#5879=CARTESIAN_POINT('',(-2.705391789537047,4.0,1.075044408258764));
#5880=CARTESIAN_POINT('',(-2.199999999999997,4.550000000000000,0.0));
#5881=CARTESIAN_POINT('',(-2.522182540694794,4.550000000000002,0.0));
#5882=CARTESIAN_POINT('',(-2.749999999999996,4.322182540694799,0.0));
#5883=CARTESIAN_POINT('',(-2.749999999999996,4.0,0.0));
#5884=CARTESIAN_POINT('',(-2.244608210462945,4.550000000000002,-1.222863014394342));
#5885=CARTESIAN_POINT('',(-2.566790751157742,4.550000000000002,-1.222863014394342));
#5886=CARTESIAN_POINT('',(-2.794608210462947,4.322182540694800,-1.161634542961898));
#5887=CARTESIAN_POINT('',(-2.794608210462947,4.0,-1.075044408258763));
#5888=CARTESIAN_POINT('',(-2.292891789537044,4.082030584339254,-2.352641124458329));
#5889=CARTESIAN_POINT('',(-2.615074330231843,4.082030584339252,-2.352641124458329));
#5890=CARTESIAN_POINT('',(-2.842891789537045,3.877644246640288,-2.234844921462499));
#5891=CARTESIAN_POINT('',(-2.842891789537045,3.588598315902641,-2.068255933589741));
#5892=CARTESIAN_POINT('',(-2.337499999999996,3.217335854398792,-3.217335854398792));
#5893=CARTESIAN_POINT('',(-2.659682540694793,3.217335854398791,-3.217335854398791));
#5894=CARTESIAN_POINT('',(-2.887499999999996,3.056244584051393,-3.056244584051392));
#5895=CARTESIAN_POINT('',(-2.887499999999996,2.828427124746191,-2.828427124746191));
#5896=CARTESIAN_POINT('',(-2.382108210462945,2.352641124458329,-4.082030584339254));
#5897=CARTESIAN_POINT('',(-2.704290751157744,2.352641124458330,-4.082030584339252));
#5898=CARTESIAN_POINT('',(-2.932108210462945,2.234844921462499,-3.877644246640288));
#5899=CARTESIAN_POINT('',(-2.932108210462944,2.068255933589741,-3.588598315902641));
#5900=CARTESIAN_POINT('',(-2.430391789537045,1.222863014394342,-4.550000000000002));
#5901=CARTESIAN_POINT('',(-2.752574330231843,1.222863014394342,-4.550000000000002));
#5902=CARTESIAN_POINT('',(-2.980391789537044,1.161634542961898,-4.322182540694800));
#5903=CARTESIAN_POINT('',(-2.980391789537044,1.075044408258763,-4.000000000000002));
#5904=CARTESIAN_POINT('',(-2.474999999999995,2.785979E-016,-4.550000000000000));
#5905=CARTESIAN_POINT('',(-2.797182540694792,2.785979E-016,-4.550000000000002));
#5906=CARTESIAN_POINT('',(-3.024999999999996,2.646486E-016,-4.322182540694799));
#5907=CARTESIAN_POINT('',(-3.024999999999996,2.449213E-016,-4.0));
#5908=CARTESIAN_POINT('',(-2.519608210462945,-1.222863014394342,-4.550000000000002));
#5909=CARTESIAN_POINT('',(-2.841790751157745,-1.222863014394342,-4.550000000000002));
#5910=CARTESIAN_POINT('',(-3.069608210462945,-1.161634542961898,-4.322182540694800));
#5911=CARTESIAN_POINT('',(-3.069608210462945,-1.075044408258762,-4.0));
#5912=CARTESIAN_POINT('',(-2.567891789537045,-2.352641124458329,-4.082030584339254));
#5913=CARTESIAN_POINT('',(-2.890074330231843,-2.352641124458329,-4.082030584339252));
#5914=CARTESIAN_POINT('',(-3.117891789537044,-2.234844921462499,-3.877644246640288));
#5915=CARTESIAN_POINT('',(-3.117891789537044,-2.068255933589741,-3.588598315902641));
#5916=CARTESIAN_POINT('',(-2.612499999999994,-3.217335854398792,-3.217335854398792));
#5917=CARTESIAN_POINT('',(-2.934682540694792,-3.217335854398791,-3.217335854398791));
#5918=CARTESIAN_POINT('',(-3.162499999999995,-3.056244584051392,-3.056244584051393));
#5919=CARTESIAN_POINT('',(-3.162499999999995,-2.828427124746191,-2.828427124746191));
#5920=CARTESIAN_POINT('',(-2.657108210462944,-4.082030584339254,-2.352641124458329));
#5921=CARTESIAN_POINT('',(-2.979290751157744,-4.082030584339252,-2.352641124458330));
#5922=CARTESIAN_POINT('',(-3.207108210462945,-3.877644246640288,-2.234844921462499));
#5923=CARTESIAN_POINT('',(-3.207108210462944,-3.588598315902641,-2.068255933589741));
#5924=CARTESIAN_POINT('',(-2.705391789537044,-4.550000000000002,-1.222863014394342));
#5925=CARTESIAN_POINT('',(-3.027574330231843,-4.550000000000002,-1.222863014394342));
#5926=CARTESIAN_POINT('',(-3.255391789537045,-4.322182540694800,-1.161634542961899));
#5927=CARTESIAN_POINT('',(-3.255391789537045,-4.000000000000002,-1.075044408258763));
#5928=CARTESIAN_POINT('',(-2.749999999999995,-4.550000000000000,-5.571959E-016));
#5929=CARTESIAN_POINT('',(-3.072182540694792,-4.550000000000002,-5.571959E-016));
#5930=CARTESIAN_POINT('',(-3.299999999999995,-4.322182540694799,-5.292972E-016));
#5931=CARTESIAN_POINT('',(-3.299999999999995,-4.0,-4.898425E-016));
#5932=CARTESIAN_POINT('',(-2.794608210462945,-4.550000000000002,1.222863014394341));
#5933=CARTESIAN_POINT('',(-3.116790751157743,-4.550000000000002,1.222863014394342));
#5934=CARTESIAN_POINT('',(-3.344608210462944,-4.322182540694799,1.161634542961898));
#5935=CARTESIAN_POINT('',(-3.344608210462945,-4.000000000000002,1.075044408258762));
#5936=CARTESIAN_POINT('',(-2.842891789537045,-4.082030584339252,2.352641124458329));
#5937=CARTESIAN_POINT('',(-3.165074330231842,-4.082030584339252,2.352641124458329));
#5938=CARTESIAN_POINT('',(-3.392891789537045,-3.877644246640288,2.234844921462499));
#5939=CARTESIAN_POINT('',(-3.392891789537045,-3.588598315902641,2.068255933589741));
#5940=CARTESIAN_POINT('',(-2.887499999999994,-3.217335854398792,3.217335854398791));
#5941=CARTESIAN_POINT('',(-3.209682540694792,-3.217335854398791,3.217335854398791));
#5942=CARTESIAN_POINT('',(-3.437499999999994,-3.056244584051393,3.056244584051392));
#5943=CARTESIAN_POINT('',(-3.437499999999993,-2.828427124746191,2.828427124746189));
#5944=CARTESIAN_POINT('',(-2.932108210462944,-2.352641124458332,4.082030584339252));
#5945=CARTESIAN_POINT('',(-3.254290751157742,-2.352641124458332,4.082030584339252));
#5946=CARTESIAN_POINT('',(-3.482108210462947,-2.234844921462501,3.877644246640288));
#5947=CARTESIAN_POINT('',(-3.482108210462944,-2.068255933589741,3.588598315902640));
#5948=CARTESIAN_POINT('',(-2.980391789537044,-1.222863014394344,4.550000000000000));
#5949=CARTESIAN_POINT('',(-3.302574330231843,-1.222863014394345,4.550000000000002));
#5950=CARTESIAN_POINT('',(-3.530391789537044,-1.161634542961901,4.322182540694799));
#5951=CARTESIAN_POINT('',(-3.530391789537045,-1.075044408258764,4.0));
#5952=CARTESIAN_POINT('',(-3.024999999999996,-8.357938E-016,4.550000000000000));
#5953=CARTESIAN_POINT('',(-3.347182540694792,-8.357938E-016,4.550000000000002));
#5954=CARTESIAN_POINT('',(-3.574999999999993,-7.939458E-016,4.322182540694799));
#5955=CARTESIAN_POINT('',(-3.574999999999993,-7.347638E-016,4.0));
#5956=CARTESIAN_POINT('',(-3.069608210462945,1.222863014394342,4.549999999999999));
#5957=CARTESIAN_POINT('',(-3.391790751157744,1.222863014394342,4.550000000000002));
#5958=CARTESIAN_POINT('',(-3.619608210462944,1.161634542961899,4.322182540694799));
#5959=CARTESIAN_POINT('',(-3.619608210462944,1.075044408258763,3.999999999999999));
#5960=CARTESIAN_POINT('',(-3.117891789537044,2.352641124458330,4.082030584339252));
#5961=CARTESIAN_POINT('',(-3.440074330231840,2.352641124458330,4.082030584339252));
#5962=CARTESIAN_POINT('',(-3.667891789537046,2.234844921462499,3.877644246640288));
#5963=CARTESIAN_POINT('',(-3.667891789537045,2.068255933589741,3.588598315902640));
#5964=CARTESIAN_POINT('',(-3.162499999999995,3.217335854398791,3.217335854398792));
#5965=CARTESIAN_POINT('',(-3.484682540694792,3.217335854398791,3.217335854398791));
#5966=CARTESIAN_POINT('',(-3.712499999999996,3.056244584051392,3.056244584051393));
#5967=CARTESIAN_POINT('',(-3.712499999999994,2.828427124746189,2.828427124746191));
#5968=CARTESIAN_POINT('',(-3.207108210462943,4.082030584339252,2.352641124458332));
#5969=CARTESIAN_POINT('',(-3.529290751157745,4.082030584339252,2.352641124458332));
#5970=CARTESIAN_POINT('',(-3.757108210462945,3.877644246640288,2.234844921462502));
#5971=CARTESIAN_POINT('',(-3.757108210462944,3.588598315902640,2.068255933589742));
#5972=CARTESIAN_POINT('',(-3.255391789537042,4.550000000000000,1.222863014394344));
#5973=CARTESIAN_POINT('',(-3.577574330231842,4.550000000000002,1.222863014394344));
#5974=CARTESIAN_POINT('',(-3.805391789537045,4.322182540694799,1.161634542961901));
#5975=CARTESIAN_POINT('',(-3.805391789537042,4.0,1.075044408258764));
#5976=CARTESIAN_POINT('',(-3.299999999999993,4.550000000000000,0.0));
#5977=CARTESIAN_POINT('',(-3.622182540694792,4.550000000000002,0.0));
#5978=CARTESIAN_POINT('',(-3.849999999999994,4.322182540694799,0.0));
#5979=CARTESIAN_POINT('',(-3.849999999999993,4.0,0.0));
#5980=CARTESIAN_POINT('',(-3.344608210462944,4.550000000000002,-1.222863014394342));
#5981=CARTESIAN_POINT('',(-3.666790751157742,4.550000000000002,-1.222863014394342));
#5982=CARTESIAN_POINT('',(-3.894608210462944,4.322182540694800,-1.161634542961898));
#5983=CARTESIAN_POINT('',(-3.894608210462944,4.0,-1.075044408258763));
#5984=CARTESIAN_POINT('',(-3.392891789537045,4.082030584339254,-2.352641124458329));
#5985=CARTESIAN_POINT('',(-3.715074330231841,4.082030584339252,-2.352641124458329));
#5986=CARTESIAN_POINT('',(-3.942891789537042,3.877644246640288,-2.234844921462499));
#5987=CARTESIAN_POINT('',(-3.942891789537042,3.588598315902641,-2.068255933589741));
#5988=CARTESIAN_POINT('',(-3.437499999999993,3.217335854398792,-3.217335854398792));
#5989=CARTESIAN_POINT('',(-3.759682540694791,3.217335854398791,-3.217335854398791));
#5990=CARTESIAN_POINT('',(-3.987499999999993,3.056244584051393,-3.056244584051392));
#5991=CARTESIAN_POINT('',(-3.987499999999995,2.828427124746191,-2.828427124746191));
#5992=CARTESIAN_POINT('',(-3.482108210462944,2.352641124458329,-4.082030584339254));
#5993=CARTESIAN_POINT('',(-3.804290751157742,2.352641124458330,-4.082030584339252));
#5994=CARTESIAN_POINT('',(-4.032108210462944,2.234844921462499,-3.877644246640288));
#5995=CARTESIAN_POINT('',(-4.032108210462944,2.068255933589741,-3.588598315902641));
#5996=CARTESIAN_POINT('',(-3.530391789537045,1.222863014394342,-4.550000000000002));
#5997=CARTESIAN_POINT('',(-3.852574330231839,1.222863014394342,-4.550000000000002));
#5998=CARTESIAN_POINT('',(-4.080391789537042,1.161634542961898,-4.322182540694800));
#5999=CARTESIAN_POINT('',(-4.080391789537044,1.075044408258763,-4.000000000000002));
#6000=CARTESIAN_POINT('',(-3.574999999999993,2.785979E-016,-4.550000000000000));
#6001=CARTESIAN_POINT('',(-3.897182540694792,2.785979E-016,-4.550000000000002));
#6002=CARTESIAN_POINT('',(-4.124999999999995,2.646486E-016,-4.322182540694799));
#6003=CARTESIAN_POINT('',(-4.124999999999995,2.449213E-016,-4.0));
#6004=CARTESIAN_POINT('',(-3.619608210462944,-1.222863014394342,-4.550000000000002));
#6005=CARTESIAN_POINT('',(-3.941790751157741,-1.222863014394342,-4.550000000000002));
#6006=CARTESIAN_POINT('',(-4.169608210462944,-1.161634542961898,-4.322182540694800));
#6007=CARTESIAN_POINT('',(-4.169608210462942,-1.075044408258762,-4.0));
#6008=CARTESIAN_POINT('',(-3.667891789537042,-2.352641124458329,-4.082030584339254));
#6009=CARTESIAN_POINT('',(-3.990074330231841,-2.352641124458329,-4.082030584339252));
#6010=CARTESIAN_POINT('',(-4.217891789537045,-2.234844921462499,-3.877644246640288));
#6011=CARTESIAN_POINT('',(-4.217891789537045,-2.068255933589741,-3.588598315902641));
#6012=CARTESIAN_POINT('',(-3.712499999999993,-3.217335854398792,-3.217335854398792));
#6013=CARTESIAN_POINT('',(-4.034682540694790,-3.217335854398791,-3.217335854398791));
#6014=CARTESIAN_POINT('',(-4.262499999999990,-3.056244584051392,-3.056244584051393));
#6015=CARTESIAN_POINT('',(-4.262499999999994,-2.828427124746191,-2.828427124746191));
#6016=CARTESIAN_POINT('',(-3.757108210462944,-4.082030584339252,-2.352641124458330));
#6017=CARTESIAN_POINT('',(-4.079290751157741,-4.082030584339252,-2.352641124458329));
#6018=CARTESIAN_POINT('',(-4.307108210462944,-3.877644246640288,-2.234844921462499));
#6019=CARTESIAN_POINT('',(-4.307108210462944,-3.588598315902640,-2.068255933589741));
#6020=CARTESIAN_POINT('',(-3.805391789537041,-4.550000000000002,-1.222863014394342));
#6021=CARTESIAN_POINT('',(-4.127574330231839,-4.550000000000002,-1.222863014394342));
#6022=CARTESIAN_POINT('',(-4.355391789537042,-4.322182540694799,-1.161634542961899));
#6023=CARTESIAN_POINT('',(-4.355391789537042,-4.0,-1.075044408258763));
#6024=CARTESIAN_POINT('',(-3.849999999999993,-4.550000000000000,-5.571959E-016));
#6025=CARTESIAN_POINT('',(-4.172182540694790,-4.550000000000002,-5.571959E-016));
#6026=CARTESIAN_POINT('',(-4.399999999999990,-4.322182540694799,-5.292972E-016));
#6027=CARTESIAN_POINT('',(-4.399999999999993,-4.0,-4.898425E-016));
#6028=CARTESIAN_POINT('',(-3.894608210462942,-4.550000000000000,1.222863014394341));
#6029=CARTESIAN_POINT('',(-4.216790751157740,-4.550000000000002,1.222863014394342));
#6030=CARTESIAN_POINT('',(-4.444608210462944,-4.322182540694799,1.161634542961898));
#6031=CARTESIAN_POINT('',(-4.444608210462940,-3.999999999999999,1.075044408258762));
#6032=CARTESIAN_POINT('',(-3.942891789537041,-4.082030584339252,2.352641124458328));
#6033=CARTESIAN_POINT('',(-4.265074330231840,-4.082030584339252,2.352641124458329));
#6034=CARTESIAN_POINT('',(-4.492891789537042,-3.877644246640288,2.234844921462499));
#6035=CARTESIAN_POINT('',(-4.492891789537042,-3.588598315902640,2.068255933589740));
#6036=CARTESIAN_POINT('',(-3.987499999999993,-3.217335854398792,3.217335854398791));
#6037=CARTESIAN_POINT('',(-4.309682540694791,-3.217335854398791,3.217335854398791));
#6038=CARTESIAN_POINT('',(-4.537499999999991,-3.056244584051393,3.056244584051392));
#6039=CARTESIAN_POINT('',(-4.537499999999991,-2.828427124746191,2.828427124746189));
#6040=CARTESIAN_POINT('',(-4.032108210462941,-2.352641124458331,4.082030584339252));
#6041=CARTESIAN_POINT('',(-4.354290751157740,-2.352641124458332,4.082030584339252));
#6042=CARTESIAN_POINT('',(-4.582108210462944,-2.234844921462501,3.877644246640286));
#6043=CARTESIAN_POINT('',(-4.582108210462943,-2.068255933589742,3.588598315902640));
#6044=CARTESIAN_POINT('',(-4.080391789537041,-1.222863014394344,4.550000000000000));
#6045=CARTESIAN_POINT('',(-4.402574330231840,-1.222863014394344,4.550000000000000));
#6046=CARTESIAN_POINT('',(-4.630391789537041,-1.161634542961901,4.322182540694799));
#6047=CARTESIAN_POINT('',(-4.630391789537041,-1.075044408258764,4.0));
#6048=CARTESIAN_POINT('',(-4.124999999999991,-8.357938E-016,4.550000000000000));
#6049=CARTESIAN_POINT('',(-4.447182540694790,-8.357938E-016,4.550000000000002));
#6050=CARTESIAN_POINT('',(-4.674999999999992,-7.939458E-016,4.322182540694799));
#6051=CARTESIAN_POINT('',(-4.674999999999992,-7.347638E-016,4.0));
#6052=CARTESIAN_POINT('',(-4.169608210462941,1.222863014394342,4.549999999999999));
#6053=CARTESIAN_POINT('',(-4.491790751157740,1.222863014394342,4.550000000000000));
#6054=CARTESIAN_POINT('',(-4.719608210462944,1.161634542961898,4.322182540694799));
#6055=CARTESIAN_POINT('',(-4.719608210462940,1.075044408258763,3.999999999999999));
#6056=CARTESIAN_POINT('',(-4.217891789537042,2.352641124458329,4.082030584339252));
#6057=CARTESIAN_POINT('',(-4.540074330231841,2.352641124458330,4.082030584339252));
#6058=CARTESIAN_POINT('',(-4.767891789537043,2.234844921462499,3.877644246640288));
#6059=CARTESIAN_POINT('',(-4.767891789537043,2.068255933589740,3.588598315902640));
#6060=CARTESIAN_POINT('',(-4.262499999999990,3.217335854398791,3.217335854398792));
#6061=CARTESIAN_POINT('',(-4.584682540694790,3.217335854398790,3.217335854398791));
#6062=CARTESIAN_POINT('',(-4.812499999999991,3.056244584051392,3.056244584051393));
#6063=CARTESIAN_POINT('',(-4.812499999999991,2.828427124746189,2.828427124746191));
#6064=CARTESIAN_POINT('',(-4.307108210462941,4.082030584339252,2.352641124458332));
#6065=CARTESIAN_POINT('',(-4.629290751157741,4.082030584339252,2.352641124458332));
#6066=CARTESIAN_POINT('',(-4.857108210462941,3.877644246640286,2.234844921462502));
#6067=CARTESIAN_POINT('',(-4.857108210462944,3.588598315902640,2.068255933589742));
#6068=CARTESIAN_POINT('',(-4.355391789537042,4.550000000000000,1.222863014394344));
#6069=CARTESIAN_POINT('',(-4.677574330231840,4.550000000000000,1.222863014394344));
#6070=CARTESIAN_POINT('',(-4.905391789537042,4.322182540694799,1.161634542961901));
#6071=CARTESIAN_POINT('',(-4.905391789537042,4.0,1.075044408258764));
#6072=CARTESIAN_POINT('',(-4.399999999999991,4.550000000000000,0.0));
#6073=CARTESIAN_POINT('',(-4.722182540694786,4.550000000000002,0.0));
#6074=CARTESIAN_POINT('',(-4.949999999999990,4.322182540694799,0.0));
#6075=CARTESIAN_POINT('',(-4.949999999999990,4.0,0.0));
#6076=CARTESIAN_POINT('',(-4.444608210462940,4.550000000000002,-1.222863014394342));
#6077=CARTESIAN_POINT('',(-4.766790751157741,4.550000000000002,-1.222863014394342));
#6078=CARTESIAN_POINT('',(-4.994608210462944,4.322182540694799,-1.161634542961898));
#6079=CARTESIAN_POINT('',(-4.994608210462944,4.000000000000002,-1.075044408258762));
#6080=CARTESIAN_POINT('',(-4.492891789537042,4.082030584339252,-2.352641124458329));
#6081=CARTESIAN_POINT('',(-4.815074330231839,4.082030584339252,-2.352641124458329));
#6082=CARTESIAN_POINT('',(-5.042891789537042,3.877644246640288,-2.234844921462499));
#6083=CARTESIAN_POINT('',(-5.042891789537042,3.588598315902640,-2.068255933589741));
#6084=CARTESIAN_POINT('',(-4.537499999999991,3.217335854398792,-3.217335854398791));
#6085=CARTESIAN_POINT('',(-4.859682540694788,3.217335854398791,-3.217335854398791));
#6086=CARTESIAN_POINT('',(-5.087499999999991,3.056244584051393,-3.056244584051392));
#6087=CARTESIAN_POINT('',(-5.087499999999991,2.828427124746191,-2.828427124746189));
#6088=CARTESIAN_POINT('',(-4.582108210462941,2.352641124458329,-4.082030584339252));
#6089=CARTESIAN_POINT('',(-4.904290751157738,2.352641124458329,-4.082030584339252));
#6090=CARTESIAN_POINT('',(-5.132108210462941,2.234844921462499,-3.877644246640288));
#6091=CARTESIAN_POINT('',(-5.132108210462941,2.068255933589740,-3.588598315902640));
#6092=CARTESIAN_POINT('',(-4.630391789537041,1.222863014394342,-4.550000000000000));
#6093=CARTESIAN_POINT('',(-4.952574330231840,1.222863014394342,-4.550000000000002));
#6094=CARTESIAN_POINT('',(-5.180391789537041,1.161634542961898,-4.322182540694799));
#6095=CARTESIAN_POINT('',(-5.180391789537040,1.075044408258763,-3.999999999999999));
#6096=CARTESIAN_POINT('',(-4.674999999999992,2.785979E-016,-4.550000000000000));
#6097=CARTESIAN_POINT('',(-4.997182540694788,2.785979E-016,-4.550000000000002));
#6098=CARTESIAN_POINT('',(-5.224999999999990,2.646486E-016,-4.322182540694797));
#6099=CARTESIAN_POINT('',(-5.224999999999990,2.449213E-016,-4.0));
#6100=CARTESIAN_POINT('',(-4.719608210462940,-1.222863014394342,-4.550000000000002));
#6101=CARTESIAN_POINT('',(-5.041790751157741,-1.222863014394342,-4.550000000000002));
#6102=CARTESIAN_POINT('',(-5.269608210462944,-1.161634542961898,-4.322182540694799));
#6103=CARTESIAN_POINT('',(-5.269608210462941,-1.075044408258762,-4.000000000000002));
#6104=CARTESIAN_POINT('',(-4.767891789537043,-2.352641124458329,-4.082030584339252));
#6105=CARTESIAN_POINT('',(-5.090074330231836,-2.352641124458329,-4.082030584339252));
#6106=CARTESIAN_POINT('',(-5.317891789537042,-2.234844921462499,-3.877644246640288));
#6107=CARTESIAN_POINT('',(-5.317891789537041,-2.068255933589741,-3.588598315902640));
#6108=CARTESIAN_POINT('',(-4.812499999999989,-3.217335854398791,-3.217335854398792));
#6109=CARTESIAN_POINT('',(-5.134682540694787,-3.217335854398791,-3.217335854398791));
#6110=CARTESIAN_POINT('',(-5.362499999999989,-3.056244584051392,-3.056244584051393));
#6111=CARTESIAN_POINT('',(-5.362499999999991,-2.828427124746189,-2.828427124746191));
#6112=CARTESIAN_POINT('',(-4.857108210462938,-4.082030584339252,-2.352641124458329));
#6113=CARTESIAN_POINT('',(-5.179290751157739,-4.082030584339252,-2.352641124458329));
#6114=CARTESIAN_POINT('',(-5.407108210462942,-3.877644246640288,-2.234844921462499));
#6115=CARTESIAN_POINT('',(-5.407108210462939,-3.588598315902640,-2.068255933589740));
#6116=CARTESIAN_POINT('',(-4.905391789537037,-4.550000000000000,-1.222863014394342));
#6117=CARTESIAN_POINT('',(-5.227574330231837,-4.550000000000002,-1.222863014394342));
#6118=CARTESIAN_POINT('',(-5.455391789537041,-4.322182540694799,-1.161634542961899));
#6119=CARTESIAN_POINT('',(-5.455391789537037,-3.999999999999999,-1.075044408258763));
#6120=CARTESIAN_POINT('',(-4.949999999999990,-4.550000000000000,-5.571959E-016));
#6121=CARTESIAN_POINT('',(-5.272182540694788,-4.550000000000002,-5.571959E-016));
#6122=CARTESIAN_POINT('',(-5.499999999999990,-4.322182540694797,-5.292972E-016));
#6123=CARTESIAN_POINT('',(-5.499999999999990,-4.0,-4.898425E-016));
#6124=CARTESIAN_POINT('',(-4.994608210462941,-4.550000000000002,1.222863014394341));
#6125=CARTESIAN_POINT('',(-5.316790751157738,-4.550000000000002,1.222863014394342));
#6126=CARTESIAN_POINT('',(-5.544608210462942,-4.322182540694799,1.161634542961898));
#6127=CARTESIAN_POINT('',(-5.544608210462938,-4.000000000000002,1.075044408258762));
#6128=CARTESIAN_POINT('',(-5.042891789537042,-4.082030584339252,2.352641124458329));
#6129=CARTESIAN_POINT('',(-5.365074330231837,-4.082030584339252,2.352641124458329));
#6130=CARTESIAN_POINT('',(-5.592891789537041,-3.877644246640288,2.234844921462499));
#6131=CARTESIAN_POINT('',(-5.592891789537038,-3.588598315902641,2.068255933589741));
#6132=CARTESIAN_POINT('',(-5.087499999999991,-3.217335854398792,3.217335854398791));
#6133=CARTESIAN_POINT('',(-5.409682540694786,-3.217335854398791,3.217335854398791));
#6134=CARTESIAN_POINT('',(-5.637499999999990,-3.056244584051393,3.056244584051392));
#6135=CARTESIAN_POINT('',(-5.637499999999990,-2.828427124746191,2.828427124746189));
#6136=CARTESIAN_POINT('',(-5.132108210462939,-2.352641124458331,4.082030584339252));
#6137=CARTESIAN_POINT('',(-5.454290751157739,-2.352641124458332,4.082030584339252));
#6138=CARTESIAN_POINT('',(-5.682108210462940,-2.234844921462501,3.877644246640286));
#6139=CARTESIAN_POINT('',(-5.682108210462936,-2.068255933589741,3.588598315902640));
#6140=CARTESIAN_POINT('',(-5.180391789537037,-1.222863014394344,4.549999999999999));
#6141=CARTESIAN_POINT('',(-5.502574330231839,-1.222863014394344,4.550000000000000));
#6142=CARTESIAN_POINT('',(-5.730391789537039,-1.161634542961901,4.322182540694799));
#6143=CARTESIAN_POINT('',(-5.730391789537038,-1.075044408258764,3.999999999999999));
#6144=CARTESIAN_POINT('',(-5.224999999999987,-8.357938E-016,4.550000000000000));
#6145=CARTESIAN_POINT('',(-5.547182540694785,-8.357938E-016,4.550000000000002));
#6146=CARTESIAN_POINT('',(-5.774999999999990,-7.939458E-016,4.322182540694797));
#6147=CARTESIAN_POINT('',(-5.774999999999990,-7.347638E-016,4.0));
#6148=CARTESIAN_POINT('',(-5.269608210462939,1.222863014394342,4.550000000000000));
#6149=CARTESIAN_POINT('',(-5.591790751157736,1.222863014394342,4.550000000000000));
#6150=CARTESIAN_POINT('',(-5.819608210462944,1.161634542961898,4.322182540694799));
#6151=CARTESIAN_POINT('',(-5.819608210462938,1.075044408258763,4.0));
#6152=CARTESIAN_POINT('',(-5.317891789537041,2.352641124458330,4.082030584339252));
#6153=CARTESIAN_POINT('',(-5.640074330231840,2.352641124458330,4.082030584339252));
#6154=CARTESIAN_POINT('',(-5.867891789537038,2.234844921462499,3.877644246640288));
#6155=CARTESIAN_POINT('',(-5.867891789537038,2.068255933589741,3.588598315902640));
#6156=CARTESIAN_POINT('',(-5.362499999999989,3.217335854398791,3.217335854398792));
#6157=CARTESIAN_POINT('',(-5.684682540694784,3.217335854398790,3.217335854398791));
#6158=CARTESIAN_POINT('',(-5.912499999999991,3.056244584051392,3.056244584051393));
#6159=CARTESIAN_POINT('',(-5.912499999999991,2.828427124746189,2.828427124746191));
#6160=CARTESIAN_POINT('',(-5.407108210462937,4.082030584339252,2.352641124458332));
#6161=CARTESIAN_POINT('',(-5.729290751157738,4.082030584339252,2.352641124458332));
#6162=CARTESIAN_POINT('',(-5.957108210462939,3.877644246640286,2.234844921462502));
#6163=CARTESIAN_POINT('',(-5.957108210462936,3.588598315902640,2.068255933589742));
#6164=CARTESIAN_POINT('',(-5.455391789537037,4.549999999999999,1.222863014394344));
#6165=CARTESIAN_POINT('',(-5.777574330231837,4.550000000000000,1.222863014394344));
#6166=CARTESIAN_POINT('',(-6.005391789537038,4.322182540694799,1.161634542961901));
#6167=CARTESIAN_POINT('',(-6.005391789537036,3.999999999999999,1.075044408258764));
#6168=CARTESIAN_POINT('',(-5.499999999999990,4.550000000000000,0.0));
#6169=CARTESIAN_POINT('',(-5.822182540694785,4.550000000000002,0.0));
#6170=CARTESIAN_POINT('',(-6.049999999999991,4.322182540694797,0.0));
#6171=CARTESIAN_POINT('',(-6.049999999999988,4.0,0.0));
#6172=CARTESIAN_POINT('',(-5.544608210462938,4.550000000000002,-1.222863014394342));
#6173=CARTESIAN_POINT('',(-5.866790751157739,4.550000000000002,-1.222863014394342));
#6174=CARTESIAN_POINT('',(-6.094608210462940,4.322182540694799,-1.161634542961898));
#6175=CARTESIAN_POINT('',(-6.094608210462940,4.000000000000002,-1.075044408258762));
#6176=CARTESIAN_POINT('',(-5.592891789537038,4.082030584339252,-2.352641124458329));
#6177=CARTESIAN_POINT('',(-5.915074330231837,4.082030584339252,-2.352641124458329));
#6178=CARTESIAN_POINT('',(-6.142891789537037,3.877644246640288,-2.234844921462499));
#6179=CARTESIAN_POINT('',(-6.142891789537037,3.588598315902640,-2.068255933589741));
#6180=CARTESIAN_POINT('',(-5.637499999999988,3.217335854398792,-3.217335854398791));
#6181=CARTESIAN_POINT('',(-5.959682540694784,3.217335854398791,-3.217335854398791));
#6182=CARTESIAN_POINT('',(-6.187499999999987,3.056244584051393,-3.056244584051392));
#6183=CARTESIAN_POINT('',(-6.187499999999990,2.828427124746191,-2.828427124746189));
#6184=CARTESIAN_POINT('',(-5.682108210462941,2.352641124458329,-4.082030584339252));
#6185=CARTESIAN_POINT('',(-6.004290751157736,2.352641124458329,-4.082030584339252));
#6186=CARTESIAN_POINT('',(-6.232108210462940,2.234844921462499,-3.877644246640288));
#6187=CARTESIAN_POINT('',(-6.232108210462940,2.068255933589741,-3.588598315902640));
#6188=CARTESIAN_POINT('',(-5.730391789537038,1.222863014394342,-4.550000000000002));
#6189=CARTESIAN_POINT('',(-6.052574330231839,1.222863014394342,-4.550000000000002));
#6190=CARTESIAN_POINT('',(-6.280391789537037,1.161634542961898,-4.322182540694799));
#6191=CARTESIAN_POINT('',(-6.280391789537037,1.075044408258763,-4.0));
#6192=CARTESIAN_POINT('',(-5.774999999999989,2.785979E-016,-4.550000000000000));
#6193=CARTESIAN_POINT('',(-6.097182540694784,2.785979E-016,-4.550000000000002));
#6194=CARTESIAN_POINT('',(-6.324999999999990,2.646486E-016,-4.322182540694799));
#6195=CARTESIAN_POINT('',(-6.324999999999990,2.449213E-016,-4.0));
#6196=CARTESIAN_POINT('',(-5.819608210462937,-1.222863014394342,-4.550000000000000));
#6197=CARTESIAN_POINT('',(-6.141790751157736,-1.222863014394342,-4.550000000000002));
#6198=CARTESIAN_POINT('',(-6.369608210462939,-1.161634542961898,-4.322182540694799));
#6199=CARTESIAN_POINT('',(-6.369608210462937,-1.075044408258762,-3.999999999999999));
#6200=CARTESIAN_POINT('',(-5.867891789537035,-2.352641124458329,-4.082030584339252));
#6201=CARTESIAN_POINT('',(-6.190074330231836,-2.352641124458329,-4.082030584339252));
#6202=CARTESIAN_POINT('',(-6.417891789537038,-2.234844921462499,-3.877644246640288));
#6203=CARTESIAN_POINT('',(-6.417891789537036,-2.068255933589740,-3.588598315902640));
#6204=CARTESIAN_POINT('',(-5.912499999999989,-3.217335854398791,-3.217335854398792));
#6205=CARTESIAN_POINT('',(-6.234682540694784,-3.217335854398791,-3.217335854398791));
#6206=CARTESIAN_POINT('',(-6.462499999999986,-3.056244584051392,-3.056244584051393));
#6207=CARTESIAN_POINT('',(-6.462499999999986,-2.828427124746189,-2.828427124746191));
#6208=CARTESIAN_POINT('',(-5.957108210462939,-4.082030584339252,-2.352641124458330));
#6209=CARTESIAN_POINT('',(-6.279290751157736,-4.082030584339252,-2.352641124458329));
#6210=CARTESIAN_POINT('',(-6.507108210462940,-3.877644246640288,-2.234844921462499));
#6211=CARTESIAN_POINT('',(-6.507108210462937,-3.588598315902640,-2.068255933589741));
#6212=CARTESIAN_POINT('',(-6.005391789537038,-4.550000000000002,-1.222863014394342));
#6213=CARTESIAN_POINT('',(-6.327574330231835,-4.550000000000002,-1.222863014394342));
#6214=CARTESIAN_POINT('',(-6.555391789537039,-4.322182540694799,-1.161634542961899));
#6215=CARTESIAN_POINT('',(-6.555391789537035,-4.0,-1.075044408258763));
#6216=CARTESIAN_POINT('',(-6.049999999999988,-4.550000000000000,-5.571959E-016));
#6217=CARTESIAN_POINT('',(-6.372182540694784,-4.550000000000002,-5.571959E-016));
#6218=CARTESIAN_POINT('',(-6.599999999999991,-4.322182540694799,-5.292972E-016));
#6219=CARTESIAN_POINT('',(-6.599999999999991,-4.0,-4.898425E-016));
#6220=CARTESIAN_POINT('',(-6.094608210462936,-4.550000000000000,1.222863014394341));
#6221=CARTESIAN_POINT('',(-6.416790751157736,-4.550000000000002,1.222863014394342));
#6222=CARTESIAN_POINT('',(-6.644608210462941,-4.322182540694799,1.161634542961898));
#6223=CARTESIAN_POINT('',(-6.644608210462937,-3.999999999999999,1.075044408258762));
#6224=CARTESIAN_POINT('',(-6.142891789537036,-4.082030584339252,2.352641124458328));
#6225=CARTESIAN_POINT('',(-6.465074330231834,-4.082030584339252,2.352641124458329));
#6226=CARTESIAN_POINT('',(-6.692891789537034,-3.877644246640288,2.234844921462499));
#6227=CARTESIAN_POINT('',(-6.692891789537034,-3.588598315902640,2.068255933589740));
#6228=CARTESIAN_POINT('',(-6.187499999999987,-3.217335854398792,3.217335854398791));
#6229=CARTESIAN_POINT('',(-6.509682540694786,-3.217335854398791,3.217335854398791));
#6230=CARTESIAN_POINT('',(-6.737499999999988,-3.056244584051393,3.056244584051392));
#6231=CARTESIAN_POINT('',(-6.737499999999988,-2.828427124746191,2.828427124746189));
#6232=CARTESIAN_POINT('',(-6.232108210462936,-2.352641124458331,4.082030584339252));
#6233=CARTESIAN_POINT('',(-6.554290751157734,-2.352641124458332,4.082030584339252));
#6234=CARTESIAN_POINT('',(-6.782108210462941,-2.234844921462501,3.877644246640286));
#6235=CARTESIAN_POINT('',(-6.782108210462940,-2.068255933589742,3.588598315902640));
#6236=CARTESIAN_POINT('',(-6.280391789537037,-1.222863014394344,4.550000000000000));
#6237=CARTESIAN_POINT('',(-6.602574330231836,-1.222863014394344,4.550000000000000));
#6238=CARTESIAN_POINT('',(-6.830391789537043,-1.161634542961901,4.322182540694799));
#6239=CARTESIAN_POINT('',(-6.830391789537037,-1.075044408258764,4.0));
#6240=CARTESIAN_POINT('',(-6.324999999999987,-8.357938E-016,4.550000000000000));
#6241=CARTESIAN_POINT('',(-6.647182540694784,-8.357938E-016,4.550000000000002));
#6242=CARTESIAN_POINT('',(-6.874999999999991,-7.939458E-016,4.322182540694799));
#6243=CARTESIAN_POINT('',(-6.874999999999987,-7.347638E-016,4.0));
#6244=CARTESIAN_POINT('',(-6.369608210462936,1.222863014394342,4.549999999999999));
#6245=CARTESIAN_POINT('',(-6.691790751157737,1.222863014394342,4.550000000000000));
#6246=CARTESIAN_POINT('',(-6.919608210462939,1.161634542961898,4.322182540694799));
#6247=CARTESIAN_POINT('',(-6.919608210462938,1.075044408258763,3.999999999999999));
#6248=CARTESIAN_POINT('',(-6.417891789537036,2.352641124458329,4.082030584339252));
#6249=CARTESIAN_POINT('',(-6.740074330231836,2.352641124458330,4.082030584339252));
#6250=CARTESIAN_POINT('',(-6.967891789537035,2.234844921462499,3.877644246640288));
#6251=CARTESIAN_POINT('',(-6.967891789537033,2.068255933589740,3.588598315902640));
#6252=CARTESIAN_POINT('',(-6.462499999999986,3.217335854398791,3.217335854398792));
#6253=CARTESIAN_POINT('',(-6.784682540694784,3.217335854398790,3.217335854398791));
#6254=CARTESIAN_POINT('',(-7.012499999999986,3.056244584051392,3.056244584051393));
#6255=CARTESIAN_POINT('',(-7.012499999999986,2.828427124746189,2.828427124746191));
#6256=CARTESIAN_POINT('',(-6.507108210462937,4.082030584339252,2.352641124458332));
#6257=CARTESIAN_POINT('',(-6.829290751157737,4.082030584339252,2.352641124458332));
#6258=CARTESIAN_POINT('',(-7.057108210462938,3.877644246640286,2.234844921462502));
#6259=CARTESIAN_POINT('',(-7.057108210462938,3.588598315902640,2.068255933589742));
#6260=CARTESIAN_POINT('',(-6.555391789537035,4.550000000000000,1.222863014394344));
#6261=CARTESIAN_POINT('',(-6.877574330231835,4.550000000000000,1.222863014394344));
#6262=CARTESIAN_POINT('',(-7.105391789537037,4.322182540694799,1.161634542961901));
#6263=CARTESIAN_POINT('',(-7.105391789537037,4.0,1.075044408258764));
#6264=CARTESIAN_POINT('',(-6.599999999999985,4.550000000000000,0.0));
#6265=CARTESIAN_POINT('',(-6.922182540694783,4.550000000000002,0.0));
#6266=CARTESIAN_POINT('',(-7.149999999999990,4.322182540694799,0.0));
#6267=CARTESIAN_POINT('',(-7.149999999999986,4.0,0.0));
#6268=CARTESIAN_POINT('',(-6.644608210462939,4.550000000000002,-1.222863014394342));
#6269=CARTESIAN_POINT('',(-6.966790751157739,4.550000000000002,-1.222863014394342));
#6270=CARTESIAN_POINT('',(-7.194608210462938,4.322182540694799,-1.161634542961898));
#6271=CARTESIAN_POINT('',(-7.194608210462937,4.000000000000002,-1.075044408258762));
#6272=CARTESIAN_POINT('',(-6.692891789537034,4.082030584339252,-2.352641124458329));
#6273=CARTESIAN_POINT('',(-7.015074330231835,4.082030584339252,-2.352641124458329));
#6274=CARTESIAN_POINT('',(-7.242891789537036,3.877644246640288,-2.234844921462499));
#6275=CARTESIAN_POINT('',(-7.242891789537036,3.588598315902640,-2.068255933589741));
#6276=CARTESIAN_POINT('',(-6.737499999999987,3.217335854398792,-3.217335854398791));
#6277=CARTESIAN_POINT('',(-7.059682540694784,3.217335854398791,-3.217335854398791));
#6278=CARTESIAN_POINT('',(-7.287499999999985,3.056244584051393,-3.056244584051392));
#6279=CARTESIAN_POINT('',(-7.287499999999985,2.828427124746191,-2.828427124746189));
#6280=CARTESIAN_POINT('',(-6.782108210462935,2.352641124458329,-4.082030584339252));
#6281=CARTESIAN_POINT('',(-7.104290751157735,2.352641124458329,-4.082030584339252));
#6282=CARTESIAN_POINT('',(-7.332108210462936,2.234844921462499,-3.877644246640288));
#6283=CARTESIAN_POINT('',(-7.332108210462938,2.068255933589740,-3.588598315902640));
#6284=CARTESIAN_POINT('',(-6.830391789537035,1.222863014394342,-4.550000000000000));
#6285=CARTESIAN_POINT('',(-7.152574330231836,1.222863014394342,-4.550000000000002));
#6286=CARTESIAN_POINT('',(-7.380391789537036,1.161634542961898,-4.322182540694799));
#6287=CARTESIAN_POINT('',(-7.380391789537032,1.075044408258763,-3.999999999999999));
#6288=CARTESIAN_POINT('',(-6.874999999999987,2.785979E-016,-4.550000000000000));
#6289=CARTESIAN_POINT('',(-7.197182540694783,2.785979E-016,-4.550000000000002));
#6290=CARTESIAN_POINT('',(-7.424999999999985,2.646486E-016,-4.322182540694797));
#6291=CARTESIAN_POINT('',(-7.424999999999987,2.449213E-016,-4.0));
#6292=CARTESIAN_POINT('',(-6.919608210462938,-1.222863014394342,-4.550000000000002));
#6293=CARTESIAN_POINT('',(-7.241790751157735,-1.222863014394342,-4.550000000000002));
#6294=CARTESIAN_POINT('',(-7.469608210462936,-1.161634542961898,-4.322182540694799));
#6295=CARTESIAN_POINT('',(-7.469608210462937,-1.075044408258762,-4.000000000000002));
#6296=CARTESIAN_POINT('',(-6.967891789537035,-2.352641124458329,-4.082030584339252));
#6297=CARTESIAN_POINT('',(-7.290074330231836,-2.352641124458329,-4.082030584339252));
#6298=CARTESIAN_POINT('',(-7.517891789537037,-2.234844921462499,-3.877644246640288));
#6299=CARTESIAN_POINT('',(-7.517891789537035,-2.068255933589741,-3.588598315902640));
#6300=CARTESIAN_POINT('',(-7.012499999999986,-3.217335854398791,-3.217335854398792));
#6301=CARTESIAN_POINT('',(-7.334682540694784,-3.217335854398791,-3.217335854398791));
#6302=CARTESIAN_POINT('',(-7.562499999999987,-3.056244584051392,-3.056244584051393));
#6303=CARTESIAN_POINT('',(-7.562499999999987,-2.828427124746189,-2.828427124746191));
#6304=CARTESIAN_POINT('',(-7.057108210462938,-4.082030584339252,-2.352641124458329));
#6305=CARTESIAN_POINT('',(-7.379290751157734,-4.082030584339252,-2.352641124458329));
#6306=CARTESIAN_POINT('',(-7.607108210462936,-3.877644246640288,-2.234844921462499));
#6307=CARTESIAN_POINT('',(-7.607108210462935,-3.588598315902640,-2.068255933589740));
#6308=CARTESIAN_POINT('',(-7.105391789537032,-4.550000000000000,-1.222863014394342));
#6309=CARTESIAN_POINT('',(-7.427574330231836,-4.550000000000002,-1.222863014394342));
#6310=CARTESIAN_POINT('',(-7.655391789537037,-4.322182540694799,-1.161634542961899));
#6311=CARTESIAN_POINT('',(-7.655391789537033,-3.999999999999999,-1.075044408258763));
#6312=CARTESIAN_POINT('',(-7.149999999999986,-4.550000000000000,-5.571959E-016));
#6313=CARTESIAN_POINT('',(-7.472182540694785,-4.550000000000002,-5.571959E-016));
#6314=CARTESIAN_POINT('',(-7.699999999999986,-4.322182540694797,-5.292972E-016));
#6315=CARTESIAN_POINT('',(-7.699999999999987,-4.0,-4.898425E-016));
#6316=CARTESIAN_POINT('',(-7.194608210462937,-4.550000000000002,1.222863014394341));
#6317=CARTESIAN_POINT('',(-7.516790751157732,-4.550000000000002,1.222863014394342));
#6318=CARTESIAN_POINT('',(-7.744608210462933,-4.322182540694799,1.161634542961898));
#6319=CARTESIAN_POINT('',(-7.744608210462937,-4.000000000000002,1.075044408258762));
#6320=CARTESIAN_POINT('',(-7.242891789537036,-4.082030584339252,2.352641124458329));
#6321=CARTESIAN_POINT('',(-7.565074330231835,-4.082030584339252,2.352641124458329));
#6322=CARTESIAN_POINT('',(-7.792891789537031,-3.877644246640288,2.234844921462499));
#6323=CARTESIAN_POINT('',(-7.792891789537036,-3.588598315902641,2.068255933589741));
#6324=CARTESIAN_POINT('',(-7.287499999999985,-3.217335854398792,3.217335854398791));
#6325=CARTESIAN_POINT('',(-7.609682540694783,-3.217335854398791,3.217335854398791));
#6326=CARTESIAN_POINT('',(-7.837499999999986,-3.056244584051393,3.056244584051392));
#6327=CARTESIAN_POINT('',(-7.837499999999986,-2.828427124746191,2.828427124746189));
#6328=CARTESIAN_POINT('',(-7.332108210462934,-2.352641124458331,4.082030584339252));
#6329=CARTESIAN_POINT('',(-7.654290751157733,-2.352641124458332,4.082030584339252));
#6330=CARTESIAN_POINT('',(-7.882108210462937,-2.234844921462501,3.877644246640286));
#6331=CARTESIAN_POINT('',(-7.882108210462935,-2.068255933589741,3.588598315902640));
#6332=CARTESIAN_POINT('',(-7.380391789537031,-1.222863014394344,4.549999999999999));
#6333=CARTESIAN_POINT('',(-7.702574330231833,-1.222863014394344,4.550000000000000));
#6334=CARTESIAN_POINT('',(-7.930391789537032,-1.161634542961901,4.322182540694799));
#6335=CARTESIAN_POINT('',(-7.930391789537032,-1.075044408258764,3.999999999999999));
#6336=CARTESIAN_POINT('',(-7.424999999999987,-8.357938E-016,4.550000000000000));
#6337=CARTESIAN_POINT('',(-7.747182540694784,-8.357938E-016,4.550000000000002));
#6338=CARTESIAN_POINT('',(-7.974999999999985,-7.939458E-016,4.322182540694797));
#6339=CARTESIAN_POINT('',(-7.974999999999984,-7.347638E-016,4.0));
#6340=CARTESIAN_POINT('',(-7.469608210462937,1.222863014394342,4.550000000000000));
#6341=CARTESIAN_POINT('',(-7.791790751157733,1.222863014394342,4.550000000000000));
#6342=CARTESIAN_POINT('',(-8.019608210462934,1.161634542961898,4.322182540694799));
#6343=CARTESIAN_POINT('',(-8.019608210462931,1.075044408258763,4.0));
#6344=CARTESIAN_POINT('',(-7.517891789537032,2.352641124458330,4.082030584339252));
#6345=CARTESIAN_POINT('',(-7.840074330231831,2.352641124458330,4.082030584339252));
#6346=CARTESIAN_POINT('',(-8.067891789537033,2.234844921462499,3.877644246640288));
#6347=CARTESIAN_POINT('',(-8.067891789537033,2.068255933589741,3.588598315902640));
#6348=CARTESIAN_POINT('',(-7.562499999999987,3.217335854398791,3.217335854398792));
#6349=CARTESIAN_POINT('',(-7.884682540694779,3.217335854398790,3.217335854398791));
#6350=CARTESIAN_POINT('',(-8.112499999999979,3.056244584051392,3.056244584051393));
#6351=CARTESIAN_POINT('',(-8.112499999999987,2.828427124746189,2.828427124746191));
#6352=CARTESIAN_POINT('',(-7.607108210462937,4.082030584339252,2.352641124458332));
#6353=CARTESIAN_POINT('',(-7.929290751157732,4.082030584339252,2.352641124458332));
#6354=CARTESIAN_POINT('',(-8.157108210462933,3.877644246640286,2.234844921462502));
#6355=CARTESIAN_POINT('',(-8.157108210462933,3.588598315902640,2.068255933589742));
#6356=CARTESIAN_POINT('',(-7.655391789537033,4.550000000000000,1.222863014394344));
#6357=CARTESIAN_POINT('',(-7.977574330231832,4.550000000000000,1.222863014394344));
#6358=CARTESIAN_POINT('',(-8.205391789537032,4.322182540694799,1.161634542961901));
#6359=CARTESIAN_POINT('',(-8.205391789537032,4.0,1.075044408258764));
#6360=CARTESIAN_POINT('',(-7.699999999999987,4.550000000000000,0.0));
#6361=CARTESIAN_POINT('',(-8.022182540694782,4.550000000000002,0.0));
#6362=CARTESIAN_POINT('',(-8.249999999999986,4.322182540694799,0.0));
#6363=CARTESIAN_POINT('',(-8.249999999999982,4.0,0.0));
#6364=CARTESIAN_POINT('',(-7.744608210462935,4.550000000000000,-1.222863014394342));
#6365=CARTESIAN_POINT('',(-8.066790751157731,4.550000000000002,-1.222863014394342));
#6366=CARTESIAN_POINT('',(-8.294608210462936,4.322182540694799,-1.161634542961898));
#6367=CARTESIAN_POINT('',(-8.294608210462929,3.999999999999999,-1.075044408258762));
#6368=CARTESIAN_POINT('',(-7.792891789537033,4.082030584339252,-2.352641124458329));
#6369=CARTESIAN_POINT('',(-8.115074330231831,4.082030584339252,-2.352641124458329));
#6370=CARTESIAN_POINT('',(-8.342891789537031,3.877644246640288,-2.234844921462499));
#6371=CARTESIAN_POINT('',(-8.342891789537031,3.588598315902640,-2.068255933589740));
#6372=CARTESIAN_POINT('',(-7.837499999999983,3.217335854398792,-3.217335854398791));
#6373=CARTESIAN_POINT('',(-8.159682540694778,3.217335854398791,-3.217335854398791));
#6374=CARTESIAN_POINT('',(-8.387499999999982,3.056244584051393,-3.056244584051392));
#6375=CARTESIAN_POINT('',(-8.387499999999980,2.828427124746191,-2.828427124746189));
#6376=CARTESIAN_POINT('',(-7.882108210462935,2.352641124458329,-4.082030584339252));
#6377=CARTESIAN_POINT('',(-8.204290751157732,2.352641124458329,-4.082030584339252));
#6378=CARTESIAN_POINT('',(-8.432108210462936,2.234844921462499,-3.877644246640288));
#6379=CARTESIAN_POINT('',(-8.432108210462932,2.068255933589740,-3.588598315902640));
#6380=CARTESIAN_POINT('',(-7.930391789537032,1.222863014394342,-4.550000000000000));
#6381=CARTESIAN_POINT('',(-8.252574330231834,1.222863014394342,-4.550000000000002));
#6382=CARTESIAN_POINT('',(-8.480391789537032,1.161634542961898,-4.322182540694799));
#6383=CARTESIAN_POINT('',(-8.480391789537030,1.075044408258763,-3.999999999999999));
#6384=CARTESIAN_POINT('',(-7.974999999999984,2.785979E-016,-4.550000000000000));
#6385=CARTESIAN_POINT('',(-8.297182540694779,2.785979E-016,-4.550000000000002));
#6386=CARTESIAN_POINT('',(-8.524999999999981,2.646486E-016,-4.322182540694797));
#6387=CARTESIAN_POINT('',(-8.524999999999988,2.449213E-016,-4.0));
#6388=CARTESIAN_POINT('',(-8.019608210462934,-1.222863014394342,-4.550000000000002));
#6389=CARTESIAN_POINT('',(-8.341790751157735,-1.222863014394342,-4.550000000000002));
#6390=CARTESIAN_POINT('',(-8.569608210462935,-1.161634542961898,-4.322182540694799));
#6391=CARTESIAN_POINT('',(-8.569608210462935,-1.075044408258762,-4.0));
#6392=CARTESIAN_POINT('',(-8.067891789537033,-2.352641124458329,-4.082030584339252));
#6393=CARTESIAN_POINT('',(-8.390074330231830,-2.352641124458329,-4.082030584339252));
#6394=CARTESIAN_POINT('',(-8.617891789537032,-2.234844921462499,-3.877644246640288));
#6395=CARTESIAN_POINT('',(-8.617891789537030,-2.068255933589740,-3.588598315902640));
#6396=CARTESIAN_POINT('',(-8.112499999999987,-3.217335854398791,-3.217335854398792));
#6397=CARTESIAN_POINT('',(-8.434682540694784,-3.217335854398791,-3.217335854398791));
#6398=CARTESIAN_POINT('',(-8.662499999999982,-3.056244584051392,-3.056244584051393));
#6399=CARTESIAN_POINT('',(-8.662499999999982,-2.828427124746189,-2.828427124746191));
#6400=CARTESIAN_POINT('',(-8.157108210462933,-4.082030584339252,-2.352641124458329));
#6401=CARTESIAN_POINT('',(-8.479290751157734,-4.082030584339252,-2.352641124458329));
#6402=CARTESIAN_POINT('',(-8.707108210462936,-3.877644246640288,-2.234844921462499));
#6403=CARTESIAN_POINT('',(-8.707108210462931,-3.588598315902640,-2.068255933589740));
#6404=CARTESIAN_POINT('',(-8.205391789537032,-4.550000000000000,-1.222863014394342));
#6405=CARTESIAN_POINT('',(-8.527574330231831,-4.550000000000002,-1.222863014394342));
#6406=CARTESIAN_POINT('',(-8.755391789537033,-4.322182540694799,-1.161634542961899));
#6407=CARTESIAN_POINT('',(-8.755391789537031,-3.999999999999999,-1.075044408258763));
#6408=CARTESIAN_POINT('',(-8.249999999999982,-4.550000000000000,-5.571959E-016));
#6409=CARTESIAN_POINT('',(-8.572182540694783,-4.550000000000002,-5.571959E-016));
#6410=CARTESIAN_POINT('',(-8.799999999999987,-4.322182540694797,-5.292972E-016));
#6411=CARTESIAN_POINT('',(-8.799999999999987,-4.0,-4.898425E-016));
#6412=CARTESIAN_POINT('',(-8.294608210462929,-4.550000000000000,1.222863014394341));
#6413=CARTESIAN_POINT('',(-8.616790751157733,-4.550000000000002,1.222863014394342));
#6414=CARTESIAN_POINT('',(-8.844608210462935,-4.322182540694799,1.161634542961898));
#6415=CARTESIAN_POINT('',(-8.844608210462932,-3.999999999999999,1.075044408258762));
#6416=CARTESIAN_POINT('',(-8.342891789537031,-4.082030584339252,2.352641124458328));
#6417=CARTESIAN_POINT('',(-8.665074330231830,-4.082030584339252,2.352641124458329));
#6418=CARTESIAN_POINT('',(-8.892891789537032,-3.877644246640288,2.234844921462499));
#6419=CARTESIAN_POINT('',(-8.892891789537030,-3.588598315902640,2.068255933589740));
#6420=CARTESIAN_POINT('',(-8.387499999999980,-3.217335854398792,3.217335854398791));
#6421=CARTESIAN_POINT('',(-8.709682540694777,-3.217335854398791,3.217335854398791));
#6422=CARTESIAN_POINT('',(-8.937499999999982,-3.056244584051393,3.056244584051392));
#6423=CARTESIAN_POINT('',(-8.937499999999982,-2.828427124746191,2.828427124746189));
#6424=CARTESIAN_POINT('',(-8.432108210462932,-2.352641124458331,4.082030584339252));
#6425=CARTESIAN_POINT('',(-8.754290751157733,-2.352641124458332,4.082030584339252));
#6426=CARTESIAN_POINT('',(-8.982108210462936,-2.234844921462501,3.877644246640286));
#6427=CARTESIAN_POINT('',(-8.982108210462931,-2.068255933589741,3.588598315902640));
#6428=CARTESIAN_POINT('',(-8.480391789537030,-1.222863014394344,4.549999999999999));
#6429=CARTESIAN_POINT('',(-8.802574330231831,-1.222863014394344,4.550000000000000));
#6430=CARTESIAN_POINT('',(-9.030391789537031,-1.161634542961901,4.322182540694799));
#6431=CARTESIAN_POINT('',(-9.030391789537031,-1.075044408258764,3.999999999999999));
#6432=CARTESIAN_POINT('',(-8.524999999999981,-8.357938E-016,4.550000000000000));
#6433=CARTESIAN_POINT('',(-8.847182540694778,-8.357938E-016,4.550000000000002));
#6434=CARTESIAN_POINT('',(-9.074999999999982,-7.939458E-016,4.322182540694797));
#6435=CARTESIAN_POINT('',(-9.074999999999982,-7.347638E-016,4.0));
#6436=CARTESIAN_POINT('',(-8.569608210462931,1.222863014394342,4.550000000000000));
#6437=CARTESIAN_POINT('',(-8.891790751157734,1.222863014394342,4.550000000000002));
#6438=CARTESIAN_POINT('',(-9.119608210462932,1.161634542961898,4.322182540694799));
#6439=CARTESIAN_POINT('',(-9.119608210462932,1.075044408258763,4.0));
#6440=CARTESIAN_POINT('',(-8.617891789537030,2.352641124458329,4.082030584339252));
#6441=CARTESIAN_POINT('',(-8.940074330231830,2.352641124458330,4.082030584339252));
#6442=CARTESIAN_POINT('',(-9.167891789537030,2.234844921462499,3.877644246640288));
#6443=CARTESIAN_POINT('',(-9.167891789537030,2.068255933589740,3.588598315902640));
#6444=CARTESIAN_POINT('',(-8.662499999999982,3.217335854398791,3.217335854398792));
#6445=CARTESIAN_POINT('',(-8.984682540694774,3.217335854398790,3.217335854398791));
#6446=CARTESIAN_POINT('',(-9.212499999999981,3.056244584051392,3.056244584051393));
#6447=CARTESIAN_POINT('',(-9.212499999999981,2.828427124746189,2.828427124746191));
#6448=CARTESIAN_POINT('',(-8.707108210462931,4.082030584339252,2.352641124458332));
#6449=CARTESIAN_POINT('',(-9.029290751157728,4.082030584339252,2.352641124458332));
#6450=CARTESIAN_POINT('',(-9.257108210462931,3.877644246640286,2.234844921462502));
#6451=CARTESIAN_POINT('',(-9.257108210462931,3.588598315902640,2.068255933589742));
#6452=CARTESIAN_POINT('',(-8.755391789537031,4.549999999999999,1.222863014394344));
#6453=CARTESIAN_POINT('',(-9.077574330231826,4.550000000000000,1.222863014394344));
#6454=CARTESIAN_POINT('',(-9.305391789537030,4.322182540694799,1.161634542961901));
#6455=CARTESIAN_POINT('',(-9.305391789537030,3.999999999999999,1.075044408258764));
#6456=CARTESIAN_POINT('',(-8.799999999999981,4.550000000000000,0.0));
#6457=CARTESIAN_POINT('',(-9.122182540694777,4.550000000000002,0.0));
#6458=CARTESIAN_POINT('',(-9.349999999999984,4.322182540694797,0.0));
#6459=CARTESIAN_POINT('',(-9.349999999999984,4.0,0.0));
#6460=CARTESIAN_POINT('',(-8.844608210462932,4.550000000000000,-1.222863014394342));
#6461=CARTESIAN_POINT('',(-9.166790751157731,4.550000000000002,-1.222863014394342));
#6462=CARTESIAN_POINT('',(-9.394608210462931,4.322182540694799,-1.161634542961898));
#6463=CARTESIAN_POINT('',(-9.394608210462931,3.999999999999999,-1.075044408258762));
#6464=CARTESIAN_POINT('',(-8.892891789537025,4.082030584339252,-2.352641124458329));
#6465=CARTESIAN_POINT('',(-9.215074330231833,4.082030584339252,-2.352641124458329));
#6466=CARTESIAN_POINT('',(-9.442891789537031,3.877644246640288,-2.234844921462499));
#6467=CARTESIAN_POINT('',(-9.442891789537031,3.588598315902640,-2.068255933589740));
#6468=CARTESIAN_POINT('',(-8.937499999999982,3.217335854398792,-3.217335854398791));
#6469=CARTESIAN_POINT('',(-9.259682540694778,3.217335854398791,-3.217335854398791));
#6470=CARTESIAN_POINT('',(-9.487499999999985,3.056244584051393,-3.056244584051392));
#6471=CARTESIAN_POINT('',(-9.487499999999985,2.828427124746191,-2.828427124746189));
#6472=CARTESIAN_POINT('',(-8.982108210462931,2.352641124458329,-4.082030584339252));
#6473=CARTESIAN_POINT('',(-9.304290751157726,2.352641124458329,-4.082030584339252));
#6474=CARTESIAN_POINT('',(-9.532108210462932,2.234844921462499,-3.877644246640288));
#6475=CARTESIAN_POINT('',(-9.532108210462932,2.068255933589741,-3.588598315902640));
#6476=CARTESIAN_POINT('',(-9.030391789537024,1.222863014394342,-4.550000000000000));
#6477=CARTESIAN_POINT('',(-9.352574330231827,1.222863014394342,-4.550000000000002));
#6478=CARTESIAN_POINT('',(-9.580391789537032,1.161634542961898,-4.322182540694799));
#6479=CARTESIAN_POINT('',(-9.580391789537030,1.075044408258763,-3.999999999999999));
#6480=CARTESIAN_POINT('',(-9.074999999999982,2.785979E-016,-4.550000000000000));
#6481=CARTESIAN_POINT('',(-9.397182540694777,2.785979E-016,-4.550000000000002));
#6482=CARTESIAN_POINT('',(-9.624999999999979,2.646486E-016,-4.322182540694797));
#6483=CARTESIAN_POINT('',(-9.624999999999982,2.449213E-016,-4.0));
#6484=CARTESIAN_POINT('',(-9.119608210462925,-1.222863014394342,-4.550000000000000));
#6485=CARTESIAN_POINT('',(-9.441790751157729,-1.222863014394342,-4.550000000000002));
#6486=CARTESIAN_POINT('',(-9.669608210462936,-1.161634542961898,-4.322182540694799));
#6487=CARTESIAN_POINT('',(-9.669608210462924,-1.075044408258762,-3.999999999999999));
#6488=CARTESIAN_POINT('',(-9.167891789537027,-2.352641124458329,-4.082030584339252));
#6489=CARTESIAN_POINT('',(-9.490074330231826,-2.352641124458329,-4.082030584339252));
#6490=CARTESIAN_POINT('',(-9.717891789537031,-2.234844921462499,-3.877644246640288));
#6491=CARTESIAN_POINT('',(-9.717891789537024,-2.068255933589740,-3.588598315902640));
#6492=CARTESIAN_POINT('',(-9.212499999999981,-3.217335854398791,-3.217335854398792));
#6493=CARTESIAN_POINT('',(-9.534682540694778,-3.217335854398791,-3.217335854398791));
#6494=CARTESIAN_POINT('',(-9.762499999999978,-3.056244584051392,-3.056244584051393));
#6495=CARTESIAN_POINT('',(-9.762499999999982,-2.828427124746189,-2.828427124746191));
#6496=CARTESIAN_POINT('',(-9.257108210462931,-4.082030584339252,-2.352641124458329));
#6497=CARTESIAN_POINT('',(-9.579290751157728,-4.082030584339252,-2.352641124458329));
#6498=CARTESIAN_POINT('',(-9.807108210462932,-3.877644246640288,-2.234844921462499));
#6499=CARTESIAN_POINT('',(-9.807108210462925,-3.588598315902640,-2.068255933589740));
#6500=CARTESIAN_POINT('',(-9.305391789537030,-4.550000000000000,-1.222863014394342));
#6501=CARTESIAN_POINT('',(-9.627574330231827,-4.550000000000002,-1.222863014394342));
#6502=CARTESIAN_POINT('',(-9.855391789537030,-4.322182540694799,-1.161634542961899));
#6503=CARTESIAN_POINT('',(-9.855391789537025,-3.999999999999999,-1.075044408258763));
#6504=CARTESIAN_POINT('',(-9.349999999999984,-4.550000000000000,-5.571959E-016));
#6505=CARTESIAN_POINT('',(-9.672182540694777,-4.550000000000002,-5.571959E-016));
#6506=CARTESIAN_POINT('',(-9.899999999999981,-4.322182540694797,-5.292972E-016));
#6507=CARTESIAN_POINT('',(-9.899999999999981,-4.0,-4.898425E-016));
#6508=CARTESIAN_POINT('',(-9.394608210462931,-4.550000000000000,1.222863014394341));
#6509=CARTESIAN_POINT('',(-9.716790751157728,-4.550000000000002,1.222863014394342));
#6510=CARTESIAN_POINT('',(-9.944608210462931,-4.322182540694799,1.161634542961898));
#6511=CARTESIAN_POINT('',(-9.944608210462926,-3.999999999999999,1.075044408258762));
#6512=CARTESIAN_POINT('',(-9.442891789537031,-4.082030584339252,2.352641124458328));
#6513=CARTESIAN_POINT('',(-9.765074330231830,-4.082030584339252,2.352641124458329));
#6514=CARTESIAN_POINT('',(-9.992891789537030,-3.877644246640288,2.234844921462499));
#6515=CARTESIAN_POINT('',(-9.992891789537024,-3.588598315902640,2.068255933589740));
#6516=CARTESIAN_POINT('',(-9.487499999999983,-3.217335854398792,3.217335854398791));
#6517=CARTESIAN_POINT('',(-9.809682540694777,-3.217335854398791,3.217335854398791));
#6518=CARTESIAN_POINT('',(-10.037499999999982,-3.056244584051393,3.056244584051392));
#6519=CARTESIAN_POINT('',(-10.037499999999982,-2.828427124746191,2.828427124746189));
#6520=CARTESIAN_POINT('',(-9.532108210462926,-2.352641124458331,4.082030584339252));
#6521=CARTESIAN_POINT('',(-9.854290751157729,-2.352641124458332,4.082030584339252));
#6522=CARTESIAN_POINT('',(-10.082108210462938,-2.234844921462501,3.877644246640286));
#6523=CARTESIAN_POINT('',(-10.082108210462930,-2.068255933589742,3.588598315902640));
#6524=CARTESIAN_POINT('',(-9.580391789537023,-1.222863014394344,4.549999999999999));
#6525=CARTESIAN_POINT('',(-9.902574330231825,-1.222863014394344,4.550000000000000));
#6526=CARTESIAN_POINT('',(-10.130391789537025,-1.161634542961901,4.322182540694799));
#6527=CARTESIAN_POINT('',(-10.130391789537024,-1.075044408258764,3.999999999999999));
#6528=CARTESIAN_POINT('',(-9.624999999999979,-8.357938E-016,4.550000000000000));
#6529=CARTESIAN_POINT('',(-9.947182540694778,-8.357938E-016,4.550000000000002));
#6530=CARTESIAN_POINT('',(-10.174999999999981,-7.939458E-016,4.322182540694797));
#6531=CARTESIAN_POINT('',(-10.174999999999981,-7.347638E-016,4.0));
#6532=CARTESIAN_POINT('',(-9.669608210462924,1.222863014394342,4.549999999999999));
#6533=CARTESIAN_POINT('',(-9.991790751157726,1.222863014394342,4.550000000000000));
#6534=CARTESIAN_POINT('',(-10.219608210462932,1.161634542961898,4.322182540694799));
#6535=CARTESIAN_POINT('',(-10.219608210462926,1.075044408258763,3.999999999999999));
#6536=CARTESIAN_POINT('',(-9.717891789537024,2.352641124458329,4.082030584339252));
#6537=CARTESIAN_POINT('',(-10.040074330231828,2.352641124458330,4.082030584339252));
#6538=CARTESIAN_POINT('',(-10.267891789537028,2.234844921462499,3.877644246640288));
#6539=CARTESIAN_POINT('',(-10.267891789537025,2.068255933589740,3.588598315902640));
#6540=CARTESIAN_POINT('',(-9.762499999999982,3.217335854398791,3.217335854398792));
#6541=CARTESIAN_POINT('',(-10.084682540694779,3.217335854398790,3.217335854398791));
#6542=CARTESIAN_POINT('',(-10.312499999999975,3.056244584051392,3.056244584051393));
#6543=CARTESIAN_POINT('',(-10.312499999999982,2.828427124746189,2.828427124746191));
#6544=CARTESIAN_POINT('',(-9.807108210462925,4.082030584339252,2.352641124458332));
#6545=CARTESIAN_POINT('',(-10.129290751157727,4.082030584339252,2.352641124458332));
#6546=CARTESIAN_POINT('',(-10.357108210462931,3.877644246640286,2.234844921462502));
#6547=CARTESIAN_POINT('',(-10.357108210462927,3.588598315902640,2.068255933589742));
#6548=CARTESIAN_POINT('',(-9.855391789537025,4.549999999999999,1.222863014394344));
#6549=CARTESIAN_POINT('',(-10.177574330231828,4.550000000000000,1.222863014394344));
#6550=CARTESIAN_POINT('',(-10.405391789537024,4.322182540694799,1.161634542961901));
#6551=CARTESIAN_POINT('',(-10.405391789537024,3.999999999999999,1.075044408258764));
#6552=CARTESIAN_POINT('',(-9.899999999999981,4.550000000000000,0.0));
#6553=CARTESIAN_POINT('',(-10.222182540694771,4.550000000000002,0.0));
#6554=CARTESIAN_POINT('',(-10.449999999999978,4.322182540694797,0.0));
#6555=CARTESIAN_POINT('',(-10.449999999999974,4.0,0.0));
#6556=CARTESIAN_POINT('',(-9.944608210462931,4.550000000000002,-1.222863014394342));
#6557=CARTESIAN_POINT('',(-10.266790751157727,4.550000000000002,-1.222863014394342));
#6558=CARTESIAN_POINT('',(-10.494608210462928,4.322182540694799,-1.161634542961898));
#6559=CARTESIAN_POINT('',(-10.494608210462930,4.0,-1.075044408258762));
#6560=CARTESIAN_POINT('',(-9.992891789537023,4.082030584339252,-2.352641124458329));
#6561=CARTESIAN_POINT('',(-10.315074330231829,4.082030584339252,-2.352641124458329));
#6562=CARTESIAN_POINT('',(-10.542891789537027,3.877644246640288,-2.234844921462499));
#6563=CARTESIAN_POINT('',(-10.542891789537025,3.588598315902640,-2.068255933589740));
#6564=CARTESIAN_POINT('',(-10.037499999999980,3.217335854398792,-3.217335854398791));
#6565=CARTESIAN_POINT('',(-10.359682540694772,3.217335854398791,-3.217335854398791));
#6566=CARTESIAN_POINT('',(-10.587499999999981,3.056244584051393,-3.056244584051392));
#6567=CARTESIAN_POINT('',(-10.587499999999981,2.828427124746191,-2.828427124746189));
#6568=CARTESIAN_POINT('',(-10.082108210462927,2.352641124458329,-4.082030584339252));
#6569=CARTESIAN_POINT('',(-10.404290751157728,2.352641124458329,-4.082030584339252));
#6570=CARTESIAN_POINT('',(-10.632108210462928,2.234844921462499,-3.877644246640288));
#6571=CARTESIAN_POINT('',(-10.632108210462928,2.068255933589740,-3.588598315902640));
#6572=CARTESIAN_POINT('',(-10.130391789537024,1.222863014394342,-4.550000000000000));
#6573=CARTESIAN_POINT('',(-10.452574330231830,1.222863014394342,-4.550000000000002));
#6574=CARTESIAN_POINT('',(-10.680391789537026,1.161634542961898,-4.322182540694799));
#6575=CARTESIAN_POINT('',(-10.680391789537023,1.075044408258763,-3.999999999999999));
#6576=CARTESIAN_POINT('',(-10.174999999999981,2.785979E-016,-4.550000000000000));
#6577=CARTESIAN_POINT('',(-10.497182540694780,2.785979E-016,-4.550000000000002));
#6578=CARTESIAN_POINT('',(-10.724999999999978,2.646486E-016,-4.322182540694797));
#6579=CARTESIAN_POINT('',(-10.724999999999982,2.449213E-016,-4.0));
#6580=CARTESIAN_POINT('',(-10.219608210462926,-1.222863014394342,-4.550000000000000));
#6581=CARTESIAN_POINT('',(-10.541790751157729,-1.222863014394342,-4.550000000000002));
#6582=CARTESIAN_POINT('',(-10.769608210462936,-1.161634542961898,-4.322182540694799));
#6583=CARTESIAN_POINT('',(-10.769608210462927,-1.075044408258762,-3.999999999999999));
#6584=CARTESIAN_POINT('',(-10.267891789537023,-2.352641124458329,-4.082030584339252));
#6585=CARTESIAN_POINT('',(-10.590074330231827,-2.352641124458329,-4.082030584339252));
#6586=CARTESIAN_POINT('',(-10.817891789537027,-2.234844921462499,-3.877644246640288));
#6587=CARTESIAN_POINT('',(-10.817891789537025,-2.068255933589740,-3.588598315902640));
#6588=CARTESIAN_POINT('',(-10.312499999999982,-3.217335854398791,-3.217335854398792));
#6589=CARTESIAN_POINT('',(-10.634682540694772,-3.217335854398791,-3.217335854398791));
#6590=CARTESIAN_POINT('',(-10.862499999999978,-3.056244584051392,-3.056244584051393));
#6591=CARTESIAN_POINT('',(-10.862499999999978,-2.828427124746189,-2.828427124746191));
#6592=CARTESIAN_POINT('',(-10.357108210462927,-4.082030584339252,-2.352641124458329));
#6593=CARTESIAN_POINT('',(-10.679290751157728,-4.082030584339252,-2.352641124458329));
#6594=CARTESIAN_POINT('',(-10.907108210462926,-3.877644246640288,-2.234844921462499));
#6595=CARTESIAN_POINT('',(-10.907108210462926,-3.588598315902640,-2.068255933589740));
#6596=CARTESIAN_POINT('',(-10.405391789537024,-4.550000000000000,-1.222863014394342));
#6597=CARTESIAN_POINT('',(-10.727574330231826,-4.550000000000002,-1.222863014394342));
#6598=CARTESIAN_POINT('',(-10.955391789537028,-4.322182540694799,-1.161634542961899));
#6599=CARTESIAN_POINT('',(-10.955391789537025,-3.999999999999999,-1.075044408258763));
#6600=CARTESIAN_POINT('',(-10.449999999999974,-4.550000000000000,-5.571959E-016));
#6601=CARTESIAN_POINT('',(-10.772182540694782,-4.550000000000002,-5.571959E-016));
#6602=CARTESIAN_POINT('',(-10.999999999999982,-4.322182540694797,-5.292972E-016));
#6603=CARTESIAN_POINT('',(-10.999999999999977,-4.0,-4.898425E-016));
#6604=CARTESIAN_POINT('',(-10.494608210462928,-4.550000000000002,1.222863014394341));
#6605=CARTESIAN_POINT('',(-10.816790751157725,-4.550000000000002,1.222863014394342));
#6606=CARTESIAN_POINT('',(-11.044608210462927,-4.322182540694799,1.161634542961898));
#6607=CARTESIAN_POINT('',(-11.044608210462927,-4.0,1.075044408258762));
#6608=CARTESIAN_POINT('',(-10.542891789537023,-4.082030584339252,2.352641124458328));
#6609=CARTESIAN_POINT('',(-10.865074330231826,-4.082030584339252,2.352641124458329));
#6610=CARTESIAN_POINT('',(-11.092891789537024,-3.877644246640288,2.234844921462499));
#6611=CARTESIAN_POINT('',(-11.092891789537024,-3.588598315902640,2.068255933589740));
#6612=CARTESIAN_POINT('',(-10.587499999999979,-3.217335854398792,3.217335854398791));
#6613=CARTESIAN_POINT('',(-10.909682540694771,-3.217335854398791,3.217335854398791));
#6614=CARTESIAN_POINT('',(-11.137499999999978,-3.056244584051393,3.056244584051392));
#6615=CARTESIAN_POINT('',(-11.137499999999978,-2.828427124746191,2.828427124746189));
#6616=CARTESIAN_POINT('',(-10.632108210462928,-2.352641124458331,4.082030584339252));
#6617=CARTESIAN_POINT('',(-10.954290751157727,-2.352641124458332,4.082030584339252));
#6618=CARTESIAN_POINT('',(-11.182108210462932,-2.234844921462501,3.877644246640286));
#6619=CARTESIAN_POINT('',(-11.182108210462927,-2.068255933589741,3.588598315902640));
#6620=CARTESIAN_POINT('',(-10.680391789537023,-1.222863014394344,4.549999999999999));
#6621=CARTESIAN_POINT('',(-11.002574330231827,-1.222863014394344,4.550000000000000));
#6622=CARTESIAN_POINT('',(-11.230391789537023,-1.161634542961901,4.322182540694799));
#6623=CARTESIAN_POINT('',(-11.230391789537027,-1.075044408258764,3.999999999999999));
#6624=CARTESIAN_POINT('',(-10.724999999999978,-8.357938E-016,4.550000000000000));
#6625=CARTESIAN_POINT('',(-11.047182540694775,-8.357938E-016,4.550000000000002));
#6626=CARTESIAN_POINT('',(-11.274999999999977,-7.939458E-016,4.322182540694797));
#6627=CARTESIAN_POINT('',(-11.274999999999977,-7.347638E-016,4.0));
#6628=CARTESIAN_POINT('',(-10.769608210462927,1.222863014394342,4.549999999999999));
#6629=CARTESIAN_POINT('',(-11.091790751157728,1.222863014394342,4.550000000000000));
#6630=CARTESIAN_POINT('',(-11.319608210462928,1.161634542961898,4.322182540694799));
#6631=CARTESIAN_POINT('',(-11.319608210462924,1.075044408258763,3.999999999999999));
#6632=CARTESIAN_POINT('',(-10.817891789537024,2.352641124458329,4.082030584339252));
#6633=CARTESIAN_POINT('',(-11.140074330231821,2.352641124458330,4.082030584339252));
#6634=CARTESIAN_POINT('',(-11.367891789537026,2.234844921462499,3.877644246640288));
#6635=CARTESIAN_POINT('',(-11.367891789537023,2.068255933589740,3.588598315902640));
#6636=CARTESIAN_POINT('',(-10.862499999999978,3.217335854398791,3.217335854398792));
#6637=CARTESIAN_POINT('',(-11.184682540694773,3.217335854398790,3.217335854398791));
#6638=CARTESIAN_POINT('',(-11.412499999999975,3.056244584051392,3.056244584051393));
#6639=CARTESIAN_POINT('',(-11.412499999999977,2.828427124746189,2.828427124746191));
#6640=CARTESIAN_POINT('',(-10.907108210462926,4.082030584339252,2.352641124458332));
#6641=CARTESIAN_POINT('',(-11.229290751157725,4.082030584339252,2.352641124458332));
#6642=CARTESIAN_POINT('',(-11.457108210462927,3.877644246640286,2.234844921462502));
#6643=CARTESIAN_POINT('',(-11.457108210462923,3.588598315902640,2.068255933589742));
#6644=CARTESIAN_POINT('',(-10.955391789537023,4.549999999999999,1.222863014394344));
#6645=CARTESIAN_POINT('',(-11.277574330231824,4.550000000000000,1.222863014394344));
#6646=CARTESIAN_POINT('',(-11.505391789537025,4.322182540694799,1.161634542961901));
#6647=CARTESIAN_POINT('',(-11.505391789537025,3.999999999999999,1.075044408258764));
#6648=CARTESIAN_POINT('',(-10.999999999999977,4.550000000000000,0.0));
#6649=CARTESIAN_POINT('',(-11.322182540694772,4.550000000000002,0.0));
#6650=CARTESIAN_POINT('',(-11.549999999999979,4.322182540694797,0.0));
#6651=CARTESIAN_POINT('',(-11.549999999999978,4.0,0.0));
#6652=CARTESIAN_POINT('',(-11.044608210462927,4.550000000000002,-1.222863014394342));
#6653=CARTESIAN_POINT('',(-11.366790751157726,4.550000000000002,-1.222863014394342));
#6654=CARTESIAN_POINT('',(-11.594608210462926,4.322182540694799,-1.161634542961898));
#6655=CARTESIAN_POINT('',(-11.594608210462926,4.0,-1.075044408258762));
#6656=CARTESIAN_POINT('',(-11.092891789537024,4.082030584339252,-2.352641124458329));
#6657=CARTESIAN_POINT('',(-11.415074330231826,4.082030584339252,-2.352641124458329));
#6658=CARTESIAN_POINT('',(-11.642891789537025,3.877644246640288,-2.234844921462499));
#6659=CARTESIAN_POINT('',(-11.642891789537025,3.588598315902640,-2.068255933589740));
#6660=CARTESIAN_POINT('',(-11.137499999999978,3.217335854398792,-3.217335854398791));
#6661=CARTESIAN_POINT('',(-11.459682540694780,3.217335854398791,-3.217335854398791));
#6662=CARTESIAN_POINT('',(-11.687499999999982,3.056244584051393,-3.056244584051392));
#6663=CARTESIAN_POINT('',(-11.687499999999977,2.828427124746191,-2.828427124746189));
#6664=CARTESIAN_POINT('',(-11.182108210462925,2.352641124458329,-4.082030584339252));
#6665=CARTESIAN_POINT('',(-11.504290751157725,2.352641124458329,-4.082030584339252));
#6666=CARTESIAN_POINT('',(-11.732108210462927,2.234844921462499,-3.877644246640288));
#6667=CARTESIAN_POINT('',(-11.732108210462929,2.068255933589740,-3.588598315902640));
#6668=CARTESIAN_POINT('',(-11.230391789537023,1.222863014394342,-4.550000000000000));
#6669=CARTESIAN_POINT('',(-11.552574330231826,1.222863014394342,-4.550000000000002));
#6670=CARTESIAN_POINT('',(-11.780391789537024,1.161634542961898,-4.322182540694799));
#6671=CARTESIAN_POINT('',(-11.780391789537020,1.075044408258763,-3.999999999999999));
#6672=CARTESIAN_POINT('',(-11.274999999999975,2.785979E-016,-4.550000000000000));
#6673=CARTESIAN_POINT('',(-11.597182540694771,2.785979E-016,-4.550000000000002));
#6674=CARTESIAN_POINT('',(-11.824999999999978,2.646486E-016,-4.322182540694797));
#6675=CARTESIAN_POINT('',(-11.824999999999978,2.449213E-016,-4.0));
#6676=CARTESIAN_POINT('',(-11.319608210462924,-1.222863014394342,-4.550000000000000));
#6677=CARTESIAN_POINT('',(-11.641790751157728,-1.222863014394342,-4.550000000000002));
#6678=CARTESIAN_POINT('',(-11.869608210462930,-1.161634542961898,-4.322182540694799));
#6679=CARTESIAN_POINT('',(-11.869608210462923,-1.075044408258762,-3.999999999999999));
#6680=CARTESIAN_POINT('',(-11.367891789537023,-2.352641124458329,-4.082030584339252));
#6681=CARTESIAN_POINT('',(-11.690074330231825,-2.352641124458329,-4.082030584339252));
#6682=CARTESIAN_POINT('',(-11.917891789537025,-2.234844921462499,-3.877644246640288));
#6683=CARTESIAN_POINT('',(-11.917891789537023,-2.068255933589740,-3.588598315902640));
#6684=CARTESIAN_POINT('',(-11.412499999999977,-3.217335854398791,-3.217335854398792));
#6685=CARTESIAN_POINT('',(-11.734682540694772,-3.217335854398791,-3.217335854398791));
#6686=CARTESIAN_POINT('',(-11.962499999999981,-3.056244584051392,-3.056244584051393));
#6687=CARTESIAN_POINT('',(-11.962499999999977,-2.828427124746189,-2.828427124746191));
#6688=CARTESIAN_POINT('',(-11.457108210462927,-4.082030584339252,-2.352641124458329));
#6689=CARTESIAN_POINT('',(-11.779290751157728,-4.082030584339252,-2.352641124458329));
#6690=CARTESIAN_POINT('',(-12.007108210462931,-3.877644246640288,-2.234844921462499));
#6691=CARTESIAN_POINT('',(-12.007108210462929,-3.588598315902640,-2.068255933589741));
#6692=CARTESIAN_POINT('',(-11.505391789537025,-4.550000000000000,-1.222863014394342));
#6693=CARTESIAN_POINT('',(-11.827574330231823,-4.550000000000002,-1.222863014394342));
#6694=CARTESIAN_POINT('',(-12.055391789537024,-4.322182540694799,-1.161634542961899));
#6695=CARTESIAN_POINT('',(-12.055391789537024,-3.999999999999999,-1.075044408258763));
#6696=CARTESIAN_POINT('',(-11.549999999999974,-4.550000000000000,-5.571959E-016));
#6697=CARTESIAN_POINT('',(-11.872182540694769,-4.550000000000002,-5.571959E-016));
#6698=CARTESIAN_POINT('',(-12.099999999999973,-4.322182540694797,-5.292972E-016));
#6699=CARTESIAN_POINT('',(-12.099999999999977,-4.0,-4.898425E-016));
#6700=CARTESIAN_POINT('',(-11.594608210462923,-4.550000000000000,1.222863014394341));
#6701=CARTESIAN_POINT('',(-11.916790751157722,-4.550000000000002,1.222863014394342));
#6702=CARTESIAN_POINT('',(-12.144608210462923,-4.322182540694799,1.161634542961898));
#6703=CARTESIAN_POINT('',(-12.144608210462923,-3.999999999999999,1.075044408258762));
#6704=CARTESIAN_POINT('',(-11.642891789537021,-4.082030584339252,2.352641124458328));
#6705=CARTESIAN_POINT('',(-11.965074330231825,-4.082030584339252,2.352641124458329));
#6706=CARTESIAN_POINT('',(-12.192891789537025,-3.877644246640288,2.234844921462499));
#6707=CARTESIAN_POINT('',(-12.192891789537024,-3.588598315902640,2.068255933589740));
#6708=CARTESIAN_POINT('',(-11.687499999999977,-3.217335854398792,3.217335854398791));
#6709=CARTESIAN_POINT('',(-12.009682540694770,-3.217335854398791,3.217335854398791));
#6710=CARTESIAN_POINT('',(-12.237499999999979,-3.056244584051393,3.056244584051392));
#6711=CARTESIAN_POINT('',(-12.237499999999974,-2.828427124746191,2.828427124746189));
#6712=CARTESIAN_POINT('',(-11.732108210462922,-2.352641124458331,4.082030584339252));
#6713=CARTESIAN_POINT('',(-12.054290751157728,-2.352641124458332,4.082030584339252));
#6714=CARTESIAN_POINT('',(-12.282108210462928,-2.234844921462501,3.877644246640286));
#6715=CARTESIAN_POINT('',(-12.282108210462923,-2.068255933589741,3.588598315902640));
#6716=CARTESIAN_POINT('',(-11.780391789537020,-1.222863014394344,4.549999999999999));
#6717=CARTESIAN_POINT('',(-12.102574330231823,-1.222863014394344,4.550000000000000));
#6718=CARTESIAN_POINT('',(-12.330391789537023,-1.161634542961901,4.322182540694799));
#6719=CARTESIAN_POINT('',(-12.330391789537023,-1.075044408258764,3.999999999999999));
#6720=CARTESIAN_POINT('',(-11.824999999999974,-8.357938E-016,4.550000000000000));
#6721=CARTESIAN_POINT('',(-12.147182540694772,-8.357938E-016,4.550000000000002));
#6722=CARTESIAN_POINT('',(-12.374999999999973,-7.939458E-016,4.322182540694797));
#6723=CARTESIAN_POINT('',(-12.374999999999973,-7.347638E-016,4.0));
#6724=CARTESIAN_POINT('',(-11.869608210462923,1.222863014394342,4.549999999999999));
#6725=CARTESIAN_POINT('',(-12.191790751157727,1.222863014394342,4.550000000000000));
#6726=CARTESIAN_POINT('',(-12.419608210462926,1.161634542961898,4.322182540694799));
#6727=CARTESIAN_POINT('',(-12.419608210462922,1.075044408258763,3.999999999999999));
#6728=CARTESIAN_POINT('',(-11.917891789537023,2.352641124458329,4.082030584339252));
#6729=CARTESIAN_POINT('',(-12.240074330231828,2.352641124458330,4.082030584339252));
#6730=CARTESIAN_POINT('',(-12.467891789537024,2.234844921462499,3.877644246640288));
#6731=CARTESIAN_POINT('',(-12.467891789537022,2.068255933589740,3.588598315902640));
#6732=CARTESIAN_POINT('',(-11.962499999999977,3.217335854398791,3.217335854398792));
#6733=CARTESIAN_POINT('',(-12.284682540694774,3.217335854398790,3.217335854398791));
#6734=CARTESIAN_POINT('',(-12.512499999999974,3.056244584051392,3.056244584051393));
#6735=CARTESIAN_POINT('',(-12.512499999999974,2.828427124746189,2.828427124746191));
#6736=CARTESIAN_POINT('',(-12.007108210462929,4.082030584339252,2.352641124458332));
#6737=CARTESIAN_POINT('',(-12.329290751157718,4.082030584339252,2.352641124458332));
#6738=CARTESIAN_POINT('',(-12.557108210462928,3.877644246640286,2.234844921462502));
#6739=CARTESIAN_POINT('',(-12.557108210462925,3.588598315902640,2.068255933589742));
#6740=CARTESIAN_POINT('',(-12.055391789537024,4.549999999999999,1.222863014394344));
#6741=CARTESIAN_POINT('',(-12.377574330231823,4.550000000000000,1.222863014394344));
#6742=CARTESIAN_POINT('',(-12.605391789537023,4.322182540694799,1.161634542961901));
#6743=CARTESIAN_POINT('',(-12.605391789537023,3.999999999999999,1.075044408258764));
#6744=CARTESIAN_POINT('',(-12.099999999999977,4.550000000000000,0.0));
#6745=CARTESIAN_POINT('',(-12.422182540694775,4.550000000000002,0.0));
#6746=CARTESIAN_POINT('',(-12.649999999999979,4.322182540694797,0.0));
#6747=CARTESIAN_POINT('',(-12.649999999999979,4.0,0.0));
#6748=CARTESIAN_POINT('',(-12.144608210462923,4.550000000000000,-1.222863014394342));
#6749=CARTESIAN_POINT('',(-12.466790751157721,4.550000000000002,-1.222863014394342));
#6750=CARTESIAN_POINT('',(-12.694608210462926,4.322182540694799,-1.161634542961898));
#6751=CARTESIAN_POINT('',(-12.694608210462928,3.999999999999999,-1.075044408258762));
#6752=CARTESIAN_POINT('',(-12.192891789537022,4.082030584339252,-2.352641124458329));
#6753=CARTESIAN_POINT('',(-12.515074330231823,4.082030584339252,-2.352641124458329));
#6754=CARTESIAN_POINT('',(-12.742891789537024,3.877644246640288,-2.234844921462499));
#6755=CARTESIAN_POINT('',(-12.742891789537023,3.588598315902640,-2.068255933589740));
#6756=CARTESIAN_POINT('',(-12.237499999999974,3.217335854398792,-3.217335854398791));
#6757=CARTESIAN_POINT('',(-12.559682540694773,3.217335854398791,-3.217335854398791));
#6758=CARTESIAN_POINT('',(-12.787499999999975,3.056244584051393,-3.056244584051392));
#6759=CARTESIAN_POINT('',(-12.787499999999978,2.828427124746191,-2.828427124746189));
#6760=CARTESIAN_POINT('',(-12.282108210462921,2.352641124458329,-4.082030584339252));
#6761=CARTESIAN_POINT('',(-12.604290751157725,2.352641124458329,-4.082030584339252));
#6762=CARTESIAN_POINT('',(-12.832108210462929,2.234844921462499,-3.877644246640288));
#6763=CARTESIAN_POINT('',(-12.832108210462925,2.068255933589740,-3.588598315902640));
#6764=CARTESIAN_POINT('',(-12.330391789537023,1.222863014394342,-4.550000000000000));
#6765=CARTESIAN_POINT('',(-12.652574330231825,1.222863014394342,-4.550000000000002));
#6766=CARTESIAN_POINT('',(-12.880391789537025,1.161634542961898,-4.322182540694799));
#6767=CARTESIAN_POINT('',(-12.880391789537025,1.075044408258763,-3.999999999999999));
#6768=CARTESIAN_POINT('',(-12.374999999999973,2.785979E-016,-4.550000000000000));
#6769=CARTESIAN_POINT('',(-12.697182540694769,2.785979E-016,-4.550000000000002));
#6770=CARTESIAN_POINT('',(-12.924999999999972,2.646486E-016,-4.322182540694797));
#6771=CARTESIAN_POINT('',(-12.924999999999972,2.449213E-016,-4.0));
#6772=CARTESIAN_POINT('',(-12.419608210462929,-1.222863014394342,-4.550000000000002));
#6773=CARTESIAN_POINT('',(-12.741790751157726,-1.222863014394342,-4.550000000000002));
#6774=CARTESIAN_POINT('',(-12.969608210462926,-1.161634542961898,-4.322182540694799));
#6775=CARTESIAN_POINT('',(-12.969608210462924,-1.075044408258762,-4.0));
#6776=CARTESIAN_POINT('',(-12.467891789537022,-2.352641124458329,-4.082030584339252));
#6777=CARTESIAN_POINT('',(-12.790074330231825,-2.352641124458329,-4.082030584339252));
#6778=CARTESIAN_POINT('',(-13.017891789537025,-2.234844921462499,-3.877644246640288));
#6779=CARTESIAN_POINT('',(-13.017891789537021,-2.068255933589740,-3.588598315902640));
#6780=CARTESIAN_POINT('',(-12.512499999999973,-3.217335854398791,-3.217335854398792));
#6781=CARTESIAN_POINT('',(-12.834682540694768,-3.217335854398791,-3.217335854398791));
#6782=CARTESIAN_POINT('',(-13.062499999999968,-3.056244584051392,-3.056244584051393));
#6783=CARTESIAN_POINT('',(-13.062499999999972,-2.828427124746189,-2.828427124746191));
#6784=CARTESIAN_POINT('',(-12.557108210462919,-4.082030584339252,-2.352641124458329));
#6785=CARTESIAN_POINT('',(-12.879290751157722,-4.082030584339252,-2.352641124458329));
#6786=CARTESIAN_POINT('',(-13.107108210462929,-3.877644246640288,-2.234844921462499));
#6787=CARTESIAN_POINT('',(-13.107108210462922,-3.588598315902640,-2.068255933589740));
#6788=CARTESIAN_POINT('',(-12.605391789537022,-4.550000000000000,-1.222863014394342));
#6789=CARTESIAN_POINT('',(-12.927574330231826,-4.550000000000002,-1.222863014394342));
#6790=CARTESIAN_POINT('',(-13.155391789537020,-4.322182540694799,-1.161634542961899));
#6791=CARTESIAN_POINT('',(-13.155391789537020,-3.999999999999999,-1.075044408258763));
#6792=CARTESIAN_POINT('',(-12.649999999999974,-4.550000000000000,-5.571959E-016));
#6793=CARTESIAN_POINT('',(-12.972182540694773,-4.550000000000002,-5.571959E-016));
#6794=CARTESIAN_POINT('',(-13.199999999999971,-4.322182540694797,-5.292972E-016));
#6795=CARTESIAN_POINT('',(-13.199999999999971,-4.0,-4.898425E-016));
#6796=CARTESIAN_POINT('',(-12.694608210462922,-4.550000000000000,1.222863014394341));
#6797=CARTESIAN_POINT('',(-13.016790751157725,-4.550000000000002,1.222863014394342));
#6798=CARTESIAN_POINT('',(-13.244608210462932,-4.322182540694799,1.161634542961898));
#6799=CARTESIAN_POINT('',(-13.244608210462921,-3.999999999999999,1.075044408258762));
#6800=CARTESIAN_POINT('',(-12.742891789537021,-4.082030584339252,2.352641124458328));
#6801=CARTESIAN_POINT('',(-13.065074330231825,-4.082030584339252,2.352641124458329));
#6802=CARTESIAN_POINT('',(-13.292891789537018,-3.877644246640288,2.234844921462499));
#6803=CARTESIAN_POINT('',(-13.292891789537020,-3.588598315902640,2.068255933589740));
#6804=CARTESIAN_POINT('',(-12.787499999999973,-3.217335854398792,3.217335854398791));
#6805=CARTESIAN_POINT('',(-13.109682540694774,-3.217335854398791,3.217335854398791));
#6806=CARTESIAN_POINT('',(-13.337499999999975,-3.056244584051393,3.056244584051392));
#6807=CARTESIAN_POINT('',(-13.337499999999968,-2.828427124746191,2.828427124746189));
#6808=CARTESIAN_POINT('',(-12.832108210462925,-2.352641124458331,4.082030584339252));
#6809=CARTESIAN_POINT('',(-13.154290751157722,-2.352641124458332,4.082030584339252));
#6810=CARTESIAN_POINT('',(-13.382108210462928,-2.234844921462501,3.877644246640286));
#6811=CARTESIAN_POINT('',(-13.382108210462922,-2.068255933589741,3.588598315902640));
#6812=CARTESIAN_POINT('',(-12.880391789537020,-1.222863014394344,4.549999999999999));
#6813=CARTESIAN_POINT('',(-13.202574330231824,-1.222863014394344,4.550000000000000));
#6814=CARTESIAN_POINT('',(-13.430391789537030,-1.161634542961901,4.322182540694799));
#6815=CARTESIAN_POINT('',(-13.430391789537023,-1.075044408258764,3.999999999999999));
#6816=CARTESIAN_POINT('',(-12.924999999999972,-8.357938E-016,4.550000000000000));
#6817=CARTESIAN_POINT('',(-13.247182540694771,-8.357938E-016,4.550000000000002));
#6818=CARTESIAN_POINT('',(-13.474999999999969,-7.939458E-016,4.322182540694797));
#6819=CARTESIAN_POINT('',(-13.474999999999975,-7.347638E-016,4.0));
#6820=CARTESIAN_POINT('',(-12.969608210462924,1.222863014394342,4.550000000000000));
#6821=CARTESIAN_POINT('',(-13.291790751157727,1.222863014394342,4.550000000000002));
#6822=CARTESIAN_POINT('',(-13.519608210462932,1.161634542961898,4.322182540694799));
#6823=CARTESIAN_POINT('',(-13.519608210462923,1.075044408258763,4.0));
#6824=CARTESIAN_POINT('',(-13.017891789537021,2.352641124458329,4.082030584339252));
#6825=CARTESIAN_POINT('',(-13.340074330231818,2.352641124458330,4.082030584339252));
#6826=CARTESIAN_POINT('',(-13.567891789537018,2.234844921462499,3.877644246640288));
#6827=CARTESIAN_POINT('',(-13.567891789537022,2.068255933589740,3.588598315902640));
#6828=CARTESIAN_POINT('',(-13.062499999999972,3.217335854398791,3.217335854398792));
#6829=CARTESIAN_POINT('',(-13.384682540694763,3.217335854398790,3.217335854398791));
#6830=CARTESIAN_POINT('',(-13.612499999999972,3.056244584051392,3.056244584051393));
#6831=CARTESIAN_POINT('',(-13.612499999999974,2.828427124746189,2.828427124746191));
#6832=CARTESIAN_POINT('',(-13.107108210462922,4.082030584339252,2.352641124458332));
#6833=CARTESIAN_POINT('',(-13.429290751157728,4.082030584339252,2.352641124458332));
#6834=CARTESIAN_POINT('',(-13.657108210462923,3.877644246640286,2.234844921462502));
#6835=CARTESIAN_POINT('',(-13.657108210462923,3.588598315902640,2.068255933589742));
#6836=CARTESIAN_POINT('',(-13.155391789537020,4.549999999999999,1.222863014394344));
#6837=CARTESIAN_POINT('',(-13.477574330231825,4.550000000000000,1.222863014394344));
#6838=CARTESIAN_POINT('',(-13.705391789537023,4.322182540694799,1.161634542961901));
#6839=CARTESIAN_POINT('',(-13.705391789537023,3.999999999999999,1.075044408258764));
#6840=CARTESIAN_POINT('',(-13.199999999999971,4.550000000000000,0.0));
#6841=CARTESIAN_POINT('',(-13.522182540694772,4.550000000000002,0.0));
#6842=CARTESIAN_POINT('',(-13.749999999999975,4.322182540694797,0.0));
#6843=CARTESIAN_POINT('',(-13.749999999999973,4.0,0.0));
#6844=CARTESIAN_POINT('',(-13.244608210462921,4.550000000000000,-1.222863014394342));
#6845=CARTESIAN_POINT('',(-13.566790751157720,4.550000000000002,-1.222863014394342));
#6846=CARTESIAN_POINT('',(-13.794608210462931,4.322182540694799,-1.161634542961898));
#6847=CARTESIAN_POINT('',(-13.794608210462922,3.999999999999999,-1.075044408258762));
#6848=CARTESIAN_POINT('',(-13.292891789537020,4.082030584339252,-2.352641124458329));
#6849=CARTESIAN_POINT('',(-13.615074330231824,4.082030584339252,-2.352641124458329));
#6850=CARTESIAN_POINT('',(-13.842891789537019,3.877644246640288,-2.234844921462499));
#6851=CARTESIAN_POINT('',(-13.842891789537022,3.588598315902640,-2.068255933589740));
#6852=CARTESIAN_POINT('',(-13.337499999999968,3.217335854398792,-3.217335854398791));
#6853=CARTESIAN_POINT('',(-13.659682540694773,3.217335854398791,-3.217335854398791));
#6854=CARTESIAN_POINT('',(-13.887499999999974,3.056244584051393,-3.056244584051392));
#6855=CARTESIAN_POINT('',(-13.887499999999974,2.828427124746191,-2.828427124746189));
#6856=CARTESIAN_POINT('',(-13.382108210462924,2.352641124458329,-4.082030584339252));
#6857=CARTESIAN_POINT('',(-13.704290751157719,2.352641124458329,-4.082030584339252));
#6858=CARTESIAN_POINT('',(-13.932108210462923,2.234844921462499,-3.877644246640288));
#6859=CARTESIAN_POINT('',(-13.932108210462923,2.068255933589741,-3.588598315902640));
#6860=CARTESIAN_POINT('',(-13.430391789537023,1.222863014394342,-4.550000000000000));
#6861=CARTESIAN_POINT('',(-13.752574330231822,1.222863014394342,-4.550000000000002));
#6862=CARTESIAN_POINT('',(-13.980391789537022,1.161634542961898,-4.322182540694799));
#6863=CARTESIAN_POINT('',(-13.980391789537023,1.075044408258763,-3.999999999999999));
#6864=CARTESIAN_POINT('',(-13.474999999999973,2.785979E-016,-4.550000000000000));
#6865=CARTESIAN_POINT('',(-13.797182540694772,2.785979E-016,-4.550000000000002));
#6866=CARTESIAN_POINT('',(-14.024999999999972,2.646486E-016,-4.322182540694797));
#6867=CARTESIAN_POINT('',(-14.024999999999974,2.449213E-016,-4.0));
#6868=CARTESIAN_POINT('',(-13.519608210462922,-1.222863014394342,-4.550000000000000));
#6869=CARTESIAN_POINT('',(-13.841790751157721,-1.222863014394342,-4.550000000000002));
#6870=CARTESIAN_POINT('',(-14.069608210462931,-1.161634542961898,-4.322182540694799));
#6871=CARTESIAN_POINT('',(-14.069608210462921,-1.075044408258762,-3.999999999999999));
#6872=CARTESIAN_POINT('',(-13.567891789537022,-2.352641124458329,-4.082030584339252));
#6873=CARTESIAN_POINT('',(-13.890074330231815,-2.352641124458329,-4.082030584339252));
#6874=CARTESIAN_POINT('',(-14.117891789537023,-2.234844921462499,-3.877644246640288));
#6875=CARTESIAN_POINT('',(-14.117891789537023,-2.068255933589740,-3.588598315902640));
#6876=CARTESIAN_POINT('',(-13.612499999999974,-3.217335854398791,-3.217335854398792));
#6877=CARTESIAN_POINT('',(-13.934682540694771,-3.217335854398791,-3.217335854398791));
#6878=CARTESIAN_POINT('',(-14.162499999999978,-3.056244584051392,-3.056244584051393));
#6879=CARTESIAN_POINT('',(-14.162499999999971,-2.828427124746189,-2.828427124746191));
#6880=CARTESIAN_POINT('',(-13.657108210462921,-4.082030584339252,-2.352641124458329));
#6881=CARTESIAN_POINT('',(-13.979290751157720,-4.082030584339252,-2.352641124458329));
#6882=CARTESIAN_POINT('',(-14.207108210462923,-3.877644246640288,-2.234844921462499));
#6883=CARTESIAN_POINT('',(-14.207108210462920,-3.588598315902640,-2.068255933589740));
#6884=CARTESIAN_POINT('',(-13.705391789537023,-4.550000000000000,-1.222863014394342));
#6885=CARTESIAN_POINT('',(-14.027574330231820,-4.550000000000002,-1.222863014394342));
#6886=CARTESIAN_POINT('',(-14.255391789537022,-4.322182540694799,-1.161634542961899));
#6887=CARTESIAN_POINT('',(-14.255391789537022,-3.999999999999999,-1.075044408258763));
#6888=CARTESIAN_POINT('',(-13.749999999999973,-4.550000000000000,-5.571959E-016));
#6889=CARTESIAN_POINT('',(-14.072182540694772,-4.550000000000002,-5.571959E-016));
#6890=CARTESIAN_POINT('',(-14.299999999999976,-4.322182540694797,-5.292972E-016));
#6891=CARTESIAN_POINT('',(-14.299999999999972,-4.0,-4.898425E-016));
#6892=CARTESIAN_POINT('',(-13.794608210462922,-4.550000000000000,1.222863014394341));
#6893=CARTESIAN_POINT('',(-14.116790751157719,-4.550000000000002,1.222863014394342));
#6894=CARTESIAN_POINT('',(-14.344608210462926,-4.322182540694799,1.161634542961898));
#6895=CARTESIAN_POINT('',(-14.344608210462919,-3.999999999999999,1.075044408258762));
#6896=CARTESIAN_POINT('',(-13.842891789537022,-4.082030584339252,2.352641124458328));
#6897=CARTESIAN_POINT('',(-14.165074330231825,-4.082030584339252,2.352641124458329));
#6898=CARTESIAN_POINT('',(-14.392891789537023,-3.877644246640288,2.234844921462499));
#6899=CARTESIAN_POINT('',(-14.392891789537021,-3.588598315902640,2.068255933589740));
#6900=CARTESIAN_POINT('',(-13.887499999999973,-3.217335854398792,3.217335854398791));
#6901=CARTESIAN_POINT('',(-14.209682540694772,-3.217335854398791,3.217335854398791));
#6902=CARTESIAN_POINT('',(-14.437499999999975,-3.056244584051393,3.056244584051392));
#6903=CARTESIAN_POINT('',(-14.437499999999972,-2.828427124746191,2.828427124746189));
#6904=CARTESIAN_POINT('',(-13.932108210462921,-2.352641124458331,4.082030584339252));
#6905=CARTESIAN_POINT('',(-14.254290751157718,-2.352641124458332,4.082030584339252));
#6906=CARTESIAN_POINT('',(-14.482108210462922,-2.234844921462501,3.877644246640286));
#6907=CARTESIAN_POINT('',(-14.482108210462922,-2.068255933589742,3.588598315902640));
#6908=CARTESIAN_POINT('',(-13.980391789537023,-1.222863014394344,4.549999999999999));
#6909=CARTESIAN_POINT('',(-14.302574330231817,-1.222863014394344,4.550000000000000));
#6910=CARTESIAN_POINT('',(-14.530391789537020,-1.161634542961901,4.322182540694799));
#6911=CARTESIAN_POINT('',(-14.530391789537020,-1.075044408258764,3.999999999999999));
#6912=CARTESIAN_POINT('',(-14.024999999999974,-8.357938E-016,4.550000000000000));
#6913=CARTESIAN_POINT('',(-14.347182540694766,-8.357938E-016,4.550000000000002));
#6914=CARTESIAN_POINT('',(-14.574999999999971,-7.939458E-016,4.322182540694797));
#6915=CARTESIAN_POINT('',(-14.574999999999971,-7.347638E-016,4.0));
#6916=CARTESIAN_POINT('',(-14.069608210462921,1.222863014394342,4.549999999999999));
#6917=CARTESIAN_POINT('',(-14.391790751157711,1.222863014394342,4.550000000000000));
#6918=CARTESIAN_POINT('',(-14.619608210462928,1.161634542961898,4.322182540694799));
#6919=CARTESIAN_POINT('',(-14.619608210462918,1.075044408258763,3.999999999999999));
#6920=CARTESIAN_POINT('',(-14.117891789537023,2.352641124458329,4.082030584339252));
#6921=CARTESIAN_POINT('',(-14.440074330231813,2.352641124458330,4.082030584339252));
#6922=CARTESIAN_POINT('',(-14.667891789537020,2.234844921462499,3.877644246640288));
#6923=CARTESIAN_POINT('',(-14.667891789537020,2.068255933589740,3.588598315902640));
#6924=CARTESIAN_POINT('',(-14.162499999999971,3.217335854398791,3.217335854398792));
#6925=CARTESIAN_POINT('',(-14.484682540694774,3.217335854398790,3.217335854398791));
#6926=CARTESIAN_POINT('',(-14.712499999999974,3.056244584051392,3.056244584051393));
#6927=CARTESIAN_POINT('',(-14.712499999999975,2.828427124746189,2.828427124746191));
#6928=CARTESIAN_POINT('',(-14.196673844678633,3.879768691061968,2.554903017735617));
#6929=CARTESIAN_POINT('',(-14.518856385373420,3.879768691061968,2.554903017735615));
#6930=CARTESIAN_POINT('',(-14.746673844678631,3.685509560097221,2.426979608005566));
#6931=CARTESIAN_POINT('',(-14.746673844678631,3.410785662472060,2.246068587020321));
#6932=CARTESIAN_POINT('',(-14.233685763797661,4.316686914197682,1.721257680832583));
#6933=CARTESIAN_POINT('',(-14.555868304492467,4.316686914197682,1.721257680832584));
#6934=CARTESIAN_POINT('',(-14.783685763797671,4.100551387734269,1.635074702446464));
#6935=CARTESIAN_POINT('',(-14.783685763797664,3.794889594899062,1.513193565567106));
#6936=CARTESIAN_POINT('',(-14.270133897759221,4.480875276205552,0.790099208384503));
#6937=CARTESIAN_POINT('',(-14.592316438454025,4.480875276205554,0.790099208384503));
#6938=CARTESIAN_POINT('',(-14.820133897759229,4.256518876010247,0.750539121735446));
#6939=CARTESIAN_POINT('',(-14.820133897759220,3.939231012048836,0.694592710667695));
#6947=(BOUNDED_SURFACE()B_SPLINE_SURFACE(3,3,((#5688,#5692,#5696,#5700,#5704,#5708,#5712,#5716,#5720,#5724,#5728,#5732,#5736,#5740,#5744,#5748,#5752,#5756,#5760,#5764,#5768,#5772,#5776,#5780,#5784,#5788,#5792,#5796,#5800,#5804,#5808,#5812,#5816,#5820,#5824,#5828,#5832,#5836,#5840,#5844,#5848,#5852,#5856,#5860,#5864,#5868,#5872,#5876,#5880,#5884,#5888,#5892,#5896,#5900,#5904,#5908,#5912,#5916,#5920,#5924,#5928,#5932,#5936,#5940,#5944,#5948,#5952,#5956,#5960,#5964,#5968,#5972,#5976,#5980,#5984,#5988,#5992,#5996,#6000,#6004,#6008,#6012,#6016,#6020,#6024,#6028,#6032,#6036,#6040,#6044,#6048,#6052,#6056,#6060,#6064,#6068,#6072,#6076,#6080,#6084,#6088,#6092,#6096,#6100,#6104,#6108,#6112,#6116,#6120,#6124,#6128,#6132,#6136,#6140,#6144,#6148,#6152,#6156,#6160,#6164,#6168,#6172,#6176,#6180,#6184,#6188,#6192,#6196,#6200,#6204,#6208,#6212,#6216,#6220,#6224,#6228,#6232,#6236,#6240,#6244,#6248,#6252,#6256,#6260,#6264,#6268,#6272,#6276,#6280,#6284,#6288,#6292,#6296,#6300,#6304,#6308,#6312,#6316,#6320,#6324,#6328,#6332,#6336,#6340,#6344,#6348,#6352,#6356,#6360,#6364,#6368,#6372,#6376,#6380,#6384,#6388,#6392,#6396,#6400,#6404,#6408,#6412,#6416,#6420,#6424,#6428,#6432,#6436,#6440,#6444,#6448,#6452,#6456,#6460,#6464,#6468,#6472,#6476,#6480,#6484,#6488,#6492,#6496,#6500,#6504,#6508,#6512,#6516,#6520,#6524,#6528,#6532,#6536,#6540,#6544,#6548,#6552,#6556,#6560,#6564,#6568,#6572,#6576,#6580,#6584,#6588,#6592,#6596,#6600,#6604,#6608,#6612,#6616,#6620,#6624,#6628,#6632,#6636,#6640,#6644,#6648,#6652,#6656,#6660,#6664,#6668,#6672,#6676,#6680,#6684,#6688,#6692,#6696,#6700,#6704,#6708,#6712,#6716,#6720,#6724,#6728,#6732,#6736,#6740,#6744,#6748,#6752,#6756,#6760,#6764,#6768,#6772,#6776,#6780,#6784,#6788,#6792,#6796,#6800,#6804,#6808,#6812,#6816,#6820,#6824,#6828,#6832,#6836,#6840,#6844,#6848,#6852,#6856,#6860,#6864,#6868,#6872,#6876,#6880,#6884,#6888,#6892,#6896,#6900,#6904,#6908,#6912,#6916,#6920,#6924,#6928,#6932,#6936),(#5689,#5693,#5697,#5701,#5705,#5709,#5713,#5717,#5721,#5725,#5729,#5733,#5737,#5741,#5745,#5749,#5753,#5757,#5761,#5765,#5769,#5773,#5777,#5781,#5785,#5789,#5793,#5797,#5801,#5805,#5809,#5813,#5817,#5821,#5825,#5829,#5833,#5837,#5841,#5845,#5849,#5853,#5857,#5861,#5865,#5869,#5873,#5877,#5881,#5885,#5889,#5893,#5897,#5901,#5905,#5909,#5913,#5917,#5921,#5925,#5929,#5933,#5937,#5941,#5945,#5949,#5953,#5957,#5961,#5965,#5969,#5973,#5977,#5981,#5985,#5989,#5993,#5997,#6001,#6005,#6009,#6013,#6017,#6021,#6025,#6029,#6033,#6037,#6041,#6045,#6049,#6053,#6057,#6061,#6065,#6069,#6073,#6077,#6081,#6085,#6089,#6093,#6097,#6101,#6105,#6109,#6113,#6117,#6121,#6125,#6129,#6133,#6137,#6141,#6145,#6149,#6153,#6157,#6161,#6165,#6169,#6173,#6177,#6181,#6185,#6189,#6193,#6197,#6201,#6205,#6209,#6213,#6217,#6221,#6225,#6229,#6233,#6237,#6241,#6245,#6249,#6253,#6257,#6261,#6265,#6269,#6273,#6277,#6281,#6285,#6289,#6293,#6297,#6301,#6305,#6309,#6313,#6317,#6321,#6325,#6329,#6333,#6337,#6341,#6345,#6349,#6353,#6357,#6361,#6365,#6369,#6373,#6377,#6381,#6385,#6389,#6393,#6397,#6401,#6405,#6409,#6413,#6417,#6421,#6425,#6429,#6433,#6437,#6441,#6445,#6449,#6453,#6457,#6461,#6465,#6469,#6473,#6477,#6481,#6485,#6489,#6493,#6497,#6501,#6505,#6509,#6513,#6517,#6521,#6525,#6529,#6533,#6537,#6541,#6545,#6549,#6553,#6557,#6561,#6565,#6569,#6573,#6577,#6581,#6585,#6589,#6593,#6597,#6601,#6605,#6609,#6613,#6617,#6621,#6625,#6629,#6633,#6637,#6641,#6645,#6649,#6653,#6657,#6661,#6665,#6669,#6673,#6677,#6681,#6685,#6689,#6693,#6697,#6701,#6705,#6709,#6713,#6717,#6721,#6725,#6729,#6733,#6737,#6741,#6745,#6749,#6753,#6757,#6761,#6765,#6769,#6773,#6777,#6781,#6785,#6789,#6793,#6797,#6801,#6805,#6809,#6813,#6817,#6821,#6825,#6829,#6833,#6837,#6841,#6845,#6849,#6853,#6857,#6861,#6865,#6869,#6873,#6877,#6881,#6885,#6889,#6893,#6897,#6901,#6905,#6909,#6913,#6917,#6921,#6925,#6929,#6933,#6937),(#5690,#5694,#5698,#5702,#5706,#5710,#5714,#5718,#5722,#5726,#5730,#5734,#5738,#5742,#5746,#5750,#5754,#5758,#5762,#5766,#5770,#5774,#5778,#5782,#5786,#5790,#5794,#5798,#5802,#5806,#5810,#5814,#5818,#5822,#5826,#5830,#5834,#5838,#5842,#5846,#5850,#5854,#5858,#5862,#5866,#5870,#5874,#5878,#5882,#5886,#5890,#5894,#5898,#5902,#5906,#5910,#5914,#5918,#5922,#5926,#5930,#5934,#5938,#5942,#5946,#5950,#5954,#5958,#5962,#5966,#5970,#5974,#5978,#5982,#5986,#5990,#5994,#5998,#6002,#6006,#6010,#6014,#6018,#6022,#6026,#6030,#6034,#6038,#6042,#6046,#6050,#6054,#6058,#6062,#6066,#6070,#6074,#6078,#6082,#6086,#6090,#6094,#6098,#6102,#6106,#6110,#6114,#6118,#6122,#6126,#6130,#6134,#6138,#6142,#6146,#6150,#6154,#6158,#6162,#6166,#6170,#6174,#6178,#6182,#6186,#6190,#6194,#6198,#6202,#6206,#6210,#6214,#6218,#6222,#6226,#6230,#6234,#6238,#6242,#6246,#6250,#6254,#6258,#6262,#6266,#6270,#6274,#6278,#6282,#6286,#6290,#6294,#6298,#6302,#6306,#6310,#6314,#6318,#6322,#6326,#6330,#6334,#6338,#6342,#6346,#6350,#6354,#6358,#6362,#6366,#6370,#6374,#6378,#6382,#6386,#6390,#6394,#6398,#6402,#6406,#6410,#6414,#6418,#6422,#6426,#6430,#6434,#6438,#6442,#6446,#6450,#6454,#6458,#6462,#6466,#6470,#6474,#6478,#6482,#6486,#6490,#6494,#6498,#6502,#6506,#6510,#6514,#6518,#6522,#6526,#6530,#6534,#6538,#6542,#6546,#6550,#6554,#6558,#6562,#6566,#6570,#6574,#6578,#6582,#6586,#6590,#6594,#6598,#6602,#6606,#6610,#6614,#6618,#6622,#6626,#6630,#6634,#6638,#6642,#6646,#6650,#6654,#6658,#6662,#6666,#6670,#6674,#6678,#6682,#6686,#6690,#6694,#6698,#6702,#6706,#6710,#6714,#6718,#6722,#6726,#6730,#6734,#6738,#6742,#6746,#6750,#6754,#6758,#6762,#6766,#6770,#6774,#6778,#6782,#6786,#6790,#6794,#6798,#6802,#6806,#6810,#6814,#6818,#6822,#6826,#6830,#6834,#6838,#6842,#6846,#6850,#6854,#6858,#6862,#6866,#6870,#6874,#6878,#6882,#6886,#6890,#6894,#6898,#6902,#6906,#6910,#6914,#6918,#6922,#6926,#6930,#6934,#6938),(#5691,#5695,#5699,#5703,#5707,#5711,#5715,#5719,#5723,#5727,#5731,#5735,#5739,#5743,#5747,#5751,#5755,#5759,#5763,#5767,#5771,#5775,#5779,#5783,#5787,#5791,#5795,#5799,#5803,#5807,#5811,#5815,#5819,#5823,#5827,#5831,#5835,#5839,#5843,#5847,#5851,#5855,#5859,#5863,#5867,#5871,#5875,#5879,#5883,#5887,#5891,#5895,#5899,#5903,#5907,#5911,#5915,#5919,#5923,#5927,#5931,#5935,#5939,#5943,#5947,#5951,#5955,#5959,#5963,#5967,#5971,#5975,#5979,#5983,#5987,#5991,#5995,#5999,#6003,#6007,#6011,#6015,#6019,#6023,#6027,#6031,#6035,#6039,#6043,#6047,#6051,#6055,#6059,#6063,#6067,#6071,#6075,#6079,#6083,#6087,#6091,#6095,#6099,#6103,#6107,#6111,#6115,#6119,#6123,#6127,#6131,#6135,#6139,#6143,#6147,#6151,#6155,#6159,#6163,#6167,#6171,#6175,#6179,#6183,#6187,#6191,#6195,#6199,#6203,#6207,#6211,#6215,#6219,#6223,#6227,#6231,#6235,#6239,#6243,#6247,#6251,#6255,#6259,#6263,#6267,#6271,#6275,#6279,#6283,#6287,#6291,#6295,#6299,#6303,#6307,#6311,#6315,#6319,#6323,#6327,#6331,#6335,#6339,#6343,#6347,#6351,#6355,#6359,#6363,#6367,#6371,#6375,#6379,#6383,#6387,#6391,#6395,#6399,#6403,#6407,#6411,#6415,#6419,#6423,#6427,#6431,#6435,#6439,#6443,#6447,#6451,#6455,#6459,#6463,#6467,#6471,#6475,#6479,#6483,#6487,#6491,#6495,#6499,#6503,#6507,#6511,#6515,#6519,#6523,#6527,#6531,#6535,#6539,#6543,#6547,#6551,#6555,#6559,#6563,#6567,#6571,#6575,#6579,#6583,#6587,#6591,#6595,#6599,#6603,#6607,#6611,#6615,#6619,#6623,#6627,#6631,#6635,#6639,#6643,#6647,#6651,#6655,#6659,#6663,#6667,#6671,#6675,#6679,#6683,#6687,#6691,#6695,#6699,#6703,#6707,#6711,#6715,#6719,#6723,#6727,#6731,#6735,#6739,#6743,#6747,#6751,#6755,#6759,#6763,#6767,#6771,#6775,#6779,#6783,#6787,#6791,#6795,#6799,#6803,#6807,#6811,#6815,#6819,#6823,#6827,#6831,#6835,#6839,#6843,#6847,#6851,#6855,#6859,#6863,#6867,#6871,#6875,#6879,#6883,#6887,#6891,#6895,#6899,#6903,#6907,#6911,#6915,#6919,#6923,#6927,#6931,#6935,#6939)),.UNSPECIFIED.,.F.,.F.,.U.)B_SPLINE_SURFACE_WITH_KNOTS((4,4),(4,3,3,3,3,3,3,3,3,3,3,3,3,3,3,3,3,3,3,3,3,3,3,3,3,3,3,3,3,3,3,3,3,3,3,3,3,3,3,3,3,3,3,3,3,3,3,3,3,3,3,3,3,3,3,3,3,3,3,3,3,3,3,3,3,3,3,3,3,3,3,3,3,3,3,3,3,3,3,3,3,3,3,3,3,3,3,3,3,3,3,3,3,3,3,3,3,3,3,3,3,3,3,3,4),(0.0,1.0),(0.002006324911757,0.008928571428571,0.017857142857143,0.026785714285714,0.035714285714286,0.044642857142857,0.053571428571429,0.062500000000000,0.071428571428571,0.080357142857143,0.089285714285714,0.098214285714286,0.107142857142857,0.116071428571429,0.125000000000000,0.133928571428571,0.142857142857143,0.151785714285714,0.160714285714286,0.169642857142857,0.178571428571429,0.187500000000000,0.196428571428571,0.205357142857143,0.214285714285714,0.223214285714286,0.232142857142857,0.241071428571429,0.250000000000000,0.258928571428571,0.267857142857143,0.276785714285714,0.285714285714286,0.294642857142857,0.303571428571429,0.312500000000000,0.321428571428571,0.330357142857143,0.339285714285714,0.348214285714286,0.357142857142857,0.366071428571429,0.375000000000000,0.383928571428571,0.392857142857143,0.401785714285714,0.410714285714286,0.419642857142857,0.428571428571429,0.437500000000000,0.446428571428571,0.455357142857143,0.464285714285714,0.473214285714286,0.482142857142857,0.491071428571429,0.500000000000000,0.508928571428571,0.517857142857143,0.526785714285714,0.535714285714286,0.544642857142857,0.553571428571428,0.562500000000000,0.571428571428571,0.580357142857143,0.589285714285714,0.598214285714286,0.607142857142857,0.616071428571428,0.625000000000000,0.633928571428571,0.642857142857143,0.651785714285714,0.660714285714286,0.669642857142857,0.678571428571428,0.687500000000000,0.696428571428571,0.705357142857143,0.714285714285714,0.723214285714286,0.732142857142857,0.741071428571429,0.750000000000000,0.758928571428571,0.767857142857143,0.776785714285714,0.785714285714286,0.794642857142857,0.803571428571429,0.812500000000000,0.821428571428571,0.830357142857143,0.839285714285714,0.848214285714286,0.857142857142857,0.866071428571429,0.875000000000000,0.883928571428571,0.892857142857143,0.901785714285714,0.910714285714286,0.919642857142857,0.926565103659671),.UNSPECIFIED.)GEOMETRIC_REPRESENTATION_ITEM()RATIONAL_B_SPLINE_SURFACE(((0.973477417138016,0.951815432523082,0.960656293477076,1.000000000000000,0.949253021674191,0.949253021674191,1.0,0.949253021674191,0.949253021674191,1.0,0.949253021674191,0.949253021674191,1.0,0.949253021674191,0.949253021674191,1.0,0.949253021674191,0.949253021674191,1.0,0.949253021674191,0.949253021674191,1.0,0.949253021674191,0.949253021674191,1.0,0.949253021674191,0.949253021674191,1.0,0.949253021674191,0.949253021674191,1.0,0.949253021674191,0.949253021674191,1.0,0.949253021674191,0.949253021674191,1.0,0.949253021674191,0.949253021674191,1.0,0.949253021674191,0.949253021674191,1.0,0.949253021674191,0.949253021674191,1.0,0.949253021674191,0.949253021674191,1.0,0.949253021674191,0.949253021674191,1.0,0.949253021674191,0.949253021674191,1.0,0.949253021674191,0.949253021674191,1.0,0.949253021674191,0.949253021674191,1.0,0.949253021674191,0.949253021674191,1.0,0.949253021674191,0.949253021674191,1.0,0.949253021674191,0.949253021674191,1.0,0.949253021674191,0.949253021674191,1.0,0.949253021674191,0.949253021674191,1.0,0.949253021674191,0.949253021674191,1.0,0.949253021674191,0.949253021674191,1.0,0.949253021674191,0.949253021674191,1.0,0.949253021674191,0.949253021674191,1.0,0.949253021674191,0.949253021674191,1.0,0.949253021674191,0.949253021674191,1.0,0.949253021674191,0.949253021674191,1.0,0.949253021674191,0.949253021674191,1.0,0.949253021674191,0.949253021674191,1.0,0.949253021674191,0.949253021674191,1.0,0.949253021674191,0.949253021674191,1.0,0.949253021674191,0.949253021674191,1.0,0.949253021674191,0.949253021674191,1.0,0.949253021674191,0.949253021674191,1.0,0.949253021674191,0.949253021674191,1.0,0.949253021674191,0.949253021674191,1.0,0.949253021674191,0.949253021674191,1.0,0.949253021674191,0.949253021674191,1.0,0.949253021674191,0.949253021674191,1.0,0.949253021674191,0.949253021674191,1.0,0.949253021674191,0.949253021674191,1.0,0.949253021674191,0.949253021674191,1.0,0.949253021674191,0.949253021674191,1.0,0.949253021674191,0.949253021674191,1.0,0.949253021674191,0.949253021674191,1.0,0.949253021674191,0.949253021674191,1.0,0.949253021674191,0.949253021674191,1.0,0.949253021674191,0.949253021674191,1.0,0.949253021674191,0.949253021674191,1.0,0.949253021674191,0.949253021674191,1.0,0.949253021674191,0.949253021674191,1.0,0.949253021674191,0.949253021674191,1.0,0.949253021674191,0.949253021674191,1.0,0.949253021674191,0.949253021674191,1.0,0.949253021674191,0.949253021674191,1.0,0.949253021674191,0.949253021674191,1.0,0.949253021674191,0.949253021674191,1.0,0.949253021674191,0.949253021674191,1.0,0.949253021674191,0.949253021674191,1.0,0.949253021674191,0.949253021674191,1.0,0.949253021674191,0.949253021674191,1.0,0.949253021674191,0.949253021674191,1.0,0.949253021674191,0.949253021674191,1.0,0.949253021674191,0.949253021674191,1.0,0.949253021674191,0.949253021674191,1.0,0.949253021674191,0.949253021674191,1.0,0.949253021674191,0.949253021674191,1.0,0.949253021674191,0.949253021674191,1.0,0.949253021674191,0.949253021674191,1.0,0.949253021674191,0.949253021674191,1.0,0.949253021674191,0.949253021674191,1.0,0.949253021674191,0.949253021674191,1.0,0.949253021674191,0.949253021674191,1.0,0.949253021674191,0.949253021674191,1.0,0.949253021674191,0.949253021674191,1.0,0.949253021674191,0.949253021674191,1.0,0.949253021674191,0.949253021674191,1.0,0.949253021674191,0.949253021674191,1.0,0.949253021674191,0.949253021674191,1.0,0.949253021674191,0.949253021674191,1.0,0.949253021674191,0.949253021674191,1.0,0.949253021674191,0.949253021674191,1.0,0.949253021674191,0.949253021674191,1.0,0.949253021674191,0.949253021674191,1.0,0.949253021674191,0.949253021674191,1.0,0.949253021674191,0.949253021674191,1.0,0.949253021674191,0.949253021674191,1.0,0.949253021674191,0.949253021674191,1.0,0.949253021674191,0.949253021674191,1.0,0.949253021674191,0.949253021674191,1.0,0.949253021674191,0.949253021674191,1.0,0.949253021674191,0.949253021674191,1.0,0.949253021674191,0.949253021674191,1.0,0.949253021674191,0.949253021674191,1.0,0.949253021674191,0.949253021674191,1.0,0.949253021674191,0.949253021674191,1.0,0.949253021674191,0.949253021674191,1.0,0.949253021674191,0.949253021674191,1.0,0.960656293477076,0.951815432523082,0.973477417138017),(0.783394127706177,0.765961908691079,0.773076484163808,0.804737854124365,0.763899839683158,0.763899839683158,0.804737854124365,0.763899839683158,0.763899839683158,0.804737854124365,0.763899839683158,0.763899839683158,0.804737854124365,0.763899839683158,0.763899839683158,0.804737854124365,0.763899839683157,0.763899839683158,0.804737854124365,0.763899839683157,0.763899839683158,0.804737854124365,0.763899839683158,0.763899839683158,0.804737854124365,0.763899839683158,0.763899839683158,0.804737854124365,0.763899839683158,0.763899839683158,0.804737854124365,0.763899839683157,0.763899839683158,0.804737854124365,0.763899839683158,0.763899839683158,0.804737854124365,0.763899839683158,0.763899839683158,0.804737854124365,0.763899839683157,0.763899839683158,0.804737854124365,0.763899839683158,0.763899839683158,0.804737854124365,0.763899839683158,0.763899839683158,0.804737854124365,0.763899839683158,0.763899839683158,0.804737854124365,0.763899839683158,0.763899839683158,0.804737854124365,0.763899839683158,0.763899839683158,0.804737854124365,0.763899839683158,0.763899839683158,0.804737854124365,0.763899839683158,0.763899839683158,0.804737854124365,0.763899839683158,0.763899839683158,0.804737854124365,0.763899839683158,0.763899839683158,0.804737854124365,0.763899839683158,0.763899839683158,0.804737854124365,0.763899839683158,0.763899839683158,0.804737854124365,0.763899839683158,0.763899839683158,0.804737854124365,0.763899839683158,0.763899839683158,0.804737854124365,0.763899839683158,0.763899839683158,0.804737854124365,0.763899839683158,0.763899839683158,0.804737854124365,0.763899839683158,0.763899839683158,0.804737854124365,0.763899839683158,0.763899839683158,0.804737854124365,0.763899839683158,0.763899839683158,0.804737854124365,0.763899839683158,0.763899839683158,0.804737854124365,0.763899839683158,0.763899839683158,0.804737854124365,0.763899839683158,0.763899839683158,0.804737854124365,0.763899839683158,0.763899839683158,0.804737854124365,0.763899839683158,0.763899839683158,0.804737854124365,0.763899839683158,0.763899839683158,0.804737854124365,0.763899839683158,0.763899839683158,0.804737854124365,0.763899839683158,0.763899839683158,0.804737854124365,0.763899839683158,0.763899839683158,0.804737854124365,0.763899839683158,0.763899839683158,0.804737854124365,0.763899839683158,0.763899839683158,0.804737854124365,0.763899839683158,0.763899839683158,0.804737854124365,0.763899839683158,0.763899839683158,0.804737854124365,0.763899839683158,0.763899839683158,0.804737854124365,0.763899839683158,0.763899839683158,0.804737854124365,0.763899839683158,0.763899839683158,0.804737854124365,0.763899839683158,0.763899839683158,0.804737854124365,0.763899839683158,0.763899839683158,0.804737854124365,0.763899839683158,0.763899839683158,0.804737854124365,0.763899839683158,0.763899839683158,0.804737854124365,0.763899839683158,0.763899839683158,0.804737854124365,0.763899839683158,0.763899839683158,0.804737854124365,0.763899839683158,0.763899839683158,0.804737854124365,0.763899839683158,0.763899839683158,0.804737854124365,0.763899839683158,0.763899839683158,0.804737854124365,0.763899839683158,0.763899839683158,0.804737854124365,0.763899839683158,0.763899839683158,0.804737854124365,0.763899839683158,0.763899839683158,0.804737854124365,0.763899839683158,0.763899839683158,0.804737854124365,0.763899839683158,0.763899839683158,0.804737854124365,0.763899839683158,0.763899839683158,0.804737854124365,0.763899839683158,0.763899839683158,0.804737854124365,0.763899839683158,0.763899839683158,0.804737854124365,0.763899839683158,0.763899839683158,0.804737854124365,0.763899839683158,0.763899839683158,0.804737854124365,0.763899839683158,0.763899839683158,0.804737854124365,0.763899839683158,0.763899839683158,0.804737854124365,0.763899839683158,0.763899839683158,0.804737854124365,0.763899839683158,0.763899839683158,0.804737854124365,0.763899839683158,0.763899839683158,0.804737854124365,0.763899839683158,0.763899839683158,0.804737854124365,0.763899839683158,0.763899839683158,0.804737854124365,0.763899839683158,0.763899839683158,0.804737854124365,0.763899839683158,0.763899839683158,0.804737854124365,0.763899839683158,0.763899839683158,0.804737854124365,0.763899839683158,0.763899839683158,0.804737854124365,0.763899839683158,0.763899839683158,0.804737854124365,0.763899839683158,0.763899839683158,0.804737854124365,0.763899839683158,0.763899839683158,0.804737854124365,0.763899839683158,0.763899839683158,0.804737854124365,0.763899839683158,0.763899839683158,0.804737854124365,0.763899839683158,0.763899839683158,0.804737854124365,0.763899839683158,0.763899839683158,0.804737854124365,0.763899839683158,0.763899839683158,0.804737854124365,0.763899839683158,0.763899839683158,0.804737854124365,0.763899839683158,0.763899839683158,0.804737854124365,0.763899839683158,0.763899839683158,0.804737854124365,0.763899839683158,0.763899839683158,0.804737854124365,0.763899839683158,0.763899839683158,0.804737854124365,0.763899839683158,0.763899839683158,0.804737854124365,0.763899839683158,0.763899839683158,0.804737854124365,0.763899839683158,0.763899839683158,0.804737854124365,0.763899839683158,0.763899839683158,0.804737854124365,0.763899839683158,0.763899839683158,0.804737854124365,0.763899839683158,0.763899839683158,0.804737854124365,0.763899839683158,0.763899839683158,0.804737854124365,0.763899839683158,0.763899839683158,0.804737854124365,0.763899839683158,0.763899839683158,0.804737854124365,0.763899839683158,0.763899839683158,0.804737854124365,0.763899839683158,0.763899839683158,0.804737854124365,0.763899839683158,0.763899839683158,0.804737854124365,0.773076484163809,0.765961908691079,0.783394127706177),(0.783394127706177,0.765961908691079,0.773076484163808,0.804737854124365,0.763899839683158,0.763899839683158,0.804737854124365,0.763899839683158,0.763899839683158,0.804737854124365,0.763899839683158,0.763899839683158,0.804737854124365,0.763899839683158,0.763899839683158,0.804737854124365,0.763899839683157,0.763899839683158,0.804737854124365,0.763899839683157,0.763899839683158,0.804737854124365,0.763899839683158,0.763899839683158,0.804737854124365,0.763899839683158,0.763899839683158,0.804737854124365,0.763899839683158,0.763899839683158,0.804737854124365,0.763899839683157,0.763899839683158,0.804737854124365,0.763899839683158,0.763899839683158,0.804737854124365,0.763899839683158,0.763899839683158,0.804737854124365,0.763899839683157,0.763899839683158,0.804737854124365,0.763899839683158,0.763899839683158,0.804737854124365,0.763899839683158,0.763899839683158,0.804737854124365,0.763899839683158,0.763899839683158,0.804737854124365,0.763899839683158,0.763899839683158,0.804737854124365,0.763899839683158,0.763899839683158,0.804737854124365,0.763899839683158,0.763899839683158,0.804737854124365,0.763899839683158,0.763899839683158,0.804737854124365,0.763899839683158,0.763899839683158,0.804737854124365,0.763899839683158,0.763899839683158,0.804737854124365,0.763899839683158,0.763899839683158,0.804737854124365,0.763899839683158,0.763899839683158,0.804737854124365,0.763899839683158,0.763899839683158,0.804737854124365,0.763899839683158,0.763899839683158,0.804737854124365,0.763899839683158,0.763899839683158,0.804737854124365,0.763899839683158,0.763899839683158,0.804737854124365,0.763899839683158,0.763899839683158,0.804737854124365,0.763899839683158,0.763899839683158,0.804737854124365,0.763899839683158,0.763899839683158,0.804737854124365,0.763899839683158,0.763899839683158,0.804737854124365,0.763899839683158,0.763899839683158,0.804737854124365,0.763899839683158,0.763899839683158,0.804737854124365,0.763899839683158,0.763899839683158,0.804737854124365,0.763899839683158,0.763899839683158,0.804737854124365,0.763899839683158,0.763899839683158,0.804737854124365,0.763899839683158,0.763899839683158,0.804737854124365,0.763899839683158,0.763899839683158,0.804737854124365,0.763899839683158,0.763899839683158,0.804737854124365,0.763899839683158,0.763899839683158,0.804737854124365,0.763899839683158,0.763899839683158,0.804737854124365,0.763899839683158,0.763899839683158,0.804737854124365,0.763899839683158,0.763899839683158,0.804737854124365,0.763899839683158,0.763899839683158,0.804737854124365,0.763899839683158,0.763899839683158,0.804737854124365,0.763899839683158,0.763899839683158,0.804737854124365,0.763899839683158,0.763899839683158,0.804737854124365,0.763899839683158,0.763899839683158,0.804737854124365,0.763899839683158,0.763899839683158,0.804737854124365,0.763899839683158,0.763899839683158,0.804737854124365,0.763899839683158,0.763899839683158,0.804737854124365,0.763899839683158,0.763899839683158,0.804737854124365,0.763899839683158,0.763899839683158,0.804737854124365,0.763899839683158,0.763899839683158,0.804737854124365,0.763899839683158,0.763899839683158,0.804737854124365,0.763899839683158,0.763899839683158,0.804737854124365,0.763899839683158,0.763899839683158,0.804737854124365,0.763899839683158,0.763899839683158,0.804737854124365,0.763899839683158,0.763899839683158,0.804737854124365,0.763899839683158,0.763899839683158,0.804737854124365,0.763899839683158,0.763899839683158,0.804737854124365,0.763899839683158,0.763899839683158,0.804737854124365,0.763899839683158,0.763899839683158,0.804737854124365,0.763899839683158,0.763899839683158,0.804737854124365,0.763899839683158,0.763899839683158,0.804737854124365,0.763899839683158,0.763899839683158,0.804737854124365,0.763899839683158,0.763899839683158,0.804737854124365,0.763899839683158,0.763899839683158,0.804737854124365,0.763899839683158,0.763899839683158,0.804737854124365,0.763899839683158,0.763899839683158,0.804737854124365,0.763899839683158,0.763899839683158,0.804737854124365,0.763899839683158,0.763899839683158,0.804737854124365,0.763899839683158,0.763899839683158,0.804737854124365,0.763899839683158,0.763899839683158,0.804737854124365,0.763899839683158,0.763899839683158,0.804737854124365,0.763899839683158,0.763899839683158,0.804737854124365,0.763899839683158,0.763899839683158,0.804737854124365,0.763899839683158,0.763899839683158,0.804737854124365,0.763899839683158,0.763899839683158,0.804737854124365,0.763899839683158,0.763899839683158,0.804737854124365,0.763899839683158,0.763899839683158,0.804737854124365,0.763899839683158,0.763899839683158,0.804737854124365,0.763899839683158,0.763899839683158,0.804737854124365,0.763899839683158,0.763899839683158,0.804737854124365,0.763899839683158,0.763899839683158,0.804737854124365,0.763899839683158,0.763899839683158,0.804737854124365,0.763899839683158,0.763899839683158,0.804737854124365,0.763899839683158,0.763899839683158,0.804737854124365,0.763899839683158,0.763899839683158,0.804737854124365,0.763899839683158,0.763899839683158,0.804737854124365,0.763899839683158,0.763899839683158,0.804737854124365,0.763899839683158,0.763899839683158,0.804737854124365,0.763899839683158,0.763899839683158,0.804737854124365,0.763899839683158,0.763899839683158,0.804737854124365,0.763899839683158,0.763899839683158,0.804737854124365,0.763899839683158,0.763899839683158,0.804737854124365,0.763899839683158,0.763899839683158,0.804737854124365,0.763899839683158,0.763899839683158,0.804737854124365,0.763899839683158,0.763899839683158,0.804737854124365,0.763899839683158,0.763899839683158,0.804737854124365,0.763899839683158,0.763899839683158,0.804737854124365,0.773076484163809,0.765961908691079,0.783394127706177),(0.973477417138016,0.951815432523082,0.960656293477076,1.000000000000000,0.949253021674191,0.949253021674191,1.0,0.949253021674191,0.949253021674191,1.0,0.949253021674191,0.949253021674191,1.0,0.949253021674191,0.949253021674191,1.0,0.949253021674191,0.949253021674191,1.0,0.949253021674191,0.949253021674191,1.0,0.949253021674191,0.949253021674191,1.0,0.949253021674191,0.949253021674191,1.0,0.949253021674191,0.949253021674191,1.0,0.949253021674191,0.949253021674191,1.0,0.949253021674191,0.949253021674191,1.0,0.949253021674191,0.949253021674191,1.0,0.949253021674191,0.949253021674191,1.0,0.949253021674191,0.949253021674191,1.0,0.949253021674191,0.949253021674191,1.0,0.949253021674191,0.949253021674191,1.0,0.949253021674191,0.949253021674191,1.0,0.949253021674191,0.949253021674191,1.0,0.949253021674191,0.949253021674191,1.0,0.949253021674191,0.949253021674191,1.0,0.949253021674191,0.949253021674191,1.0,0.949253021674191,0.949253021674191,1.0,0.949253021674191,0.949253021674191,1.0,0.949253021674191,0.949253021674191,1.0,0.949253021674191,0.949253021674191,1.0,0.949253021674191,0.949253021674191,1.0,0.949253021674191,0.949253021674191,1.0,0.949253021674191,0.949253021674191,1.0,0.949253021674191,0.949253021674191,1.0,0.949253021674191,0.949253021674191,1.0,0.949253021674191,0.949253021674191,1.0,0.949253021674191,0.949253021674191,1.0,0.949253021674191,0.949253021674191,1.0,0.949253021674191,0.949253021674191,1.0,0.949253021674191,0.949253021674191,1.0,0.949253021674191,0.949253021674191,1.0,0.949253021674191,0.949253021674191,1.0,0.949253021674191,0.949253021674191,1.0,0.949253021674191,0.949253021674191,1.0,0.949253021674191,0.949253021674191,1.0,0.949253021674191,0.949253021674191,1.0,0.949253021674191,0.949253021674191,1.0,0.949253021674191,0.949253021674191,1.0,0.949253021674191,0.949253021674191,1.0,0.949253021674191,0.949253021674191,1.0,0.949253021674191,0.949253021674191,1.0,0.949253021674191,0.949253021674191,1.0,0.949253021674191,0.949253021674191,1.0,0.949253021674191,0.949253021674191,1.0,0.949253021674191,0.949253021674191,1.0,0.949253021674191,0.949253021674191,1.0,0.949253021674191,0.949253021674191,1.0,0.949253021674191,0.949253021674191,1.0,0.949253021674191,0.949253021674191,1.0,0.949253021674191,0.949253021674191,1.0,0.949253021674191,0.949253021674191,1.0,0.949253021674191,0.949253021674191,1.0,0.949253021674191,0.949253021674191,1.0,0.949253021674191,0.949253021674191,1.0,0.949253021674191,0.949253021674191,1.0,0.949253021674191,0.949253021674191,1.0,0.949253021674191,0.949253021674191,1.0,0.949253021674191,0.949253021674191,1.0,0.949253021674191,0.949253021674191,1.0,0.949253021674191,0.949253021674191,1.0,0.949253021674191,0.949253021674191,1.0,0.949253021674191,0.949253021674191,1.0,0.949253021674191,0.949253021674191,1.0,0.949253021674191,0.949253021674191,1.0,0.949253021674191,0.949253021674191,1.0,0.949253021674191,0.949253021674191,1.0,0.949253021674191,0.949253021674191,1.0,0.949253021674191,0.949253021674191,1.0,0.949253021674191,0.949253021674191,1.0,0.949253021674191,0.949253021674191,1.0,0.949253021674191,0.949253021674191,1.0,0.949253021674191,0.949253021674191,1.0,0.949253021674191,0.949253021674191,1.0,0.949253021674191,0.949253021674191,1.0,0.949253021674191,0.949253021674191,1.0,0.949253021674191,0.949253021674191,1.0,0.949253021674191,0.949253021674191,1.0,0.949253021674191,0.949253021674191,1.0,0.949253021674191,0.949253021674191,1.0,0.949253021674191,0.949253021674191,1.0,0.949253021674191,0.949253021674191,1.0,0.949253021674191,0.949253021674191,1.0,0.949253021674191,0.949253021674191,1.0,0.949253021674191,0.949253021674191,1.0,0.949253021674191,0.949253021674191,1.0,0.949253021674191,0.949253021674191,1.0,0.949253021674191,0.949253021674191,1.0,0.949253021674191,0.949253021674191,1.0,0.949253021674191,0.949253021674191,1.0,0.949253021674191,0.949253021674191,1.0,0.949253021674191,0.949253021674191,1.0,0.949253021674191,0.949253021674191,1.0,0.949253021674191,0.949253021674191,1.0,0.949253021674191,0.949253021674191,1.0,0.949253021674191,0.949253021674191,1.0,0.949253021674191,0.949253021674191,1.0,0.949253021674191,0.949253021674191,1.0,0.960656293477076,0.951815432523082,0.973477417138017)))REPRESENTATION_ITEM('')SURFACE());
#6948=ORIENTED_EDGE('',*,*,#5677,.T.);
#6949=ORIENTED_EDGE('',*,*,#263,.T.);
#6950=ORIENTED_EDGE('',*,*,#2221,.F.);
#6951=ORIENTED_EDGE('',*,*,#430,.F.);
#6952=ORIENTED_EDGE('',*,*,#423,.F.);
#6953=ORIENTED_EDGE('',*,*,#414,.F.);
#6954=ORIENTED_EDGE('',*,*,#405,.F.);
#6955=EDGE_LOOP('',(#6948,#6949,#6950,#6951,#6952,#6953,#6954));
#6956=FACE_OUTER_BOUND('',#6955,.T.);
#6957=ADVANCED_FACE('',(#6956),#6947,.F.);
#6958=CARTESIAN_POINT('',(-13.720133897759224,3.939231012048914,0.694592710667709));
#6959=CARTESIAN_POINT('',(-13.720133897759222,3.868329944129664,0.682090939432502));
#6960=CARTESIAN_POINT('',(-13.748732331744923,3.726544430191012,0.657090327851501));
#6961=CARTESIAN_POINT('',(-13.871134838792667,3.546213592613752,0.625293135732878));
#6962=CARTESIAN_POINT('',(-14.054149010098275,3.425778867262820,0.604057244239294));
#6963=CARTESIAN_POINT('',(-14.198139066582902,3.397586747892121,0.599086212950887));
#6964=CARTESIAN_POINT('',(-14.342128728935560,3.397586747892122,0.599086212950887));
#6965=CARTESIAN_POINT('',(-14.486101512968768,3.425750707405262,0.604052278896635));
#6966=CARTESIAN_POINT('',(-14.669214244388296,3.546293645334029,0.625307251187340));
#6967=CARTESIAN_POINT('',(-14.791506869504783,3.726527420146875,0.657087328521779));
#6968=CARTESIAN_POINT('',(-14.820133897759229,3.868329944129591,0.682090939432489));
#6969=CARTESIAN_POINT('',(-14.820133897759236,3.939231012048841,0.694592710667696));
#6970=CARTESIAN_POINT('',(-13.746264136096759,4.036996586856863,0.106717213951335));
#6971=CARTESIAN_POINT('',(-13.744748373359492,3.958759849029010,0.156951284478711));
#6972=CARTESIAN_POINT('',(-13.767061478769289,3.801165522249160,0.255181612454482));
#6973=CARTESIAN_POINT('',(-13.879366267202338,3.595916209594380,0.369969055080530));
#6974=CARTESIAN_POINT('',(-14.057278042777694,3.457731156264456,0.435465617873998));
#6975=CARTESIAN_POINT('',(-14.200535264715480,3.425196517039659,0.446450639091764));
#6976=CARTESIAN_POINT('',(-14.344699136710574,3.424382130162168,0.443174840681929));
#6977=CARTESIAN_POINT('',(-14.489753174575517,3.455259835774429,0.425633257301833));
#6978=CARTESIAN_POINT('',(-14.678953098568908,3.589902162139674,0.347615078532138));
#6979=CARTESIAN_POINT('',(-14.812560425664048,3.803850997654308,0.231811391869572));
#6980=CARTESIAN_POINT('',(-14.845686949566177,3.963371636781113,0.132421692250651));
#6981=CARTESIAN_POINT('',(-14.847268684208421,4.046689833788888,0.085163448575810));
#6982=CARTESIAN_POINT('',(-13.750597018046955,3.355934761789435,0.025619590572527));
#6983=CARTESIAN_POINT('',(-13.753950614588913,3.325163015632778,0.097536272269762));
#6984=CARTESIAN_POINT('',(-13.789224412209728,3.264189662330827,0.240020629902822));
#6985=CARTESIAN_POINT('',(-13.920023640533639,3.189401770238769,0.417232954557086));
#6986=CARTESIAN_POINT('',(-14.108535674061738,3.143441126275365,0.530867835960793));
#6987=CARTESIAN_POINT('',(-14.253702908875232,3.133820788238113,0.552756578494997));
#6988=CARTESIAN_POINT('',(-14.397536272269701,3.134003361908802,0.546049385411101));
#6989=CARTESIAN_POINT('',(-14.540020629902797,3.143988847287442,0.510775587790292));
#6990=CARTESIAN_POINT('',(-14.717232954557087,3.192268525687475,0.379976359466377));
#6991=CARTESIAN_POINT('',(-14.830867835960817,3.269285630792051,0.191464325938220));
#6992=CARTESIAN_POINT('',(-14.852756578495001,3.331063779279059,0.046297091124718));
#6993=CARTESIAN_POINT('',(-14.849402981953048,3.362019089504504,-0.025619590572519));
#6994=CARTESIAN_POINT('',(-13.750597018046955,3.000000000000000,0.025619590572527));
#6995=CARTESIAN_POINT('',(-13.753950614588913,3.000000000000000,0.097536272269762));
#6996=CARTESIAN_POINT('',(-13.789224412209728,3.000000000000001,0.240020629902822));
#6997=CARTESIAN_POINT('',(-13.920023640533639,2.999999999999999,0.417232954557086));
#6998=CARTESIAN_POINT('',(-14.108535674061747,2.999999999999999,0.530867835960793));
#6999=CARTESIAN_POINT('',(-14.253702908875232,3.000000000000001,0.552756578494997));
#7000=CARTESIAN_POINT('',(-14.397536272269701,3.000000000000000,0.546049385411101));
#7001=CARTESIAN_POINT('',(-14.540020629902797,3.000000000000005,0.510775587790292));
#7002=CARTESIAN_POINT('',(-14.717232954557087,2.999999999999996,0.379976359466377));
#7003=CARTESIAN_POINT('',(-14.830867835960817,3.000000000000005,0.191464325938220));
#7004=CARTESIAN_POINT('',(-14.852756578495001,3.000000000000000,0.046297091124718));
#7005=CARTESIAN_POINT('',(-14.849402981953048,3.000000000000000,-0.025619590572519));
#7006=B_SPLINE_SURFACE_WITH_KNOTS('',3,3,((#6958,#6970,#6982,#6994),(#6959,#6971,#6983,#6995),(#6960,#6972,#6984,#6996),(#6961,#6973,#6985,#6997),(#6962,#6974,#6986,#6998),(#6963,#6975,#6987,#6999),(#6964,#6976,#6988,#7000),(#6965,#6977,#6989,#7001),(#6966,#6978,#6990,#7002),(#6967,#6979,#6991,#7003),(#6968,#6980,#6992,#7004),(#6969,#6981,#6993,#7005)),.UNSPECIFIED.,.F.,.F.,.U.,(4,1,1,1,2,1,1,1,4),(4,4),(0.499999999999986,0.562499999999987,0.624999999999989,0.687499999999991,0.749999999999993,0.812499999999995,0.874999999999997,0.937499999999998,1.0),(0.0,1.0),.UNSPECIFIED.);
#7007=ORIENTED_EDGE('',*,*,#237,.F.);
#7008=ORIENTED_EDGE('',*,*,#3846,.T.);
#7009=ORIENTED_EDGE('',*,*,#3839,.F.);
#7010=ORIENTED_EDGE('',*,*,#2239,.T.);
#7011=ORIENTED_EDGE('',*,*,#2230,.F.);
#7012=ORIENTED_EDGE('',*,*,#249,.T.);
#7013=ORIENTED_EDGE('',*,*,#150,.T.);
#7014=ORIENTED_EDGE('',*,*,#141,.T.);
#7015=ORIENTED_EDGE('',*,*,#132,.T.);
#7016=EDGE_LOOP('',(#7007,#7008,#7009,#7010,#7011,#7012,#7013,#7014,#7015));
#7017=FACE_OUTER_BOUND('',#7016,.T.);
#7018=ADVANCED_FACE('',(#7017),#7006,.T.);
#7019=CARTESIAN_POINT('',(-17.029347826086912,3.828626102864921,0.0));
#7020=DIRECTION('',(-0.945339778485166,0.326086956521750,0.0));
#7021=DIRECTION('',(0.0,0.0,1.0));
#7022=AXIS2_PLACEMENT_3D('',#7019,#7020,#7021);
#7023=PLANE('',#7022);
#7024=ORIENTED_EDGE('',*,*,#56,.F.);
#7025=EDGE_LOOP('',(#7024));
#7026=FACE_OUTER_BOUND('',#7025,.T.);
#7027=ADVANCED_FACE('',(#7026),#7023,.F.);
#7028=CLOSED_SHELL('',(#71,#99,#164,#267,#314,#492,#630,#639,#2570,#4197,#5687,#6957,#7018,#7027));
#7029=MANIFOLD_SOLID_BREP('',#7028);
#7030=COLOUR_RGB('bersetzter Farbstil',0.752941191196442,0.752941191196442,0.752941191196442);
#7031=FILL_AREA_STYLE_COLOUR('bersetzter Farbstil',#7030);
#7032=FILL_AREA_STYLE('bersetzter Farbstil',(#7031));
#7033=SURFACE_STYLE_FILL_AREA(#7032);
#7034=SURFACE_SIDE_STYLE('bersetzter Farbstil',(#7033));
#7035=SURFACE_STYLE_USAGE(.BOTH.,#7034);
#7036=PRESENTATION_STYLE_ASSIGNMENT((#7035));
#7037=STYLED_ITEM('',(#7036),#7029);
#7038=MECHANICAL_DESIGN_GEOMETRIC_PRESENTATION_REPRESENTATION('',(#7037),#36);
#7039=ADVANCED_BREP_SHAPE_REPRESENTATION('ABSR',(#7029),#36);
#7040=SHAPE_REPRESENTATION_RELATIONSHIP('SRR','None',#7039,#41);
ENDSEC;
END-ISO-10303-21;
