ISO-10303-21;
HEADER;
/****************************************************************
 * Generated by software with PDE/Lib inside                    *
 * PDElib Version v51a, created Tue 12/06/2005                  *
 * International Technegroup Inc. (www.iti-oh.com)              *
 ****************************************************************/
FILE_DESCRIPTION((''),'2;1');
FILE_NAME('I:\\Kurz\\oerlikon_neu\\Fliehkraftkupplung\\682Modelle-Ausfuehrung_mit_Passfeder\\Modell_Antriebsnabe_V1_Pos01.stp','2010-05-04T19:50:06',('Administrator'),(''),'Autodesk Inventor 11','Autodesk Inventor 11','');
FILE_SCHEMA(('AUTOMOTIVE_DESIGN { 1 0 10303 214 1 1 1 1 }'));
ENDSEC;
DATA;
#5=APPLICATION_CONTEXT('automotive design');
#6=APPLICATION_PROTOCOL_DEFINITION('International Standard','automotive_design',2001,#5);
#7=PRODUCT_CONTEXT('',#5,'mechanical');
#8=PRODUCT('Pos1_Antriebsnabe','Pos1_Antriebsnabe',$,(#7));
#9=PRODUCT_RELATED_PRODUCT_CATEGORY('part',$,(#8));
#10=PRODUCT_DEFINITION_FORMATION('',$,#8);
#11=PRODUCT_DEFINITION_CONTEXT('part definition',#5,'design');
#12=PRODUCT_DEFINITION('',$,#10,#11);
#18=(NAMED_UNIT(*)PLANE_ANGLE_UNIT()SI_UNIT($,.RADIAN.));
#19=DIMENSIONAL_EXPONENTS(0.0,0.0,0.0,0.0,0.0,0.0,0.0);
#20=PLANE_ANGLE_MEASURE_WITH_UNIT(PLANE_ANGLE_MEASURE(0.017453292500000),#18);
#24=(CONVERSION_BASED_UNIT('DEGREE',#20)NAMED_UNIT(#19)PLANE_ANGLE_UNIT());
#28=(NAMED_UNIT(*)SI_UNIT($,.STERADIAN.)SOLID_ANGLE_UNIT());
#32=(LENGTH_UNIT()NAMED_UNIT(*)SI_UNIT(.MILLI.,.METRE.));
#34=UNCERTAINTY_MEASURE_WITH_UNIT(LENGTH_MEASURE(0.010000000000000),#32,'DISTANCE_ACCURACY_VALUE','');
#36=(GEOMETRIC_REPRESENTATION_CONTEXT(3)GLOBAL_UNCERTAINTY_ASSIGNED_CONTEXT((#34))GLOBAL_UNIT_ASSIGNED_CONTEXT((#24,#28,#32))REPRESENTATION_CONTEXT('None','None'));
#37=AXIS2_PLACEMENT_3D('',#38,#39,#40);
#38=CARTESIAN_POINT('',(0.0,0.0,0.0));
#39=DIRECTION('',(0.0,0.0,1.0));
#40=DIRECTION('',(1.0,0.0,0.0));
#41=SHAPE_REPRESENTATION('',(#37),#36);
#42=PRODUCT_DEFINITION_SHAPE('','',#12);
#43=SHAPE_DEFINITION_REPRESENTATION(#42,#41);
#44=CARTESIAN_POINT('',(65.600000000000023,0.0,0.0));
#45=DIRECTION('',(-1.0,0.0,0.0));
#46=DIRECTION('',(0.0,0.0,1.0));
#47=AXIS2_PLACEMENT_3D('',#44,#45,#46);
#48=TOROIDAL_SURFACE('',#47,22.800000000000004,0.600000000000000);
#49=CARTESIAN_POINT('',(65.000000000000028,0.0,22.800000000000004));
#50=VERTEX_POINT('',#49);
#51=CARTESIAN_POINT('',(65.000000000000028,0.0,0.0));
#52=DIRECTION('',(-1.0,0.0,0.0));
#53=DIRECTION('',(0.0,0.0,1.0));
#54=AXIS2_PLACEMENT_3D('',#51,#52,#53);
#55=CIRCLE('',#54,22.800000000000004);
#56=EDGE_CURVE('',#50,#50,#55,.T.);
#57=ORIENTED_EDGE('',*,*,#56,.F.);
#58=EDGE_LOOP('',(#57));
#59=FACE_OUTER_BOUND('',#58,.T.);
#60=CARTESIAN_POINT('',(65.600000000000023,0.0,22.200000000000003));
#61=VERTEX_POINT('',#60);
#62=CARTESIAN_POINT('',(65.600000000000023,0.0,0.0));
#63=DIRECTION('',(1.0,0.0,0.0));
#64=DIRECTION('',(0.0,0.0,1.0));
#65=AXIS2_PLACEMENT_3D('',#62,#63,#64);
#66=CIRCLE('',#65,22.200000000000003);
#67=EDGE_CURVE('',#61,#61,#66,.T.);
#68=ORIENTED_EDGE('',*,*,#67,.F.);
#69=EDGE_LOOP('',(#68));
#70=FACE_BOUND('',#69,.T.);
#71=ADVANCED_FACE('',(#59,#70),#48,.F.);
#72=CARTESIAN_POINT('',(66.301393259176876,0.0,0.0));
#73=DIRECTION('',(-1.0,0.0,0.0));
#74=DIRECTION('',(0.0,0.0,1.0));
#75=AXIS2_PLACEMENT_3D('',#72,#73,#74);
#76=TOROIDAL_SURFACE('',#75,22.800000000000004,0.600000000000000);
#77=CARTESIAN_POINT('',(66.301393259176876,0.0,22.200000000000003));
#78=VERTEX_POINT('',#77);
#79=CARTESIAN_POINT('',(66.301393259176876,0.0,0.0));
#80=DIRECTION('',(-1.0,0.0,0.0));
#81=DIRECTION('',(0.0,0.0,1.0));
#82=AXIS2_PLACEMENT_3D('',#79,#80,#81);
#83=CIRCLE('',#82,22.200000000000003);
#84=EDGE_CURVE('',#78,#78,#83,.T.);
#85=ORIENTED_EDGE('',*,*,#84,.F.);
#86=EDGE_LOOP('',(#85));
#87=FACE_OUTER_BOUND('',#86,.T.);
#88=CARTESIAN_POINT('',(66.456684686238390,2.738247E-015,22.220444504226556));
#89=VERTEX_POINT('',#88);
#90=CARTESIAN_POINT('',(66.456684686238390,0.0,0.0));
#91=DIRECTION('',(1.0,0.0,0.0));
#92=DIRECTION('',(0.0,0.0,-1.0));
#93=AXIS2_PLACEMENT_3D('',#90,#91,#92);
#94=CIRCLE('',#93,22.220444504226556);
#95=EDGE_CURVE('',#89,#89,#94,.T.);
#96=ORIENTED_EDGE('',*,*,#95,.F.);
#97=EDGE_LOOP('',(#96));
#98=FACE_BOUND('',#97,.T.);
#99=ADVANCED_FACE('',(#87,#98),#76,.F.);
#100=CARTESIAN_POINT('',(28.400000000000016,0.0,0.0));
#101=DIRECTION('',(1.0,0.0,0.0));
#102=DIRECTION('',(0.0,0.0,-1.0));
#103=AXIS2_PLACEMENT_3D('',#100,#101,#102);
#104=TOROIDAL_SURFACE('',#103,22.800000000000004,0.600000000000000);
#105=CARTESIAN_POINT('',(29.000000000000014,0.0,-22.800000000000004));
#106=VERTEX_POINT('',#105);
#107=CARTESIAN_POINT('',(29.000000000000014,0.0,0.0));
#108=DIRECTION('',(1.0,0.0,0.0));
#109=DIRECTION('',(0.0,0.0,-1.0));
#110=AXIS2_PLACEMENT_3D('',#107,#108,#109);
#111=CIRCLE('',#110,22.800000000000004);
#112=EDGE_CURVE('',#106,#106,#111,.T.);
#113=ORIENTED_EDGE('',*,*,#112,.F.);
#114=EDGE_LOOP('',(#113));
#115=FACE_OUTER_BOUND('',#114,.T.);
#116=CARTESIAN_POINT('',(28.400000000000016,2.718626E-015,-22.200000000000003));
#117=VERTEX_POINT('',#116);
#118=CARTESIAN_POINT('',(28.400000000000016,0.0,0.0));
#119=DIRECTION('',(-1.0,0.0,0.0));
#120=DIRECTION('',(0.0,0.0,-1.0));
#121=AXIS2_PLACEMENT_3D('',#118,#119,#120);
#122=CIRCLE('',#121,22.200000000000003);
#123=EDGE_CURVE('',#117,#117,#122,.T.);
#124=ORIENTED_EDGE('',*,*,#123,.F.);
#125=EDGE_LOOP('',(#124));
#126=FACE_BOUND('',#125,.T.);
#127=ADVANCED_FACE('',(#115,#126),#104,.F.);
#128=CARTESIAN_POINT('',(27.698606740823166,0.0,0.0));
#129=DIRECTION('',(-1.0,0.0,0.0));
#130=DIRECTION('',(0.0,0.0,1.0));
#131=AXIS2_PLACEMENT_3D('',#128,#129,#130);
#132=TOROIDAL_SURFACE('',#131,22.800000000000004,0.600000000000000);
#133=CARTESIAN_POINT('',(27.543315313761660,0.0,22.220444504226556));
#134=VERTEX_POINT('',#133);
#135=CARTESIAN_POINT('',(27.543315313761660,0.0,0.0));
#136=DIRECTION('',(-1.0,0.0,0.0));
#137=DIRECTION('',(0.0,0.0,1.0));
#138=AXIS2_PLACEMENT_3D('',#135,#136,#137);
#139=CIRCLE('',#138,22.220444504226556);
#140=EDGE_CURVE('',#134,#134,#139,.T.);
#141=ORIENTED_EDGE('',*,*,#140,.F.);
#142=EDGE_LOOP('',(#141));
#143=FACE_OUTER_BOUND('',#142,.T.);
#144=CARTESIAN_POINT('',(27.698606740823166,0.0,22.200000000000003));
#145=VERTEX_POINT('',#144);
#146=CARTESIAN_POINT('',(27.698606740823166,0.0,0.0));
#147=DIRECTION('',(1.0,0.0,0.0));
#148=DIRECTION('',(0.0,0.0,1.0));
#149=AXIS2_PLACEMENT_3D('',#146,#147,#148);
#150=CIRCLE('',#149,22.200000000000003);
#151=EDGE_CURVE('',#145,#145,#150,.T.);
#152=ORIENTED_EDGE('',*,*,#151,.F.);
#153=EDGE_LOOP('',(#152));
#154=FACE_BOUND('',#153,.T.);
#155=ADVANCED_FACE('',(#143,#154),#132,.F.);
#156=CARTESIAN_POINT('',(38.500000000000014,52.0,0.0));
#157=DIRECTION('',(-1.0,0.0,0.0));
#158=DIRECTION('',(0.0,0.0,1.0));
#159=AXIS2_PLACEMENT_3D('',#156,#157,#158);
#160=CYLINDRICAL_SURFACE('',#159,3.999999999999993);
#161=CARTESIAN_POINT('',(55.500000000000028,52.0,3.999999999999993));
#162=VERTEX_POINT('',#161);
#163=CARTESIAN_POINT('',(55.500000000000028,52.0,0.0));
#164=DIRECTION('',(-1.0,0.0,0.0));
#165=DIRECTION('',(0.0,0.0,1.0));
#166=AXIS2_PLACEMENT_3D('',#163,#164,#165);
#167=CIRCLE('',#166,3.999999999999993);
#168=EDGE_CURVE('',#162,#162,#167,.T.);
#169=ORIENTED_EDGE('',*,*,#168,.F.);
#170=EDGE_LOOP('',(#169));
#171=FACE_OUTER_BOUND('',#170,.T.);
#172=CARTESIAN_POINT('',(38.500000000000014,52.0,3.999999999999990));
#173=VERTEX_POINT('',#172);
#174=CARTESIAN_POINT('',(38.500000000000014,52.0,0.0));
#175=DIRECTION('',(-1.0,0.0,0.0));
#176=DIRECTION('',(0.0,0.0,1.0));
#177=AXIS2_PLACEMENT_3D('',#174,#175,#176);
#178=CIRCLE('',#177,3.999999999999990);
#179=EDGE_CURVE('',#173,#173,#178,.T.);
#180=ORIENTED_EDGE('',*,*,#179,.T.);
#181=EDGE_LOOP('',(#180));
#182=FACE_BOUND('',#181,.T.);
#183=ADVANCED_FACE('',(#171,#182),#160,.F.);
#184=CARTESIAN_POINT('',(38.500000000000014,-52.0,0.0));
#185=DIRECTION('',(-1.0,0.0,0.0));
#186=DIRECTION('',(0.0,0.0,1.0));
#187=AXIS2_PLACEMENT_3D('',#184,#185,#186);
#188=CYLINDRICAL_SURFACE('',#187,3.999999999999993);
#189=CARTESIAN_POINT('',(55.500000000000028,-52.0,3.999999999999993));
#190=VERTEX_POINT('',#189);
#191=CARTESIAN_POINT('',(55.500000000000028,-52.0,0.0));
#192=DIRECTION('',(-1.0,0.0,0.0));
#193=DIRECTION('',(0.0,0.0,1.0));
#194=AXIS2_PLACEMENT_3D('',#191,#192,#193);
#195=CIRCLE('',#194,3.999999999999993);
#196=EDGE_CURVE('',#190,#190,#195,.T.);
#197=ORIENTED_EDGE('',*,*,#196,.F.);
#198=EDGE_LOOP('',(#197));
#199=FACE_OUTER_BOUND('',#198,.T.);
#200=CARTESIAN_POINT('',(38.500000000000014,-52.0,3.999999999999990));
#201=VERTEX_POINT('',#200);
#202=CARTESIAN_POINT('',(38.500000000000014,-52.0,0.0));
#203=DIRECTION('',(-1.0,0.0,0.0));
#204=DIRECTION('',(0.0,0.0,1.0));
#205=AXIS2_PLACEMENT_3D('',#202,#203,#204);
#206=CIRCLE('',#205,3.999999999999990);
#207=EDGE_CURVE('',#201,#201,#206,.T.);
#208=ORIENTED_EDGE('',*,*,#207,.T.);
#209=EDGE_LOOP('',(#208));
#210=FACE_BOUND('',#209,.T.);
#211=ADVANCED_FACE('',(#199,#210),#188,.F.);
#212=CARTESIAN_POINT('',(27.619615242270719,0.0,0.0));
#213=DIRECTION('',(-1.0,0.0,0.0));
#214=DIRECTION('',(0.0,0.0,1.0));
#215=AXIS2_PLACEMENT_3D('',#212,#213,#214);
#216=CONICAL_SURFACE('',#215,22.200000000000003,14.999999999999595);
#217=ORIENTED_EDGE('',*,*,#140,.T.);
#218=EDGE_LOOP('',(#217));
#219=FACE_OUTER_BOUND('',#218,.T.);
#220=CARTESIAN_POINT('',(26.500000000000021,0.0,22.500000000000000));
#221=VERTEX_POINT('',#220);
#222=CARTESIAN_POINT('',(26.500000000000021,0.0,0.0));
#223=DIRECTION('',(-1.0,0.0,0.0));
#224=DIRECTION('',(0.0,0.0,1.0));
#225=AXIS2_PLACEMENT_3D('',#222,#223,#224);
#226=CIRCLE('',#225,22.500000000000000);
#227=EDGE_CURVE('',#221,#221,#226,.T.);
#228=ORIENTED_EDGE('',*,*,#227,.F.);
#229=EDGE_LOOP('',(#228));
#230=FACE_BOUND('',#229,.T.);
#231=ADVANCED_FACE('',(#219,#230),#216,.T.);
#232=CARTESIAN_POINT('',(0.0,0.0,0.0));
#233=DIRECTION('',(-1.0,0.0,0.0));
#234=DIRECTION('',(0.0,0.0,1.0));
#235=AXIS2_PLACEMENT_3D('',#232,#233,#234);
#236=CYLINDRICAL_SURFACE('',#235,22.200000000000003);
#237=ORIENTED_EDGE('',*,*,#123,.T.);
#238=EDGE_LOOP('',(#237));
#239=FACE_OUTER_BOUND('',#238,.T.);
#240=ORIENTED_EDGE('',*,*,#151,.T.);
#241=EDGE_LOOP('',(#240));
#242=FACE_BOUND('',#241,.T.);
#243=ADVANCED_FACE('',(#239,#242),#236,.T.);
#244=CARTESIAN_POINT('',(29.000000000000014,0.0,0.0));
#245=DIRECTION('',(-1.0,0.0,0.0));
#246=DIRECTION('',(0.0,0.0,1.0));
#247=AXIS2_PLACEMENT_3D('',#244,#245,#246);
#248=TOROIDAL_SURFACE('',#247,27.500000000000000,2.0);
#249=CARTESIAN_POINT('',(29.000000000000014,0.0,25.500000000000004));
#250=VERTEX_POINT('',#249);
#251=CARTESIAN_POINT('',(29.000000000000014,0.0,0.0));
#252=DIRECTION('',(-1.0,0.0,0.0));
#253=DIRECTION('',(0.0,0.0,1.0));
#254=AXIS2_PLACEMENT_3D('',#251,#252,#253);
#255=CIRCLE('',#254,25.500000000000004);
#256=EDGE_CURVE('',#250,#250,#255,.T.);
#257=ORIENTED_EDGE('',*,*,#256,.F.);
#258=EDGE_LOOP('',(#257));
#259=FACE_OUTER_BOUND('',#258,.T.);
#260=CARTESIAN_POINT('',(31.000000000000014,0.0,27.500000000000000));
#261=VERTEX_POINT('',#260);
#262=CARTESIAN_POINT('',(31.000000000000014,0.0,0.0));
#263=DIRECTION('',(-1.0,0.0,0.0));
#264=DIRECTION('',(0.0,0.0,1.0));
#265=AXIS2_PLACEMENT_3D('',#262,#263,#264);
#266=CIRCLE('',#265,27.500000000000000);
#267=EDGE_CURVE('',#261,#261,#266,.T.);
#268=ORIENTED_EDGE('',*,*,#267,.T.);
#269=EDGE_LOOP('',(#268));
#270=FACE_BOUND('',#269,.T.);
#271=ADVANCED_FACE('',(#259,#270),#248,.F.);
#272=CARTESIAN_POINT('',(33.000000000000014,0.0,0.0));
#273=DIRECTION('',(-1.0,0.0,0.0));
#274=DIRECTION('',(0.0,0.0,1.0));
#275=AXIS2_PLACEMENT_3D('',#272,#273,#274);
#276=TOROIDAL_SURFACE('',#275,36.500000000000000,2.000000000000001);
#277=CARTESIAN_POINT('',(33.000000000000028,0.0,38.500000000000000));
#278=VERTEX_POINT('',#277);
#279=CARTESIAN_POINT('',(33.000000000000028,0.0,0.0));
#280=DIRECTION('',(-1.0,0.0,0.0));
#281=DIRECTION('',(0.0,0.0,1.0));
#282=AXIS2_PLACEMENT_3D('',#279,#280,#281);
#283=CIRCLE('',#282,38.500000000000000);
#284=EDGE_CURVE('',#278,#278,#283,.T.);
#285=ORIENTED_EDGE('',*,*,#284,.T.);
#286=EDGE_LOOP('',(#285));
#287=FACE_OUTER_BOUND('',#286,.T.);
#288=CARTESIAN_POINT('',(31.000000000000014,0.0,36.499999999999986));
#289=VERTEX_POINT('',#288);
#290=CARTESIAN_POINT('',(31.000000000000014,0.0,0.0));
#291=DIRECTION('',(-1.0,0.0,0.0));
#292=DIRECTION('',(0.0,0.0,1.0));
#293=AXIS2_PLACEMENT_3D('',#290,#291,#292);
#294=CIRCLE('',#293,36.499999999999986);
#295=EDGE_CURVE('',#289,#289,#294,.T.);
#296=ORIENTED_EDGE('',*,*,#295,.F.);
#297=EDGE_LOOP('',(#296));
#298=FACE_BOUND('',#297,.T.);
#299=ADVANCED_FACE('',(#287,#298),#276,.T.);
#300=CARTESIAN_POINT('',(0.0,0.0,0.0));
#301=DIRECTION('',(-1.0,0.0,0.0));
#302=DIRECTION('',(0.0,0.0,1.0));
#303=AXIS2_PLACEMENT_3D('',#300,#301,#302);
#304=CYLINDRICAL_SURFACE('',#303,38.500000000000000);
#305=CARTESIAN_POINT('',(61.000000000000007,0.0,38.500000000000000));
#306=VERTEX_POINT('',#305);
#307=CARTESIAN_POINT('',(61.000000000000007,0.0,0.0));
#308=DIRECTION('',(-1.0,0.0,0.0));
#309=DIRECTION('',(0.0,0.0,1.0));
#310=AXIS2_PLACEMENT_3D('',#307,#308,#309);
#311=CIRCLE('',#310,38.500000000000000);
#312=EDGE_CURVE('',#306,#306,#311,.T.);
#313=ORIENTED_EDGE('',*,*,#312,.T.);
#314=EDGE_LOOP('',(#313));
#315=FACE_OUTER_BOUND('',#314,.T.);
#316=CARTESIAN_POINT('',(35.0,-35.628601679236979,14.589473684210530));
#317=VERTEX_POINT('',#316);
#318=CARTESIAN_POINT('',(59.000000000000021,-35.628601679236979,14.589473684210530));
#319=VERTEX_POINT('',#318);
#320=CARTESIAN_POINT('',(35.0,-35.628601679236979,14.589473684210530));
#321=DIRECTION('',(1.0,0.0,0.0));
#322=VECTOR('',#321,24.000000000000021);
#323=LINE('',#320,#322);
#324=EDGE_CURVE('',#317,#319,#323,.T.);
#325=ORIENTED_EDGE('',*,*,#324,.T.);
#326=CARTESIAN_POINT('',(59.000000000000021,-37.549382716049379,8.502579469999198));
#327=VERTEX_POINT('',#326);
#328=CARTESIAN_POINT('',(59.000000000000021,0.0,0.0));
#329=DIRECTION('',(1.0,0.0,0.0));
#330=DIRECTION('',(0.0,0.0,1.0));
#331=AXIS2_PLACEMENT_3D('',#328,#329,#330);
#332=CIRCLE('',#331,38.500000000000000);
#333=EDGE_CURVE('',#319,#327,#332,.T.);
#334=ORIENTED_EDGE('',*,*,#333,.T.);
#335=CARTESIAN_POINT('',(59.000000000000021,-37.549382716049386,-8.502579469999201));
#336=VERTEX_POINT('',#335);
#337=CARTESIAN_POINT('',(59.000000000000021,-37.549382716049379,8.502579469999198));
#338=CARTESIAN_POINT('',(59.000000000000021,-37.867160034568116,7.099200390316112));
#339=CARTESIAN_POINT('',(58.921263996398366,-38.104626191640008,5.686795404389063));
#340=CARTESIAN_POINT('',(58.819864743289486,-38.342561989109591,3.551194856000906));
#341=CARTESIAN_POINT('',(58.788151926041252,-38.402149567553984,2.835561479146037));
#342=CARTESIAN_POINT('',(58.743971596451637,-38.481171240194968,1.401770414010001));
#343=CARTESIAN_POINT('',(58.731758576252709,-38.500481170154337,0.686718853717327));
#344=CARTESIAN_POINT('',(58.732354088633528,-38.499500636126129,-0.739651192376142));
#345=CARTESIAN_POINT('',(58.745139664926555,-38.479211450980799,-1.450970261666432));
#346=CARTESIAN_POINT('',(58.789583408900008,-38.399451967503509,-2.870037836845203));
#347=CARTESIAN_POINT('',(58.821089865272327,-38.339982766015837,-3.577789602661605));
#348=CARTESIAN_POINT('',(58.921785138091103,-38.102798953518288,-5.696151302852430));
#349=CARTESIAN_POINT('',(59.000000000000021,-37.866564847248462,-7.101828876945632));
#350=CARTESIAN_POINT('',(59.000000000000021,-37.549382716049379,-8.502579469999201));
#351=B_SPLINE_CURVE_WITH_KNOTS('',3,(#337,#338,#339,#340,#341,#342,#343,#344,#345,#346,#347,#348,#349,#350),.UNSPECIFIED.,.F.,.U.,(4,2,2,2,2,2,4),(0.0,0.004316719998105,0.006475079997158,0.008633439996210,0.010791799995263,0.012950159994316,0.017266879992421),.UNSPECIFIED.);
#352=EDGE_CURVE('',#327,#336,#351,.T.);
#353=ORIENTED_EDGE('',*,*,#352,.T.);
#354=CARTESIAN_POINT('',(59.000000000000021,-35.628601679236986,-14.589473684210523));
#355=VERTEX_POINT('',#354);
#356=CARTESIAN_POINT('',(59.000000000000021,0.0,0.0));
#357=DIRECTION('',(1.0,0.0,0.0));
#358=DIRECTION('',(0.0,0.0,1.0));
#359=AXIS2_PLACEMENT_3D('',#356,#357,#358);
#360=CIRCLE('',#359,38.500000000000000);
#361=EDGE_CURVE('',#336,#355,#360,.T.);
#362=ORIENTED_EDGE('',*,*,#361,.T.);
#363=CARTESIAN_POINT('',(35.0,-35.628601679236986,-14.589473684210523));
#364=VERTEX_POINT('',#363);
#365=CARTESIAN_POINT('',(35.0,-35.628601679236986,-14.589473684210523));
#366=DIRECTION('',(1.0,0.0,0.0));
#367=VECTOR('',#366,24.000000000000021);
#368=LINE('',#365,#367);
#369=EDGE_CURVE('',#364,#355,#368,.T.);
#370=ORIENTED_EDGE('',*,*,#369,.F.);
#371=CARTESIAN_POINT('',(35.0,-37.549382716049386,-8.502579469999201));
#372=VERTEX_POINT('',#371);
#373=CARTESIAN_POINT('',(35.0,0.0,0.0));
#374=DIRECTION('',(-1.0,0.0,0.0));
#375=DIRECTION('',(0.0,0.0,-1.0));
#376=AXIS2_PLACEMENT_3D('',#373,#374,#375);
#377=CIRCLE('',#376,38.500000000000000);
#378=EDGE_CURVE('',#364,#372,#377,.T.);
#379=ORIENTED_EDGE('',*,*,#378,.T.);
#380=CARTESIAN_POINT('',(35.0,-37.549382716049379,8.502579469999198));
#381=VERTEX_POINT('',#380);
#382=CARTESIAN_POINT('',(35.0,-37.549382716049379,-8.502579469999201));
#383=CARTESIAN_POINT('',(35.000000000000014,-37.866437107266577,-7.102393006629435));
#384=CARTESIAN_POINT('',(35.078154936699811,-38.102608395828121,-5.697283572407129));
#385=CARTESIAN_POINT('',(35.178818431839645,-38.339791421755955,-3.579782871042702));
#386=CARTESIAN_POINT('',(35.210323193431137,-38.399276033700843,-2.872319561267749));
#387=CARTESIAN_POINT('',(35.254792562819105,-38.479098116453756,-1.453832080646700));
#388=CARTESIAN_POINT('',(35.267605741624187,-38.499434493136199,-0.742804655993944));
#389=CARTESIAN_POINT('',(35.268278528112148,-38.500542265873534,0.682978976204374));
#390=CARTESIAN_POINT('',(35.256114891939227,-38.481312384985017,1.397735773096172));
#391=CARTESIAN_POINT('',(35.212028249993992,-38.402485301471998,2.830934621714671));
#392=CARTESIAN_POINT('',(35.180348684680595,-38.343001460665292,3.546529730925712));
#393=CARTESIAN_POINT('',(35.078914104574196,-38.105166247222840,5.683382958343519));
#394=CARTESIAN_POINT('',(35.000000000000014,-37.866856440865703,7.100541131224468));
#395=CARTESIAN_POINT('',(35.0,-37.549382716049379,8.502579469999198));
#396=B_SPLINE_CURVE_WITH_KNOTS('',3,(#382,#383,#384,#385,#386,#387,#388,#389,#390,#391,#392,#393,#394,#395),.UNSPECIFIED.,.F.,.U.,(4,2,2,2,2,2,4),(0.0,0.004262752065296,0.006394128097944,0.008525504130592,0.010656880163240,0.012788256195888,0.017051008261184),.UNSPECIFIED.);
#397=EDGE_CURVE('',#372,#381,#396,.T.);
#398=ORIENTED_EDGE('',*,*,#397,.T.);
#399=CARTESIAN_POINT('',(35.0,0.0,0.0));
#400=DIRECTION('',(-1.0,0.0,0.0));
#401=DIRECTION('',(0.0,0.0,-1.0));
#402=AXIS2_PLACEMENT_3D('',#399,#400,#401);
#403=CIRCLE('',#402,38.500000000000000);
#404=EDGE_CURVE('',#381,#317,#403,.T.);
#405=ORIENTED_EDGE('',*,*,#404,.T.);
#406=EDGE_LOOP('',(#325,#334,#353,#362,#370,#379,#398,#405));
#407=FACE_BOUND('',#406,.T.);
#408=ORIENTED_EDGE('',*,*,#284,.F.);
#409=EDGE_LOOP('',(#408));
#410=FACE_BOUND('',#409,.T.);
#411=CARTESIAN_POINT('',(35.0,35.628601679236979,-14.589473684210523));
#412=VERTEX_POINT('',#411);
#413=CARTESIAN_POINT('',(59.000000000000021,35.628601679236979,-14.589473684210523));
#414=VERTEX_POINT('',#413);
#415=CARTESIAN_POINT('',(35.0,35.628601679236979,-14.589473684210523));
#416=DIRECTION('',(1.0,0.0,0.0));
#417=VECTOR('',#416,24.000000000000021);
#418=LINE('',#415,#417);
#419=EDGE_CURVE('',#412,#414,#418,.T.);
#420=ORIENTED_EDGE('',*,*,#419,.T.);
#421=CARTESIAN_POINT('',(59.000000000000021,37.549382716049379,-8.502579469999198));
#422=VERTEX_POINT('',#421);
#423=CARTESIAN_POINT('',(59.000000000000021,0.0,0.0));
#424=DIRECTION('',(1.0,0.0,0.0));
#425=DIRECTION('',(0.0,0.0,1.0));
#426=AXIS2_PLACEMENT_3D('',#423,#424,#425);
#427=CIRCLE('',#426,38.500000000000000);
#428=EDGE_CURVE('',#414,#422,#427,.T.);
#429=ORIENTED_EDGE('',*,*,#428,.T.);
#430=CARTESIAN_POINT('',(59.000000000000021,37.549382716049386,8.502579469999201));
#431=VERTEX_POINT('',#430);
#432=CARTESIAN_POINT('',(59.000000000000021,37.549382716049379,-8.502579469999198));
#433=CARTESIAN_POINT('',(59.000000000000021,37.867160034568116,-7.099200390316107));
#434=CARTESIAN_POINT('',(58.921263996398366,38.104626191640008,-5.686795404389063));
#435=CARTESIAN_POINT('',(58.819864743289457,38.342561989109576,-3.551194856000902));
#436=CARTESIAN_POINT('',(58.788151926041223,38.402149567553984,-2.835561479146032));
#437=CARTESIAN_POINT('',(58.743971596451694,38.481171240194968,-1.401770414009997));
#438=CARTESIAN_POINT('',(58.731758576252709,38.500481170154352,-0.686718853717326));
#439=CARTESIAN_POINT('',(58.732354088633528,38.499500636126115,0.739651192376142));
#440=CARTESIAN_POINT('',(58.745139664926555,38.479211450980799,1.450970261666429));
#441=CARTESIAN_POINT('',(58.789583408900008,38.399451967503509,2.870037836845200));
#442=CARTESIAN_POINT('',(58.821089865272327,38.339982766015837,3.577789602661603));
#443=CARTESIAN_POINT('',(58.921785138091067,38.102798953518288,5.696151302852424));
#444=CARTESIAN_POINT('',(59.000000000000043,37.866564847248462,7.101828876945629));
#445=CARTESIAN_POINT('',(59.000000000000021,37.549382716049379,8.502579469999201));
#446=B_SPLINE_CURVE_WITH_KNOTS('',3,(#432,#433,#434,#435,#436,#437,#438,#439,#440,#441,#442,#443,#444,#445),.UNSPECIFIED.,.F.,.U.,(4,2,2,2,2,2,4),(0.0,0.004316719998105,0.006475079997158,0.008633439996210,0.010791799995263,0.012950159994316,0.017266879992421),.UNSPECIFIED.);
#447=EDGE_CURVE('',#422,#431,#446,.T.);
#448=ORIENTED_EDGE('',*,*,#447,.T.);
#449=CARTESIAN_POINT('',(59.000000000000021,35.628601679236979,14.589473684210523));
#450=VERTEX_POINT('',#449);
#451=CARTESIAN_POINT('',(59.000000000000021,0.0,0.0));
#452=DIRECTION('',(1.0,0.0,0.0));
#453=DIRECTION('',(0.0,0.0,1.0));
#454=AXIS2_PLACEMENT_3D('',#451,#452,#453);
#455=CIRCLE('',#454,38.500000000000000);
#456=EDGE_CURVE('',#431,#450,#455,.T.);
#457=ORIENTED_EDGE('',*,*,#456,.T.);
#458=CARTESIAN_POINT('',(35.0,35.628601679236979,14.589473684210523));
#459=VERTEX_POINT('',#458);
#460=CARTESIAN_POINT('',(35.0,35.628601679236979,14.589473684210523));
#461=DIRECTION('',(1.0,0.0,0.0));
#462=VECTOR('',#461,24.000000000000021);
#463=LINE('',#460,#462);
#464=EDGE_CURVE('',#459,#450,#463,.T.);
#465=ORIENTED_EDGE('',*,*,#464,.F.);
#466=CARTESIAN_POINT('',(35.0,37.549382716049386,8.502579469999201));
#467=VERTEX_POINT('',#466);
#468=CARTESIAN_POINT('',(35.0,0.0,0.0));
#469=DIRECTION('',(-1.0,0.0,0.0));
#470=DIRECTION('',(0.0,0.0,-1.0));
#471=AXIS2_PLACEMENT_3D('',#468,#469,#470);
#472=CIRCLE('',#471,38.500000000000000);
#473=EDGE_CURVE('',#459,#467,#472,.T.);
#474=ORIENTED_EDGE('',*,*,#473,.T.);
#475=CARTESIAN_POINT('',(35.0,37.549382716049379,-8.502579469999198));
#476=VERTEX_POINT('',#475);
#477=CARTESIAN_POINT('',(35.0,37.549382716049379,8.502579469999201));
#478=CARTESIAN_POINT('',(35.000000000000014,37.866437107266577,7.102393006629435));
#479=CARTESIAN_POINT('',(35.078154936699811,38.102608395828121,5.697283572407129));
#480=CARTESIAN_POINT('',(35.178818431839645,38.339791421755955,3.579782871042702));
#481=CARTESIAN_POINT('',(35.210323193431137,38.399276033700843,2.872319561267749));
#482=CARTESIAN_POINT('',(35.254792562819105,38.479098116453756,1.453832080646700));
#483=CARTESIAN_POINT('',(35.267605741624187,38.499434493136199,0.742804655993944));
#484=CARTESIAN_POINT('',(35.268278528112148,38.500542265873534,-0.682978976204374));
#485=CARTESIAN_POINT('',(35.256114891939227,38.481312384985017,-1.397735773096172));
#486=CARTESIAN_POINT('',(35.212028249993992,38.402485301471998,-2.830934621714671));
#487=CARTESIAN_POINT('',(35.180348684680595,38.343001460665292,-3.546529730925712));
#488=CARTESIAN_POINT('',(35.078914104574196,38.105166247222840,-5.683382958343519));
#489=CARTESIAN_POINT('',(35.000000000000014,37.866856440865703,-7.100541131224468));
#490=CARTESIAN_POINT('',(35.0,37.549382716049379,-8.502579469999198));
#491=B_SPLINE_CURVE_WITH_KNOTS('',3,(#477,#478,#479,#480,#481,#482,#483,#484,#485,#486,#487,#488,#489,#490),.UNSPECIFIED.,.F.,.U.,(4,2,2,2,2,2,4),(0.0,0.004262752065296,0.006394128097944,0.008525504130592,0.010656880163240,0.012788256195888,0.017051008261184),.UNSPECIFIED.);
#492=EDGE_CURVE('',#467,#476,#491,.T.);
#493=ORIENTED_EDGE('',*,*,#492,.T.);
#494=CARTESIAN_POINT('',(35.0,0.0,0.0));
#495=DIRECTION('',(-1.0,0.0,0.0));
#496=DIRECTION('',(0.0,0.0,-1.0));
#497=AXIS2_PLACEMENT_3D('',#494,#495,#496);
#498=CIRCLE('',#497,38.500000000000000);
#499=EDGE_CURVE('',#476,#412,#498,.T.);
#500=ORIENTED_EDGE('',*,*,#499,.T.);
#501=EDGE_LOOP('',(#420,#429,#448,#457,#465,#474,#493,#500));
#502=FACE_BOUND('',#501,.T.);
#503=ADVANCED_FACE('',(#315,#407,#410,#502),#304,.T.);
#504=CARTESIAN_POINT('',(61.000000000000021,0.0,0.0));
#505=DIRECTION('',(-1.0,0.0,0.0));
#506=DIRECTION('',(0.0,0.0,1.0));
#507=AXIS2_PLACEMENT_3D('',#504,#505,#506);
#508=TOROIDAL_SURFACE('',#507,36.500000000000000,2.000000000000001);
#509=CARTESIAN_POINT('',(63.000000000000028,0.0,36.499999999999986));
#510=VERTEX_POINT('',#509);
#511=CARTESIAN_POINT('',(63.000000000000028,0.0,0.0));
#512=DIRECTION('',(-1.0,0.0,0.0));
#513=DIRECTION('',(0.0,0.0,1.0));
#514=AXIS2_PLACEMENT_3D('',#511,#512,#513);
#515=CIRCLE('',#514,36.499999999999986);
#516=EDGE_CURVE('',#510,#510,#515,.T.);
#517=ORIENTED_EDGE('',*,*,#516,.T.);
#518=EDGE_LOOP('',(#517));
#519=FACE_OUTER_BOUND('',#518,.T.);
#520=ORIENTED_EDGE('',*,*,#312,.F.);
#521=EDGE_LOOP('',(#520));
#522=FACE_BOUND('',#521,.T.);
#523=ADVANCED_FACE('',(#519,#522),#508,.T.);
#524=CARTESIAN_POINT('',(65.000000000000028,0.0,0.0));
#525=DIRECTION('',(-1.0,0.0,0.0));
#526=DIRECTION('',(0.0,0.0,1.0));
#527=AXIS2_PLACEMENT_3D('',#524,#525,#526);
#528=TOROIDAL_SURFACE('',#527,27.500000000000000,2.0);
#529=CARTESIAN_POINT('',(63.000000000000028,0.0,27.500000000000000));
#530=VERTEX_POINT('',#529);
#531=CARTESIAN_POINT('',(63.000000000000028,0.0,0.0));
#532=DIRECTION('',(-1.0,0.0,0.0));
#533=DIRECTION('',(0.0,0.0,1.0));
#534=AXIS2_PLACEMENT_3D('',#531,#532,#533);
#535=CIRCLE('',#534,27.500000000000000);
#536=EDGE_CURVE('',#530,#530,#535,.T.);
#537=ORIENTED_EDGE('',*,*,#536,.F.);
#538=EDGE_LOOP('',(#537));
#539=FACE_OUTER_BOUND('',#538,.T.);
#540=CARTESIAN_POINT('',(65.000000000000028,0.0,25.500000000000004));
#541=VERTEX_POINT('',#540);
#542=CARTESIAN_POINT('',(65.000000000000028,0.0,0.0));
#543=DIRECTION('',(-1.0,0.0,0.0));
#544=DIRECTION('',(0.0,0.0,1.0));
#545=AXIS2_PLACEMENT_3D('',#542,#543,#544);
#546=CIRCLE('',#545,25.500000000000004);
#547=EDGE_CURVE('',#541,#541,#546,.T.);
#548=ORIENTED_EDGE('',*,*,#547,.T.);
#549=EDGE_LOOP('',(#548));
#550=FACE_BOUND('',#549,.T.);
#551=ADVANCED_FACE('',(#539,#550),#528,.F.);
#552=CARTESIAN_POINT('',(0.0,0.0,0.0));
#553=DIRECTION('',(-1.0,0.0,0.0));
#554=DIRECTION('',(0.0,0.0,1.0));
#555=AXIS2_PLACEMENT_3D('',#552,#553,#554);
#556=CYLINDRICAL_SURFACE('',#555,22.200000000000003);
#557=ORIENTED_EDGE('',*,*,#84,.T.);
#558=EDGE_LOOP('',(#557));
#559=FACE_OUTER_BOUND('',#558,.T.);
#560=ORIENTED_EDGE('',*,*,#67,.T.);
#561=EDGE_LOOP('',(#560));
#562=FACE_BOUND('',#561,.T.);
#563=ADVANCED_FACE('',(#559,#562),#556,.T.);
#564=CARTESIAN_POINT('',(67.500000000000000,0.0,0.0));
#565=DIRECTION('',(1.0,0.0,0.0));
#566=DIRECTION('',(0.0,0.0,-1.0));
#567=AXIS2_PLACEMENT_3D('',#564,#565,#566);
#568=CONICAL_SURFACE('',#567,22.500000000000000,14.999999999999693);
#569=ORIENTED_EDGE('',*,*,#95,.T.);
#570=EDGE_LOOP('',(#569));
#571=FACE_OUTER_BOUND('',#570,.T.);
#572=CARTESIAN_POINT('',(67.500000000000000,2.755364E-015,-22.500000000000000));
#573=VERTEX_POINT('',#572);
#574=CARTESIAN_POINT('',(67.500000000000000,0.0,0.0));
#575=DIRECTION('',(-1.0,0.0,0.0));
#576=DIRECTION('',(0.0,0.0,1.0));
#577=AXIS2_PLACEMENT_3D('',#574,#575,#576);
#578=CIRCLE('',#577,22.500000000000000);
#579=EDGE_CURVE('',#573,#573,#578,.T.);
#580=ORIENTED_EDGE('',*,*,#579,.T.);
#581=EDGE_LOOP('',(#580));
#582=FACE_BOUND('',#581,.T.);
#583=ADVANCED_FACE('',(#571,#582),#568,.T.);
#584=CARTESIAN_POINT('',(0.0,0.0,0.0));
#585=DIRECTION('',(-1.0,0.0,0.0));
#586=DIRECTION('',(0.0,0.0,1.0));
#587=AXIS2_PLACEMENT_3D('',#584,#585,#586);
#588=CYLINDRICAL_SURFACE('',#587,22.500000000000000);
#589=CARTESIAN_POINT('',(81.000000000000028,0.0,22.500000000000000));
#590=VERTEX_POINT('',#589);
#591=CARTESIAN_POINT('',(81.000000000000028,0.0,0.0));
#592=DIRECTION('',(-1.0,0.0,0.0));
#593=DIRECTION('',(0.0,0.0,1.0));
#594=AXIS2_PLACEMENT_3D('',#591,#592,#593);
#595=CIRCLE('',#594,22.500000000000000);
#596=EDGE_CURVE('',#590,#590,#595,.T.);
#597=ORIENTED_EDGE('',*,*,#596,.T.);
#598=EDGE_LOOP('',(#597));
#599=FACE_OUTER_BOUND('',#598,.T.);
#600=ORIENTED_EDGE('',*,*,#579,.F.);
#601=EDGE_LOOP('',(#600));
#602=FACE_BOUND('',#601,.T.);
#603=ADVANCED_FACE('',(#599,#602),#588,.T.);
#604=CARTESIAN_POINT('',(0.0,0.0,0.0));
#605=DIRECTION('',(-1.0,0.0,0.0));
#606=DIRECTION('',(0.0,0.0,1.0));
#607=AXIS2_PLACEMENT_3D('',#604,#605,#606);
#608=CYLINDRICAL_SURFACE('',#607,14.999999999999996);
#609=CARTESIAN_POINT('',(81.000000000000028,-4.0,-14.456832294800957));
#610=VERTEX_POINT('',#609);
#611=CARTESIAN_POINT('',(81.000000000000028,4.0,-14.456832294800957));
#612=VERTEX_POINT('',#611);
#613=CARTESIAN_POINT('',(81.000000000000028,0.0,0.0));
#614=DIRECTION('',(-1.0,0.0,0.0));
#615=DIRECTION('',(0.0,0.0,1.0));
#616=AXIS2_PLACEMENT_3D('',#613,#614,#615);
#617=CIRCLE('',#616,14.999999999999996);
#618=EDGE_CURVE('',#610,#612,#617,.T.);
#619=ORIENTED_EDGE('',*,*,#618,.F.);
#620=CARTESIAN_POINT('',(0.0,-4.0,-14.456832294800957));
#621=VERTEX_POINT('',#620);
#622=CARTESIAN_POINT('',(81.000000000000028,-4.0,-14.456832294800957));
#623=DIRECTION('',(-1.0,0.0,0.0));
#624=VECTOR('',#623,81.000000000000028);
#625=LINE('',#622,#624);
#626=EDGE_CURVE('',#610,#621,#625,.T.);
#627=ORIENTED_EDGE('',*,*,#626,.T.);
#628=CARTESIAN_POINT('',(0.0,4.0,-14.456832294800957));
#629=VERTEX_POINT('',#628);
#630=CARTESIAN_POINT('',(8.012011E-015,0.0,0.0));
#631=DIRECTION('',(-1.0,0.0,0.0));
#632=DIRECTION('',(0.0,0.0,1.0));
#633=AXIS2_PLACEMENT_3D('',#630,#631,#632);
#634=CIRCLE('',#633,14.999999999999991);
#635=EDGE_CURVE('',#621,#629,#634,.T.);
#636=ORIENTED_EDGE('',*,*,#635,.T.);
#637=CARTESIAN_POINT('',(0.0,4.0,-14.456832294800957));
#638=DIRECTION('',(1.0,0.0,0.0));
#639=VECTOR('',#638,81.000000000000028);
#640=LINE('',#637,#639);
#641=EDGE_CURVE('',#629,#612,#640,.T.);
#642=ORIENTED_EDGE('',*,*,#641,.T.);
#643=EDGE_LOOP('',(#619,#627,#636,#642));
#644=FACE_OUTER_BOUND('',#643,.T.);
#645=ADVANCED_FACE('',(#644),#608,.F.);
#646=CARTESIAN_POINT('',(0.0,0.0,0.0));
#647=DIRECTION('',(-1.0,0.0,0.0));
#648=DIRECTION('',(0.0,0.0,1.0));
#649=AXIS2_PLACEMENT_3D('',#646,#647,#648);
#650=CYLINDRICAL_SURFACE('',#649,22.500000000000000);
#651=ORIENTED_EDGE('',*,*,#227,.T.);
#652=EDGE_LOOP('',(#651));
#653=FACE_OUTER_BOUND('',#652,.T.);
#654=CARTESIAN_POINT('',(6.175041E-015,0.0,22.500000000000000));
#655=VERTEX_POINT('',#654);
#656=CARTESIAN_POINT('',(6.175041E-015,0.0,0.0));
#657=DIRECTION('',(-1.0,0.0,0.0));
#658=DIRECTION('',(0.0,0.0,1.0));
#659=AXIS2_PLACEMENT_3D('',#656,#657,#658);
#660=CIRCLE('',#659,22.500000000000000);
#661=EDGE_CURVE('',#655,#655,#660,.T.);
#662=ORIENTED_EDGE('',*,*,#661,.F.);
#663=EDGE_LOOP('',(#662));
#664=FACE_BOUND('',#663,.T.);
#665=ADVANCED_FACE('',(#653,#664),#650,.T.);
#666=CARTESIAN_POINT('',(37.000000000000014,38.500000000000000,0.0));
#667=DIRECTION('',(1.0,0.0,0.0));
#668=DIRECTION('',(0.0,0.0,-1.0));
#669=AXIS2_PLACEMENT_3D('',#666,#667,#668);
#670=PLANE('',#669);
#671=CARTESIAN_POINT('',(37.000000000000014,39.143002971794445,-10.395927969647079));
#672=VERTEX_POINT('',#671);
#673=CARTESIAN_POINT('',(37.000000000000014,39.500000000000000,-10.181311430692952));
#674=VERTEX_POINT('',#673);
#675=CARTESIAN_POINT('',(37.000000000000014,43.957365708149538,-18.0));
#676=DIRECTION('',(-1.0,0.0,0.0));
#677=DIRECTION('',(0.0,0.0,-1.0));
#678=AXIS2_PLACEMENT_3D('',#675,#676,#677);
#679=CIRCLE('',#678,9.000000000000004);
#680=EDGE_CURVE('',#672,#674,#679,.T.);
#681=ORIENTED_EDGE('',*,*,#680,.F.);
#682=CARTESIAN_POINT('',(37.000000000000014,39.500000000000000,-8.944271909999156));
#683=VERTEX_POINT('',#682);
#684=CARTESIAN_POINT('',(37.000000000000014,0.0,0.0));
#685=DIRECTION('',(1.0,0.0,0.0));
#686=DIRECTION('',(0.0,0.0,-1.0));
#687=AXIS2_PLACEMENT_3D('',#684,#685,#686);
#688=CIRCLE('',#687,40.500000000000000);
#689=EDGE_CURVE('',#672,#683,#688,.T.);
#690=ORIENTED_EDGE('',*,*,#689,.T.);
#691=CARTESIAN_POINT('',(37.000000000000014,39.500000000000000,-10.181311430692952));
#692=DIRECTION('',(0.0,0.0,1.0));
#693=VECTOR('',#692,1.237039520693797);
#694=LINE('',#691,#693);
#695=EDGE_CURVE('',#674,#683,#694,.T.);
#696=ORIENTED_EDGE('',*,*,#695,.F.);
#697=EDGE_LOOP('',(#681,#690,#696));
#698=FACE_OUTER_BOUND('',#697,.T.);
#699=ADVANCED_FACE('',(#698),#670,.F.);
#700=CARTESIAN_POINT('',(57.000000000000028,61.000000000000007,0.0));
#701=DIRECTION('',(-1.0,0.0,0.0));
#702=DIRECTION('',(0.0,0.0,1.0));
#703=AXIS2_PLACEMENT_3D('',#700,#701,#702);
#704=PLANE('',#703);
#705=CARTESIAN_POINT('',(57.000000000000028,39.500000000000000,10.181311430692952));
#706=VERTEX_POINT('',#705);
#707=CARTESIAN_POINT('',(57.000000000000028,39.143002971794445,10.395927969647069));
#708=VERTEX_POINT('',#707);
#709=CARTESIAN_POINT('',(57.000000000000028,43.957365708149538,18.0));
#710=DIRECTION('',(-1.0,0.0,0.0));
#711=DIRECTION('',(0.0,0.0,1.0));
#712=AXIS2_PLACEMENT_3D('',#709,#710,#711);
#713=CIRCLE('',#712,9.000000000000004);
#714=EDGE_CURVE('',#706,#708,#713,.T.);
#715=ORIENTED_EDGE('',*,*,#714,.T.);
#716=CARTESIAN_POINT('',(57.000000000000028,39.500000000000000,8.944271909999156));
#717=VERTEX_POINT('',#716);
#718=CARTESIAN_POINT('',(57.000000000000028,0.0,0.0));
#719=DIRECTION('',(-1.0,0.0,0.0));
#720=DIRECTION('',(0.0,0.0,1.0));
#721=AXIS2_PLACEMENT_3D('',#718,#719,#720);
#722=CIRCLE('',#721,40.500000000000000);
#723=EDGE_CURVE('',#708,#717,#722,.T.);
#724=ORIENTED_EDGE('',*,*,#723,.T.);
#725=CARTESIAN_POINT('',(57.000000000000028,39.500000000000000,8.944271909999156));
#726=DIRECTION('',(0.0,0.0,1.0));
#727=VECTOR('',#726,1.237039520693797);
#728=LINE('',#725,#727);
#729=EDGE_CURVE('',#717,#706,#728,.T.);
#730=ORIENTED_EDGE('',*,*,#729,.T.);
#731=EDGE_LOOP('',(#715,#724,#730));
#732=FACE_OUTER_BOUND('',#731,.T.);
#733=ADVANCED_FACE('',(#732),#704,.F.);
#734=CARTESIAN_POINT('',(37.000000000000014,38.500000000000000,0.0));
#735=DIRECTION('',(1.0,0.0,0.0));
#736=DIRECTION('',(0.0,0.0,-1.0));
#737=AXIS2_PLACEMENT_3D('',#734,#735,#736);
#738=PLANE('',#737);
#739=CARTESIAN_POINT('',(37.000000000000014,-39.143002971794445,10.395927969647069));
#740=VERTEX_POINT('',#739);
#741=CARTESIAN_POINT('',(37.000000000000014,-39.500000000000000,10.181311430692952));
#742=VERTEX_POINT('',#741);
#743=CARTESIAN_POINT('',(37.000000000000014,-43.957365708149538,18.0));
#744=DIRECTION('',(-1.0,0.0,0.0));
#745=DIRECTION('',(0.0,0.0,-1.0));
#746=AXIS2_PLACEMENT_3D('',#743,#744,#745);
#747=CIRCLE('',#746,9.000000000000004);
#748=EDGE_CURVE('',#740,#742,#747,.T.);
#749=ORIENTED_EDGE('',*,*,#748,.F.);
#750=CARTESIAN_POINT('',(37.000000000000014,-39.500000000000000,8.944271909999156));
#751=VERTEX_POINT('',#750);
#752=CARTESIAN_POINT('',(37.000000000000014,0.0,0.0));
#753=DIRECTION('',(1.0,0.0,0.0));
#754=DIRECTION('',(0.0,0.0,-1.0));
#755=AXIS2_PLACEMENT_3D('',#752,#753,#754);
#756=CIRCLE('',#755,40.500000000000000);
#757=EDGE_CURVE('',#740,#751,#756,.T.);
#758=ORIENTED_EDGE('',*,*,#757,.T.);
#759=CARTESIAN_POINT('',(37.000000000000014,-39.500000000000000,8.944271909999156));
#760=DIRECTION('',(0.0,0.0,1.0));
#761=VECTOR('',#760,1.237039520693797);
#762=LINE('',#759,#761);
#763=EDGE_CURVE('',#751,#742,#762,.T.);
#764=ORIENTED_EDGE('',*,*,#763,.T.);
#765=EDGE_LOOP('',(#749,#758,#764));
#766=FACE_OUTER_BOUND('',#765,.T.);
#767=ADVANCED_FACE('',(#766),#738,.F.);
#768=CARTESIAN_POINT('',(57.000000000000028,61.000000000000007,0.0));
#769=DIRECTION('',(-1.0,0.0,0.0));
#770=DIRECTION('',(0.0,0.0,1.0));
#771=AXIS2_PLACEMENT_3D('',#768,#769,#770);
#772=PLANE('',#771);
#773=CARTESIAN_POINT('',(57.000000000000028,-39.500000000000000,-10.181311430692952));
#774=VERTEX_POINT('',#773);
#775=CARTESIAN_POINT('',(57.000000000000028,-39.143002971794445,-10.395927969647079));
#776=VERTEX_POINT('',#775);
#777=CARTESIAN_POINT('',(57.000000000000028,-43.957365708149538,-18.0));
#778=DIRECTION('',(-1.0,0.0,0.0));
#779=DIRECTION('',(0.0,0.0,1.0));
#780=AXIS2_PLACEMENT_3D('',#777,#778,#779);
#781=CIRCLE('',#780,9.000000000000004);
#782=EDGE_CURVE('',#774,#776,#781,.T.);
#783=ORIENTED_EDGE('',*,*,#782,.T.);
#784=CARTESIAN_POINT('',(57.000000000000028,-39.500000000000000,-8.944271909999156));
#785=VERTEX_POINT('',#784);
#786=CARTESIAN_POINT('',(57.000000000000028,0.0,0.0));
#787=DIRECTION('',(-1.0,0.0,0.0));
#788=DIRECTION('',(0.0,0.0,1.0));
#789=AXIS2_PLACEMENT_3D('',#786,#787,#788);
#790=CIRCLE('',#789,40.500000000000000);
#791=EDGE_CURVE('',#776,#785,#790,.T.);
#792=ORIENTED_EDGE('',*,*,#791,.T.);
#793=CARTESIAN_POINT('',(57.000000000000028,-39.500000000000000,-10.181311430692952));
#794=DIRECTION('',(0.0,0.0,1.0));
#795=VECTOR('',#794,1.237039520693797);
#796=LINE('',#793,#795);
#797=EDGE_CURVE('',#774,#785,#796,.T.);
#798=ORIENTED_EDGE('',*,*,#797,.F.);
#799=EDGE_LOOP('',(#783,#792,#798));
#800=FACE_OUTER_BOUND('',#799,.T.);
#801=ADVANCED_FACE('',(#800),#772,.F.);
#802=CARTESIAN_POINT('',(57.000000000000028,61.000000000000007,0.0));
#803=DIRECTION('',(-1.0,0.0,0.0));
#804=DIRECTION('',(0.0,0.0,1.0));
#805=AXIS2_PLACEMENT_3D('',#802,#803,#804);
#806=PLANE('',#805);
#807=CARTESIAN_POINT('',(57.000000000000028,39.500000000000000,-10.181311430692952));
#808=VERTEX_POINT('',#807);
#809=CARTESIAN_POINT('',(57.000000000000028,39.500000000000000,-8.944271909999156));
#810=VERTEX_POINT('',#809);
#811=CARTESIAN_POINT('',(57.000000000000028,39.500000000000000,-10.181311430692952));
#812=DIRECTION('',(0.0,0.0,1.0));
#813=VECTOR('',#812,1.237039520693797);
#814=LINE('',#811,#813);
#815=EDGE_CURVE('',#808,#810,#814,.T.);
#816=ORIENTED_EDGE('',*,*,#815,.T.);
#817=CARTESIAN_POINT('',(57.000000000000028,39.143002971794445,-10.395927969647079));
#818=VERTEX_POINT('',#817);
#819=CARTESIAN_POINT('',(57.000000000000028,0.0,0.0));
#820=DIRECTION('',(-1.0,0.0,0.0));
#821=DIRECTION('',(0.0,0.0,1.0));
#822=AXIS2_PLACEMENT_3D('',#819,#820,#821);
#823=CIRCLE('',#822,40.500000000000000);
#824=EDGE_CURVE('',#810,#818,#823,.T.);
#825=ORIENTED_EDGE('',*,*,#824,.T.);
#826=CARTESIAN_POINT('',(57.000000000000028,43.957365708149538,-18.0));
#827=DIRECTION('',(1.0,0.0,0.0));
#828=DIRECTION('',(0.0,0.0,1.0));
#829=AXIS2_PLACEMENT_3D('',#826,#827,#828);
#830=CIRCLE('',#829,9.000000000000004);
#831=EDGE_CURVE('',#808,#818,#830,.T.);
#832=ORIENTED_EDGE('',*,*,#831,.F.);
#833=EDGE_LOOP('',(#816,#825,#832));
#834=FACE_OUTER_BOUND('',#833,.T.);
#835=ADVANCED_FACE('',(#834),#806,.F.);
#836=CARTESIAN_POINT('',(37.000000000000014,38.500000000000000,0.0));
#837=DIRECTION('',(1.0,0.0,0.0));
#838=DIRECTION('',(0.0,0.0,-1.0));
#839=AXIS2_PLACEMENT_3D('',#836,#837,#838);
#840=PLANE('',#839);
#841=CARTESIAN_POINT('',(37.000000000000014,39.500000000000000,8.944271909999156));
#842=VERTEX_POINT('',#841);
#843=CARTESIAN_POINT('',(37.000000000000014,39.500000000000000,10.181311430692952));
#844=VERTEX_POINT('',#843);
#845=CARTESIAN_POINT('',(37.000000000000014,39.500000000000000,8.944271909999156));
#846=DIRECTION('',(0.0,0.0,1.0));
#847=VECTOR('',#846,1.237039520693797);
#848=LINE('',#845,#847);
#849=EDGE_CURVE('',#842,#844,#848,.T.);
#850=ORIENTED_EDGE('',*,*,#849,.F.);
#851=CARTESIAN_POINT('',(37.000000000000014,39.143002971794445,10.395927969647069));
#852=VERTEX_POINT('',#851);
#853=CARTESIAN_POINT('',(37.000000000000014,0.0,0.0));
#854=DIRECTION('',(1.0,0.0,0.0));
#855=DIRECTION('',(0.0,0.0,-1.0));
#856=AXIS2_PLACEMENT_3D('',#853,#854,#855);
#857=CIRCLE('',#856,40.500000000000000);
#858=EDGE_CURVE('',#842,#852,#857,.T.);
#859=ORIENTED_EDGE('',*,*,#858,.T.);
#860=CARTESIAN_POINT('',(37.000000000000014,43.957365708149538,18.0));
#861=DIRECTION('',(1.0,0.0,0.0));
#862=DIRECTION('',(0.0,0.0,-1.0));
#863=AXIS2_PLACEMENT_3D('',#860,#861,#862);
#864=CIRCLE('',#863,9.000000000000004);
#865=EDGE_CURVE('',#852,#844,#864,.T.);
#866=ORIENTED_EDGE('',*,*,#865,.T.);
#867=EDGE_LOOP('',(#850,#859,#866));
#868=FACE_OUTER_BOUND('',#867,.T.);
#869=ADVANCED_FACE('',(#868),#840,.F.);
#870=CARTESIAN_POINT('',(57.000000000000028,61.000000000000007,0.0));
#871=DIRECTION('',(-1.0,0.0,0.0));
#872=DIRECTION('',(0.0,0.0,1.0));
#873=AXIS2_PLACEMENT_3D('',#870,#871,#872);
#874=PLANE('',#873);
#875=CARTESIAN_POINT('',(57.000000000000028,-39.500000000000000,8.944271909999156));
#876=VERTEX_POINT('',#875);
#877=CARTESIAN_POINT('',(57.000000000000028,-39.500000000000000,10.181311430692947));
#878=VERTEX_POINT('',#877);
#879=CARTESIAN_POINT('',(57.000000000000028,-39.500000000000000,8.944271909999156));
#880=DIRECTION('',(0.0,0.0,1.0));
#881=VECTOR('',#880,1.237039520693791);
#882=LINE('',#879,#881);
#883=EDGE_CURVE('',#876,#878,#882,.T.);
#884=ORIENTED_EDGE('',*,*,#883,.F.);
#885=CARTESIAN_POINT('',(57.000000000000028,-39.143002971794445,10.395927969647069));
#886=VERTEX_POINT('',#885);
#887=CARTESIAN_POINT('',(57.000000000000028,0.0,0.0));
#888=DIRECTION('',(-1.0,0.0,0.0));
#889=DIRECTION('',(0.0,0.0,1.0));
#890=AXIS2_PLACEMENT_3D('',#887,#888,#889);
#891=CIRCLE('',#890,40.500000000000000);
#892=EDGE_CURVE('',#876,#886,#891,.T.);
#893=ORIENTED_EDGE('',*,*,#892,.T.);
#894=CARTESIAN_POINT('',(57.000000000000028,-43.957365708149538,18.0));
#895=DIRECTION('',(1.0,0.0,0.0));
#896=DIRECTION('',(0.0,0.0,1.0));
#897=AXIS2_PLACEMENT_3D('',#894,#895,#896);
#898=CIRCLE('',#897,9.000000000000004);
#899=EDGE_CURVE('',#878,#886,#898,.T.);
#900=ORIENTED_EDGE('',*,*,#899,.F.);
#901=EDGE_LOOP('',(#884,#893,#900));
#902=FACE_OUTER_BOUND('',#901,.T.);
#903=ADVANCED_FACE('',(#902),#874,.F.);
#904=CARTESIAN_POINT('',(37.000000000000014,38.500000000000000,0.0));
#905=DIRECTION('',(1.0,0.0,0.0));
#906=DIRECTION('',(0.0,0.0,-1.0));
#907=AXIS2_PLACEMENT_3D('',#904,#905,#906);
#908=PLANE('',#907);
#909=CARTESIAN_POINT('',(37.000000000000014,-39.500000000000000,-10.181311430692952));
#910=VERTEX_POINT('',#909);
#911=CARTESIAN_POINT('',(37.000000000000014,-39.500000000000000,-8.944271909999156));
#912=VERTEX_POINT('',#911);
#913=CARTESIAN_POINT('',(37.000000000000014,-39.500000000000000,-10.181311430692952));
#914=DIRECTION('',(0.0,0.0,1.0));
#915=VECTOR('',#914,1.237039520693797);
#916=LINE('',#913,#915);
#917=EDGE_CURVE('',#910,#912,#916,.T.);
#918=ORIENTED_EDGE('',*,*,#917,.T.);
#919=CARTESIAN_POINT('',(37.000000000000014,-39.143002971794445,-10.395927969647079));
#920=VERTEX_POINT('',#919);
#921=CARTESIAN_POINT('',(37.000000000000014,0.0,0.0));
#922=DIRECTION('',(1.0,0.0,0.0));
#923=DIRECTION('',(0.0,0.0,-1.0));
#924=AXIS2_PLACEMENT_3D('',#921,#922,#923);
#925=CIRCLE('',#924,40.500000000000000);
#926=EDGE_CURVE('',#912,#920,#925,.T.);
#927=ORIENTED_EDGE('',*,*,#926,.T.);
#928=CARTESIAN_POINT('',(37.000000000000014,-43.957365708149538,-18.0));
#929=DIRECTION('',(1.0,0.0,0.0));
#930=DIRECTION('',(0.0,0.0,-1.0));
#931=AXIS2_PLACEMENT_3D('',#928,#929,#930);
#932=CIRCLE('',#931,9.000000000000004);
#933=EDGE_CURVE('',#920,#910,#932,.T.);
#934=ORIENTED_EDGE('',*,*,#933,.T.);
#935=EDGE_LOOP('',(#918,#927,#934));
#936=FACE_OUTER_BOUND('',#935,.T.);
#937=ADVANCED_FACE('',(#936),#908,.F.);
#938=CARTESIAN_POINT('',(7.093526E-015,14.999999999999991,0.0));
#939=DIRECTION('',(1.0,0.0,0.0));
#940=DIRECTION('',(0.0,0.0,-1.0));
#941=AXIS2_PLACEMENT_3D('',#938,#939,#940);
#942=PLANE('',#941);
#943=ORIENTED_EDGE('',*,*,#661,.T.);
#944=EDGE_LOOP('',(#943));
#945=FACE_OUTER_BOUND('',#944,.T.);
#946=CARTESIAN_POINT('',(0.0,4.0,-18.300000000000004));
#947=VERTEX_POINT('',#946);
#948=CARTESIAN_POINT('',(0.0,-4.0,-18.300000000000004));
#949=VERTEX_POINT('',#948);
#950=CARTESIAN_POINT('',(0.0,4.0,-18.300000000000004));
#951=DIRECTION('',(0.0,-1.0,0.0));
#952=VECTOR('',#951,8.0);
#953=LINE('',#950,#952);
#954=EDGE_CURVE('',#947,#949,#953,.T.);
#955=ORIENTED_EDGE('',*,*,#954,.F.);
#956=CARTESIAN_POINT('',(0.0,4.0,-14.456832294800957));
#957=DIRECTION('',(0.0,0.0,-1.0));
#958=VECTOR('',#957,3.843167705199047);
#959=LINE('',#956,#958);
#960=EDGE_CURVE('',#629,#947,#959,.T.);
#961=ORIENTED_EDGE('',*,*,#960,.F.);
#962=ORIENTED_EDGE('',*,*,#635,.F.);
#963=CARTESIAN_POINT('',(0.0,-4.0,-18.300000000000004));
#964=DIRECTION('',(0.0,0.0,1.0));
#965=VECTOR('',#964,3.843167705199047);
#966=LINE('',#963,#965);
#967=EDGE_CURVE('',#949,#621,#966,.T.);
#968=ORIENTED_EDGE('',*,*,#967,.F.);
#969=EDGE_LOOP('',(#955,#961,#962,#968));
#970=FACE_BOUND('',#969,.T.);
#971=ADVANCED_FACE('',(#945,#970),#942,.F.);
#972=CARTESIAN_POINT('',(81.000000000000028,22.500000000000000,0.0));
#973=DIRECTION('',(-1.0,0.0,0.0));
#974=DIRECTION('',(0.0,0.0,1.0));
#975=AXIS2_PLACEMENT_3D('',#972,#973,#974);
#976=PLANE('',#975);
#977=ORIENTED_EDGE('',*,*,#596,.F.);
#978=EDGE_LOOP('',(#977));
#979=FACE_OUTER_BOUND('',#978,.T.);
#980=ORIENTED_EDGE('',*,*,#618,.T.);
#981=CARTESIAN_POINT('',(81.000000000000028,4.0,-18.300000000000004));
#982=VERTEX_POINT('',#981);
#983=CARTESIAN_POINT('',(81.000000000000028,4.0,-14.456832294800957));
#984=DIRECTION('',(0.0,0.0,-1.0));
#985=VECTOR('',#984,3.843167705199047);
#986=LINE('',#983,#985);
#987=EDGE_CURVE('',#612,#982,#986,.T.);
#988=ORIENTED_EDGE('',*,*,#987,.T.);
#989=CARTESIAN_POINT('',(81.000000000000028,-4.0,-18.300000000000004));
#990=VERTEX_POINT('',#989);
#991=CARTESIAN_POINT('',(81.000000000000028,4.0,-18.300000000000004));
#992=DIRECTION('',(0.0,-1.0,0.0));
#993=VECTOR('',#992,8.0);
#994=LINE('',#991,#993);
#995=EDGE_CURVE('',#982,#990,#994,.T.);
#996=ORIENTED_EDGE('',*,*,#995,.T.);
#997=CARTESIAN_POINT('',(81.000000000000028,-4.0,-18.300000000000004));
#998=DIRECTION('',(0.0,0.0,1.0));
#999=VECTOR('',#998,3.843167705199047);
#1000=LINE('',#997,#999);
#1001=EDGE_CURVE('',#990,#610,#1000,.T.);
#1002=ORIENTED_EDGE('',*,*,#1001,.T.);
#1003=EDGE_LOOP('',(#980,#988,#996,#1002));
#1004=FACE_BOUND('',#1003,.T.);
#1005=ADVANCED_FACE('',(#979,#1004),#976,.F.);
#1006=CARTESIAN_POINT('',(65.000000000000028,25.500000000000004,0.0));
#1007=DIRECTION('',(-1.0,0.0,0.0));
#1008=DIRECTION('',(0.0,0.0,1.0));
#1009=AXIS2_PLACEMENT_3D('',#1006,#1007,#1008);
#1010=PLANE('',#1009);
#1011=ORIENTED_EDGE('',*,*,#547,.F.);
#1012=EDGE_LOOP('',(#1011));
#1013=FACE_OUTER_BOUND('',#1012,.T.);
#1014=ORIENTED_EDGE('',*,*,#56,.T.);
#1015=EDGE_LOOP('',(#1014));
#1016=FACE_BOUND('',#1015,.T.);
#1017=ADVANCED_FACE('',(#1013,#1016),#1010,.F.);
#1018=CARTESIAN_POINT('',(63.000000000000028,36.499999999999986,0.0));
#1019=DIRECTION('',(-1.0,0.0,0.0));
#1020=DIRECTION('',(0.0,0.0,1.0));
#1021=AXIS2_PLACEMENT_3D('',#1018,#1019,#1020);
#1022=PLANE('',#1021);
#1023=ORIENTED_EDGE('',*,*,#516,.F.);
#1024=EDGE_LOOP('',(#1023));
#1025=FACE_OUTER_BOUND('',#1024,.T.);
#1026=ORIENTED_EDGE('',*,*,#536,.T.);
#1027=EDGE_LOOP('',(#1026));
#1028=FACE_BOUND('',#1027,.T.);
#1029=ADVANCED_FACE('',(#1025,#1028),#1022,.F.);
#1030=CARTESIAN_POINT('',(31.000000000000014,27.500000000000000,0.0));
#1031=DIRECTION('',(1.0,0.0,0.0));
#1032=DIRECTION('',(0.0,0.0,-1.0));
#1033=AXIS2_PLACEMENT_3D('',#1030,#1031,#1032);
#1034=PLANE('',#1033);
#1035=ORIENTED_EDGE('',*,*,#295,.T.);
#1036=EDGE_LOOP('',(#1035));
#1037=FACE_OUTER_BOUND('',#1036,.T.);
#1038=ORIENTED_EDGE('',*,*,#267,.F.);
#1039=EDGE_LOOP('',(#1038));
#1040=FACE_BOUND('',#1039,.T.);
#1041=ADVANCED_FACE('',(#1037,#1040),#1034,.F.);
#1042=CARTESIAN_POINT('',(29.000000000000014,22.200000000000003,0.0));
#1043=DIRECTION('',(1.0,0.0,0.0));
#1044=DIRECTION('',(0.0,0.0,-1.0));
#1045=AXIS2_PLACEMENT_3D('',#1042,#1043,#1044);
#1046=PLANE('',#1045);
#1047=ORIENTED_EDGE('',*,*,#256,.T.);
#1048=EDGE_LOOP('',(#1047));
#1049=FACE_OUTER_BOUND('',#1048,.T.);
#1050=ORIENTED_EDGE('',*,*,#112,.T.);
#1051=EDGE_LOOP('',(#1050));
#1052=FACE_BOUND('',#1051,.T.);
#1053=ADVANCED_FACE('',(#1049,#1052),#1046,.F.);
#1054=CARTESIAN_POINT('',(0.0,52.0,0.0));
#1055=DIRECTION('',(1.0,0.0,0.0));
#1056=DIRECTION('',(0.0,0.0,-1.0));
#1057=AXIS2_PLACEMENT_3D('',#1054,#1055,#1056);
#1058=CYLINDRICAL_SURFACE('',#1057,9.0);
#1059=CARTESIAN_POINT('',(38.500000000000014,52.0,9.0));
#1060=VERTEX_POINT('',#1059);
#1061=CARTESIAN_POINT('',(38.500000000000014,52.0,-9.000000000000011));
#1062=VERTEX_POINT('',#1061);
#1063=CARTESIAN_POINT('',(38.500000000000014,52.0,0.0));
#1064=DIRECTION('',(-1.0,0.0,0.0));
#1065=DIRECTION('',(0.0,0.0,-1.0));
#1066=AXIS2_PLACEMENT_3D('',#1063,#1064,#1065);
#1067=CIRCLE('',#1066,9.0);
#1068=EDGE_CURVE('',#1060,#1062,#1067,.T.);
#1069=ORIENTED_EDGE('',*,*,#1068,.F.);
#1070=CARTESIAN_POINT('',(55.500000000000028,52.0,9.0));
#1071=VERTEX_POINT('',#1070);
#1072=CARTESIAN_POINT('',(38.500000000000014,52.0,9.0));
#1073=DIRECTION('',(1.0,0.0,0.0));
#1074=VECTOR('',#1073,17.000000000000014);
#1075=LINE('',#1072,#1074);
#1076=EDGE_CURVE('',#1060,#1071,#1075,.T.);
#1077=ORIENTED_EDGE('',*,*,#1076,.T.);
#1078=CARTESIAN_POINT('',(55.500000000000028,52.0,-9.000000000000011));
#1079=VERTEX_POINT('',#1078);
#1080=CARTESIAN_POINT('',(55.500000000000028,52.0,0.0));
#1081=DIRECTION('',(1.0,0.0,0.0));
#1082=DIRECTION('',(0.0,0.0,1.0));
#1083=AXIS2_PLACEMENT_3D('',#1080,#1081,#1082);
#1084=CIRCLE('',#1083,9.0);
#1085=EDGE_CURVE('',#1079,#1071,#1084,.T.);
#1086=ORIENTED_EDGE('',*,*,#1085,.F.);
#1087=CARTESIAN_POINT('',(38.500000000000014,52.0,-9.000000000000011));
#1088=DIRECTION('',(1.0,0.0,0.0));
#1089=VECTOR('',#1088,17.000000000000014);
#1090=LINE('',#1087,#1089);
#1091=EDGE_CURVE('',#1062,#1079,#1090,.T.);
#1092=ORIENTED_EDGE('',*,*,#1091,.F.);
#1093=EDGE_LOOP('',(#1069,#1077,#1086,#1092));
#1094=FACE_OUTER_BOUND('',#1093,.T.);
#1095=ADVANCED_FACE('',(#1094),#1058,.T.);
#1096=CARTESIAN_POINT('',(0.0,-3.091745E-014,9.000000000000005));
#1097=DIRECTION('',(0.0,0.0,1.0));
#1098=DIRECTION('',(1.0,0.0,0.0));
#1099=AXIS2_PLACEMENT_3D('',#1096,#1097,#1098);
#1100=PLANE('',#1099);
#1101=CARTESIAN_POINT('',(38.500000000000014,43.957365708149538,9.000000000000014));
#1102=VERTEX_POINT('',#1101);
#1103=CARTESIAN_POINT('',(38.500000000000014,43.957365708149538,9.000000000000014));
#1104=DIRECTION('',(0.0,1.0,0.0));
#1105=VECTOR('',#1104,8.042634291850462);
#1106=LINE('',#1103,#1105);
#1107=EDGE_CURVE('',#1102,#1060,#1106,.T.);
#1108=ORIENTED_EDGE('',*,*,#1107,.F.);
#1109=CARTESIAN_POINT('',(55.500000000000028,43.957365708149538,9.000000000000014));
#1110=VERTEX_POINT('',#1109);
#1111=CARTESIAN_POINT('',(38.500000000000014,43.957365708149538,9.000000000000014));
#1112=DIRECTION('',(1.0,0.0,0.0));
#1113=VECTOR('',#1112,17.000000000000014);
#1114=LINE('',#1111,#1113);
#1115=EDGE_CURVE('',#1102,#1110,#1114,.T.);
#1116=ORIENTED_EDGE('',*,*,#1115,.T.);
#1117=CARTESIAN_POINT('',(55.500000000000028,52.0,9.0));
#1118=DIRECTION('',(0.0,-1.0,0.0));
#1119=VECTOR('',#1118,8.042634291850462);
#1120=LINE('',#1117,#1119);
#1121=EDGE_CURVE('',#1071,#1110,#1120,.T.);
#1122=ORIENTED_EDGE('',*,*,#1121,.F.);
#1123=ORIENTED_EDGE('',*,*,#1076,.F.);
#1124=EDGE_LOOP('',(#1108,#1116,#1122,#1123));
#1125=FACE_OUTER_BOUND('',#1124,.T.);
#1126=ADVANCED_FACE('',(#1125),#1100,.T.);
#1127=CARTESIAN_POINT('',(0.0,3.091745E-014,9.000000000000005));
#1128=DIRECTION('',(0.0,0.0,-1.0));
#1129=DIRECTION('',(-1.0,0.0,0.0));
#1130=AXIS2_PLACEMENT_3D('',#1127,#1128,#1129);
#1131=PLANE('',#1130);
#1132=CARTESIAN_POINT('',(38.500000000000014,-52.0,9.0));
#1133=VERTEX_POINT('',#1132);
#1134=CARTESIAN_POINT('',(55.500000000000028,-52.0,9.0));
#1135=VERTEX_POINT('',#1134);
#1136=CARTESIAN_POINT('',(38.500000000000014,-52.0,9.0));
#1137=DIRECTION('',(1.0,0.0,0.0));
#1138=VECTOR('',#1137,17.000000000000014);
#1139=LINE('',#1136,#1138);
#1140=EDGE_CURVE('',#1133,#1135,#1139,.T.);
#1141=ORIENTED_EDGE('',*,*,#1140,.T.);
#1142=CARTESIAN_POINT('',(55.500000000000028,-43.957365708149538,9.000000000000014));
#1143=VERTEX_POINT('',#1142);
#1144=CARTESIAN_POINT('',(55.500000000000028,-52.0,9.0));
#1145=DIRECTION('',(0.0,1.0,0.0));
#1146=VECTOR('',#1145,8.042634291850462);
#1147=LINE('',#1144,#1146);
#1148=EDGE_CURVE('',#1135,#1143,#1147,.T.);
#1149=ORIENTED_EDGE('',*,*,#1148,.T.);
#1150=CARTESIAN_POINT('',(38.500000000000014,-43.957365708149538,9.000000000000014));
#1151=VERTEX_POINT('',#1150);
#1152=CARTESIAN_POINT('',(38.500000000000014,-43.957365708149538,9.000000000000014));
#1153=DIRECTION('',(1.0,0.0,0.0));
#1154=VECTOR('',#1153,17.000000000000014);
#1155=LINE('',#1152,#1154);
#1156=EDGE_CURVE('',#1151,#1143,#1155,.T.);
#1157=ORIENTED_EDGE('',*,*,#1156,.F.);
#1158=CARTESIAN_POINT('',(38.500000000000014,-43.957365708149538,9.000000000000014));
#1159=DIRECTION('',(0.0,-1.0,0.0));
#1160=VECTOR('',#1159,8.042634291850462);
#1161=LINE('',#1158,#1160);
#1162=EDGE_CURVE('',#1151,#1133,#1161,.T.);
#1163=ORIENTED_EDGE('',*,*,#1162,.T.);
#1164=EDGE_LOOP('',(#1141,#1149,#1157,#1163));
#1165=FACE_OUTER_BOUND('',#1164,.T.);
#1166=ADVANCED_FACE('',(#1165),#1131,.F.);
#1167=CARTESIAN_POINT('',(0.0,-52.0,0.0));
#1168=DIRECTION('',(1.0,0.0,0.0));
#1169=DIRECTION('',(0.0,0.0,-1.0));
#1170=AXIS2_PLACEMENT_3D('',#1167,#1168,#1169);
#1171=CYLINDRICAL_SURFACE('',#1170,9.0);
#1172=CARTESIAN_POINT('',(55.500000000000028,-52.0,-9.000000000000011));
#1173=VERTEX_POINT('',#1172);
#1174=CARTESIAN_POINT('',(55.500000000000028,-52.0,0.0));
#1175=DIRECTION('',(-1.0,0.0,0.0));
#1176=DIRECTION('',(0.0,0.0,1.0));
#1177=AXIS2_PLACEMENT_3D('',#1174,#1175,#1176);
#1178=CIRCLE('',#1177,9.0);
#1179=EDGE_CURVE('',#1173,#1135,#1178,.T.);
#1180=ORIENTED_EDGE('',*,*,#1179,.T.);
#1181=ORIENTED_EDGE('',*,*,#1140,.F.);
#1182=CARTESIAN_POINT('',(38.500000000000014,-52.0,-9.000000000000011));
#1183=VERTEX_POINT('',#1182);
#1184=CARTESIAN_POINT('',(38.500000000000014,-52.0,0.0));
#1185=DIRECTION('',(1.0,0.0,0.0));
#1186=DIRECTION('',(0.0,0.0,-1.0));
#1187=AXIS2_PLACEMENT_3D('',#1184,#1185,#1186);
#1188=CIRCLE('',#1187,9.0);
#1189=EDGE_CURVE('',#1133,#1183,#1188,.T.);
#1190=ORIENTED_EDGE('',*,*,#1189,.T.);
#1191=CARTESIAN_POINT('',(38.500000000000014,-52.0,-9.000000000000011));
#1192=DIRECTION('',(1.0,0.0,0.0));
#1193=VECTOR('',#1192,17.000000000000014);
#1194=LINE('',#1191,#1193);
#1195=EDGE_CURVE('',#1183,#1173,#1194,.T.);
#1196=ORIENTED_EDGE('',*,*,#1195,.T.);
#1197=EDGE_LOOP('',(#1180,#1181,#1190,#1196));
#1198=FACE_OUTER_BOUND('',#1197,.T.);
#1199=ADVANCED_FACE('',(#1198),#1171,.T.);
#1200=CARTESIAN_POINT('',(0.0,43.957365708149538,18.0));
#1201=DIRECTION('',(1.0,0.0,0.0));
#1202=DIRECTION('',(0.0,0.0,-1.0));
#1203=AXIS2_PLACEMENT_3D('',#1200,#1201,#1202);
#1204=CYLINDRICAL_SURFACE('',#1203,9.000000000000004);
#1205=ORIENTED_EDGE('',*,*,#1115,.F.);
#1206=CARTESIAN_POINT('',(38.500000000000014,39.500000000000000,10.181311430692952));
#1207=VERTEX_POINT('',#1206);
#1208=CARTESIAN_POINT('',(38.500000000000014,43.957365708149538,18.0));
#1209=DIRECTION('',(-1.0,0.0,0.0));
#1210=DIRECTION('',(0.0,0.0,-1.0));
#1211=AXIS2_PLACEMENT_3D('',#1208,#1209,#1210);
#1212=CIRCLE('',#1211,9.000000000000004);
#1213=EDGE_CURVE('',#1102,#1207,#1212,.T.);
#1214=ORIENTED_EDGE('',*,*,#1213,.T.);
#1215=CARTESIAN_POINT('',(38.500000000000014,39.500000000000000,10.181311430692952));
#1216=DIRECTION('',(-1.0,0.0,0.0));
#1217=VECTOR('',#1216,1.500000000000000);
#1218=LINE('',#1215,#1217);
#1219=EDGE_CURVE('',#1207,#844,#1218,.T.);
#1220=ORIENTED_EDGE('',*,*,#1219,.T.);
#1221=ORIENTED_EDGE('',*,*,#865,.F.);
#1222=CARTESIAN_POINT('',(37.0,39.143002971794452,10.395927969647078));
#1223=CARTESIAN_POINT('',(37.0,38.767827634232312,10.633462563947177));
#1224=CARTESIAN_POINT('',(36.934752410774117,38.420504469208041,10.891791160639087));
#1225=CARTESIAN_POINT('',(36.832822768540368,38.095487393146712,11.170769983365643));
#1226=CARTESIAN_POINT('',(36.741323644820049,37.803729500133080,11.421200743805951));
#1227=CARTESIAN_POINT('',(36.620077623907392,37.534079348177585,11.685238804954043));
#1228=CARTESIAN_POINT('',(36.482811651897855,37.287556709336791,11.957347608925650));
#1229=CARTESIAN_POINT('',(36.206555633417665,36.791415082432657,12.504982930907566));
#1230=CARTESIAN_POINT('',(35.862113673162234,36.378804681627301,13.094189894068961));
#1231=CARTESIAN_POINT('',(35.501189634943749,36.041781098340920,13.717066392650828));
#1232=CARTESIAN_POINT('',(35.336217704853155,35.887733639226695,14.001772112686355));
#1233=CARTESIAN_POINT('',(35.167690263883692,35.749962164234368,14.293102171902273));
#1234=CARTESIAN_POINT('',(35.0,35.628601679236979,14.589473684210523));
#1235=B_SPLINE_CURVE_WITH_KNOTS('',3,(#1222,#1223,#1224,#1225,#1226,#1227,#1228,#1229,#1230,#1231,#1232,#1233,#1234),.UNSPECIFIED.,.F.,.U.,(4,3,3,3,4),(0.0,0.001313329125405,0.002492264531215,0.004864942890509,0.005949451781490),.UNSPECIFIED.);
#1236=EDGE_CURVE('',#852,#459,#1235,.T.);
#1237=ORIENTED_EDGE('',*,*,#1236,.T.);
#1238=ORIENTED_EDGE('',*,*,#464,.T.);
#1239=CARTESIAN_POINT('',(59.000000000000021,35.628601679236979,14.589473684210523));
#1240=CARTESIAN_POINT('',(58.601407650999136,35.917070190590401,13.885011692607852));
#1241=CARTESIAN_POINT('',(58.199662034190041,36.295621991301978,13.213402535531097));
#1242=CARTESIAN_POINT('',(57.852665263692600,36.766799614045709,12.587444296238189));
#1243=CARTESIAN_POINT('',(57.602780394329884,37.106111586710945,12.136669228135997));
#1244=CARTESIAN_POINT('',(57.380551695288254,37.491624064055536,11.710673321986668));
#1245=CARTESIAN_POINT('',(57.219954511875777,37.938610595992920,11.308618461043439));
#1246=CARTESIAN_POINT('',(57.115259447153534,38.230006017112864,11.046514488894488));
#1247=CARTESIAN_POINT('',(57.039625053491328,38.540996596362561,10.801017359422726));
#1248=CARTESIAN_POINT('',(57.011499767107793,38.873540578293735,10.573377480371937));
#1249=CARTESIAN_POINT('',(57.004039228150873,38.961751496335779,10.512993519737803));
#1250=CARTESIAN_POINT('',(57.000000000000021,39.051544825266305,10.453832825206526));
#1251=CARTESIAN_POINT('',(57.000000000000021,39.143002971794452,10.395927969647078));
#1252=B_SPLINE_CURVE_WITH_KNOTS('',3,(#1239,#1240,#1241,#1242,#1243,#1244,#1245,#1246,#1247,#1248,#1249,#1250,#1251),.UNSPECIFIED.,.F.,.U.,(4,3,3,3,4),(-0.000017081851057,0.002560747871176,0.004417135878639,0.005627335574930,0.005948354243209),.UNSPECIFIED.);
#1253=EDGE_CURVE('',#450,#708,#1252,.T.);
#1254=ORIENTED_EDGE('',*,*,#1253,.T.);
#1255=ORIENTED_EDGE('',*,*,#714,.F.);
#1256=CARTESIAN_POINT('',(55.500000000000028,39.500000000000000,10.181311430692952));
#1257=VERTEX_POINT('',#1256);
#1258=CARTESIAN_POINT('',(57.000000000000028,39.500000000000000,10.181311430692952));
#1259=DIRECTION('',(-1.0,0.0,0.0));
#1260=VECTOR('',#1259,1.500000000000000);
#1261=LINE('',#1258,#1260);
#1262=EDGE_CURVE('',#706,#1257,#1261,.T.);
#1263=ORIENTED_EDGE('',*,*,#1262,.T.);
#1264=CARTESIAN_POINT('',(55.500000000000028,43.957365708149538,18.0));
#1265=DIRECTION('',(1.0,0.0,0.0));
#1266=DIRECTION('',(0.0,0.0,1.0));
#1267=AXIS2_PLACEMENT_3D('',#1264,#1265,#1266);
#1268=CIRCLE('',#1267,9.000000000000004);
#1269=EDGE_CURVE('',#1257,#1110,#1268,.T.);
#1270=ORIENTED_EDGE('',*,*,#1269,.T.);
#1271=EDGE_LOOP('',(#1205,#1214,#1220,#1221,#1237,#1238,#1254,#1255,#1263,#1270));
#1272=FACE_OUTER_BOUND('',#1271,.T.);
#1273=ADVANCED_FACE('',(#1272),#1204,.F.);
#1274=CARTESIAN_POINT('',(0.0,-43.957365708149538,18.0));
#1275=DIRECTION('',(1.0,0.0,0.0));
#1276=DIRECTION('',(0.0,0.0,-1.0));
#1277=AXIS2_PLACEMENT_3D('',#1274,#1275,#1276);
#1278=CYLINDRICAL_SURFACE('',#1277,9.000000000000004);
#1279=CARTESIAN_POINT('',(55.500000000000028,-39.500000000000000,10.181311430692952));
#1280=VERTEX_POINT('',#1279);
#1281=CARTESIAN_POINT('',(55.500000000000028,-43.957365708149538,18.0));
#1282=DIRECTION('',(-1.0,0.0,0.0));
#1283=DIRECTION('',(0.0,0.0,1.0));
#1284=AXIS2_PLACEMENT_3D('',#1281,#1282,#1283);
#1285=CIRCLE('',#1284,9.000000000000004);
#1286=EDGE_CURVE('',#1280,#1143,#1285,.T.);
#1287=ORIENTED_EDGE('',*,*,#1286,.F.);
#1288=CARTESIAN_POINT('',(57.000000000000028,-39.500000000000000,10.181311430692947));
#1289=DIRECTION('',(-1.0,0.0,0.0));
#1290=VECTOR('',#1289,1.500000000000000);
#1291=LINE('',#1288,#1290);
#1292=EDGE_CURVE('',#878,#1280,#1291,.T.);
#1293=ORIENTED_EDGE('',*,*,#1292,.F.);
#1294=ORIENTED_EDGE('',*,*,#899,.T.);
#1295=CARTESIAN_POINT('',(57.000000000000021,-39.143002971794452,10.395927969647078));
#1296=CARTESIAN_POINT('',(57.000000000000021,-38.767827634232347,10.633462563947154));
#1297=CARTESIAN_POINT('',(57.065247589225891,-38.420504469208119,10.891791160639034));
#1298=CARTESIAN_POINT('',(57.167177231459618,-38.095487393146819,11.170769983365558));
#1299=CARTESIAN_POINT('',(57.258676355180590,-37.803729500131084,11.421200743807663));
#1300=CARTESIAN_POINT('',(57.379922376094314,-37.534079348173840,11.685238804957715));
#1301=CARTESIAN_POINT('',(57.517188348105080,-37.287556709331568,11.957347608931419));
#1302=CARTESIAN_POINT('',(57.793444366604518,-36.791415082394359,12.504982930950797));
#1303=CARTESIAN_POINT('',(58.137886326887930,-36.378804681567097,13.094189894155180));
#1304=CARTESIAN_POINT('',(58.498810365133501,-36.041781098268814,13.717066392784087));
#1305=CARTESIAN_POINT('',(58.663782295199510,-35.887733639183672,14.001772112777314));
#1306=CARTESIAN_POINT('',(58.832309736159957,-35.749962164218871,14.293102171940120));
#1307=CARTESIAN_POINT('',(59.000000000000021,-35.628601679236979,14.589473684210530));
#1308=B_SPLINE_CURVE_WITH_KNOTS('',3,(#1295,#1296,#1297,#1298,#1299,#1300,#1301,#1302,#1303,#1304,#1305,#1306,#1307),.UNSPECIFIED.,.F.,.U.,(4,3,3,3,4),(0.0,0.001313329125405,0.002492264531223,0.004864942890678,0.005949451781490),.UNSPECIFIED.);
#1309=EDGE_CURVE('',#886,#319,#1308,.T.);
#1310=ORIENTED_EDGE('',*,*,#1309,.T.);
#1311=ORIENTED_EDGE('',*,*,#324,.F.);
#1312=CARTESIAN_POINT('',(35.0,-35.628601679236979,14.589473684210530));
#1313=CARTESIAN_POINT('',(35.398592349519390,-35.917070191003894,13.885011691598104));
#1314=CARTESIAN_POINT('',(35.800337966947559,-36.295621992368275,13.213402533636565));
#1315=CARTESIAN_POINT('',(36.147334737769846,-36.766799616031484,12.587444293600095));
#1316=CARTESIAN_POINT('',(36.397219606939160,-37.106111588778603,12.136669225733320));
#1317=CARTESIAN_POINT('',(36.619448305768273,-37.491624066193722,11.710673319796770));
#1318=CARTESIAN_POINT('',(36.780045488917033,-37.938610598199467,11.308618459058703));
#1319=CARTESIAN_POINT('',(36.884740553271349,-38.230006018818422,11.046514487534212));
#1320=CARTESIAN_POINT('',(36.960374946633038,-38.540996597416921,10.801017358678235));
#1321=CARTESIAN_POINT('',(36.988500232921474,-38.873540578639528,10.573377480135226));
#1322=CARTESIAN_POINT('',(36.995960771859664,-38.961751496570429,10.512993519583205));
#1323=CARTESIAN_POINT('',(37.0,-39.051544825385811,10.453832825130862));
#1324=CARTESIAN_POINT('',(37.0,-39.143002971794452,10.395927969647078));
#1325=B_SPLINE_CURVE_WITH_KNOTS('',3,(#1312,#1313,#1314,#1315,#1316,#1317,#1318,#1319,#1320,#1321,#1322,#1323,#1324),.UNSPECIFIED.,.F.,.U.,(4,3,3,3,4),(-0.000017081851057,0.002560747874798,0.004417135881694,0.005627335575349,0.005948354243209),.UNSPECIFIED.);
#1326=EDGE_CURVE('',#317,#740,#1325,.T.);
#1327=ORIENTED_EDGE('',*,*,#1326,.T.);
#1328=ORIENTED_EDGE('',*,*,#748,.T.);
#1329=CARTESIAN_POINT('',(38.500000000000014,-39.500000000000000,10.181311430692947));
#1330=VERTEX_POINT('',#1329);
#1331=CARTESIAN_POINT('',(38.500000000000014,-39.500000000000000,10.181311430692947));
#1332=DIRECTION('',(-1.0,0.0,0.0));
#1333=VECTOR('',#1332,1.500000000000000);
#1334=LINE('',#1331,#1333);
#1335=EDGE_CURVE('',#1330,#742,#1334,.T.);
#1336=ORIENTED_EDGE('',*,*,#1335,.F.);
#1337=CARTESIAN_POINT('',(38.500000000000014,-43.957365708149538,18.0));
#1338=DIRECTION('',(1.0,0.0,0.0));
#1339=DIRECTION('',(0.0,0.0,-1.0));
#1340=AXIS2_PLACEMENT_3D('',#1337,#1338,#1339);
#1341=CIRCLE('',#1340,9.000000000000004);
#1342=EDGE_CURVE('',#1151,#1330,#1341,.T.);
#1343=ORIENTED_EDGE('',*,*,#1342,.F.);
#1344=ORIENTED_EDGE('',*,*,#1156,.T.);
#1345=EDGE_LOOP('',(#1287,#1293,#1294,#1310,#1311,#1327,#1328,#1336,#1343,#1344));
#1346=FACE_OUTER_BOUND('',#1345,.T.);
#1347=ADVANCED_FACE('',(#1346),#1278,.F.);
#1348=CARTESIAN_POINT('',(0.0,-5.407002E-014,-9.000000000000036));
#1349=DIRECTION('',(0.0,0.0,1.0));
#1350=DIRECTION('',(1.0,0.0,0.0));
#1351=AXIS2_PLACEMENT_3D('',#1348,#1349,#1350);
#1352=PLANE('',#1351);
#1353=CARTESIAN_POINT('',(38.500000000000014,43.957365708149538,-8.999999999999996));
#1354=VERTEX_POINT('',#1353);
#1355=CARTESIAN_POINT('',(55.500000000000028,43.957365708149538,-8.999999999999996));
#1356=VERTEX_POINT('',#1355);
#1357=CARTESIAN_POINT('',(38.500000000000014,43.957365708149538,-8.999999999999996));
#1358=DIRECTION('',(1.0,0.0,0.0));
#1359=VECTOR('',#1358,17.000000000000014);
#1360=LINE('',#1357,#1359);
#1361=EDGE_CURVE('',#1354,#1356,#1360,.T.);
#1362=ORIENTED_EDGE('',*,*,#1361,.F.);
#1363=CARTESIAN_POINT('',(38.500000000000014,43.957365708149538,-8.999999999999996));
#1364=DIRECTION('',(0.0,1.0,0.0));
#1365=VECTOR('',#1364,8.042634291850462);
#1366=LINE('',#1363,#1365);
#1367=EDGE_CURVE('',#1354,#1062,#1366,.T.);
#1368=ORIENTED_EDGE('',*,*,#1367,.T.);
#1369=ORIENTED_EDGE('',*,*,#1091,.T.);
#1370=CARTESIAN_POINT('',(55.500000000000028,52.0,-9.000000000000011));
#1371=DIRECTION('',(0.0,-1.0,0.0));
#1372=VECTOR('',#1371,8.042634291850462);
#1373=LINE('',#1370,#1372);
#1374=EDGE_CURVE('',#1079,#1356,#1373,.T.);
#1375=ORIENTED_EDGE('',*,*,#1374,.T.);
#1376=EDGE_LOOP('',(#1362,#1368,#1369,#1375));
#1377=FACE_OUTER_BOUND('',#1376,.T.);
#1378=ADVANCED_FACE('',(#1377),#1352,.F.);
#1379=CARTESIAN_POINT('',(0.0,5.407002E-014,-9.000000000000036));
#1380=DIRECTION('',(0.0,0.0,-1.0));
#1381=DIRECTION('',(-1.0,0.0,0.0));
#1382=AXIS2_PLACEMENT_3D('',#1379,#1380,#1381);
#1383=PLANE('',#1382);
#1384=CARTESIAN_POINT('',(55.500000000000028,-43.957365708149538,-8.999999999999996));
#1385=VERTEX_POINT('',#1384);
#1386=CARTESIAN_POINT('',(55.500000000000028,-52.0,-9.000000000000011));
#1387=DIRECTION('',(0.0,1.0,0.0));
#1388=VECTOR('',#1387,8.042634291850462);
#1389=LINE('',#1386,#1388);
#1390=EDGE_CURVE('',#1173,#1385,#1389,.T.);
#1391=ORIENTED_EDGE('',*,*,#1390,.F.);
#1392=ORIENTED_EDGE('',*,*,#1195,.F.);
#1393=CARTESIAN_POINT('',(38.500000000000014,-43.957365708149538,-8.999999999999996));
#1394=VERTEX_POINT('',#1393);
#1395=CARTESIAN_POINT('',(38.500000000000014,-43.957365708149538,-8.999999999999996));
#1396=DIRECTION('',(0.0,-1.0,0.0));
#1397=VECTOR('',#1396,8.042634291850462);
#1398=LINE('',#1395,#1397);
#1399=EDGE_CURVE('',#1394,#1183,#1398,.T.);
#1400=ORIENTED_EDGE('',*,*,#1399,.F.);
#1401=CARTESIAN_POINT('',(38.500000000000014,-43.957365708149538,-8.999999999999996));
#1402=DIRECTION('',(1.0,0.0,0.0));
#1403=VECTOR('',#1402,17.000000000000014);
#1404=LINE('',#1401,#1403);
#1405=EDGE_CURVE('',#1394,#1385,#1404,.T.);
#1406=ORIENTED_EDGE('',*,*,#1405,.T.);
#1407=EDGE_LOOP('',(#1391,#1392,#1400,#1406));
#1408=FACE_OUTER_BOUND('',#1407,.T.);
#1409=ADVANCED_FACE('',(#1408),#1383,.T.);
#1410=CARTESIAN_POINT('',(0.0,43.957365708149538,-18.0));
#1411=DIRECTION('',(1.0,0.0,0.0));
#1412=DIRECTION('',(0.0,0.0,-1.0));
#1413=AXIS2_PLACEMENT_3D('',#1410,#1411,#1412);
#1414=CYLINDRICAL_SURFACE('',#1413,9.000000000000004);
#1415=CARTESIAN_POINT('',(38.500000000000014,39.500000000000000,-10.181311430692952));
#1416=VERTEX_POINT('',#1415);
#1417=CARTESIAN_POINT('',(38.500000000000014,43.957365708149538,-18.0));
#1418=DIRECTION('',(1.0,0.0,0.0));
#1419=DIRECTION('',(0.0,0.0,-1.0));
#1420=AXIS2_PLACEMENT_3D('',#1417,#1418,#1419);
#1421=CIRCLE('',#1420,9.000000000000004);
#1422=EDGE_CURVE('',#1354,#1416,#1421,.T.);
#1423=ORIENTED_EDGE('',*,*,#1422,.F.);
#1424=ORIENTED_EDGE('',*,*,#1361,.T.);
#1425=CARTESIAN_POINT('',(55.500000000000028,39.500000000000000,-10.181311430692952));
#1426=VERTEX_POINT('',#1425);
#1427=CARTESIAN_POINT('',(55.500000000000028,43.957365708149538,-18.0));
#1428=DIRECTION('',(-1.0,0.0,0.0));
#1429=DIRECTION('',(0.0,0.0,1.0));
#1430=AXIS2_PLACEMENT_3D('',#1427,#1428,#1429);
#1431=CIRCLE('',#1430,9.000000000000004);
#1432=EDGE_CURVE('',#1426,#1356,#1431,.T.);
#1433=ORIENTED_EDGE('',*,*,#1432,.F.);
#1434=CARTESIAN_POINT('',(57.000000000000028,39.500000000000000,-10.181311430692952));
#1435=DIRECTION('',(-1.0,0.0,0.0));
#1436=VECTOR('',#1435,1.500000000000000);
#1437=LINE('',#1434,#1436);
#1438=EDGE_CURVE('',#808,#1426,#1437,.T.);
#1439=ORIENTED_EDGE('',*,*,#1438,.F.);
#1440=ORIENTED_EDGE('',*,*,#831,.T.);
#1441=CARTESIAN_POINT('',(57.000000000000021,39.143002971794445,-10.395927969647079));
#1442=CARTESIAN_POINT('',(57.000000000000021,38.767827634232241,-10.633462563947219));
#1443=CARTESIAN_POINT('',(57.065247589225926,38.420504469207906,-10.891791160639180));
#1444=CARTESIAN_POINT('',(57.167177231459711,38.095487393146527,-11.170769983365798));
#1445=CARTESIAN_POINT('',(57.258676355179901,37.803729500133372,-11.421200743805709));
#1446=CARTESIAN_POINT('',(57.379922376092317,37.534079348178295,-11.685238804953352));
#1447=CARTESIAN_POINT('',(57.517188348101591,37.287556709337828,-11.957347608924502));
#1448=CARTESIAN_POINT('',(57.793444366579635,36.791415082437254,-12.504982930902296));
#1449=CARTESIAN_POINT('',(58.137886326831939,36.378804681634307,-13.094189894058887));
#1450=CARTESIAN_POINT('',(58.498810365047447,36.041781098349183,-13.717066392635555));
#1451=CARTESIAN_POINT('',(58.663782295140862,35.887733639231627,-14.001772112675921));
#1452=CARTESIAN_POINT('',(58.832309736112201,35.749962164236315,-14.293102171897520));
#1453=CARTESIAN_POINT('',(59.000000000000021,35.628601679236979,-14.589473684210523));
#1454=B_SPLINE_CURVE_WITH_KNOTS('',3,(#1441,#1442,#1443,#1444,#1445,#1446,#1447,#1448,#1449,#1450,#1451,#1452,#1453),.UNSPECIFIED.,.F.,.U.,(4,3,3,3,4),(0.0,0.001313329125405,0.002492264531213,0.004864942890489,0.005949451781490),.UNSPECIFIED.);
#1455=EDGE_CURVE('',#818,#414,#1454,.T.);
#1456=ORIENTED_EDGE('',*,*,#1455,.T.);
#1457=ORIENTED_EDGE('',*,*,#419,.F.);
#1458=CARTESIAN_POINT('',(35.0,35.628601679236979,-14.589473684210523));
#1459=CARTESIAN_POINT('',(35.398592348968648,35.917070190564644,-13.885011692670822));
#1460=CARTESIAN_POINT('',(35.800337965739097,36.295621991235507,-13.213402535649189));
#1461=CARTESIAN_POINT('',(36.147334736216294,36.766799613921947,-12.587444296402609));
#1462=CARTESIAN_POINT('',(36.397219605591047,37.106111586582060,-12.136669228285770));
#1463=CARTESIAN_POINT('',(36.619448304645879,37.491624063922210,-11.710673322123226));
#1464=CARTESIAN_POINT('',(36.780045488074791,37.938610595855280,-11.308618461167242));
#1465=CARTESIAN_POINT('',(36.884740552819935,38.230006017006325,-11.046514488979470));
#1466=CARTESIAN_POINT('',(36.960374946500863,38.540996596296495,-10.801017359469405));
#1467=CARTESIAN_POINT('',(36.988500232890360,38.873540578271673,-10.573377480387039));
#1468=CARTESIAN_POINT('',(36.995960771848473,38.961751496320808,-10.512993519747667));
#1469=CARTESIAN_POINT('',(37.0,39.051544825258674,-10.453832825211354));
#1470=CARTESIAN_POINT('',(37.0,39.143002971794445,-10.395927969647079));
#1471=B_SPLINE_CURVE_WITH_KNOTS('',3,(#1458,#1459,#1460,#1461,#1462,#1463,#1464,#1465,#1466,#1467,#1468,#1469,#1470),.UNSPECIFIED.,.F.,.U.,(4,3,3,3,4),(-0.000017081851057,0.002560747870951,0.004417135878448,0.005627335574903,0.005948354243209),.UNSPECIFIED.);
#1472=EDGE_CURVE('',#412,#672,#1471,.T.);
#1473=ORIENTED_EDGE('',*,*,#1472,.T.);
#1474=ORIENTED_EDGE('',*,*,#680,.T.);
#1475=CARTESIAN_POINT('',(38.500000000000014,39.500000000000000,-10.181311430692952));
#1476=DIRECTION('',(-1.0,0.0,0.0));
#1477=VECTOR('',#1476,1.500000000000000);
#1478=LINE('',#1475,#1477);
#1479=EDGE_CURVE('',#1416,#674,#1478,.T.);
#1480=ORIENTED_EDGE('',*,*,#1479,.F.);
#1481=EDGE_LOOP('',(#1423,#1424,#1433,#1439,#1440,#1456,#1457,#1473,#1474,#1480));
#1482=FACE_OUTER_BOUND('',#1481,.T.);
#1483=ADVANCED_FACE('',(#1482),#1414,.F.);
#1484=CARTESIAN_POINT('',(0.0,-43.957365708149538,-18.0));
#1485=DIRECTION('',(1.0,0.0,0.0));
#1486=DIRECTION('',(0.0,0.0,-1.0));
#1487=AXIS2_PLACEMENT_3D('',#1484,#1485,#1486);
#1488=CYLINDRICAL_SURFACE('',#1487,9.000000000000004);
#1489=CARTESIAN_POINT('',(55.500000000000028,-39.500000000000000,-10.181311430692952));
#1490=VERTEX_POINT('',#1489);
#1491=CARTESIAN_POINT('',(57.000000000000028,-39.500000000000000,-10.181311430692952));
#1492=DIRECTION('',(-1.0,0.0,0.0));
#1493=VECTOR('',#1492,1.500000000000000);
#1494=LINE('',#1491,#1493);
#1495=EDGE_CURVE('',#774,#1490,#1494,.T.);
#1496=ORIENTED_EDGE('',*,*,#1495,.T.);
#1497=CARTESIAN_POINT('',(55.500000000000028,-43.957365708149538,-18.0));
#1498=DIRECTION('',(1.0,0.0,0.0));
#1499=DIRECTION('',(0.0,0.0,1.0));
#1500=AXIS2_PLACEMENT_3D('',#1497,#1498,#1499);
#1501=CIRCLE('',#1500,9.000000000000004);
#1502=EDGE_CURVE('',#1490,#1385,#1501,.T.);
#1503=ORIENTED_EDGE('',*,*,#1502,.T.);
#1504=ORIENTED_EDGE('',*,*,#1405,.F.);
#1505=CARTESIAN_POINT('',(38.500000000000014,-39.500000000000000,-10.181311430692952));
#1506=VERTEX_POINT('',#1505);
#1507=CARTESIAN_POINT('',(38.500000000000014,-43.957365708149538,-18.0));
#1508=DIRECTION('',(-1.0,0.0,0.0));
#1509=DIRECTION('',(0.0,0.0,-1.0));
#1510=AXIS2_PLACEMENT_3D('',#1507,#1508,#1509);
#1511=CIRCLE('',#1510,9.000000000000004);
#1512=EDGE_CURVE('',#1394,#1506,#1511,.T.);
#1513=ORIENTED_EDGE('',*,*,#1512,.T.);
#1514=CARTESIAN_POINT('',(38.500000000000014,-39.500000000000000,-10.181311430692952));
#1515=DIRECTION('',(-1.0,0.0,0.0));
#1516=VECTOR('',#1515,1.500000000000000);
#1517=LINE('',#1514,#1516);
#1518=EDGE_CURVE('',#1506,#910,#1517,.T.);
#1519=ORIENTED_EDGE('',*,*,#1518,.T.);
#1520=ORIENTED_EDGE('',*,*,#933,.F.);
#1521=CARTESIAN_POINT('',(37.0,-39.143002971794445,-10.395927969647079));
#1522=CARTESIAN_POINT('',(37.0,-38.767827634232361,-10.633462563947143));
#1523=CARTESIAN_POINT('',(36.934752410774138,-38.420504469208133,-10.891791160639018));
#1524=CARTESIAN_POINT('',(36.832822768540410,-38.095487393146847,-11.170769983365526));
#1525=CARTESIAN_POINT('',(36.741323644820334,-37.803729500133954,-11.421200743805191));
#1526=CARTESIAN_POINT('',(36.620077623908060,-37.534079348179063,-11.685238804952593));
#1527=CARTESIAN_POINT('',(36.482811651898963,-37.287556709338773,-11.957347608923461));
#1528=CARTESIAN_POINT('',(36.206555633420194,-36.791415082436629,-12.504982930902820));
#1529=CARTESIAN_POINT('',(35.862113673166711,-36.378804681632580,-13.094189894061254));
#1530=CARTESIAN_POINT('',(35.501189634950059,-36.041781098346810,-13.717066392639941));
#1531=CARTESIAN_POINT('',(35.336217704857454,-35.887733639230206,-14.001772112678925));
#1532=CARTESIAN_POINT('',(35.167690263886961,-35.749962164235697,-14.293102171899038));
#1533=CARTESIAN_POINT('',(35.0,-35.628601679236986,-14.589473684210523));
#1534=B_SPLINE_CURVE_WITH_KNOTS('',3,(#1521,#1522,#1523,#1524,#1525,#1526,#1527,#1528,#1529,#1530,#1531,#1532,#1533),.UNSPECIFIED.,.F.,.U.,(4,3,3,3,4),(0.0,0.001313329125405,0.002492264531212,0.004864942890495,0.005949451781490),.UNSPECIFIED.);
#1535=EDGE_CURVE('',#920,#364,#1534,.T.);
#1536=ORIENTED_EDGE('',*,*,#1535,.T.);
#1537=ORIENTED_EDGE('',*,*,#369,.T.);
#1538=CARTESIAN_POINT('',(59.000000000000021,-35.628601679236986,-14.589473684210523));
#1539=CARTESIAN_POINT('',(58.601407651032176,-35.917070190564019,-13.885011692672331));
#1540=CARTESIAN_POINT('',(58.199662034262658,-36.295621991233887,-13.213402535652081));
#1541=CARTESIAN_POINT('',(57.852665263785958,-36.766799613918920,-12.587444296406632));
#1542=CARTESIAN_POINT('',(57.602780394410878,-37.106111586578955,-12.136669228289373));
#1543=CARTESIAN_POINT('',(57.380551695355699,-37.491624063919062,-11.710673322126441));
#1544=CARTESIAN_POINT('',(57.219954511926382,-37.938610595852097,-11.308618461170106));
#1545=CARTESIAN_POINT('',(57.115259447180655,-38.230006017004001,-11.046514488981312));
#1546=CARTESIAN_POINT('',(57.039625053499265,-38.540996596295258,-10.801017359470247));
#1547=CARTESIAN_POINT('',(57.011499767109662,-38.873540578271644,-10.573377480387055));
#1548=CARTESIAN_POINT('',(57.004039228151548,-38.961751496320780,-10.512993519747679));
#1549=CARTESIAN_POINT('',(57.000000000000021,-39.051544825258667,-10.453832825211359));
#1550=CARTESIAN_POINT('',(57.000000000000021,-39.143002971794445,-10.395927969647079));
#1551=B_SPLINE_CURVE_WITH_KNOTS('',3,(#1538,#1539,#1540,#1541,#1542,#1543,#1544,#1545,#1546,#1547,#1548,#1549,#1550),.UNSPECIFIED.,.F.,.U.,(4,3,3,3,4),(-0.000017081851057,0.002560747870945,0.004417135878444,0.005627335574903,0.005948354243209),.UNSPECIFIED.);
#1552=EDGE_CURVE('',#355,#776,#1551,.T.);
#1553=ORIENTED_EDGE('',*,*,#1552,.T.);
#1554=ORIENTED_EDGE('',*,*,#782,.F.);
#1555=EDGE_LOOP('',(#1496,#1503,#1504,#1513,#1519,#1520,#1536,#1537,#1553,#1554));
#1556=FACE_OUTER_BOUND('',#1555,.T.);
#1557=ADVANCED_FACE('',(#1556),#1488,.F.);
#1558=CARTESIAN_POINT('',(55.500000000000028,61.000000000000007,-50.0));
#1559=DIRECTION('',(-1.0,0.0,0.0));
#1560=DIRECTION('',(0.0,0.0,1.0));
#1561=AXIS2_PLACEMENT_3D('',#1558,#1559,#1560);
#1562=PLANE('',#1561);
#1563=CARTESIAN_POINT('',(55.500000000000028,39.500000000000000,-10.181311430692952));
#1564=DIRECTION('',(0.0,0.0,1.0));
#1565=VECTOR('',#1564,20.362622861385905);
#1566=LINE('',#1563,#1565);
#1567=EDGE_CURVE('',#1426,#1257,#1566,.T.);
#1568=ORIENTED_EDGE('',*,*,#1567,.F.);
#1569=ORIENTED_EDGE('',*,*,#1432,.T.);
#1570=ORIENTED_EDGE('',*,*,#1374,.F.);
#1571=ORIENTED_EDGE('',*,*,#1085,.T.);
#1572=ORIENTED_EDGE('',*,*,#1121,.T.);
#1573=ORIENTED_EDGE('',*,*,#1269,.F.);
#1574=EDGE_LOOP('',(#1568,#1569,#1570,#1571,#1572,#1573));
#1575=FACE_OUTER_BOUND('',#1574,.T.);
#1576=ORIENTED_EDGE('',*,*,#168,.T.);
#1577=EDGE_LOOP('',(#1576));
#1578=FACE_BOUND('',#1577,.T.);
#1579=ADVANCED_FACE('',(#1575,#1578),#1562,.F.);
#1580=CARTESIAN_POINT('',(55.500000000000028,39.500000000000000,-50.0));
#1581=DIRECTION('',(0.0,-1.0,0.0));
#1582=DIRECTION('',(0.0,0.0,-1.0));
#1583=AXIS2_PLACEMENT_3D('',#1580,#1581,#1582);
#1584=PLANE('',#1583);
#1585=ORIENTED_EDGE('',*,*,#815,.F.);
#1586=ORIENTED_EDGE('',*,*,#1438,.T.);
#1587=ORIENTED_EDGE('',*,*,#1567,.T.);
#1588=ORIENTED_EDGE('',*,*,#1262,.F.);
#1589=ORIENTED_EDGE('',*,*,#729,.F.);
#1590=CARTESIAN_POINT('',(57.000000000000028,39.500000000000000,-8.944271909999156));
#1591=DIRECTION('',(0.0,0.0,1.0));
#1592=VECTOR('',#1591,17.888543819998311);
#1593=LINE('',#1590,#1592);
#1594=EDGE_CURVE('',#810,#717,#1593,.T.);
#1595=ORIENTED_EDGE('',*,*,#1594,.F.);
#1596=EDGE_LOOP('',(#1585,#1586,#1587,#1588,#1589,#1595));
#1597=FACE_OUTER_BOUND('',#1596,.T.);
#1598=ADVANCED_FACE('',(#1597),#1584,.F.);
#1599=CARTESIAN_POINT('',(38.500000000000014,61.000000000000007,-50.0));
#1600=DIRECTION('',(1.0,0.0,0.0));
#1601=DIRECTION('',(0.0,0.0,-1.0));
#1602=AXIS2_PLACEMENT_3D('',#1599,#1600,#1601);
#1603=PLANE('',#1602);
#1604=ORIENTED_EDGE('',*,*,#1107,.T.);
#1605=ORIENTED_EDGE('',*,*,#1068,.T.);
#1606=ORIENTED_EDGE('',*,*,#1367,.F.);
#1607=ORIENTED_EDGE('',*,*,#1422,.T.);
#1608=CARTESIAN_POINT('',(38.500000000000014,39.500000000000000,-10.181311430692952));
#1609=DIRECTION('',(0.0,0.0,1.0));
#1610=VECTOR('',#1609,20.362622861385905);
#1611=LINE('',#1608,#1610);
#1612=EDGE_CURVE('',#1416,#1207,#1611,.T.);
#1613=ORIENTED_EDGE('',*,*,#1612,.T.);
#1614=ORIENTED_EDGE('',*,*,#1213,.F.);
#1615=EDGE_LOOP('',(#1604,#1605,#1606,#1607,#1613,#1614));
#1616=FACE_OUTER_BOUND('',#1615,.T.);
#1617=ORIENTED_EDGE('',*,*,#179,.F.);
#1618=EDGE_LOOP('',(#1617));
#1619=FACE_BOUND('',#1618,.T.);
#1620=ADVANCED_FACE('',(#1616,#1619),#1603,.F.);
#1621=CARTESIAN_POINT('',(37.000000000000014,39.500000000000000,-50.0));
#1622=DIRECTION('',(0.0,-1.0,0.0));
#1623=DIRECTION('',(0.0,0.0,-1.0));
#1624=AXIS2_PLACEMENT_3D('',#1621,#1622,#1623);
#1625=PLANE('',#1624);
#1626=ORIENTED_EDGE('',*,*,#1612,.F.);
#1627=ORIENTED_EDGE('',*,*,#1479,.T.);
#1628=ORIENTED_EDGE('',*,*,#695,.T.);
#1629=CARTESIAN_POINT('',(37.000000000000014,39.500000000000000,-8.944271909999156));
#1630=DIRECTION('',(0.0,0.0,1.0));
#1631=VECTOR('',#1630,17.888543819998311);
#1632=LINE('',#1629,#1631);
#1633=EDGE_CURVE('',#683,#842,#1632,.T.);
#1634=ORIENTED_EDGE('',*,*,#1633,.T.);
#1635=ORIENTED_EDGE('',*,*,#849,.T.);
#1636=ORIENTED_EDGE('',*,*,#1219,.F.);
#1637=EDGE_LOOP('',(#1626,#1627,#1628,#1634,#1635,#1636));
#1638=FACE_OUTER_BOUND('',#1637,.T.);
#1639=ADVANCED_FACE('',(#1638),#1625,.F.);
#1640=CARTESIAN_POINT('',(37.000000000000014,-39.500000000000000,-50.0));
#1641=DIRECTION('',(0.0,1.0,0.0));
#1642=DIRECTION('',(0.0,0.0,1.0));
#1643=AXIS2_PLACEMENT_3D('',#1640,#1641,#1642);
#1644=PLANE('',#1643);
#1645=ORIENTED_EDGE('',*,*,#1335,.T.);
#1646=ORIENTED_EDGE('',*,*,#763,.F.);
#1647=CARTESIAN_POINT('',(37.000000000000014,-39.500000000000000,-8.944271909999156));
#1648=DIRECTION('',(0.0,0.0,1.0));
#1649=VECTOR('',#1648,17.888543819998311);
#1650=LINE('',#1647,#1649);
#1651=EDGE_CURVE('',#912,#751,#1650,.T.);
#1652=ORIENTED_EDGE('',*,*,#1651,.F.);
#1653=ORIENTED_EDGE('',*,*,#917,.F.);
#1654=ORIENTED_EDGE('',*,*,#1518,.F.);
#1655=CARTESIAN_POINT('',(38.500000000000014,-39.500000000000000,-10.181311430692952));
#1656=DIRECTION('',(0.0,0.0,1.0));
#1657=VECTOR('',#1656,20.362622861385901);
#1658=LINE('',#1655,#1657);
#1659=EDGE_CURVE('',#1506,#1330,#1658,.T.);
#1660=ORIENTED_EDGE('',*,*,#1659,.T.);
#1661=EDGE_LOOP('',(#1645,#1646,#1652,#1653,#1654,#1660));
#1662=FACE_OUTER_BOUND('',#1661,.T.);
#1663=ADVANCED_FACE('',(#1662),#1644,.F.);
#1664=CARTESIAN_POINT('',(38.500000000000014,-61.000000000000007,-50.0));
#1665=DIRECTION('',(1.0,0.0,0.0));
#1666=DIRECTION('',(0.0,0.0,-1.0));
#1667=AXIS2_PLACEMENT_3D('',#1664,#1665,#1666);
#1668=PLANE('',#1667);
#1669=ORIENTED_EDGE('',*,*,#1342,.T.);
#1670=ORIENTED_EDGE('',*,*,#1659,.F.);
#1671=ORIENTED_EDGE('',*,*,#1512,.F.);
#1672=ORIENTED_EDGE('',*,*,#1399,.T.);
#1673=ORIENTED_EDGE('',*,*,#1189,.F.);
#1674=ORIENTED_EDGE('',*,*,#1162,.F.);
#1675=EDGE_LOOP('',(#1669,#1670,#1671,#1672,#1673,#1674));
#1676=FACE_OUTER_BOUND('',#1675,.T.);
#1677=ORIENTED_EDGE('',*,*,#207,.F.);
#1678=EDGE_LOOP('',(#1677));
#1679=FACE_BOUND('',#1678,.T.);
#1680=ADVANCED_FACE('',(#1676,#1679),#1668,.F.);
#1681=CARTESIAN_POINT('',(55.500000000000028,-61.000000000000007,-50.0));
#1682=DIRECTION('',(-1.0,0.0,0.0));
#1683=DIRECTION('',(0.0,0.0,1.0));
#1684=AXIS2_PLACEMENT_3D('',#1681,#1682,#1683);
#1685=PLANE('',#1684);
#1686=ORIENTED_EDGE('',*,*,#1286,.T.);
#1687=ORIENTED_EDGE('',*,*,#1148,.F.);
#1688=ORIENTED_EDGE('',*,*,#1179,.F.);
#1689=ORIENTED_EDGE('',*,*,#1390,.T.);
#1690=ORIENTED_EDGE('',*,*,#1502,.F.);
#1691=CARTESIAN_POINT('',(55.500000000000028,-39.500000000000000,-10.181311430692952));
#1692=DIRECTION('',(0.0,0.0,1.0));
#1693=VECTOR('',#1692,20.362622861385905);
#1694=LINE('',#1691,#1693);
#1695=EDGE_CURVE('',#1490,#1280,#1694,.T.);
#1696=ORIENTED_EDGE('',*,*,#1695,.T.);
#1697=EDGE_LOOP('',(#1686,#1687,#1688,#1689,#1690,#1696));
#1698=FACE_OUTER_BOUND('',#1697,.T.);
#1699=ORIENTED_EDGE('',*,*,#196,.T.);
#1700=EDGE_LOOP('',(#1699));
#1701=FACE_BOUND('',#1700,.T.);
#1702=ADVANCED_FACE('',(#1698,#1701),#1685,.F.);
#1703=CARTESIAN_POINT('',(55.500000000000028,-39.500000000000000,-50.0));
#1704=DIRECTION('',(0.0,1.0,0.0));
#1705=DIRECTION('',(0.0,0.0,1.0));
#1706=AXIS2_PLACEMENT_3D('',#1703,#1704,#1705);
#1707=PLANE('',#1706);
#1708=ORIENTED_EDGE('',*,*,#1292,.T.);
#1709=ORIENTED_EDGE('',*,*,#1695,.F.);
#1710=ORIENTED_EDGE('',*,*,#1495,.F.);
#1711=ORIENTED_EDGE('',*,*,#797,.T.);
#1712=CARTESIAN_POINT('',(57.000000000000028,-39.500000000000000,-8.944271909999156));
#1713=DIRECTION('',(0.0,0.0,1.0));
#1714=VECTOR('',#1713,17.888543819998311);
#1715=LINE('',#1712,#1714);
#1716=EDGE_CURVE('',#785,#876,#1715,.T.);
#1717=ORIENTED_EDGE('',*,*,#1716,.T.);
#1718=ORIENTED_EDGE('',*,*,#883,.T.);
#1719=EDGE_LOOP('',(#1708,#1709,#1710,#1711,#1717,#1718));
#1720=FACE_OUTER_BOUND('',#1719,.T.);
#1721=ADVANCED_FACE('',(#1720),#1707,.F.);
#1722=CARTESIAN_POINT('',(81.000000000000028,4.0,-18.300000000000004));
#1723=DIRECTION('',(0.0,1.0,0.0));
#1724=DIRECTION('',(0.0,0.0,1.0));
#1725=AXIS2_PLACEMENT_3D('',#1722,#1723,#1724);
#1726=PLANE('',#1725);
#1727=ORIENTED_EDGE('',*,*,#960,.T.);
#1728=CARTESIAN_POINT('',(81.000000000000028,4.0,-18.300000000000004));
#1729=DIRECTION('',(-1.0,0.0,0.0));
#1730=VECTOR('',#1729,81.000000000000028);
#1731=LINE('',#1728,#1730);
#1732=EDGE_CURVE('',#982,#947,#1731,.T.);
#1733=ORIENTED_EDGE('',*,*,#1732,.F.);
#1734=ORIENTED_EDGE('',*,*,#987,.F.);
#1735=ORIENTED_EDGE('',*,*,#641,.F.);
#1736=EDGE_LOOP('',(#1727,#1733,#1734,#1735));
#1737=FACE_OUTER_BOUND('',#1736,.T.);
#1738=ADVANCED_FACE('',(#1737),#1726,.F.);
#1739=CARTESIAN_POINT('',(81.000000000000028,-4.0,-18.300000000000004));
#1740=DIRECTION('',(0.0,-1.0,0.0));
#1741=DIRECTION('',(0.0,0.0,-1.0));
#1742=AXIS2_PLACEMENT_3D('',#1739,#1740,#1741);
#1743=PLANE('',#1742);
#1744=ORIENTED_EDGE('',*,*,#1001,.F.);
#1745=CARTESIAN_POINT('',(81.000000000000028,-4.0,-18.300000000000004));
#1746=DIRECTION('',(-1.0,0.0,0.0));
#1747=VECTOR('',#1746,81.000000000000028);
#1748=LINE('',#1745,#1747);
#1749=EDGE_CURVE('',#990,#949,#1748,.T.);
#1750=ORIENTED_EDGE('',*,*,#1749,.T.);
#1751=ORIENTED_EDGE('',*,*,#967,.T.);
#1752=ORIENTED_EDGE('',*,*,#626,.F.);
#1753=EDGE_LOOP('',(#1744,#1750,#1751,#1752));
#1754=FACE_OUTER_BOUND('',#1753,.T.);
#1755=ADVANCED_FACE('',(#1754),#1743,.F.);
#1756=CARTESIAN_POINT('',(81.000000000000028,4.0,-18.300000000000004));
#1757=DIRECTION('',(0.0,0.0,-1.0));
#1758=DIRECTION('',(-1.0,0.0,0.0));
#1759=AXIS2_PLACEMENT_3D('',#1756,#1757,#1758);
#1760=PLANE('',#1759);
#1761=ORIENTED_EDGE('',*,*,#954,.T.);
#1762=ORIENTED_EDGE('',*,*,#1749,.F.);
#1763=ORIENTED_EDGE('',*,*,#995,.F.);
#1764=ORIENTED_EDGE('',*,*,#1732,.T.);
#1765=EDGE_LOOP('',(#1761,#1762,#1763,#1764));
#1766=FACE_OUTER_BOUND('',#1765,.T.);
#1767=ADVANCED_FACE('',(#1766),#1760,.F.);
#1768=CARTESIAN_POINT('',(59.000000000000021,0.0,0.0));
#1769=DIRECTION('',(-1.0,0.0,0.0));
#1770=DIRECTION('',(0.0,0.0,1.0));
#1771=AXIS2_PLACEMENT_3D('',#1768,#1769,#1770);
#1772=TOROIDAL_SURFACE('',#1771,40.500000000000000,2.0);
#1773=ORIENTED_EDGE('',*,*,#1309,.F.);
#1774=ORIENTED_EDGE('',*,*,#892,.F.);
#1775=CARTESIAN_POINT('',(59.000000000000021,-39.500000000000000,8.944271909999157));
#1776=DIRECTION('',(-8.459454E-016,0.220846219999980,0.975308641975309));
#1777=DIRECTION('',(0.0,-0.975308641975309,0.220846219999980));
#1778=AXIS2_PLACEMENT_3D('',#1775,#1776,#1777);
#1779=CIRCLE('',#1778,1.999999999999998);
#1780=EDGE_CURVE('',#327,#876,#1779,.T.);
#1781=ORIENTED_EDGE('',*,*,#1780,.F.);
#1782=ORIENTED_EDGE('',*,*,#333,.F.);
#1783=EDGE_LOOP('',(#1773,#1774,#1781,#1782));
#1784=FACE_OUTER_BOUND('',#1783,.T.);
#1785=ADVANCED_FACE('',(#1784),#1772,.F.);
#1786=CARTESIAN_POINT('',(57.000000000000028,-39.500000000000014,-8.944271909999157));
#1787=CARTESIAN_POINT('',(57.000000000000028,-39.500000000000014,-8.209584508918546));
#1788=CARTESIAN_POINT('',(57.000000000000028,-39.500000000000014,-7.473211572796621));
#1789=CARTESIAN_POINT('',(57.000000000000028,-39.500000000000014,-6.734982127009987));
#1790=CARTESIAN_POINT('',(57.000000000000028,-39.500000000000014,-5.996752681223351));
#1791=CARTESIAN_POINT('',(57.000000000000028,-39.500000000000014,-5.256669374091842));
#1792=CARTESIAN_POINT('',(57.000000000000028,-39.500000000000014,-4.514589976158524));
#1793=CARTESIAN_POINT('',(57.000000000000028,-39.500000000000014,-3.772510578225210));
#1794=CARTESIAN_POINT('',(57.000000000000028,-39.500000000000014,-3.028434089643801));
#1795=CARTESIAN_POINT('',(57.000000000000028,-39.500000000000014,-2.282236455926554));
#1796=CARTESIAN_POINT('',(57.000000000000028,-39.500000000000014,-1.536038822209304));
#1797=CARTESIAN_POINT('',(57.000000000000028,-39.500000000000014,-0.787717440787648));
#1798=CARTESIAN_POINT('',(57.000000000000028,-39.500000000000014,-0.037196305116531));
#1799=CARTESIAN_POINT('',(57.000000000000028,-39.500000000000014,0.713324830554586));
#1800=CARTESIAN_POINT('',(57.000000000000028,-39.500000000000014,1.466046210086961));
#1801=CARTESIAN_POINT('',(57.000000000000028,-39.500000000000014,2.220969183393180));
#1802=CARTESIAN_POINT('',(57.000000000000028,-39.500000000000014,2.975892156699395));
#1803=CARTESIAN_POINT('',(57.000000000000028,-39.500000000000014,3.729668825846081));
#1804=CARTESIAN_POINT('',(57.000000000000028,-39.500000000000014,4.479415798689173));
#1805=CARTESIAN_POINT('',(57.000000000000028,-39.500000000000014,5.229162771532263));
#1806=CARTESIAN_POINT('',(57.000000000000028,-39.500000000000014,5.975877835704474));
#1807=CARTESIAN_POINT('',(57.000000000000028,-39.500000000000014,6.719900827689048));
#1808=CARTESIAN_POINT('',(57.000000000000028,-39.500000000000014,7.463923819673624));
#1809=CARTESIAN_POINT('',(57.000000000000028,-39.500000000000014,8.205494503119340));
#1810=CARTESIAN_POINT('',(57.000000000000028,-39.500000000000014,8.944271909999157));
#1811=CARTESIAN_POINT('',(57.000000000000028,-39.244664794615645,-8.886454504805405));
#1812=CARTESIAN_POINT('',(57.021238859579519,-39.256776633494781,-8.159502336059003));
#1813=CARTESIAN_POINT('',(57.036782178879875,-39.270305425864727,-7.429304662841170));
#1814=CARTESIAN_POINT('',(57.048488830297934,-39.282962523259513,-6.696553122353729));
#1815=CARTESIAN_POINT('',(57.060195481716036,-39.295619620654264,-5.963801581866286));
#1816=CARTESIAN_POINT('',(57.068065337721876,-39.307465903712966,-5.228462434784097));
#1817=CARTESIAN_POINT('',(57.073612673889755,-39.317342069251175,-4.490773448042137));
#1818=CARTESIAN_POINT('',(57.079160010057635,-39.327218234789385,-3.753084461300176));
#1819=CARTESIAN_POINT('',(57.082396551706580,-39.335144786552803,-3.013033739556322));
#1820=CARTESIAN_POINT('',(57.084411287804961,-39.340528025841323,-2.270713852482772));
#1821=CARTESIAN_POINT('',(57.086426023903357,-39.345911265129843,-1.528393965409224));
#1822=CARTESIAN_POINT('',(57.087237613438795,-39.348757660283781,-0.783797612987832));
#1823=CARTESIAN_POINT('',(57.087265765011210,-39.348847818817141,-0.037011210762637));
#1824=CARTESIAN_POINT('',(57.087293916583597,-39.348937977350495,0.709775191462559));
#1825=CARTESIAN_POINT('',(57.086542231669810,-39.346270506640153,1.458755656481386));
#1826=CARTESIAN_POINT('',(57.084573863835821,-39.340964343489162,2.209764596714918));
#1827=CARTESIAN_POINT('',(57.082605496001797,-39.335658180338172,2.960773536948453));
#1828=CARTESIAN_POINT('',(57.079403257512965,-39.327724863722636,3.710483665372220));
#1829=CARTESIAN_POINT('',(57.073873847031216,-39.317808739526249,4.455807086496778));
#1830=CARTESIAN_POINT('',(57.068344436549474,-39.307892615329862,5.201130507621338));
#1831=CARTESIAN_POINT('',(57.060472584468769,-39.295966690818162,5.943070962774209));
#1832=CARTESIAN_POINT('',(57.048727444319681,-39.283220986824880,6.681583624075111));
#1833=CARTESIAN_POINT('',(57.036982304170571,-39.270475282831612,7.420096285376017));
#1834=CARTESIAN_POINT('',(57.021357096340793,-39.256844060118922,8.155455392309127));
#1835=CARTESIAN_POINT('',(57.000000000000028,-39.244664794615645,8.886454504805405));
#1836=CARTESIAN_POINT('',(57.052054646663365,-38.989430052731286,-8.828659848291679));
#1837=CARTESIAN_POINT('',(57.089080961113936,-39.017958208081630,-8.109435186089073));
#1838=CARTESIAN_POINT('',(57.115287782898527,-39.047473287355032,-7.385408877021391));
#1839=CARTESIAN_POINT('',(57.134599914760429,-39.074379924746843,-6.658132483438200));
#1840=CARTESIAN_POINT('',(57.153912046622381,-39.101286562138633,-5.930856089855005));
#1841=CARTESIAN_POINT('',(57.166309866389241,-39.125688857466038,-5.200259636654854));
#1842=CARTESIAN_POINT('',(57.174789111123374,-39.145820188700995,-4.466960018412225));
#1843=CARTESIAN_POINT('',(57.183268355857457,-39.165951519935987,-3.733660400169599));
#1844=CARTESIAN_POINT('',(57.187844148345377,-39.181846310176326,-2.997634865853640));
#1845=CARTESIAN_POINT('',(57.190615512271890,-39.192609774382802,-2.259192284313353));
#1846=CARTESIAN_POINT('',(57.193386876198403,-39.203373238589272,-1.520749702773066));
#1847=CARTESIAN_POINT('',(57.194386778449427,-39.209016198261118,-0.779878091117369));
#1848=CARTESIAN_POINT('',(57.194422934324045,-39.209195411603147,-0.036826130853672));
#1849=CARTESIAN_POINT('',(57.194459090198642,-39.209374624945205,0.706225829410026));
#1850=CARTESIAN_POINT('',(57.193538355201845,-39.204087995292966,1.451465664800296));
#1851=CARTESIAN_POINT('',(57.190838812582300,-39.193482026046205,2.198561009451557));
#1852=CARTESIAN_POINT('',(57.188139269962797,-39.182876056799458,2.945656354102817));
#1853=CARTESIAN_POINT('',(57.183627532881012,-39.166975101481697,3.691300516486723));
#1854=CARTESIAN_POINT('',(57.175188030313173,-39.146771227991223,4.432201423735290));
#1855=CARTESIAN_POINT('',(57.166748527745327,-39.126567354500729,5.173102330983854));
#1856=CARTESIAN_POINT('',(57.154360801095137,-39.102013087265782,5.910269638310003));
#1857=CARTESIAN_POINT('',(57.134993465445547,-39.074929256927085,6.643274730042674));
#1858=CARTESIAN_POINT('',(57.115626129795928,-39.047845426588381,7.376279821775351));
#1859=CARTESIAN_POINT('',(57.089287086658764,-39.018117024362752,8.105431261379039));
#1860=CARTESIAN_POINT('',(57.052054646663365,-38.989430052731286,8.828659848291679));
#1861=CARTESIAN_POINT('',(57.152240934977449,-38.753531082547113,-8.775243531010265));
#1862=CARTESIAN_POINT('',(57.198809567653015,-38.799600875125513,-8.062716545389659));
#1863=CARTESIAN_POINT('',(57.230646930762845,-38.845140117943366,-7.344196614463462));
#1864=CARTESIAN_POINT('',(57.253482476177240,-38.886002000921209,-6.621884507238840));
#1865=CARTESIAN_POINT('',(57.276318021591656,-38.926863883899074,-5.899572400014217));
#1866=CARTESIAN_POINT('',(57.290108808337159,-38.963174313515637,-5.173371405498947));
#1867=CARTESIAN_POINT('',(57.299109059968139,-38.992927900427290,-4.444190061455307));
#1868=CARTESIAN_POINT('',(57.308109311599125,-39.022681487338915,-3.715008717411668));
#1869=CARTESIAN_POINT('',(57.312335837311970,-39.045919374647141,-2.982816182614382));
#1870=CARTESIAN_POINT('',(57.314749576105385,-39.061625658692094,-2.248090839633081));
#1871=CARTESIAN_POINT('',(57.317163314898792,-39.077331942737025,-1.513365496651780));
#1872=CARTESIAN_POINT('',(57.317810043966197,-39.085519490854708,-0.776091835657882));
#1873=CARTESIAN_POINT('',(57.317836587482802,-39.085779982550051,-0.036647343557970));
#1874=CARTESIAN_POINT('',(57.317863130999385,-39.086040474245387,0.702797148541942));
#1875=CARTESIAN_POINT('',(57.317279169131297,-39.078371505740094,1.444422662131090));
#1876=CARTESIAN_POINT('',(57.314943426015688,-39.062898332139454,2.187764479509057));
#1877=CARTESIAN_POINT('',(57.312607682900065,-39.047425158538815,2.931106296887022));
#1878=CARTESIAN_POINT('',(57.308469227783469,-39.024185451805565,3.672876750895211));
#1879=CARTESIAN_POINT('',(57.299532000085250,-38.994333307932664,4.409626444906303));
#1880=CARTESIAN_POINT('',(57.290594772387067,-38.964481164059762,5.146376138917397));
#1881=CARTESIAN_POINT('',(57.276836328187684,-38.927956361683215,5.879118034822990));
#1882=CARTESIAN_POINT('',(57.253947704697232,-38.886836137512610,6.607128086092084));
#1883=CARTESIAN_POINT('',(57.231059081206766,-38.845715913342033,7.335138137361176));
#1884=CARTESIAN_POINT('',(57.199068815296876,-38.799857345725840,8.058749906654615));
#1885=CARTESIAN_POINT('',(57.152240934977449,-38.753531082547113,8.775243531010265));
#1886=CARTESIAN_POINT('',(57.252427223291484,-38.517632112362932,-8.721827213728844));
#1887=CARTESIAN_POINT('',(57.308538174192094,-38.581243542169396,-8.015997904690247));
#1888=CARTESIAN_POINT('',(57.346006078627170,-38.642806948531721,-7.302984351905533));
#1889=CARTESIAN_POINT('',(57.372365037594065,-38.697624077095618,-6.585636531039482));
#1890=CARTESIAN_POINT('',(57.398723996560946,-38.752441205659508,-5.868288710173432));
#1891=CARTESIAN_POINT('',(57.413907750285070,-38.800659769565286,-5.146483174343041));
#1892=CARTESIAN_POINT('',(57.423429008812931,-38.840035612153578,-4.421420104498388));
#1893=CARTESIAN_POINT('',(57.432950267340772,-38.879411454741856,-3.696357034653736));
#1894=CARTESIAN_POINT('',(57.436827526278549,-38.909992439117971,-2.967997499375125));
#1895=CARTESIAN_POINT('',(57.438883639938858,-38.930641543001364,-2.236989394952809));
#1896=CARTESIAN_POINT('',(57.440939753599160,-38.951290646884765,-1.505981290530493));
#1897=CARTESIAN_POINT('',(57.441233309482911,-38.962022783448319,-0.772305580198395));
#1898=CARTESIAN_POINT('',(57.441250240641509,-38.962364553496940,-0.036468556262269));
#1899=CARTESIAN_POINT('',(57.441267171800128,-38.962706323545589,0.699368467673858));
#1900=CARTESIAN_POINT('',(57.441019983060798,-38.952655016187251,1.437379659461884));
#1901=CARTESIAN_POINT('',(57.439048039449048,-38.932314638232683,2.176967949566556));
#1902=CARTESIAN_POINT('',(57.437076095837298,-38.911974260278143,2.916556239671229));
#1903=CARTESIAN_POINT('',(57.433310922685941,-38.881395802129404,3.654452985303696));
#1904=CARTESIAN_POINT('',(57.423875969857349,-38.841895387874089,4.387051466077317));
#1905=CARTESIAN_POINT('',(57.414441017028807,-38.802394973618782,5.119649946850937));
#1906=CARTESIAN_POINT('',(57.399311855280231,-38.753899636100655,5.847966431335982));
#1907=CARTESIAN_POINT('',(57.372901943948911,-38.698743018098163,6.570981442141490));
#1908=CARTESIAN_POINT('',(57.346492032617590,-38.643586400095685,7.293996452947002));
#1909=CARTESIAN_POINT('',(57.308850543935002,-38.581597667088950,8.012068551930188));
#1910=CARTESIAN_POINT('',(57.252427223291484,-38.517632112362932,8.721827213728844));
#1911=CARTESIAN_POINT('',(57.400666315203651,-38.301254546221777,-8.672831269759465));
#1912=CARTESIAN_POINT('',(57.460083165743008,-38.383480921978375,-7.972655885066795));
#1913=CARTESIAN_POINT('',(57.498158856119865,-38.461076193320118,-7.264476509923380));
#1914=CARTESIAN_POINT('',(57.523967316066908,-38.529532845218974,-6.551576999446747));
#1915=CARTESIAN_POINT('',(57.549775776013945,-38.597989497117830,-5.838677488970118));
#1916=CARTESIAN_POINT('',(57.563223971037345,-38.657456067366262,-5.120917407955479));
#1917=CARTESIAN_POINT('',(57.570860121675828,-38.705812698166902,-4.399699544873449));
#1918=CARTESIAN_POINT('',(57.578496272314297,-38.754169328967542,-3.678481681791419));
#1919=CARTESIAN_POINT('',(57.580338939648222,-38.791463577436581,-2.953761848069638));
#1920=CARTESIAN_POINT('',(57.580925236927598,-38.816615100206519,-2.226310068630481));
#1921=CARTESIAN_POINT('',(57.581511534206967,-38.841766622976465,-1.498858289191323));
#1922=CARTESIAN_POINT('',(57.580911381425196,-38.854790136202141,-0.768653182158848));
#1923=CARTESIAN_POINT('',(57.580901115020993,-38.855205365507103,-0.036296089485273));
#1924=CARTESIAN_POINT('',(57.580890848616740,-38.855620594812066,0.696061003188302));
#1925=CARTESIAN_POINT('',(57.581485370409865,-38.843424915654005,1.430584731928650));
#1926=CARTESIAN_POINT('',(57.580970178064646,-38.818652863195140,2.166580402979885));
#1927=CARTESIAN_POINT('',(57.580454985719427,-38.793880810736290,2.902576074031119));
#1928=CARTESIAN_POINT('',(57.578742700341259,-38.756597128124803,3.636792470341013));
#1929=CARTESIAN_POINT('',(57.571217604219768,-38.708096438729626,4.365513002997286));
#1930=CARTESIAN_POINT('',(57.563692508098271,-38.659595749334457,5.094233535653560));
#1931=CARTESIAN_POINT('',(57.550331296002959,-38.599799905634470,5.818475105258511));
#1932=CARTESIAN_POINT('',(57.524492807793877,-38.530930090021499,6.537012726007840));
#1933=CARTESIAN_POINT('',(57.498654319584759,-38.462060274408493,7.255550346757172));
#1934=CARTESIAN_POINT('',(57.460413939433849,-38.383938676328320,7.968758007711555));
#1935=CARTESIAN_POINT('',(57.400666315203651,-38.301254546221763,8.672831269759465));
#1936=CARTESIAN_POINT('',(57.585786437626922,-38.120705291018844,-8.631948190476354));
#1937=CARTESIAN_POINT('',(57.643151513074940,-38.219570716269445,-7.935584091115679));
#1938=CARTESIAN_POINT('',(57.677746348820847,-38.311058637981581,-7.231019310642484));
#1939=CARTESIAN_POINT('',(57.699749309085931,-38.391197157320256,-6.521624541179261));
#1940=CARTESIAN_POINT('',(57.721752269351029,-38.471335676658938,-5.812229771716037));
#1941=CARTESIAN_POINT('',(57.731049382916268,-38.540260825677507,-5.097862443746600));
#1942=CARTESIAN_POINT('',(57.734961347162887,-38.596123162817847,-4.379977322313307));
#1943=CARTESIAN_POINT('',(57.738873311409563,-38.651985499958208,-3.662092200880018));
#1944=CARTESIAN_POINT('',(57.737420753460604,-38.694828185569335,-2.940644272364601));
#1945=CARTESIAN_POINT('',(57.735707712807809,-38.723693954801618,-2.216441312978989));
#1946=CARTESIAN_POINT('',(57.733994672154985,-38.752559724033915,-1.492238353593379));
#1947=CARTESIAN_POINT('',(57.732102533190208,-38.767461832068435,-0.765258540478578));
#1948=CARTESIAN_POINT('',(57.732052058425005,-38.767937407512619,-0.036135793540310));
#1949=CARTESIAN_POINT('',(57.732001583659816,-38.768412982956804,0.692986953397958));
#1950=CARTESIAN_POINT('',(57.733809698071227,-38.754459628788631,1.424267659376088));
#1951=CARTESIAN_POINT('',(57.735566078078442,-38.726032514580481,2.156978321434413));
#1952=CARTESIAN_POINT('',(57.737322458085636,-38.697605400372325,2.889688983492737));
#1953=CARTESIAN_POINT('',(57.738918633140358,-38.654781725871388,3.620593099790479));
#1954=CARTESIAN_POINT('',(57.735142622475365,-38.598761182211476,4.345948697959768));
#1955=CARTESIAN_POINT('',(57.731366611810344,-38.542740638551578,5.071304296129054));
#1956=CARTESIAN_POINT('',(57.722195307323432,-38.473444970580644,5.792124792823347));
#1957=CARTESIAN_POINT('',(57.700197009163517,-38.392832735623834,6.507131849090897));
#1958=CARTESIAN_POINT('',(57.678198711003574,-38.312220500667038,7.222138905358450));
#1959=CARTESIAN_POINT('',(57.643470864530954,-38.220121100231424,7.931707431191266));
#1960=CARTESIAN_POINT('',(57.585786437626922,-38.120705291018837,8.631948190476354));
#1961=CARTESIAN_POINT('',(57.770906560050179,-37.940156035815917,-8.591065111193244));
#1962=CARTESIAN_POINT('',(57.826219860406837,-38.055660510560514,-7.898512297164563));
#1963=CARTESIAN_POINT('',(57.857333841521843,-38.161041082643045,-7.197562111361587));
#1964=CARTESIAN_POINT('',(57.875531302104967,-38.252861469421518,-6.491672082911775));
#1965=CARTESIAN_POINT('',(57.893728762688106,-38.344681856200033,-5.785782054461959));
#1966=CARTESIAN_POINT('',(57.898874794795141,-38.423065583988731,-5.074807479537716));
#1967=CARTESIAN_POINT('',(57.899062572649989,-38.486433627468799,-4.360255099753166));
#1968=CARTESIAN_POINT('',(57.899250350504801,-38.549801670948867,-3.645702719968618));
#1969=CARTESIAN_POINT('',(57.894502567272987,-38.598192793702083,-2.927526696659565));
#1970=CARTESIAN_POINT('',(57.890490188688020,-38.630772809396703,-2.206572557327499));
#1971=CARTESIAN_POINT('',(57.886477810103052,-38.663352825091337,-1.485618417995434));
#1972=CARTESIAN_POINT('',(57.883293684955206,-38.680133527934728,-0.761863898798308));
#1973=CARTESIAN_POINT('',(57.883203001829024,-38.680669449518128,-0.035975497595347));
#1974=CARTESIAN_POINT('',(57.883112318702871,-38.681205371101520,0.689912903607614));
#1975=CARTESIAN_POINT('',(57.886134025732623,-38.665494341923264,1.417950586823526));
#1976=CARTESIAN_POINT('',(57.890161978092245,-38.633412165965822,2.147376239888940));
#1977=CARTESIAN_POINT('',(57.894189930451880,-38.601329990008367,2.876801892954352));
#1978=CARTESIAN_POINT('',(57.899094565939478,-38.552966323617980,3.604393729239948));
#1979=CARTESIAN_POINT('',(57.899067640730962,-38.489425925693318,4.326384392922248));
#1980=CARTESIAN_POINT('',(57.899040715522439,-38.425885527768706,5.048375056604545));
#1981=CARTESIAN_POINT('',(57.894059318643926,-38.347090035526818,5.765774480388179));
#1982=CARTESIAN_POINT('',(57.875901210533158,-38.254735381226190,6.477250972173954));
#1983=CARTESIAN_POINT('',(57.857743102422383,-38.162380726925576,7.188727463959728));
#1984=CARTESIAN_POINT('',(57.826527789628059,-38.056303524134506,7.894656854670977));
#1985=CARTESIAN_POINT('',(57.770906560050179,-37.940156035815903,8.591065111193244));
#1986=CARTESIAN_POINT('',(57.992762039258217,-37.795577168395404,-8.558327068088216));
#1987=CARTESIAN_POINT('',(58.040697488042518,-37.925702459327454,-7.867733279439770));
#1988=CARTESIAN_POINT('',(58.064263534005363,-38.042813316545953,-7.169172562588725));
#1989=CARTESIAN_POINT('',(58.075416476510291,-38.144341555033563,-6.465839738874562));
#1990=CARTESIAN_POINT('',(58.086569419015213,-38.245869793521159,-5.762506915160399));
#1991=CARTESIAN_POINT('',(58.085159232659755,-38.331913639736797,-5.054270097225556));
#1992=CARTESIAN_POINT('',(58.079791212226404,-38.401306011570675,-4.342536345907537));
#1993=CARTESIAN_POINT('',(58.074423191793052,-38.470698383404546,-3.630802594589520));
#1994=CARTESIAN_POINT('',(58.065124064170703,-38.523469731700317,-2.915529712510328));
#1995=CARTESIAN_POINT('',(58.057985729896721,-38.558973658802557,-2.197516145708176));
#1996=CARTESIAN_POINT('',(58.050847395622746,-38.594477585904826,-1.479502578906022));
#1997=CARTESIAN_POINT('',(58.045974281668187,-38.612723218454207,-0.758727543358009));
#1998=CARTESIAN_POINT('',(58.045830422346249,-38.613306342458976,-0.035827397501696));
#1999=CARTESIAN_POINT('',(58.045686563024262,-38.613889466463746,0.687072748354617));
#2000=CARTESIAN_POINT('',(58.050292558574014,-38.596808278595198,1.412112344715467));
#2001=CARTESIAN_POINT('',(58.057404060540385,-38.561849766678279,2.138561336337338));
#2002=CARTESIAN_POINT('',(58.064515562506756,-38.526891254761360,2.865010327959207));
#2003=CARTESIAN_POINT('',(58.073979753295305,-38.474156174591265,3.589658914778944));
#2004=CARTESIAN_POINT('',(58.079533695968834,-38.404582606485711,4.308799299993369));
#2005=CARTESIAN_POINT('',(58.085087638642321,-38.335009038380157,5.027939685207794));
#2006=CARTESIAN_POINT('',(58.086707721714603,-38.248523410457992,5.742574167781529));
#2007=CARTESIAN_POINT('',(58.075642541967483,-38.146413496904657,6.451470894583462));
#2008=CARTESIAN_POINT('',(58.064577362220355,-38.044303583351329,7.160367621385397));
#2009=CARTESIAN_POINT('',(58.040964344753576,-37.926426867005816,7.863888742843239));
#2010=CARTESIAN_POINT('',(57.992762039258217,-37.795577168395404,8.558327068088213));
#2011=CARTESIAN_POINT('',(58.234633135269846,-37.697864615595265,-8.536201305018228));
#2012=CARTESIAN_POINT('',(58.272108676798680,-37.838390579853368,-7.845317553775439));
#2013=CARTESIAN_POINT('',(58.285839905316081,-37.963599297162595,-7.147584148547379));
#2014=CARTESIAN_POINT('',(58.288144975865059,-38.071750517142490,-6.445582686952393));
#2015=CARTESIAN_POINT('',(58.290450046414080,-38.179901737122378,-5.743581225357409));
#2016=CARTESIAN_POINT('',(58.281170055704443,-38.271067145487777,-5.037205795510661));
#2017=CARTESIAN_POINT('',(58.269251493871835,-38.344459417139319,-4.327595167421487));
#2018=CARTESIAN_POINT('',(58.257332932039247,-38.417851688790883,-3.617984539332313));
#2019=CARTESIAN_POINT('',(58.242808737770126,-38.473492852812811,-2.905104314955162));
#2020=CARTESIAN_POINT('',(58.232101814450949,-38.510908142112328,-2.189601498155005));
#2021=CARTESIAN_POINT('',(58.221394891131737,-38.548323431411845,-1.474098681354848));
#2022=CARTESIAN_POINT('',(58.214621718213408,-38.567519316753248,-0.755955867576009));
#2023=CARTESIAN_POINT('',(58.214417771328542,-38.568133136765134,-0.035696517020841));
#2024=CARTESIAN_POINT('',(58.214213824443675,-38.568746956777041,0.684562833534327));
#2025=CARTESIAN_POINT('',(58.220601140525936,-38.550777245221241,1.406950536128464));
#2026=CARTESIAN_POINT('',(58.231230876692919,-38.513938992950067,2.130853094280140));
#2027=CARTESIAN_POINT('',(58.241860612859931,-38.477100740678893,2.854755652431815));
#2028=CARTESIAN_POINT('',(58.256555142843652,-38.421502754243690,3.576972203370837));
#2029=CARTESIAN_POINT('',(58.268684489189646,-38.347924741814914,4.293958957865701));
#2030=CARTESIAN_POINT('',(58.280813835535668,-38.274346729386153,5.010945712360564));
#2031=CARTESIAN_POINT('',(58.290352067964122,-38.182721257409256,5.723693647540563));
#2032=CARTESIAN_POINT('',(58.288190427532712,-38.073957545451400,6.431241116615033));
#2033=CARTESIAN_POINT('',(58.286028787101294,-37.965193833493544,7.138788585689504));
#2034=CARTESIAN_POINT('',(58.272317303191286,-37.839172888094822,7.841471402956736));
#2035=CARTESIAN_POINT('',(58.234633135269846,-37.697864615595265,8.536201305018228));
#2036=CARTESIAN_POINT('',(58.476504231281453,-37.600152062795146,-8.514075541948241));
#2037=CARTESIAN_POINT('',(58.503519865554864,-37.751078700379296,-7.822901828111103));
#2038=CARTESIAN_POINT('',(58.507416276626742,-37.884385277779245,-7.125995734506025));
#2039=CARTESIAN_POINT('',(58.500873475219862,-37.999159479251418,-6.425325635030222));
#2040=CARTESIAN_POINT('',(58.494330673812975,-38.113933680723598,-5.724655535554418));
#2041=CARTESIAN_POINT('',(58.477180878749095,-38.210220651238728,-5.020141493795764));
#2042=CARTESIAN_POINT('',(58.458711775517280,-38.287612822707963,-4.312653988935433));
#2043=CARTESIAN_POINT('',(58.440242672285443,-38.365004994177205,-3.605166484075105));
#2044=CARTESIAN_POINT('',(58.420493411369556,-38.423515973925277,-2.894678917399997));
#2045=CARTESIAN_POINT('',(58.406217899005142,-38.462842625422077,-2.181686850601834));
#2046=CARTESIAN_POINT('',(58.391942386640743,-38.502169276918892,-1.468694783803673));
#2047=CARTESIAN_POINT('',(58.383269154758651,-38.522315415052304,-0.753184191794009));
#2048=CARTESIAN_POINT('',(58.383005120310862,-38.522959931071306,-0.035565636539986));
#2049=CARTESIAN_POINT('',(58.382741085863081,-38.523604447090314,0.682052918714037));
#2050=CARTESIAN_POINT('',(58.390909722477879,-38.504746211847269,1.401788727541461));
#2051=CARTESIAN_POINT('',(58.405057692845482,-38.466028219221855,2.123144852222944));
#2052=CARTESIAN_POINT('',(58.419205663213127,-38.427310226596454,2.844500976904423));
#2053=CARTESIAN_POINT('',(58.439130532391992,-38.368849333896136,3.564285491962729));
#2054=CARTESIAN_POINT('',(58.457835282410471,-38.291266877144125,4.279118615738033));
#2055=CARTESIAN_POINT('',(58.476540032429007,-38.213684420392141,4.993951739513335));
#2056=CARTESIAN_POINT('',(58.493996414213626,-38.116919104360520,5.704813127299597));
#2057=CARTESIAN_POINT('',(58.500738313097941,-38.001501593998135,6.411011338646602));
#2058=CARTESIAN_POINT('',(58.507480211982248,-37.886084083635765,7.117209549993606));
#2059=CARTESIAN_POINT('',(58.503670261629033,-37.751918909183843,7.819054063070228));
#2060=CARTESIAN_POINT('',(58.476504231281453,-37.600152062795146,8.514075541948239));
#2061=CARTESIAN_POINT('',(58.738200612200863,-37.549382716049379,-8.502579469999201));
#2062=CARTESIAN_POINT('',(58.751721690151712,-37.706465873275249,-7.808863450086454));
#2063=CARTESIAN_POINT('',(58.743525518969676,-37.844225409674706,-7.111219505360720));
#2064=CARTESIAN_POINT('',(58.726352680342949,-37.962528923037141,-6.410652694876156));
#2065=CARTESIAN_POINT('',(58.709179841716228,-38.080832436399589,-5.710085884391591));
#2066=CARTESIAN_POINT('',(58.682859584001136,-38.179697689866771,-5.006555304342449));
#2067=CARTESIAN_POINT('',(58.656854402363841,-38.259062041017998,-4.300494273448605));
#2068=CARTESIAN_POINT('',(58.630849220726574,-38.338426392169218,-3.594433242554762));
#2069=CARTESIAN_POINT('',(58.605206530993726,-38.398295032149093,-2.885827107180893));
#2070=CARTESIAN_POINT('',(58.586923239198292,-38.438519379745827,-2.174915389333626));
#2071=CARTESIAN_POINT('',(58.568639947402865,-38.478743727342561,-1.464003671486359));
#2072=CARTESIAN_POINT('',(58.557857067420869,-38.499324987601774,-0.750777628310222));
#2073=CARTESIAN_POINT('',(58.557526084341347,-38.499983677458061,-0.035451996099988));
#2074=CARTESIAN_POINT('',(58.557195101261819,-38.500642367314335,0.679873636110247));
#2075=CARTESIAN_POINT('',(58.567340713475602,-38.481377664337529,1.397304151720753));
#2076=CARTESIAN_POINT('',(58.585438233060685,-38.441777618042245,2.116544646763430));
#2077=CARTESIAN_POINT('',(58.603535752645790,-38.402177571746975,2.835785141806106));
#2078=CARTESIAN_POINT('',(58.629356433918076,-38.342364005290726,3.553649574532876));
#2079=CARTESIAN_POINT('',(58.655621950104134,-38.262809103491996,4.267026858131729));
#2080=CARTESIAN_POINT('',(58.681887466290178,-38.183254201693288,4.980404141730583));
#2081=CARTESIAN_POINT('',(58.708565752644837,-38.083904040483041,5.690258934701928));
#2082=CARTESIAN_POINT('',(58.726000565274568,-37.964943001434754,6.396340634478557));
#2083=CARTESIAN_POINT('',(58.743435377904341,-37.845981962386446,7.102422334255184));
#2084=CARTESIAN_POINT('',(58.751796962011767,-37.707340355433331,7.805001532024065));
#2085=CARTESIAN_POINT('',(58.738200612200863,-37.549382716049379,8.502579469999198));
#2086=CARTESIAN_POINT('',(59.000000000000021,-37.549382716049379,-8.502579469999201));
#2087=CARTESIAN_POINT('',(59.000000000000021,-37.707527982208752,-7.804172928231207));
#2088=CARTESIAN_POINT('',(58.979695363674566,-37.845572338316551,-7.104164087720247));
#2089=CARTESIAN_POINT('',(58.951880981488998,-37.963922307209884,-6.402390417034186));
#2090=CARTESIAN_POINT('',(58.924066599303437,-38.082272276103225,-5.700616746348123));
#2091=CARTESIAN_POINT('',(58.888568974904416,-38.180925625740834,-4.997080763025575));
#2092=CARTESIAN_POINT('',(58.855022810555582,-38.260054414293400,-4.291647261286498));
#2093=CARTESIAN_POINT('',(58.821476646206733,-38.339183202845959,-3.586213759547422));
#2094=CARTESIAN_POINT('',(58.789937702209627,-38.398786669265327,-2.878881788920650));
#2095=CARTESIAN_POINT('',(58.767644816730204,-38.438823144509477,-2.169533421065981));
#2096=CARTESIAN_POINT('',(58.745351931250724,-38.478859619753635,-1.460185053211313));
#2097=CARTESIAN_POINT('',(58.732458627327631,-38.499328502549005,-0.748817814082084));
#2098=CARTESIAN_POINT('',(58.732060669207954,-38.499983762454455,-0.035359450542875));
#2099=CARTESIAN_POINT('',(58.731662711088255,-38.500639022359913,0.678098912996335));
#2100=CARTESIAN_POINT('',(58.743786020066615,-38.481480058885523,1.393648866378964));
#2101=CARTESIAN_POINT('',(58.765834864104164,-38.442066117570747,2.111291692855244));
#2102=CARTESIAN_POINT('',(58.787883708141734,-38.402652176255970,2.828934519331524));
#2103=CARTESIAN_POINT('',(58.819603000266241,-38.343106050283694,3.545487649261090));
#2104=CARTESIAN_POINT('',(58.853434168310073,-38.263790284191415,4.258210080235386));
#2105=CARTESIAN_POINT('',(58.887265336353877,-38.184474518099151,4.970932511209684));
#2106=CARTESIAN_POINT('',(58.923172422228262,-38.085341398389588,5.680772757398081));
#2107=CARTESIAN_POINT('',(58.951311679082195,-37.966337296513672,6.388053873235268));
#2108=CARTESIAN_POINT('',(58.979450935936143,-37.847333194637727,7.095334989072456));
#2109=CARTESIAN_POINT('',(59.000000000000021,-37.708408377128762,7.800284898027030));
#2110=CARTESIAN_POINT('',(59.000000000000021,-37.549382716049379,8.502579469999198));
#2111=B_SPLINE_SURFACE_WITH_KNOTS('',3,3,((#1786,#1811,#1836,#1861,#1886,#1911,#1936,#1961,#1986,#2011,#2036,#2061,#2086),(#1787,#1812,#1837,#1862,#1887,#1912,#1937,#1962,#1987,#2012,#2037,#2062,#2087),(#1788,#1813,#1838,#1863,#1888,#1913,#1938,#1963,#1988,#2013,#2038,#2063,#2088),(#1789,#1814,#1839,#1864,#1889,#1914,#1939,#1964,#1989,#2014,#2039,#2064,#2089),(#1790,#1815,#1840,#1865,#1890,#1915,#1940,#1965,#1990,#2015,#2040,#2065,#2090),(#1791,#1816,#1841,#1866,#1891,#1916,#1941,#1966,#1991,#2016,#2041,#2066,#2091),(#1792,#1817,#1842,#1867,#1892,#1917,#1942,#1967,#1992,#2017,#2042,#2067,#2092),(#1793,#1818,#1843,#1868,#1893,#1918,#1943,#1968,#1993,#2018,#2043,#2068,#2093),(#1794,#1819,#1844,#1869,#1894,#1919,#1944,#1969,#1994,#2019,#2044,#2069,#2094),(#1795,#1820,#1845,#1870,#1895,#1920,#1945,#1970,#1995,#2020,#2045,#2070,#2095),(#1796,#1821,#1846,#1871,#1896,#1921,#1946,#1971,#1996,#2021,#2046,#2071,#2096),(#1797,#1822,#1847,#1872,#1897,#1922,#1947,#1972,#1997,#2022,#2047,#2072,#2097),(#1798,#1823,#1848,#1873,#1898,#1923,#1948,#1973,#1998,#2023,#2048,#2073,#2098),(#1799,#1824,#1849,#1874,#1899,#1924,#1949,#1974,#1999,#2024,#2049,#2074,#2099),(#1800,#1825,#1850,#1875,#1900,#1925,#1950,#1975,#2000,#2025,#2050,#2075,#2100),(#1801,#1826,#1851,#1876,#1901,#1926,#1951,#1976,#2001,#2026,#2051,#2076,#2101),(#1802,#1827,#1852,#1877,#1902,#1927,#1952,#1977,#2002,#2027,#2052,#2077,#2102),(#1803,#1828,#1853,#1878,#1903,#1928,#1953,#1978,#2003,#2028,#2053,#2078,#2103),(#1804,#1829,#1854,#1879,#1904,#1929,#1954,#1979,#2004,#2029,#2054,#2079,#2104),(#1805,#1830,#1855,#1880,#1905,#1930,#1955,#1980,#2005,#2030,#2055,#2080,#2105),(#1806,#1831,#1856,#1881,#1906,#1931,#1956,#1981,#2006,#2031,#2056,#2081,#2106),(#1807,#1832,#1857,#1882,#1907,#1932,#1957,#1982,#2007,#2032,#2057,#2082,#2107),(#1808,#1833,#1858,#1883,#1908,#1933,#1958,#1983,#2008,#2033,#2058,#2083,#2108),(#1809,#1834,#1859,#1884,#1909,#1934,#1959,#1984,#2009,#2034,#2059,#2084,#2109),(#1810,#1835,#1860,#1885,#1910,#1935,#1960,#1985,#2010,#2035,#2060,#2085,#2110)),.UNSPECIFIED.,.F.,.F.,.U.,(4,3,3,3,3,3,3,3,4),(4,3,3,3,4),(0.007441715081326,0.009734275997232,0.012026836913139,0.014319397829045,0.016611958744952,0.018904519660859,0.021197080576765,0.023489641492672,0.025782202408578),(0.0,0.250000000000000,0.500000000000000,0.750000000000000,1.0),.UNSPECIFIED.);
#2112=ORIENTED_EDGE('',*,*,#1780,.T.);
#2113=ORIENTED_EDGE('',*,*,#1716,.F.);
#2114=CARTESIAN_POINT('',(59.000000000000021,-39.500000000000000,-8.944271909999157));
#2115=DIRECTION('',(7.662142E-016,-0.220846219999979,0.975308641975309));
#2116=DIRECTION('',(-3.828009E-031,0.975308641975309,0.220846219999979));
#2117=AXIS2_PLACEMENT_3D('',#2114,#2115,#2116);
#2118=CIRCLE('',#2117,1.999999999999998);
#2119=EDGE_CURVE('',#336,#785,#2118,.T.);
#2120=ORIENTED_EDGE('',*,*,#2119,.F.);
#2121=ORIENTED_EDGE('',*,*,#352,.F.);
#2122=EDGE_LOOP('',(#2112,#2113,#2120,#2121));
#2123=FACE_OUTER_BOUND('',#2122,.T.);
#2124=ADVANCED_FACE('',(#2123),#2111,.F.);
#2125=CARTESIAN_POINT('',(59.000000000000021,0.0,0.0));
#2126=DIRECTION('',(-1.0,0.0,0.0));
#2127=DIRECTION('',(0.0,0.0,1.0));
#2128=AXIS2_PLACEMENT_3D('',#2125,#2126,#2127);
#2129=TOROIDAL_SURFACE('',#2128,40.500000000000000,2.0);
#2130=ORIENTED_EDGE('',*,*,#1552,.F.);
#2131=ORIENTED_EDGE('',*,*,#361,.F.);
#2132=ORIENTED_EDGE('',*,*,#2119,.T.);
#2133=ORIENTED_EDGE('',*,*,#791,.F.);
#2134=EDGE_LOOP('',(#2130,#2131,#2132,#2133));
#2135=FACE_OUTER_BOUND('',#2134,.T.);
#2136=ADVANCED_FACE('',(#2135),#2129,.F.);
#2137=CARTESIAN_POINT('',(35.0,0.0,0.0));
#2138=DIRECTION('',(1.0,0.0,0.0));
#2139=DIRECTION('',(0.0,0.0,-1.0));
#2140=AXIS2_PLACEMENT_3D('',#2137,#2138,#2139);
#2141=TOROIDAL_SURFACE('',#2140,40.500000000000000,2.0);
#2142=ORIENTED_EDGE('',*,*,#1326,.F.);
#2143=ORIENTED_EDGE('',*,*,#404,.F.);
#2144=CARTESIAN_POINT('',(35.0,-39.500000000000000,8.944271909999156));
#2145=DIRECTION('',(0.0,0.220846219999979,0.975308641975309));
#2146=DIRECTION('',(0.0,-0.975308641975309,0.220846219999979));
#2147=AXIS2_PLACEMENT_3D('',#2144,#2145,#2146);
#2148=CIRCLE('',#2147,1.999999999999998);
#2149=EDGE_CURVE('',#751,#381,#2148,.T.);
#2150=ORIENTED_EDGE('',*,*,#2149,.F.);
#2151=ORIENTED_EDGE('',*,*,#757,.F.);
#2152=EDGE_LOOP('',(#2142,#2143,#2150,#2151));
#2153=FACE_OUTER_BOUND('',#2152,.T.);
#2154=ADVANCED_FACE('',(#2153),#2141,.F.);
#2155=CARTESIAN_POINT('',(35.0,-37.549382716049379,-8.502579469999198));
#2156=CARTESIAN_POINT('',(35.0,-37.707527982208752,-7.804172928231207));
#2157=CARTESIAN_POINT('',(35.020304636325427,-37.845572338316551,-7.104164087720243));
#2158=CARTESIAN_POINT('',(35.048119018511002,-37.963922307209884,-6.402390417034183));
#2159=CARTESIAN_POINT('',(35.075933400696570,-38.082272276103225,-5.700616746348123));
#2160=CARTESIAN_POINT('',(35.111431025095598,-38.180925625740834,-4.997080763025575));
#2161=CARTESIAN_POINT('',(35.144977189444447,-38.260054414293400,-4.291647261286499));
#2162=CARTESIAN_POINT('',(35.178523353793267,-38.339183202845959,-3.586213759547423));
#2163=CARTESIAN_POINT('',(35.210062297790387,-38.398786669265327,-2.878881788920653));
#2164=CARTESIAN_POINT('',(35.232355183269839,-38.438823144509499,-2.169533421065983));
#2165=CARTESIAN_POINT('',(35.254648068749290,-38.478859619753635,-1.460185053211316));
#2166=CARTESIAN_POINT('',(35.267541372672383,-38.499328502549005,-0.748817814082084));
#2167=CARTESIAN_POINT('',(35.267939330792082,-38.499983762454455,-0.035359450542875));
#2168=CARTESIAN_POINT('',(35.268337288911759,-38.500639022359913,0.678098912996334));
#2169=CARTESIAN_POINT('',(35.256213979933406,-38.481480058885523,1.393648866378960));
#2170=CARTESIAN_POINT('',(35.234165135895850,-38.442066117570747,2.111291692855240));
#2171=CARTESIAN_POINT('',(35.212116291858287,-38.402652176255970,2.828934519331520));
#2172=CARTESIAN_POINT('',(35.180396999733773,-38.343106050283694,3.545487649261092));
#2173=CARTESIAN_POINT('',(35.146565831689962,-38.263790284191415,4.258210080235388));
#2174=CARTESIAN_POINT('',(35.112734663646144,-38.184474518099151,4.970932511209687));
#2175=CARTESIAN_POINT('',(35.076827577771773,-38.085341398389588,5.680772757398086));
#2176=CARTESIAN_POINT('',(35.048688320917812,-37.966337296513672,6.388053873235274));
#2177=CARTESIAN_POINT('',(35.020549064063871,-37.847333194637727,7.095334989072457));
#2178=CARTESIAN_POINT('',(35.0,-37.708408377128762,7.800284898027030));
#2179=CARTESIAN_POINT('',(35.0,-37.549382716049379,8.502579469999208));
#2180=CARTESIAN_POINT('',(35.261799387799158,-37.549382716049379,-8.502579469999198));
#2181=CARTESIAN_POINT('',(35.248278309848288,-37.706465873275249,-7.808863450086452));
#2182=CARTESIAN_POINT('',(35.256474481030352,-37.844225409674706,-7.111219505360719));
#2183=CARTESIAN_POINT('',(35.273647319657066,-37.962528923037141,-6.410652694876156));
#2184=CARTESIAN_POINT('',(35.290820158283779,-38.080832436399589,-5.710085884391589));
#2185=CARTESIAN_POINT('',(35.317140415998900,-38.179697689866771,-5.006555304342450));
#2186=CARTESIAN_POINT('',(35.343145597636173,-38.259062041017998,-4.300494273448606));
#2187=CARTESIAN_POINT('',(35.369150779273461,-38.338426392169218,-3.594433242554763));
#2188=CARTESIAN_POINT('',(35.394793469006281,-38.398295032149093,-2.885827107180895));
#2189=CARTESIAN_POINT('',(35.413076760801729,-38.438519379745834,-2.174915389333628));
#2190=CARTESIAN_POINT('',(35.431360052597171,-38.478743727342561,-1.464003671486361));
#2191=CARTESIAN_POINT('',(35.442142932579145,-38.499324987601774,-0.750777628310221));
#2192=CARTESIAN_POINT('',(35.442473915658674,-38.499983677458061,-0.035451996099987));
#2193=CARTESIAN_POINT('',(35.442804898738203,-38.500642367314335,0.679873636110247));
#2194=CARTESIAN_POINT('',(35.432659286524441,-38.481377664337529,1.397304151720750));
#2195=CARTESIAN_POINT('',(35.414561766939343,-38.441777618042245,2.116544646763427));
#2196=CARTESIAN_POINT('',(35.396464247354253,-38.402177571746975,2.835785141806103));
#2197=CARTESIAN_POINT('',(35.370643566081938,-38.342364005290726,3.553649574532880));
#2198=CARTESIAN_POINT('',(35.344378049895880,-38.262809103491996,4.267026858131731));
#2199=CARTESIAN_POINT('',(35.318112533709836,-38.183254201693288,4.980404141730584));
#2200=CARTESIAN_POINT('',(35.291434247355198,-38.083904040483041,5.690258934701933));
#2201=CARTESIAN_POINT('',(35.273999434725440,-37.964943001434754,6.396340634478561));
#2202=CARTESIAN_POINT('',(35.256564622095688,-37.845981962386446,7.102422334255189));
#2203=CARTESIAN_POINT('',(35.248203037988254,-37.707340355433331,7.805001532024070));
#2204=CARTESIAN_POINT('',(35.261799387799158,-37.549382716049379,8.502579469999208));
#2205=CARTESIAN_POINT('',(35.523495768718554,-37.600152062795146,-8.514075541948239));
#2206=CARTESIAN_POINT('',(35.496480134445143,-37.751078700379296,-7.822901828111101));
#2207=CARTESIAN_POINT('',(35.492583723373258,-37.884385277779245,-7.125995734506024));
#2208=CARTESIAN_POINT('',(35.499126524780159,-37.999159479251418,-6.425325635030221));
#2209=CARTESIAN_POINT('',(35.505669326187061,-38.113933680723598,-5.724655535554418));
#2210=CARTESIAN_POINT('',(35.522819121250919,-38.210220651238735,-5.020141493795766));
#2211=CARTESIAN_POINT('',(35.541288224482727,-38.287612822707963,-4.312653988935436));
#2212=CARTESIAN_POINT('',(35.559757327714564,-38.365004994177205,-3.605166484075106));
#2213=CARTESIAN_POINT('',(35.579506588630480,-38.423515973925291,-2.894678917399998));
#2214=CARTESIAN_POINT('',(35.593782100994879,-38.462842625422084,-2.181686850601836));
#2215=CARTESIAN_POINT('',(35.608057613359264,-38.502169276918892,-1.468694783803674));
#2216=CARTESIAN_POINT('',(35.616730845241378,-38.522315415052304,-0.753184191794008));
#2217=CARTESIAN_POINT('',(35.616994879689159,-38.522959931071306,-0.035565636539986));
#2218=CARTESIAN_POINT('',(35.617258914136933,-38.523604447090314,0.682052918714037));
#2219=CARTESIAN_POINT('',(35.609090277522164,-38.504746211847269,1.401788727541458));
#2220=CARTESIAN_POINT('',(35.594942307154511,-38.466028219221855,2.123144852222939));
#2221=CARTESIAN_POINT('',(35.580794336786909,-38.427310226596454,2.844500976904420));
#2222=CARTESIAN_POINT('',(35.560869467608043,-38.368849333896136,3.564285491962731));
#2223=CARTESIAN_POINT('',(35.542164717589522,-38.291266877144125,4.279118615738034));
#2224=CARTESIAN_POINT('',(35.523459967571007,-38.213684420392141,4.993951739513337));
#2225=CARTESIAN_POINT('',(35.506003585786402,-38.116919104360520,5.704813127299601));
#2226=CARTESIAN_POINT('',(35.499261686902074,-38.001501593998135,6.411011338646606));
#2227=CARTESIAN_POINT('',(35.492519788017766,-37.886084083635765,7.117209549993610));
#2228=CARTESIAN_POINT('',(35.496329738370996,-37.751918909183843,7.819054063070232));
#2229=CARTESIAN_POINT('',(35.523495768718554,-37.600152062795146,8.514075541948245));
#2230=CARTESIAN_POINT('',(35.765366864730183,-37.697864615595265,-8.536201305018228));
#2231=CARTESIAN_POINT('',(35.727891323201327,-37.838390579853368,-7.845317553775434));
#2232=CARTESIAN_POINT('',(35.714160094683962,-37.963599297162595,-7.147584148547377));
#2233=CARTESIAN_POINT('',(35.711855024134948,-38.071750517142490,-6.445582686952393));
#2234=CARTESIAN_POINT('',(35.709549953585928,-38.179901737122378,-5.743581225357409));
#2235=CARTESIAN_POINT('',(35.718829944295592,-38.271067145487777,-5.037205795510663));
#2236=CARTESIAN_POINT('',(35.730748506128180,-38.344459417139333,-4.327595167421488));
#2237=CARTESIAN_POINT('',(35.742667067960781,-38.417851688790883,-3.617984539332315));
#2238=CARTESIAN_POINT('',(35.757191262229888,-38.473492852812811,-2.905104314955165));
#2239=CARTESIAN_POINT('',(35.767898185549086,-38.510908142112328,-2.189601498155006));
#2240=CARTESIAN_POINT('',(35.778605108868291,-38.548323431411845,-1.474098681354849));
#2241=CARTESIAN_POINT('',(35.785378281786613,-38.567519316753248,-0.755955867576009));
#2242=CARTESIAN_POINT('',(35.785582228671473,-38.568133136765134,-0.035696517020841));
#2243=CARTESIAN_POINT('',(35.785786175556346,-38.568746956777041,0.684562833534327));
#2244=CARTESIAN_POINT('',(35.779398859474085,-38.550777245221241,1.406950536128461));
#2245=CARTESIAN_POINT('',(35.768769123307095,-38.513938992950074,2.130853094280137));
#2246=CARTESIAN_POINT('',(35.758139387140076,-38.477100740678907,2.854755652431811));
#2247=CARTESIAN_POINT('',(35.743444857156355,-38.421502754243690,3.576972203370839));
#2248=CARTESIAN_POINT('',(35.731315510810369,-38.347924741814914,4.293958957865702));
#2249=CARTESIAN_POINT('',(35.719186164464361,-38.274346729386153,5.010945712360568));
#2250=CARTESIAN_POINT('',(35.709647932035921,-38.182721257409256,5.723693647540569));
#2251=CARTESIAN_POINT('',(35.711809572467317,-38.073957545451400,6.431241116615036));
#2252=CARTESIAN_POINT('',(35.713971212898713,-37.965193833493544,7.138788585689506));
#2253=CARTESIAN_POINT('',(35.727682696808714,-37.839172888094822,7.841471402956737));
#2254=CARTESIAN_POINT('',(35.765366864730183,-37.697864615595265,8.536201305018228));
#2255=CARTESIAN_POINT('',(36.007237960741804,-37.795577168395404,-8.558327068088213));
#2256=CARTESIAN_POINT('',(35.959302511957517,-37.925702459327454,-7.867733279439769));
#2257=CARTESIAN_POINT('',(35.935736465994651,-38.042813316545953,-7.169172562588725));
#2258=CARTESIAN_POINT('',(35.924583523489730,-38.144341555033563,-6.465839738874562));
#2259=CARTESIAN_POINT('',(35.913430580984802,-38.245869793521159,-5.762506915160399));
#2260=CARTESIAN_POINT('',(35.914840767340259,-38.331913639736811,-5.054270097225558));
#2261=CARTESIAN_POINT('',(35.920208787773632,-38.401306011570675,-4.342536345907540));
#2262=CARTESIAN_POINT('',(35.925576808206976,-38.470698383404546,-3.630802594589521));
#2263=CARTESIAN_POINT('',(35.934875935829311,-38.523469731700303,-2.915529712510330));
#2264=CARTESIAN_POINT('',(35.942014270103286,-38.558973658802557,-2.197516145708177));
#2265=CARTESIAN_POINT('',(35.949152604377289,-38.594477585904805,-1.479502578906024));
#2266=CARTESIAN_POINT('',(35.954025718331842,-38.612723218454207,-0.758727543358008));
#2267=CARTESIAN_POINT('',(35.954169577653801,-38.613306342458976,-0.035827397501696));
#2268=CARTESIAN_POINT('',(35.954313436975752,-38.613889466463746,0.687072748354617));
#2269=CARTESIAN_POINT('',(35.949707441426021,-38.596808278595198,1.412112344715465));
#2270=CARTESIAN_POINT('',(35.942595939459643,-38.561849766678279,2.138561336337334));
#2271=CARTESIAN_POINT('',(35.935484437493258,-38.526891254761360,2.865010327959205));
#2272=CARTESIAN_POINT('',(35.926020246704695,-38.474156174591265,3.589658914778948));
#2273=CARTESIAN_POINT('',(35.920466304031187,-38.404582606485711,4.308799299993372));
#2274=CARTESIAN_POINT('',(35.914912361357686,-38.335009038380157,5.027939685207795));
#2275=CARTESIAN_POINT('',(35.913292278285425,-38.248523410457992,5.742574167781530));
#2276=CARTESIAN_POINT('',(35.924357458032532,-38.146413496904657,6.451470894583467));
#2277=CARTESIAN_POINT('',(35.935422637779666,-38.044303583351329,7.160367621385402));
#2278=CARTESIAN_POINT('',(35.959035655246453,-37.926426867005816,7.863888742843245));
#2279=CARTESIAN_POINT('',(36.007237960741804,-37.795577168395404,8.558327068088216));
#2280=CARTESIAN_POINT('',(36.229093439949835,-37.940156035815903,-8.591065111193244));
#2281=CARTESIAN_POINT('',(36.173780139593163,-38.055660510560514,-7.898512297164563));
#2282=CARTESIAN_POINT('',(36.142666158478178,-38.161041082643045,-7.197562111361587));
#2283=CARTESIAN_POINT('',(36.124468697895054,-38.252861469421539,-6.491672082911775));
#2284=CARTESIAN_POINT('',(36.106271237311923,-38.344681856200040,-5.785782054461959));
#2285=CARTESIAN_POINT('',(36.101125205204866,-38.423065583988731,-5.074807479537718));
#2286=CARTESIAN_POINT('',(36.100937427350047,-38.486433627468799,-4.360255099753168));
#2287=CARTESIAN_POINT('',(36.100749649495221,-38.549801670948867,-3.645702719968618));
#2288=CARTESIAN_POINT('',(36.105497432727027,-38.598192793702083,-2.927526696659565));
#2289=CARTESIAN_POINT('',(36.109509811311995,-38.630772809396703,-2.206572557327500));
#2290=CARTESIAN_POINT('',(36.113522189896955,-38.663352825091337,-1.485618417995437));
#2291=CARTESIAN_POINT('',(36.116706315044837,-38.680133527934728,-0.761863898798308));
#2292=CARTESIAN_POINT('',(36.116796998170983,-38.680669449518120,-0.035975497595347));
#2293=CARTESIAN_POINT('',(36.116887681297158,-38.681205371101520,0.689912903607614));
#2294=CARTESIAN_POINT('',(36.113865974267398,-38.665494341923250,1.417950586823523));
#2295=CARTESIAN_POINT('',(36.109838021907770,-38.633412165965808,2.147376239888936));
#2296=CARTESIAN_POINT('',(36.105810069548156,-38.601329990008367,2.876801892954348));
#2297=CARTESIAN_POINT('',(36.100905434060543,-38.552966323617952,3.604393729239951));
#2298=CARTESIAN_POINT('',(36.100932359269052,-38.489425925693318,4.326384392922249));
#2299=CARTESIAN_POINT('',(36.100959284477568,-38.425885527768706,5.048375056604550));
#2300=CARTESIAN_POINT('',(36.105940681356088,-38.347090035526818,5.765774480388184));
#2301=CARTESIAN_POINT('',(36.124098789466871,-38.254735381226190,6.477250972173958));
#2302=CARTESIAN_POINT('',(36.142256897577631,-38.162380726925576,7.188727463959728));
#2303=CARTESIAN_POINT('',(36.173472210371969,-38.056303524134506,7.894656854670981));
#2304=CARTESIAN_POINT('',(36.229093439949835,-37.940156035815903,8.591065111193244));
#2305=CARTESIAN_POINT('',(36.414213562373092,-38.120705291018837,-8.631948190476354));
#2306=CARTESIAN_POINT('',(36.356848486925095,-38.219570716269445,-7.935584091115677));
#2307=CARTESIAN_POINT('',(36.322253651179167,-38.311058637981596,-7.231019310642484));
#2308=CARTESIAN_POINT('',(36.300250690914083,-38.391197157320256,-6.521624541179261));
#2309=CARTESIAN_POINT('',(36.278247730648999,-38.471335676658938,-5.812229771716037));
#2310=CARTESIAN_POINT('',(36.268950617083775,-38.540260825677507,-5.097862443746600));
#2311=CARTESIAN_POINT('',(36.265038652837113,-38.596123162817847,-4.379977322313309));
#2312=CARTESIAN_POINT('',(36.261126688590466,-38.651985499958208,-3.662092200880019));
#2313=CARTESIAN_POINT('',(36.262579246539403,-38.694828185569335,-2.940644272364603));
#2314=CARTESIAN_POINT('',(36.264292287192205,-38.723693954801618,-2.216441312978993));
#2315=CARTESIAN_POINT('',(36.266005327845022,-38.752559724033915,-1.492238353593380));
#2316=CARTESIAN_POINT('',(36.267897466809828,-38.767461832068435,-0.765258540478577));
#2317=CARTESIAN_POINT('',(36.267947941575009,-38.767937407512605,-0.036135793540310));
#2318=CARTESIAN_POINT('',(36.267998416340220,-38.768412982956796,0.692986953397958));
#2319=CARTESIAN_POINT('',(36.266190301928773,-38.754459628788624,1.424267659376085));
#2320=CARTESIAN_POINT('',(36.264433921921565,-38.726032514580474,2.156978321434409));
#2321=CARTESIAN_POINT('',(36.262677541914371,-38.697605400372325,2.889688983492733));
#2322=CARTESIAN_POINT('',(36.261081366859649,-38.654781725871359,3.620593099790482));
#2323=CARTESIAN_POINT('',(36.264857377524663,-38.598761182211476,4.345948697959770));
#2324=CARTESIAN_POINT('',(36.268633388189656,-38.542740638551564,5.071304296129058));
#2325=CARTESIAN_POINT('',(36.277804692676568,-38.473444970580644,5.792124792823349));
#2326=CARTESIAN_POINT('',(36.299802990836483,-38.392832735623834,6.507131849090902));
#2327=CARTESIAN_POINT('',(36.321801288996440,-38.312220500667038,7.222138905358452));
#2328=CARTESIAN_POINT('',(36.356529135469067,-38.220121100231424,7.931707431191266));
#2329=CARTESIAN_POINT('',(36.414213562373092,-38.120705291018837,8.631948190476360));
#2330=CARTESIAN_POINT('',(36.599333684796356,-38.301254546221763,-8.672831269759465));
#2331=CARTESIAN_POINT('',(36.539916834257006,-38.383480921978375,-7.972655885066791));
#2332=CARTESIAN_POINT('',(36.501841143880142,-38.461076193320139,-7.264476509923380));
#2333=CARTESIAN_POINT('',(36.476032683933120,-38.529532845218974,-6.551576999446747));
#2334=CARTESIAN_POINT('',(36.450224223986069,-38.597989497117837,-5.838677488970118));
#2335=CARTESIAN_POINT('',(36.436776028962655,-38.657456067366262,-5.120917407955482));
#2336=CARTESIAN_POINT('',(36.429139878324193,-38.705812698166902,-4.399699544873449));
#2337=CARTESIAN_POINT('',(36.421503727685732,-38.754169328967542,-3.678481681791421));
#2338=CARTESIAN_POINT('',(36.419661060351800,-38.791463577436581,-2.953761848069640));
#2339=CARTESIAN_POINT('',(36.419074763072445,-38.816615100206519,-2.226310068630482));
#2340=CARTESIAN_POINT('',(36.418488465793061,-38.841766622976465,-1.498858289191325));
#2341=CARTESIAN_POINT('',(36.419088618574804,-38.854790136202126,-0.768653182158847));
#2342=CARTESIAN_POINT('',(36.419098884979050,-38.855205365507103,-0.036296089485273));
#2343=CARTESIAN_POINT('',(36.419109151383267,-38.855620594812066,0.696061003188301));
#2344=CARTESIAN_POINT('',(36.418514629590163,-38.843424915653983,1.430584731928646));
#2345=CARTESIAN_POINT('',(36.419029821935375,-38.818652863195140,2.166580402979881));
#2346=CARTESIAN_POINT('',(36.419545014280587,-38.793880810736255,2.902576074031115));
#2347=CARTESIAN_POINT('',(36.421257299658762,-38.756597128124803,3.636792470341014));
#2348=CARTESIAN_POINT('',(36.428782395780246,-38.708096438729626,4.365513002997289));
#2349=CARTESIAN_POINT('',(36.436307491901758,-38.659595749334450,5.094233535653564));
#2350=CARTESIAN_POINT('',(36.449668703997062,-38.599799905634470,5.818475105258512));
#2351=CARTESIAN_POINT('',(36.475507192206145,-38.530930090021499,6.537012726007845));
#2352=CARTESIAN_POINT('',(36.501345680415227,-38.462060274408493,7.255550346757174));
#2353=CARTESIAN_POINT('',(36.539586060566180,-38.383938676328320,7.968758007711555));
#2354=CARTESIAN_POINT('',(36.599333684796356,-38.301254546221763,8.672831269759469));
#2355=CARTESIAN_POINT('',(36.747572776708509,-38.517632112362932,-8.721827213728844));
#2356=CARTESIAN_POINT('',(36.691461825807913,-38.581243542169396,-8.015997904690241));
#2357=CARTESIAN_POINT('',(36.653993921372845,-38.642806948531721,-7.302984351905532));
#2358=CARTESIAN_POINT('',(36.627634962405942,-38.697624077095618,-6.585636531039482));
#2359=CARTESIAN_POINT('',(36.601276003439054,-38.752441205659508,-5.868288710173432));
#2360=CARTESIAN_POINT('',(36.586092249714945,-38.800659769565286,-5.146483174343041));
#2361=CARTESIAN_POINT('',(36.576570991187090,-38.840035612153578,-4.421420104498390));
#2362=CARTESIAN_POINT('',(36.567049732659228,-38.879411454741856,-3.696357034653737));
#2363=CARTESIAN_POINT('',(36.563172473721472,-38.909992439117971,-2.967997499375126));
#2364=CARTESIAN_POINT('',(36.561116360061156,-38.930641543001364,-2.236989394952810));
#2365=CARTESIAN_POINT('',(36.559060246400875,-38.951290646884765,-1.505981290530495));
#2366=CARTESIAN_POINT('',(36.558766690517089,-38.962022783448290,-0.772305580198394));
#2367=CARTESIAN_POINT('',(36.558749759358477,-38.962364553496926,-0.036468556262268));
#2368=CARTESIAN_POINT('',(36.558732828199886,-38.962706323545582,0.699368467673858));
#2369=CARTESIAN_POINT('',(36.558980016939209,-38.952655016187251,1.437379659461880));
#2370=CARTESIAN_POINT('',(36.560951960550973,-38.932314638232683,2.176967949566553));
#2371=CARTESIAN_POINT('',(36.562923904162723,-38.911974260278143,2.916556239671226));
#2372=CARTESIAN_POINT('',(36.566689077314088,-38.881395802129404,3.654452985303700));
#2373=CARTESIAN_POINT('',(36.576124030142651,-38.841895387874089,4.387051466077319));
#2374=CARTESIAN_POINT('',(36.585558982971222,-38.802394973618782,5.119649946850941));
#2375=CARTESIAN_POINT('',(36.600688144719776,-38.753899636100634,5.847966431335986));
#2376=CARTESIAN_POINT('',(36.627098056051111,-38.698743018098163,6.570981442141495));
#2377=CARTESIAN_POINT('',(36.653507967382424,-38.643586400095671,7.293996452947008));
#2378=CARTESIAN_POINT('',(36.691149456065020,-38.581597667088950,8.012068551930195));
#2379=CARTESIAN_POINT('',(36.747572776708509,-38.517632112362932,8.721827213728847));
#2380=CARTESIAN_POINT('',(36.847759065022572,-38.753531082547113,-8.775243531010261));
#2381=CARTESIAN_POINT('',(36.801190432347006,-38.799600875125513,-8.062716545389659));
#2382=CARTESIAN_POINT('',(36.769353069237170,-38.845140117943366,-7.344196614463460));
#2383=CARTESIAN_POINT('',(36.746517523822760,-38.886002000921209,-6.621884507238840));
#2384=CARTESIAN_POINT('',(36.723681978408351,-38.926863883899074,-5.899572400014217));
#2385=CARTESIAN_POINT('',(36.709891191662855,-38.963174313515637,-5.173371405498950));
#2386=CARTESIAN_POINT('',(36.700890940031869,-38.992927900427290,-4.444190061455307));
#2387=CARTESIAN_POINT('',(36.691890688400889,-39.022681487338915,-3.715008717411668));
#2388=CARTESIAN_POINT('',(36.687664162688058,-39.045919374647141,-2.982816182614385));
#2389=CARTESIAN_POINT('',(36.685250423894637,-39.061625658692080,-2.248090839633083));
#2390=CARTESIAN_POINT('',(36.682836685101222,-39.077331942737018,-1.513365496651781));
#2391=CARTESIAN_POINT('',(36.682189956033845,-39.085519490854708,-0.776091835657882));
#2392=CARTESIAN_POINT('',(36.682163412517234,-39.085779982550051,-0.036647343557970));
#2393=CARTESIAN_POINT('',(36.682136869000637,-39.086040474245380,0.702797148541942));
#2394=CARTESIAN_POINT('',(36.682720830868710,-39.078371505740094,1.444422662131087));
#2395=CARTESIAN_POINT('',(36.685056573984340,-39.062898332139454,2.187764479509053));
#2396=CARTESIAN_POINT('',(36.687392317099977,-39.047425158538815,2.931106296887020));
#2397=CARTESIAN_POINT('',(36.691530772216552,-39.024185451805543,3.672876750895213));
#2398=CARTESIAN_POINT('',(36.700467999914750,-38.994333307932642,4.409626444906304));
#2399=CARTESIAN_POINT('',(36.709405227612947,-38.964481164059762,5.146376138917397));
#2400=CARTESIAN_POINT('',(36.723163671812316,-38.927956361683215,5.879118034822994));
#2401=CARTESIAN_POINT('',(36.746052295302796,-38.886836137512610,6.607128086092087));
#2402=CARTESIAN_POINT('',(36.768940918793255,-38.845715913342019,7.335138137361178));
#2403=CARTESIAN_POINT('',(36.800931184703138,-38.799857345725840,8.058749906654617));
#2404=CARTESIAN_POINT('',(36.847759065022572,-38.753531082547113,8.775243531010267));
#2405=CARTESIAN_POINT('',(36.947945353336642,-38.989430052731286,-8.828659848291679));
#2406=CARTESIAN_POINT('',(36.910919038886085,-39.017958208081623,-8.109435186089069));
#2407=CARTESIAN_POINT('',(36.884712217101509,-39.047473287355032,-7.385408877021391));
#2408=CARTESIAN_POINT('',(36.865400085239557,-39.074379924746843,-6.658132483438197));
#2409=CARTESIAN_POINT('',(36.846087953377648,-39.101286562138633,-5.930856089855005));
#2410=CARTESIAN_POINT('',(36.833690133610787,-39.125688857466038,-5.200259636654855));
#2411=CARTESIAN_POINT('',(36.825210888876668,-39.145820188700995,-4.466960018412228));
#2412=CARTESIAN_POINT('',(36.816731644142550,-39.165951519935987,-3.733660400169601));
#2413=CARTESIAN_POINT('',(36.812155851654630,-39.181846310176326,-2.997634865853642));
#2414=CARTESIAN_POINT('',(36.809384487728124,-39.192609774382802,-2.259192284313355));
#2415=CARTESIAN_POINT('',(36.806613123801597,-39.203373238589272,-1.520749702773068));
#2416=CARTESIAN_POINT('',(36.805613221550594,-39.209016198261111,-0.779878091117369));
#2417=CARTESIAN_POINT('',(36.805577065675969,-39.209195411603147,-0.036826130853672));
#2418=CARTESIAN_POINT('',(36.805540909801366,-39.209374624945198,0.706225829410026));
#2419=CARTESIAN_POINT('',(36.806461644798205,-39.204087995292966,1.451465664800293));
#2420=CARTESIAN_POINT('',(36.809161187417729,-39.193482026046205,2.198561009451552));
#2421=CARTESIAN_POINT('',(36.811860730037225,-39.182876056799458,2.945656354102813));
#2422=CARTESIAN_POINT('',(36.816372467119010,-39.166975101481668,3.691300516486725));
#2423=CARTESIAN_POINT('',(36.824811969686849,-39.146771227991209,4.432201423735291));
#2424=CARTESIAN_POINT('',(36.833251472254673,-39.126567354500722,5.173102330983856));
#2425=CARTESIAN_POINT('',(36.845639198904870,-39.102013087265760,5.910269638310005));
#2426=CARTESIAN_POINT('',(36.865006534554489,-39.074929256927071,6.643274730042678));
#2427=CARTESIAN_POINT('',(36.884373870204080,-39.047845426588367,7.376279821775351));
#2428=CARTESIAN_POINT('',(36.910712913341257,-39.018117024362752,8.105431261379042));
#2429=CARTESIAN_POINT('',(36.947945353336642,-38.989430052731286,8.828659848291684));
#2430=CARTESIAN_POINT('',(37.000000000000014,-39.244664794615645,-8.886454504805405));
#2431=CARTESIAN_POINT('',(36.978761140420495,-39.256776633494781,-8.159502336058997));
#2432=CARTESIAN_POINT('',(36.963217821120153,-39.270305425864727,-7.429304662841170));
#2433=CARTESIAN_POINT('',(36.951511169702073,-39.282962523259499,-6.696553122353729));
#2434=CARTESIAN_POINT('',(36.939804518283992,-39.295619620654264,-5.963801581866287));
#2435=CARTESIAN_POINT('',(36.931934662278138,-39.307465903712945,-5.228462434784101));
#2436=CARTESIAN_POINT('',(36.926387326110259,-39.317342069251161,-4.490773448042138));
#2437=CARTESIAN_POINT('',(36.920839989942365,-39.327218234789385,-3.753084461300178));
#2438=CARTESIAN_POINT('',(36.917603448293434,-39.335144786552803,-3.013033739556325));
#2439=CARTESIAN_POINT('',(36.915588712195046,-39.340528025841323,-2.270713852482775));
#2440=CARTESIAN_POINT('',(36.913573976096657,-39.345911265129843,-1.528393965409225));
#2441=CARTESIAN_POINT('',(36.912762386561212,-39.348757660283773,-0.783797612987831));
#2442=CARTESIAN_POINT('',(36.912734234988797,-39.348847818817141,-0.037011210762636));
#2443=CARTESIAN_POINT('',(36.912706083416388,-39.348937977350495,0.709775191462559));
#2444=CARTESIAN_POINT('',(36.913457768330218,-39.346270506640153,1.458755656481383));
#2445=CARTESIAN_POINT('',(36.915426136164207,-39.340964343489162,2.209764596714916));
#2446=CARTESIAN_POINT('',(36.917394503998210,-39.335658180338172,2.960773536948449));
#2447=CARTESIAN_POINT('',(36.920596742487056,-39.327724863722636,3.710483665372224));
#2448=CARTESIAN_POINT('',(36.926126152968806,-39.317808739526242,4.455807086496781));
#2449=CARTESIAN_POINT('',(36.931655563450548,-39.307892615329862,5.201130507621342));
#2450=CARTESIAN_POINT('',(36.939527415531266,-39.295966690818148,5.943070962774212));
#2451=CARTESIAN_POINT('',(36.951272555680347,-39.283220986824873,6.681583624075117));
#2452=CARTESIAN_POINT('',(36.963017695829450,-39.270475282831597,7.420096285376019));
#2453=CARTESIAN_POINT('',(36.978642903659207,-39.256844060118908,8.155455392309133));
#2454=CARTESIAN_POINT('',(37.000000000000014,-39.244664794615645,8.886454504805405));
#2455=CARTESIAN_POINT('',(37.000000000000014,-39.500000000000000,-8.944271909999156));
#2456=CARTESIAN_POINT('',(37.000000000000014,-39.500000000000000,-8.209584508918542));
#2457=CARTESIAN_POINT('',(37.000000000000014,-39.500000000000000,-7.473211572796621));
#2458=CARTESIAN_POINT('',(37.000000000000014,-39.500000000000000,-6.734982127009985));
#2459=CARTESIAN_POINT('',(37.000000000000014,-39.500000000000000,-5.996752681223351));
#2460=CARTESIAN_POINT('',(37.000000000000014,-39.500000000000000,-5.256669374091842));
#2461=CARTESIAN_POINT('',(37.000000000000014,-39.500000000000000,-4.514589976158526));
#2462=CARTESIAN_POINT('',(37.000000000000014,-39.500000000000000,-3.772510578225213));
#2463=CARTESIAN_POINT('',(37.000000000000014,-39.500000000000000,-3.028434089643803));
#2464=CARTESIAN_POINT('',(37.000000000000014,-39.500000000000000,-2.282236455926554));
#2465=CARTESIAN_POINT('',(37.000000000000014,-39.500000000000000,-1.536038822209306));
#2466=CARTESIAN_POINT('',(37.000000000000014,-39.500000000000000,-0.787717440787647));
#2467=CARTESIAN_POINT('',(37.000000000000014,-39.500000000000000,-0.037196305116531));
#2468=CARTESIAN_POINT('',(37.000000000000014,-39.500000000000000,0.713324830554586));
#2469=CARTESIAN_POINT('',(37.000000000000014,-39.500000000000000,1.466046210086959));
#2470=CARTESIAN_POINT('',(37.000000000000014,-39.500000000000000,2.220969183393175));
#2471=CARTESIAN_POINT('',(37.000000000000014,-39.500000000000000,2.975892156699392));
#2472=CARTESIAN_POINT('',(37.000000000000014,-39.500000000000000,3.729668825846084));
#2473=CARTESIAN_POINT('',(37.000000000000014,-39.500000000000000,4.479415798689177));
#2474=CARTESIAN_POINT('',(37.000000000000014,-39.500000000000000,5.229162771532268));
#2475=CARTESIAN_POINT('',(37.000000000000014,-39.500000000000000,5.975877835704480));
#2476=CARTESIAN_POINT('',(37.000000000000014,-39.500000000000000,6.719900827689052));
#2477=CARTESIAN_POINT('',(37.000000000000014,-39.500000000000000,7.463923819673624));
#2478=CARTESIAN_POINT('',(37.000000000000014,-39.500000000000000,8.205494503119347));
#2479=CARTESIAN_POINT('',(37.000000000000014,-39.500000000000000,8.944271909999163));
#2480=B_SPLINE_SURFACE_WITH_KNOTS('',3,3,((#2155,#2180,#2205,#2230,#2255,#2280,#2305,#2330,#2355,#2380,#2405,#2430,#2455),(#2156,#2181,#2206,#2231,#2256,#2281,#2306,#2331,#2356,#2381,#2406,#2431,#2456),(#2157,#2182,#2207,#2232,#2257,#2282,#2307,#2332,#2357,#2382,#2407,#2432,#2457),(#2158,#2183,#2208,#2233,#2258,#2283,#2308,#2333,#2358,#2383,#2408,#2433,#2458),(#2159,#2184,#2209,#2234,#2259,#2284,#2309,#2334,#2359,#2384,#2409,#2434,#2459),(#2160,#2185,#2210,#2235,#2260,#2285,#2310,#2335,#2360,#2385,#2410,#2435,#2460),(#2161,#2186,#2211,#2236,#2261,#2286,#2311,#2336,#2361,#2386,#2411,#2436,#2461),(#2162,#2187,#2212,#2237,#2262,#2287,#2312,#2337,#2362,#2387,#2412,#2437,#2462),(#2163,#2188,#2213,#2238,#2263,#2288,#2313,#2338,#2363,#2388,#2413,#2438,#2463),(#2164,#2189,#2214,#2239,#2264,#2289,#2314,#2339,#2364,#2389,#2414,#2439,#2464),(#2165,#2190,#2215,#2240,#2265,#2290,#2315,#2340,#2365,#2390,#2415,#2440,#2465),(#2166,#2191,#2216,#2241,#2266,#2291,#2316,#2341,#2366,#2391,#2416,#2441,#2466),(#2167,#2192,#2217,#2242,#2267,#2292,#2317,#2342,#2367,#2392,#2417,#2442,#2467),(#2168,#2193,#2218,#2243,#2268,#2293,#2318,#2343,#2368,#2393,#2418,#2443,#2468),(#2169,#2194,#2219,#2244,#2269,#2294,#2319,#2344,#2369,#2394,#2419,#2444,#2469),(#2170,#2195,#2220,#2245,#2270,#2295,#2320,#2345,#2370,#2395,#2420,#2445,#2470),(#2171,#2196,#2221,#2246,#2271,#2296,#2321,#2346,#2371,#2396,#2421,#2446,#2471),(#2172,#2197,#2222,#2247,#2272,#2297,#2322,#2347,#2372,#2397,#2422,#2447,#2472),(#2173,#2198,#2223,#2248,#2273,#2298,#2323,#2348,#2373,#2398,#2423,#2448,#2473),(#2174,#2199,#2224,#2249,#2274,#2299,#2324,#2349,#2374,#2399,#2424,#2449,#2474),(#2175,#2200,#2225,#2250,#2275,#2300,#2325,#2350,#2375,#2400,#2425,#2450,#2475),(#2176,#2201,#2226,#2251,#2276,#2301,#2326,#2351,#2376,#2401,#2426,#2451,#2476),(#2177,#2202,#2227,#2252,#2277,#2302,#2327,#2352,#2377,#2402,#2427,#2452,#2477),(#2178,#2203,#2228,#2253,#2278,#2303,#2328,#2353,#2378,#2403,#2428,#2453,#2478),(#2179,#2204,#2229,#2254,#2279,#2304,#2329,#2354,#2379,#2404,#2429,#2454,#2479)),.UNSPECIFIED.,.F.,.F.,.U.,(4,3,3,3,3,3,3,3,4),(4,3,3,3,4),(0.007441715081326,0.009734275997232,0.012026836913139,0.014319397829045,0.016611958744952,0.018904519660858,0.021197080576765,0.023489641492671,0.025782202408578),(0.0,0.250000000000000,0.500000000000000,0.750000000000000,1.0),.UNSPECIFIED.);
#2481=ORIENTED_EDGE('',*,*,#2149,.T.);
#2482=ORIENTED_EDGE('',*,*,#397,.F.);
#2483=CARTESIAN_POINT('',(35.0,-39.500000000000000,-8.944271909999156));
#2484=DIRECTION('',(9.860761E-032,-0.220846219999979,0.975308641975309));
#2485=DIRECTION('',(3.469447E-015,0.975308641975309,0.220846219999979));
#2486=AXIS2_PLACEMENT_3D('',#2483,#2484,#2485);
#2487=CIRCLE('',#2486,1.999999999999998);
#2488=EDGE_CURVE('',#912,#372,#2487,.T.);
#2489=ORIENTED_EDGE('',*,*,#2488,.F.);
#2490=ORIENTED_EDGE('',*,*,#1651,.T.);
#2491=EDGE_LOOP('',(#2481,#2482,#2489,#2490));
#2492=FACE_OUTER_BOUND('',#2491,.T.);
#2493=ADVANCED_FACE('',(#2492),#2480,.F.);
#2494=CARTESIAN_POINT('',(35.0,0.0,0.0));
#2495=DIRECTION('',(1.0,0.0,0.0));
#2496=DIRECTION('',(0.0,0.0,-1.0));
#2497=AXIS2_PLACEMENT_3D('',#2494,#2495,#2496);
#2498=TOROIDAL_SURFACE('',#2497,40.500000000000000,2.0);
#2499=ORIENTED_EDGE('',*,*,#1535,.F.);
#2500=ORIENTED_EDGE('',*,*,#926,.F.);
#2501=ORIENTED_EDGE('',*,*,#2488,.T.);
#2502=ORIENTED_EDGE('',*,*,#378,.F.);
#2503=EDGE_LOOP('',(#2499,#2500,#2501,#2502));
#2504=FACE_OUTER_BOUND('',#2503,.T.);
#2505=ADVANCED_FACE('',(#2504),#2498,.F.);
#2506=CARTESIAN_POINT('',(59.000000000000021,0.0,0.0));
#2507=DIRECTION('',(-1.0,0.0,0.0));
#2508=DIRECTION('',(0.0,0.0,1.0));
#2509=AXIS2_PLACEMENT_3D('',#2506,#2507,#2508);
#2510=TOROIDAL_SURFACE('',#2509,40.500000000000000,2.0);
#2511=ORIENTED_EDGE('',*,*,#1455,.F.);
#2512=ORIENTED_EDGE('',*,*,#824,.F.);
#2513=CARTESIAN_POINT('',(59.000000000000021,39.500000000000000,-8.944271909999157));
#2514=DIRECTION('',(-8.459454E-016,-0.220846219999980,-0.975308641975309));
#2515=DIRECTION('',(0.0,0.975308641975309,-0.220846219999980));
#2516=AXIS2_PLACEMENT_3D('',#2513,#2514,#2515);
#2517=CIRCLE('',#2516,1.999999999999998);
#2518=EDGE_CURVE('',#422,#810,#2517,.T.);
#2519=ORIENTED_EDGE('',*,*,#2518,.F.);
#2520=ORIENTED_EDGE('',*,*,#428,.F.);
#2521=EDGE_LOOP('',(#2511,#2512,#2519,#2520));
#2522=FACE_OUTER_BOUND('',#2521,.T.);
#2523=ADVANCED_FACE('',(#2522),#2510,.F.);
#2524=CARTESIAN_POINT('',(57.000000000000028,39.500000000000000,8.944271909999156));
#2525=CARTESIAN_POINT('',(57.000000000000028,39.500000000000000,8.209584508918542));
#2526=CARTESIAN_POINT('',(57.000000000000028,39.500000000000000,7.473211572796621));
#2527=CARTESIAN_POINT('',(57.000000000000028,39.500000000000000,6.734982127009985));
#2528=CARTESIAN_POINT('',(57.000000000000028,39.500000000000000,5.996752681223351));
#2529=CARTESIAN_POINT('',(57.000000000000028,39.500000000000000,5.256669374091842));
#2530=CARTESIAN_POINT('',(57.000000000000028,39.500000000000000,4.514589976158526));
#2531=CARTESIAN_POINT('',(57.000000000000028,39.500000000000000,3.772510578225213));
#2532=CARTESIAN_POINT('',(57.000000000000028,39.500000000000000,3.028434089643803));
#2533=CARTESIAN_POINT('',(57.000000000000028,39.500000000000000,2.282236455926554));
#2534=CARTESIAN_POINT('',(57.000000000000028,39.500000000000000,1.536038822209306));
#2535=CARTESIAN_POINT('',(57.000000000000028,39.500000000000000,0.787717440787647));
#2536=CARTESIAN_POINT('',(57.000000000000028,39.500000000000000,0.037196305116531));
#2537=CARTESIAN_POINT('',(57.000000000000028,39.500000000000000,-0.713324830554586));
#2538=CARTESIAN_POINT('',(57.000000000000028,39.500000000000000,-1.466046210086959));
#2539=CARTESIAN_POINT('',(57.000000000000028,39.500000000000000,-2.220969183393175));
#2540=CARTESIAN_POINT('',(57.000000000000028,39.500000000000000,-2.975892156699392));
#2541=CARTESIAN_POINT('',(57.000000000000028,39.500000000000000,-3.729668825846084));
#2542=CARTESIAN_POINT('',(57.000000000000028,39.500000000000000,-4.479415798689177));
#2543=CARTESIAN_POINT('',(57.000000000000028,39.500000000000000,-5.229162771532268));
#2544=CARTESIAN_POINT('',(57.000000000000028,39.500000000000000,-5.975877835704480));
#2545=CARTESIAN_POINT('',(57.000000000000028,39.500000000000000,-6.719900827689052));
#2546=CARTESIAN_POINT('',(57.000000000000028,39.500000000000000,-7.463923819673624));
#2547=CARTESIAN_POINT('',(57.000000000000028,39.500000000000000,-8.205494503119347));
#2548=CARTESIAN_POINT('',(57.000000000000028,39.500000000000000,-8.944271909999163));
#2549=CARTESIAN_POINT('',(57.000000000000028,39.244664794615645,8.886454504805405));
#2550=CARTESIAN_POINT('',(57.021238859579519,39.256776633494781,8.159502336058997));
#2551=CARTESIAN_POINT('',(57.036782178879875,39.270305425864727,7.429304662841170));
#2552=CARTESIAN_POINT('',(57.048488830297934,39.282962523259499,6.696553122353729));
#2553=CARTESIAN_POINT('',(57.060195481716036,39.295619620654264,5.963801581866286));
#2554=CARTESIAN_POINT('',(57.068065337721876,39.307465903712945,5.228462434784101));
#2555=CARTESIAN_POINT('',(57.073612673889755,39.317342069251161,4.490773448042138));
#2556=CARTESIAN_POINT('',(57.079160010057635,39.327218234789385,3.753084461300178));
#2557=CARTESIAN_POINT('',(57.082396551706580,39.335144786552803,3.013033739556325));
#2558=CARTESIAN_POINT('',(57.084411287804961,39.340528025841323,2.270713852482775));
#2559=CARTESIAN_POINT('',(57.086426023903357,39.345911265129843,1.528393965409225));
#2560=CARTESIAN_POINT('',(57.087237613438795,39.348757660283773,0.783797612987831));
#2561=CARTESIAN_POINT('',(57.087265765011210,39.348847818817141,0.037011210762636));
#2562=CARTESIAN_POINT('',(57.087293916583597,39.348937977350495,-0.709775191462559));
#2563=CARTESIAN_POINT('',(57.086542231669810,39.346270506640153,-1.458755656481383));
#2564=CARTESIAN_POINT('',(57.084573863835821,39.340964343489162,-2.209764596714916));
#2565=CARTESIAN_POINT('',(57.082605496001797,39.335658180338172,-2.960773536948449));
#2566=CARTESIAN_POINT('',(57.079403257512965,39.327724863722636,-3.710483665372224));
#2567=CARTESIAN_POINT('',(57.073873847031216,39.317808739526242,-4.455807086496781));
#2568=CARTESIAN_POINT('',(57.068344436549474,39.307892615329862,-5.201130507621342));
#2569=CARTESIAN_POINT('',(57.060472584468769,39.295966690818148,-5.943070962774212));
#2570=CARTESIAN_POINT('',(57.048727444319681,39.283220986824873,-6.681583624075117));
#2571=CARTESIAN_POINT('',(57.036982304170571,39.270475282831597,-7.420096285376019));
#2572=CARTESIAN_POINT('',(57.021357096340793,39.256844060118908,-8.155455392309133));
#2573=CARTESIAN_POINT('',(57.000000000000028,39.244664794615645,-8.886454504805405));
#2574=CARTESIAN_POINT('',(57.052054646663365,38.989430052731286,8.828659848291679));
#2575=CARTESIAN_POINT('',(57.089080961113936,39.017958208081623,8.109435186089069));
#2576=CARTESIAN_POINT('',(57.115287782898527,39.047473287355032,7.385408877021391));
#2577=CARTESIAN_POINT('',(57.134599914760429,39.074379924746843,6.658132483438197));
#2578=CARTESIAN_POINT('',(57.153912046622381,39.101286562138633,5.930856089855005));
#2579=CARTESIAN_POINT('',(57.166309866389241,39.125688857466038,5.200259636654855));
#2580=CARTESIAN_POINT('',(57.174789111123374,39.145820188700995,4.466960018412228));
#2581=CARTESIAN_POINT('',(57.183268355857457,39.165951519935987,3.733660400169601));
#2582=CARTESIAN_POINT('',(57.187844148345377,39.181846310176326,2.997634865853642));
#2583=CARTESIAN_POINT('',(57.190615512271890,39.192609774382802,2.259192284313355));
#2584=CARTESIAN_POINT('',(57.193386876198403,39.203373238589272,1.520749702773068));
#2585=CARTESIAN_POINT('',(57.194386778449427,39.209016198261111,0.779878091117369));
#2586=CARTESIAN_POINT('',(57.194422934324045,39.209195411603147,0.036826130853672));
#2587=CARTESIAN_POINT('',(57.194459090198642,39.209374624945198,-0.706225829410026));
#2588=CARTESIAN_POINT('',(57.193538355201845,39.204087995292966,-1.451465664800293));
#2589=CARTESIAN_POINT('',(57.190838812582300,39.193482026046205,-2.198561009451552));
#2590=CARTESIAN_POINT('',(57.188139269962797,39.182876056799458,-2.945656354102813));
#2591=CARTESIAN_POINT('',(57.183627532881012,39.166975101481668,-3.691300516486725));
#2592=CARTESIAN_POINT('',(57.175188030313173,39.146771227991209,-4.432201423735291));
#2593=CARTESIAN_POINT('',(57.166748527745327,39.126567354500722,-5.173102330983856));
#2594=CARTESIAN_POINT('',(57.154360801095137,39.102013087265760,-5.910269638310005));
#2595=CARTESIAN_POINT('',(57.134993465445547,39.074929256927071,-6.643274730042678));
#2596=CARTESIAN_POINT('',(57.115626129795928,39.047845426588367,-7.376279821775351));
#2597=CARTESIAN_POINT('',(57.089287086658764,39.018117024362752,-8.105431261379042));
#2598=CARTESIAN_POINT('',(57.052054646663365,38.989430052731286,-8.828659848291684));
#2599=CARTESIAN_POINT('',(57.152240934977449,38.753531082547113,8.775243531010261));
#2600=CARTESIAN_POINT('',(57.198809567653015,38.799600875125513,8.062716545389659));
#2601=CARTESIAN_POINT('',(57.230646930762845,38.845140117943366,7.344196614463460));
#2602=CARTESIAN_POINT('',(57.253482476177240,38.886002000921209,6.621884507238840));
#2603=CARTESIAN_POINT('',(57.276318021591656,38.926863883899074,5.899572400014217));
#2604=CARTESIAN_POINT('',(57.290108808337159,38.963174313515637,5.173371405498950));
#2605=CARTESIAN_POINT('',(57.299109059968139,38.992927900427290,4.444190061455307));
#2606=CARTESIAN_POINT('',(57.308109311599125,39.022681487338915,3.715008717411668));
#2607=CARTESIAN_POINT('',(57.312335837311970,39.045919374647141,2.982816182614385));
#2608=CARTESIAN_POINT('',(57.314749576105385,39.061625658692080,2.248090839633083));
#2609=CARTESIAN_POINT('',(57.317163314898792,39.077331942737018,1.513365496651781));
#2610=CARTESIAN_POINT('',(57.317810043966197,39.085519490854708,0.776091835657882));
#2611=CARTESIAN_POINT('',(57.317836587482802,39.085779982550051,0.036647343557970));
#2612=CARTESIAN_POINT('',(57.317863130999385,39.086040474245380,-0.702797148541942));
#2613=CARTESIAN_POINT('',(57.317279169131297,39.078371505740094,-1.444422662131087));
#2614=CARTESIAN_POINT('',(57.314943426015688,39.062898332139454,-2.187764479509053));
#2615=CARTESIAN_POINT('',(57.312607682900065,39.047425158538815,-2.931106296887020));
#2616=CARTESIAN_POINT('',(57.308469227783469,39.024185451805543,-3.672876750895213));
#2617=CARTESIAN_POINT('',(57.299532000085250,38.994333307932642,-4.409626444906304));
#2618=CARTESIAN_POINT('',(57.290594772387067,38.964481164059762,-5.146376138917397));
#2619=CARTESIAN_POINT('',(57.276836328187684,38.927956361683215,-5.879118034822994));
#2620=CARTESIAN_POINT('',(57.253947704697232,38.886836137512610,-6.607128086092087));
#2621=CARTESIAN_POINT('',(57.231059081206766,38.845715913342019,-7.335138137361178));
#2622=CARTESIAN_POINT('',(57.199068815296876,38.799857345725840,-8.058749906654617));
#2623=CARTESIAN_POINT('',(57.152240934977449,38.753531082547113,-8.775243531010267));
#2624=CARTESIAN_POINT('',(57.252427223291484,38.517632112362932,8.721827213728844));
#2625=CARTESIAN_POINT('',(57.308538174192094,38.581243542169396,8.015997904690241));
#2626=CARTESIAN_POINT('',(57.346006078627170,38.642806948531721,7.302984351905532));
#2627=CARTESIAN_POINT('',(57.372365037594065,38.697624077095618,6.585636531039482));
#2628=CARTESIAN_POINT('',(57.398723996560946,38.752441205659508,5.868288710173432));
#2629=CARTESIAN_POINT('',(57.413907750285070,38.800659769565286,5.146483174343041));
#2630=CARTESIAN_POINT('',(57.423429008812931,38.840035612153578,4.421420104498390));
#2631=CARTESIAN_POINT('',(57.432950267340772,38.879411454741856,3.696357034653737));
#2632=CARTESIAN_POINT('',(57.436827526278549,38.909992439117971,2.967997499375126));
#2633=CARTESIAN_POINT('',(57.438883639938858,38.930641543001364,2.236989394952810));
#2634=CARTESIAN_POINT('',(57.440939753599160,38.951290646884765,1.505981290530495));
#2635=CARTESIAN_POINT('',(57.441233309482911,38.962022783448290,0.772305580198394));
#2636=CARTESIAN_POINT('',(57.441250240641509,38.962364553496926,0.036468556262268));
#2637=CARTESIAN_POINT('',(57.441267171800128,38.962706323545582,-0.699368467673858));
#2638=CARTESIAN_POINT('',(57.441019983060798,38.952655016187251,-1.437379659461880));
#2639=CARTESIAN_POINT('',(57.439048039449048,38.932314638232683,-2.176967949566553));
#2640=CARTESIAN_POINT('',(57.437076095837298,38.911974260278143,-2.916556239671226));
#2641=CARTESIAN_POINT('',(57.433310922685941,38.881395802129404,-3.654452985303700));
#2642=CARTESIAN_POINT('',(57.423875969857349,38.841895387874089,-4.387051466077319));
#2643=CARTESIAN_POINT('',(57.414441017028807,38.802394973618782,-5.119649946850941));
#2644=CARTESIAN_POINT('',(57.399311855280231,38.753899636100634,-5.847966431335986));
#2645=CARTESIAN_POINT('',(57.372901943948911,38.698743018098163,-6.570981442141495));
#2646=CARTESIAN_POINT('',(57.346492032617590,38.643586400095671,-7.293996452947008));
#2647=CARTESIAN_POINT('',(57.308850543935002,38.581597667088950,-8.012068551930195));
#2648=CARTESIAN_POINT('',(57.252427223291484,38.517632112362932,-8.721827213728847));
#2649=CARTESIAN_POINT('',(57.400666315203651,38.301254546221763,8.672831269759465));
#2650=CARTESIAN_POINT('',(57.460083165743008,38.383480921978375,7.972655885066791));
#2651=CARTESIAN_POINT('',(57.498158856119865,38.461076193320139,7.264476509923380));
#2652=CARTESIAN_POINT('',(57.523967316066908,38.529532845218974,6.551576999446747));
#2653=CARTESIAN_POINT('',(57.549775776013945,38.597989497117837,5.838677488970118));
#2654=CARTESIAN_POINT('',(57.563223971037345,38.657456067366262,5.120917407955482));
#2655=CARTESIAN_POINT('',(57.570860121675828,38.705812698166902,4.399699544873449));
#2656=CARTESIAN_POINT('',(57.578496272314297,38.754169328967542,3.678481681791421));
#2657=CARTESIAN_POINT('',(57.580338939648222,38.791463577436581,2.953761848069640));
#2658=CARTESIAN_POINT('',(57.580925236927598,38.816615100206519,2.226310068630482));
#2659=CARTESIAN_POINT('',(57.581511534206967,38.841766622976465,1.498858289191325));
#2660=CARTESIAN_POINT('',(57.580911381425196,38.854790136202126,0.768653182158847));
#2661=CARTESIAN_POINT('',(57.580901115020993,38.855205365507103,0.036296089485273));
#2662=CARTESIAN_POINT('',(57.580890848616740,38.855620594812066,-0.696061003188301));
#2663=CARTESIAN_POINT('',(57.581485370409865,38.843424915653983,-1.430584731928646));
#2664=CARTESIAN_POINT('',(57.580970178064646,38.818652863195140,-2.166580402979881));
#2665=CARTESIAN_POINT('',(57.580454985719427,38.793880810736255,-2.902576074031115));
#2666=CARTESIAN_POINT('',(57.578742700341259,38.756597128124803,-3.636792470341014));
#2667=CARTESIAN_POINT('',(57.571217604219768,38.708096438729626,-4.365513002997289));
#2668=CARTESIAN_POINT('',(57.563692508098285,38.659595749334450,-5.094233535653564));
#2669=CARTESIAN_POINT('',(57.550331296002959,38.599799905634470,-5.818475105258512));
#2670=CARTESIAN_POINT('',(57.524492807793877,38.530930090021499,-6.537012726007845));
#2671=CARTESIAN_POINT('',(57.498654319584759,38.462060274408493,-7.255550346757174));
#2672=CARTESIAN_POINT('',(57.460413939433849,38.383938676328320,-7.968758007711555));
#2673=CARTESIAN_POINT('',(57.400666315203651,38.301254546221763,-8.672831269759469));
#2674=CARTESIAN_POINT('',(57.585786437626922,38.120705291018837,8.631948190476354));
#2675=CARTESIAN_POINT('',(57.643151513074940,38.219570716269445,7.935584091115677));
#2676=CARTESIAN_POINT('',(57.677746348820847,38.311058637981596,7.231019310642484));
#2677=CARTESIAN_POINT('',(57.699749309085931,38.391197157320256,6.521624541179261));
#2678=CARTESIAN_POINT('',(57.721752269351029,38.471335676658938,5.812229771716037));
#2679=CARTESIAN_POINT('',(57.731049382916268,38.540260825677507,5.097862443746600));
#2680=CARTESIAN_POINT('',(57.734961347162887,38.596123162817847,4.379977322313309));
#2681=CARTESIAN_POINT('',(57.738873311409563,38.651985499958208,3.662092200880019));
#2682=CARTESIAN_POINT('',(57.737420753460604,38.694828185569335,2.940644272364603));
#2683=CARTESIAN_POINT('',(57.735707712807809,38.723693954801618,2.216441312978993));
#2684=CARTESIAN_POINT('',(57.733994672154985,38.752559724033915,1.492238353593380));
#2685=CARTESIAN_POINT('',(57.732102533190208,38.767461832068435,0.765258540478577));
#2686=CARTESIAN_POINT('',(57.732052058425005,38.767937407512605,0.036135793540310));
#2687=CARTESIAN_POINT('',(57.732001583659816,38.768412982956796,-0.692986953397958));
#2688=CARTESIAN_POINT('',(57.733809698071227,38.754459628788624,-1.424267659376085));
#2689=CARTESIAN_POINT('',(57.735566078078442,38.726032514580474,-2.156978321434409));
#2690=CARTESIAN_POINT('',(57.737322458085636,38.697605400372325,-2.889688983492733));
#2691=CARTESIAN_POINT('',(57.738918633140358,38.654781725871359,-3.620593099790482));
#2692=CARTESIAN_POINT('',(57.735142622475365,38.598761182211476,-4.345948697959770));
#2693=CARTESIAN_POINT('',(57.731366611810344,38.542740638551564,-5.071304296129058));
#2694=CARTESIAN_POINT('',(57.722195307323432,38.473444970580644,-5.792124792823349));
#2695=CARTESIAN_POINT('',(57.700197009163517,38.392832735623834,-6.507131849090902));
#2696=CARTESIAN_POINT('',(57.678198711003574,38.312220500667038,-7.222138905358452));
#2697=CARTESIAN_POINT('',(57.643470864530954,38.220121100231424,-7.931707431191266));
#2698=CARTESIAN_POINT('',(57.585786437626922,38.120705291018837,-8.631948190476360));
#2699=CARTESIAN_POINT('',(57.770906560050179,37.940156035815903,8.591065111193244));
#2700=CARTESIAN_POINT('',(57.826219860406837,38.055660510560514,7.898512297164563));
#2701=CARTESIAN_POINT('',(57.857333841521843,38.161041082643045,7.197562111361587));
#2702=CARTESIAN_POINT('',(57.875531302104967,38.252861469421539,6.491672082911775));
#2703=CARTESIAN_POINT('',(57.893728762688106,38.344681856200040,5.785782054461959));
#2704=CARTESIAN_POINT('',(57.898874794795141,38.423065583988731,5.074807479537718));
#2705=CARTESIAN_POINT('',(57.899062572649989,38.486433627468799,4.360255099753168));
#2706=CARTESIAN_POINT('',(57.899250350504801,38.549801670948867,3.645702719968618));
#2707=CARTESIAN_POINT('',(57.894502567272987,38.598192793702083,2.927526696659565));
#2708=CARTESIAN_POINT('',(57.890490188688020,38.630772809396703,2.206572557327500));
#2709=CARTESIAN_POINT('',(57.886477810103052,38.663352825091337,1.485618417995437));
#2710=CARTESIAN_POINT('',(57.883293684955206,38.680133527934728,0.761863898798308));
#2711=CARTESIAN_POINT('',(57.883203001829024,38.680669449518120,0.035975497595347));
#2712=CARTESIAN_POINT('',(57.883112318702871,38.681205371101520,-0.689912903607614));
#2713=CARTESIAN_POINT('',(57.886134025732623,38.665494341923250,-1.417950586823523));
#2714=CARTESIAN_POINT('',(57.890161978092245,38.633412165965808,-2.147376239888936));
#2715=CARTESIAN_POINT('',(57.894189930451880,38.601329990008367,-2.876801892954348));
#2716=CARTESIAN_POINT('',(57.899094565939471,38.552966323617952,-3.604393729239951));
#2717=CARTESIAN_POINT('',(57.899067640730962,38.489425925693318,-4.326384392922249));
#2718=CARTESIAN_POINT('',(57.899040715522439,38.425885527768706,-5.048375056604550));
#2719=CARTESIAN_POINT('',(57.894059318643926,38.347090035526818,-5.765774480388184));
#2720=CARTESIAN_POINT('',(57.875901210533158,38.254735381226190,-6.477250972173958));
#2721=CARTESIAN_POINT('',(57.857743102422383,38.162380726925576,-7.188727463959728));
#2722=CARTESIAN_POINT('',(57.826527789628059,38.056303524134506,-7.894656854670981));
#2723=CARTESIAN_POINT('',(57.770906560050179,37.940156035815903,-8.591065111193244));
#2724=CARTESIAN_POINT('',(57.992762039258217,37.795577168395404,8.558327068088213));
#2725=CARTESIAN_POINT('',(58.040697488042518,37.925702459327454,7.867733279439769));
#2726=CARTESIAN_POINT('',(58.064263534005363,38.042813316545953,7.169172562588725));
#2727=CARTESIAN_POINT('',(58.075416476510291,38.144341555033563,6.465839738874562));
#2728=CARTESIAN_POINT('',(58.086569419015213,38.245869793521159,5.762506915160399));
#2729=CARTESIAN_POINT('',(58.085159232659755,38.331913639736811,5.054270097225558));
#2730=CARTESIAN_POINT('',(58.079791212226404,38.401306011570675,4.342536345907540));
#2731=CARTESIAN_POINT('',(58.074423191793052,38.470698383404546,3.630802594589521));
#2732=CARTESIAN_POINT('',(58.065124064170703,38.523469731700303,2.915529712510330));
#2733=CARTESIAN_POINT('',(58.057985729896721,38.558973658802557,2.197516145708177));
#2734=CARTESIAN_POINT('',(58.050847395622746,38.594477585904805,1.479502578906024));
#2735=CARTESIAN_POINT('',(58.045974281668187,38.612723218454207,0.758727543358008));
#2736=CARTESIAN_POINT('',(58.045830422346249,38.613306342458976,0.035827397501696));
#2737=CARTESIAN_POINT('',(58.045686563024262,38.613889466463746,-0.687072748354617));
#2738=CARTESIAN_POINT('',(58.050292558573986,38.596808278595198,-1.412112344715465));
#2739=CARTESIAN_POINT('',(58.057404060540385,38.561849766678279,-2.138561336337334));
#2740=CARTESIAN_POINT('',(58.064515562506749,38.526891254761360,-2.865010327959205));
#2741=CARTESIAN_POINT('',(58.073979753295305,38.474156174591265,-3.589658914778948));
#2742=CARTESIAN_POINT('',(58.079533695968834,38.404582606485711,-4.308799299993372));
#2743=CARTESIAN_POINT('',(58.085087638642321,38.335009038380157,-5.027939685207795));
#2744=CARTESIAN_POINT('',(58.086707721714589,38.248523410457992,-5.742574167781530));
#2745=CARTESIAN_POINT('',(58.075642541967476,38.146413496904657,-6.451470894583467));
#2746=CARTESIAN_POINT('',(58.064577362220355,38.044303583351329,-7.160367621385402));
#2747=CARTESIAN_POINT('',(58.040964344753576,37.926426867005816,-7.863888742843245));
#2748=CARTESIAN_POINT('',(57.992762039258217,37.795577168395404,-8.558327068088216));
#2749=CARTESIAN_POINT('',(58.234633135269846,37.697864615595265,8.536201305018228));
#2750=CARTESIAN_POINT('',(58.272108676798680,37.838390579853368,7.845317553775434));
#2751=CARTESIAN_POINT('',(58.285839905316081,37.963599297162595,7.147584148547377));
#2752=CARTESIAN_POINT('',(58.288144975865059,38.071750517142490,6.445582686952393));
#2753=CARTESIAN_POINT('',(58.290450046414080,38.179901737122378,5.743581225357409));
#2754=CARTESIAN_POINT('',(58.281170055704443,38.271067145487777,5.037205795510663));
#2755=CARTESIAN_POINT('',(58.269251493871835,38.344459417139333,4.327595167421488));
#2756=CARTESIAN_POINT('',(58.257332932039247,38.417851688790883,3.617984539332315));
#2757=CARTESIAN_POINT('',(58.242808737770126,38.473492852812811,2.905104314955165));
#2758=CARTESIAN_POINT('',(58.232101814450949,38.510908142112328,2.189601498155006));
#2759=CARTESIAN_POINT('',(58.221394891131737,38.548323431411845,1.474098681354849));
#2760=CARTESIAN_POINT('',(58.214621718213408,38.567519316753248,0.755955867576009));
#2761=CARTESIAN_POINT('',(58.214417771328542,38.568133136765134,0.035696517020841));
#2762=CARTESIAN_POINT('',(58.214213824443675,38.568746956777041,-0.684562833534327));
#2763=CARTESIAN_POINT('',(58.220601140525915,38.550777245221241,-1.406950536128461));
#2764=CARTESIAN_POINT('',(58.231230876692919,38.513938992950074,-2.130853094280137));
#2765=CARTESIAN_POINT('',(58.241860612859931,38.477100740678907,-2.854755652431811));
#2766=CARTESIAN_POINT('',(58.256555142843652,38.421502754243690,-3.576972203370839));
#2767=CARTESIAN_POINT('',(58.268684489189646,38.347924741814914,-4.293958957865702));
#2768=CARTESIAN_POINT('',(58.280813835535668,38.274346729386153,-5.010945712360568));
#2769=CARTESIAN_POINT('',(58.290352067964093,38.182721257409256,-5.723693647540569));
#2770=CARTESIAN_POINT('',(58.288190427532705,38.073957545451400,-6.431241116615036));
#2771=CARTESIAN_POINT('',(58.286028787101294,37.965193833493544,-7.138788585689506));
#2772=CARTESIAN_POINT('',(58.272317303191286,37.839172888094822,-7.841471402956737));
#2773=CARTESIAN_POINT('',(58.234633135269846,37.697864615595265,-8.536201305018228));
#2774=CARTESIAN_POINT('',(58.476504231281453,37.600152062795146,8.514075541948239));
#2775=CARTESIAN_POINT('',(58.503519865554864,37.751078700379296,7.822901828111101));
#2776=CARTESIAN_POINT('',(58.507416276626742,37.884385277779245,7.125995734506024));
#2777=CARTESIAN_POINT('',(58.500873475219862,37.999159479251418,6.425325635030221));
#2778=CARTESIAN_POINT('',(58.494330673812975,38.113933680723598,5.724655535554418));
#2779=CARTESIAN_POINT('',(58.477180878749095,38.210220651238735,5.020141493795766));
#2780=CARTESIAN_POINT('',(58.458711775517280,38.287612822707963,4.312653988935436));
#2781=CARTESIAN_POINT('',(58.440242672285443,38.365004994177205,3.605166484075106));
#2782=CARTESIAN_POINT('',(58.420493411369556,38.423515973925291,2.894678917399998));
#2783=CARTESIAN_POINT('',(58.406217899005142,38.462842625422084,2.181686850601836));
#2784=CARTESIAN_POINT('',(58.391942386640743,38.502169276918892,1.468694783803674));
#2785=CARTESIAN_POINT('',(58.383269154758651,38.522315415052304,0.753184191794008));
#2786=CARTESIAN_POINT('',(58.383005120310862,38.522959931071306,0.035565636539986));
#2787=CARTESIAN_POINT('',(58.382741085863081,38.523604447090314,-0.682052918714037));
#2788=CARTESIAN_POINT('',(58.390909722477851,38.504746211847269,-1.401788727541458));
#2789=CARTESIAN_POINT('',(58.405057692845482,38.466028219221855,-2.123144852222939));
#2790=CARTESIAN_POINT('',(58.419205663213127,38.427310226596454,-2.844500976904420));
#2791=CARTESIAN_POINT('',(58.439130532391992,38.368849333896136,-3.564285491962731));
#2792=CARTESIAN_POINT('',(58.457835282410471,38.291266877144125,-4.279118615738034));
#2793=CARTESIAN_POINT('',(58.476540032429007,38.213684420392141,-4.993951739513337));
#2794=CARTESIAN_POINT('',(58.493996414213605,38.116919104360520,-5.704813127299601));
#2795=CARTESIAN_POINT('',(58.500738313097941,38.001501593998135,-6.411011338646606));
#2796=CARTESIAN_POINT('',(58.507480211982248,37.886084083635765,-7.117209549993610));
#2797=CARTESIAN_POINT('',(58.503670261629033,37.751918909183843,-7.819054063070232));
#2798=CARTESIAN_POINT('',(58.476504231281453,37.600152062795146,-8.514075541948245));
#2799=CARTESIAN_POINT('',(58.738200612200863,37.549382716049379,8.502579469999198));
#2800=CARTESIAN_POINT('',(58.751721690151712,37.706465873275249,7.808863450086452));
#2801=CARTESIAN_POINT('',(58.743525518969676,37.844225409674706,7.111219505360719));
#2802=CARTESIAN_POINT('',(58.726352680342949,37.962528923037141,6.410652694876156));
#2803=CARTESIAN_POINT('',(58.709179841716228,38.080832436399589,5.710085884391589));
#2804=CARTESIAN_POINT('',(58.682859584001136,38.179697689866771,5.006555304342450));
#2805=CARTESIAN_POINT('',(58.656854402363841,38.259062041017998,4.300494273448606));
#2806=CARTESIAN_POINT('',(58.630849220726574,38.338426392169218,3.594433242554763));
#2807=CARTESIAN_POINT('',(58.605206530993726,38.398295032149093,2.885827107180895));
#2808=CARTESIAN_POINT('',(58.586923239198292,38.438519379745834,2.174915389333628));
#2809=CARTESIAN_POINT('',(58.568639947402865,38.478743727342561,1.464003671486361));
#2810=CARTESIAN_POINT('',(58.557857067420869,38.499324987601774,0.750777628310221));
#2811=CARTESIAN_POINT('',(58.557526084341347,38.499983677458061,0.035451996099987));
#2812=CARTESIAN_POINT('',(58.557195101261819,38.500642367314335,-0.679873636110247));
#2813=CARTESIAN_POINT('',(58.567340713475595,38.481377664337529,-1.397304151720750));
#2814=CARTESIAN_POINT('',(58.585438233060671,38.441777618042245,-2.116544646763427));
#2815=CARTESIAN_POINT('',(58.603535752645755,38.402177571746975,-2.835785141806103));
#2816=CARTESIAN_POINT('',(58.629356433918076,38.342364005290726,-3.553649574532880));
#2817=CARTESIAN_POINT('',(58.655621950104134,38.262809103491996,-4.267026858131731));
#2818=CARTESIAN_POINT('',(58.681887466290178,38.183254201693288,-4.980404141730584));
#2819=CARTESIAN_POINT('',(58.708565752644823,38.083904040483041,-5.690258934701933));
#2820=CARTESIAN_POINT('',(58.726000565274568,37.964943001434754,-6.396340634478561));
#2821=CARTESIAN_POINT('',(58.743435377904341,37.845981962386446,-7.102422334255189));
#2822=CARTESIAN_POINT('',(58.751796962011767,37.707340355433331,-7.805001532024070));
#2823=CARTESIAN_POINT('',(58.738200612200863,37.549382716049379,-8.502579469999208));
#2824=CARTESIAN_POINT('',(59.000000000000021,37.549382716049379,8.502579469999198));
#2825=CARTESIAN_POINT('',(59.000000000000021,37.707527982208752,7.804172928231207));
#2826=CARTESIAN_POINT('',(58.979695363674587,37.845572338316551,7.104164087720243));
#2827=CARTESIAN_POINT('',(58.951880981488998,37.963922307209884,6.402390417034183));
#2828=CARTESIAN_POINT('',(58.924066599303437,38.082272276103225,5.700616746348123));
#2829=CARTESIAN_POINT('',(58.888568974904416,38.180925625740834,4.997080763025575));
#2830=CARTESIAN_POINT('',(58.855022810555582,38.260054414293400,4.291647261286499));
#2831=CARTESIAN_POINT('',(58.821476646206733,38.339183202845959,3.586213759547423));
#2832=CARTESIAN_POINT('',(58.789937702209627,38.398786669265327,2.878881788920653));
#2833=CARTESIAN_POINT('',(58.767644816730204,38.438823144509499,2.169533421065983));
#2834=CARTESIAN_POINT('',(58.745351931250724,38.478859619753635,1.460185053211316));
#2835=CARTESIAN_POINT('',(58.732458627327631,38.499328502549005,0.748817814082084));
#2836=CARTESIAN_POINT('',(58.732060669207954,38.499983762454455,0.035359450542875));
#2837=CARTESIAN_POINT('',(58.731662711088255,38.500639022359913,-0.678098912996334));
#2838=CARTESIAN_POINT('',(58.743786020066615,38.481480058885523,-1.393648866378960));
#2839=CARTESIAN_POINT('',(58.765834864104164,38.442066117570747,-2.111291692855240));
#2840=CARTESIAN_POINT('',(58.787883708141734,38.402652176255970,-2.828934519331520));
#2841=CARTESIAN_POINT('',(58.819603000266241,38.343106050283694,-3.545487649261092));
#2842=CARTESIAN_POINT('',(58.853434168310073,38.263790284191415,-4.258210080235388));
#2843=CARTESIAN_POINT('',(58.887265336353877,38.184474518099151,-4.970932511209687));
#2844=CARTESIAN_POINT('',(58.923172422228262,38.085341398389588,-5.680772757398086));
#2845=CARTESIAN_POINT('',(58.951311679082195,37.966337296513672,-6.388053873235274));
#2846=CARTESIAN_POINT('',(58.979450935936143,37.847333194637727,-7.095334989072457));
#2847=CARTESIAN_POINT('',(59.000000000000021,37.708408377128762,-7.800284898027030));
#2848=CARTESIAN_POINT('',(59.000000000000021,37.549382716049379,-8.502579469999208));
#2849=B_SPLINE_SURFACE_WITH_KNOTS('',3,3,((#2524,#2549,#2574,#2599,#2624,#2649,#2674,#2699,#2724,#2749,#2774,#2799,#2824),(#2525,#2550,#2575,#2600,#2625,#2650,#2675,#2700,#2725,#2750,#2775,#2800,#2825),(#2526,#2551,#2576,#2601,#2626,#2651,#2676,#2701,#2726,#2751,#2776,#2801,#2826),(#2527,#2552,#2577,#2602,#2627,#2652,#2677,#2702,#2727,#2752,#2777,#2802,#2827),(#2528,#2553,#2578,#2603,#2628,#2653,#2678,#2703,#2728,#2753,#2778,#2803,#2828),(#2529,#2554,#2579,#2604,#2629,#2654,#2679,#2704,#2729,#2754,#2779,#2804,#2829),(#2530,#2555,#2580,#2605,#2630,#2655,#2680,#2705,#2730,#2755,#2780,#2805,#2830),(#2531,#2556,#2581,#2606,#2631,#2656,#2681,#2706,#2731,#2756,#2781,#2806,#2831),(#2532,#2557,#2582,#2607,#2632,#2657,#2682,#2707,#2732,#2757,#2782,#2807,#2832),(#2533,#2558,#2583,#2608,#2633,#2658,#2683,#2708,#2733,#2758,#2783,#2808,#2833),(#2534,#2559,#2584,#2609,#2634,#2659,#2684,#2709,#2734,#2759,#2784,#2809,#2834),(#2535,#2560,#2585,#2610,#2635,#2660,#2685,#2710,#2735,#2760,#2785,#2810,#2835),(#2536,#2561,#2586,#2611,#2636,#2661,#2686,#2711,#2736,#2761,#2786,#2811,#2836),(#2537,#2562,#2587,#2612,#2637,#2662,#2687,#2712,#2737,#2762,#2787,#2812,#2837),(#2538,#2563,#2588,#2613,#2638,#2663,#2688,#2713,#2738,#2763,#2788,#2813,#2838),(#2539,#2564,#2589,#2614,#2639,#2664,#2689,#2714,#2739,#2764,#2789,#2814,#2839),(#2540,#2565,#2590,#2615,#2640,#2665,#2690,#2715,#2740,#2765,#2790,#2815,#2840),(#2541,#2566,#2591,#2616,#2641,#2666,#2691,#2716,#2741,#2766,#2791,#2816,#2841),(#2542,#2567,#2592,#2617,#2642,#2667,#2692,#2717,#2742,#2767,#2792,#2817,#2842),(#2543,#2568,#2593,#2618,#2643,#2668,#2693,#2718,#2743,#2768,#2793,#2818,#2843),(#2544,#2569,#2594,#2619,#2644,#2669,#2694,#2719,#2744,#2769,#2794,#2819,#2844),(#2545,#2570,#2595,#2620,#2645,#2670,#2695,#2720,#2745,#2770,#2795,#2820,#2845),(#2546,#2571,#2596,#2621,#2646,#2671,#2696,#2721,#2746,#2771,#2796,#2821,#2846),(#2547,#2572,#2597,#2622,#2647,#2672,#2697,#2722,#2747,#2772,#2797,#2822,#2847),(#2548,#2573,#2598,#2623,#2648,#2673,#2698,#2723,#2748,#2773,#2798,#2823,#2848)),.UNSPECIFIED.,.F.,.F.,.U.,(4,3,3,3,3,3,3,3,4),(4,3,3,3,4),(0.007441715081326,0.009734275997232,0.012026836913139,0.014319397829045,0.016611958744952,0.018904519660858,0.021197080576765,0.023489641492671,0.025782202408578),(0.0,0.250000000000000,0.500000000000000,0.750000000000000,1.0),.UNSPECIFIED.);
#2850=ORIENTED_EDGE('',*,*,#2518,.T.);
#2851=ORIENTED_EDGE('',*,*,#1594,.T.);
#2852=CARTESIAN_POINT('',(59.000000000000021,39.500000000000000,8.944271909999156));
#2853=DIRECTION('',(0.0,0.220846219999979,-0.975308641975309));
#2854=DIRECTION('',(0.0,-0.975308641975309,-0.220846219999979));
#2855=AXIS2_PLACEMENT_3D('',#2852,#2853,#2854);
#2856=CIRCLE('',#2855,1.999999999999998);
#2857=EDGE_CURVE('',#431,#717,#2856,.T.);
#2858=ORIENTED_EDGE('',*,*,#2857,.F.);
#2859=ORIENTED_EDGE('',*,*,#447,.F.);
#2860=EDGE_LOOP('',(#2850,#2851,#2858,#2859));
#2861=FACE_OUTER_BOUND('',#2860,.T.);
#2862=ADVANCED_FACE('',(#2861),#2849,.F.);
#2863=CARTESIAN_POINT('',(59.000000000000021,0.0,0.0));
#2864=DIRECTION('',(-1.0,0.0,0.0));
#2865=DIRECTION('',(0.0,0.0,1.0));
#2866=AXIS2_PLACEMENT_3D('',#2863,#2864,#2865);
#2867=TOROIDAL_SURFACE('',#2866,40.500000000000000,2.0);
#2868=ORIENTED_EDGE('',*,*,#1253,.F.);
#2869=ORIENTED_EDGE('',*,*,#456,.F.);
#2870=ORIENTED_EDGE('',*,*,#2857,.T.);
#2871=ORIENTED_EDGE('',*,*,#723,.F.);
#2872=EDGE_LOOP('',(#2868,#2869,#2870,#2871));
#2873=FACE_OUTER_BOUND('',#2872,.T.);
#2874=ADVANCED_FACE('',(#2873),#2867,.F.);
#2875=CARTESIAN_POINT('',(35.0,0.0,0.0));
#2876=DIRECTION('',(1.0,0.0,0.0));
#2877=DIRECTION('',(0.0,0.0,-1.0));
#2878=AXIS2_PLACEMENT_3D('',#2875,#2876,#2877);
#2879=TOROIDAL_SURFACE('',#2878,40.500000000000000,2.0);
#2880=ORIENTED_EDGE('',*,*,#1472,.F.);
#2881=ORIENTED_EDGE('',*,*,#499,.F.);
#2882=CARTESIAN_POINT('',(35.0,39.500000000000000,-8.944271909999156));
#2883=DIRECTION('',(0.0,-0.220846219999979,-0.975308641975309));
#2884=DIRECTION('',(0.0,0.975308641975309,-0.220846219999979));
#2885=AXIS2_PLACEMENT_3D('',#2882,#2883,#2884);
#2886=CIRCLE('',#2885,1.999999999999998);
#2887=EDGE_CURVE('',#683,#476,#2886,.T.);
#2888=ORIENTED_EDGE('',*,*,#2887,.F.);
#2889=ORIENTED_EDGE('',*,*,#689,.F.);
#2890=EDGE_LOOP('',(#2880,#2881,#2888,#2889));
#2891=FACE_OUTER_BOUND('',#2890,.T.);
#2892=ADVANCED_FACE('',(#2891),#2879,.F.);
#2893=CARTESIAN_POINT('',(35.0,37.549382716049379,8.502579469999198));
#2894=CARTESIAN_POINT('',(35.0,37.707527982208752,7.804172928231207));
#2895=CARTESIAN_POINT('',(35.020304636325427,37.845572338316551,7.104164087720243));
#2896=CARTESIAN_POINT('',(35.048119018511002,37.963922307209884,6.402390417034183));
#2897=CARTESIAN_POINT('',(35.075933400696570,38.082272276103225,5.700616746348123));
#2898=CARTESIAN_POINT('',(35.111431025095598,38.180925625740834,4.997080763025575));
#2899=CARTESIAN_POINT('',(35.144977189444447,38.260054414293400,4.291647261286499));
#2900=CARTESIAN_POINT('',(35.178523353793267,38.339183202845959,3.586213759547423));
#2901=CARTESIAN_POINT('',(35.210062297790387,38.398786669265327,2.878881788920653));
#2902=CARTESIAN_POINT('',(35.232355183269839,38.438823144509499,2.169533421065983));
#2903=CARTESIAN_POINT('',(35.254648068749290,38.478859619753635,1.460185053211316));
#2904=CARTESIAN_POINT('',(35.267541372672383,38.499328502549005,0.748817814082084));
#2905=CARTESIAN_POINT('',(35.267939330792082,38.499983762454455,0.035359450542875));
#2906=CARTESIAN_POINT('',(35.268337288911759,38.500639022359913,-0.678098912996334));
#2907=CARTESIAN_POINT('',(35.256213979933406,38.481480058885523,-1.393648866378960));
#2908=CARTESIAN_POINT('',(35.234165135895850,38.442066117570747,-2.111291692855240));
#2909=CARTESIAN_POINT('',(35.212116291858287,38.402652176255970,-2.828934519331520));
#2910=CARTESIAN_POINT('',(35.180396999733773,38.343106050283694,-3.545487649261092));
#2911=CARTESIAN_POINT('',(35.146565831689962,38.263790284191415,-4.258210080235388));
#2912=CARTESIAN_POINT('',(35.112734663646144,38.184474518099151,-4.970932511209687));
#2913=CARTESIAN_POINT('',(35.076827577771773,38.085341398389588,-5.680772757398086));
#2914=CARTESIAN_POINT('',(35.048688320917812,37.966337296513672,-6.388053873235274));
#2915=CARTESIAN_POINT('',(35.020549064063871,37.847333194637727,-7.095334989072457));
#2916=CARTESIAN_POINT('',(35.0,37.708408377128762,-7.800284898027030));
#2917=CARTESIAN_POINT('',(35.0,37.549382716049379,-8.502579469999208));
#2918=CARTESIAN_POINT('',(35.261799387799158,37.549382716049379,8.502579469999198));
#2919=CARTESIAN_POINT('',(35.248278309848288,37.706465873275249,7.808863450086452));
#2920=CARTESIAN_POINT('',(35.256474481030352,37.844225409674706,7.111219505360719));
#2921=CARTESIAN_POINT('',(35.273647319657066,37.962528923037141,6.410652694876156));
#2922=CARTESIAN_POINT('',(35.290820158283779,38.080832436399589,5.710085884391589));
#2923=CARTESIAN_POINT('',(35.317140415998900,38.179697689866771,5.006555304342450));
#2924=CARTESIAN_POINT('',(35.343145597636173,38.259062041017998,4.300494273448606));
#2925=CARTESIAN_POINT('',(35.369150779273461,38.338426392169218,3.594433242554763));
#2926=CARTESIAN_POINT('',(35.394793469006281,38.398295032149093,2.885827107180895));
#2927=CARTESIAN_POINT('',(35.413076760801729,38.438519379745834,2.174915389333628));
#2928=CARTESIAN_POINT('',(35.431360052597171,38.478743727342561,1.464003671486361));
#2929=CARTESIAN_POINT('',(35.442142932579145,38.499324987601774,0.750777628310221));
#2930=CARTESIAN_POINT('',(35.442473915658674,38.499983677458061,0.035451996099987));
#2931=CARTESIAN_POINT('',(35.442804898738203,38.500642367314335,-0.679873636110247));
#2932=CARTESIAN_POINT('',(35.432659286524441,38.481377664337529,-1.397304151720750));
#2933=CARTESIAN_POINT('',(35.414561766939343,38.441777618042245,-2.116544646763427));
#2934=CARTESIAN_POINT('',(35.396464247354253,38.402177571746975,-2.835785141806103));
#2935=CARTESIAN_POINT('',(35.370643566081938,38.342364005290726,-3.553649574532880));
#2936=CARTESIAN_POINT('',(35.344378049895880,38.262809103491996,-4.267026858131731));
#2937=CARTESIAN_POINT('',(35.318112533709836,38.183254201693288,-4.980404141730584));
#2938=CARTESIAN_POINT('',(35.291434247355198,38.083904040483041,-5.690258934701933));
#2939=CARTESIAN_POINT('',(35.273999434725440,37.964943001434754,-6.396340634478561));
#2940=CARTESIAN_POINT('',(35.256564622095688,37.845981962386446,-7.102422334255189));
#2941=CARTESIAN_POINT('',(35.248203037988254,37.707340355433331,-7.805001532024070));
#2942=CARTESIAN_POINT('',(35.261799387799158,37.549382716049379,-8.502579469999208));
#2943=CARTESIAN_POINT('',(35.523495768718554,37.600152062795146,8.514075541948239));
#2944=CARTESIAN_POINT('',(35.496480134445143,37.751078700379296,7.822901828111101));
#2945=CARTESIAN_POINT('',(35.492583723373258,37.884385277779245,7.125995734506024));
#2946=CARTESIAN_POINT('',(35.499126524780159,37.999159479251418,6.425325635030221));
#2947=CARTESIAN_POINT('',(35.505669326187061,38.113933680723598,5.724655535554418));
#2948=CARTESIAN_POINT('',(35.522819121250919,38.210220651238735,5.020141493795766));
#2949=CARTESIAN_POINT('',(35.541288224482727,38.287612822707963,4.312653988935436));
#2950=CARTESIAN_POINT('',(35.559757327714564,38.365004994177205,3.605166484075106));
#2951=CARTESIAN_POINT('',(35.579506588630480,38.423515973925291,2.894678917399998));
#2952=CARTESIAN_POINT('',(35.593782100994879,38.462842625422084,2.181686850601836));
#2953=CARTESIAN_POINT('',(35.608057613359264,38.502169276918892,1.468694783803674));
#2954=CARTESIAN_POINT('',(35.616730845241378,38.522315415052304,0.753184191794008));
#2955=CARTESIAN_POINT('',(35.616994879689159,38.522959931071306,0.035565636539986));
#2956=CARTESIAN_POINT('',(35.617258914136933,38.523604447090314,-0.682052918714037));
#2957=CARTESIAN_POINT('',(35.609090277522164,38.504746211847269,-1.401788727541458));
#2958=CARTESIAN_POINT('',(35.594942307154511,38.466028219221855,-2.123144852222939));
#2959=CARTESIAN_POINT('',(35.580794336786909,38.427310226596454,-2.844500976904420));
#2960=CARTESIAN_POINT('',(35.560869467608043,38.368849333896136,-3.564285491962731));
#2961=CARTESIAN_POINT('',(35.542164717589522,38.291266877144125,-4.279118615738034));
#2962=CARTESIAN_POINT('',(35.523459967571007,38.213684420392141,-4.993951739513337));
#2963=CARTESIAN_POINT('',(35.506003585786402,38.116919104360520,-5.704813127299601));
#2964=CARTESIAN_POINT('',(35.499261686902074,38.001501593998135,-6.411011338646606));
#2965=CARTESIAN_POINT('',(35.492519788017766,37.886084083635765,-7.117209549993610));
#2966=CARTESIAN_POINT('',(35.496329738370996,37.751918909183843,-7.819054063070232));
#2967=CARTESIAN_POINT('',(35.523495768718554,37.600152062795146,-8.514075541948245));
#2968=CARTESIAN_POINT('',(35.765366864730183,37.697864615595265,8.536201305018228));
#2969=CARTESIAN_POINT('',(35.727891323201327,37.838390579853368,7.845317553775434));
#2970=CARTESIAN_POINT('',(35.714160094683962,37.963599297162595,7.147584148547377));
#2971=CARTESIAN_POINT('',(35.711855024134948,38.071750517142490,6.445582686952393));
#2972=CARTESIAN_POINT('',(35.709549953585928,38.179901737122378,5.743581225357409));
#2973=CARTESIAN_POINT('',(35.718829944295592,38.271067145487777,5.037205795510663));
#2974=CARTESIAN_POINT('',(35.730748506128180,38.344459417139333,4.327595167421488));
#2975=CARTESIAN_POINT('',(35.742667067960781,38.417851688790883,3.617984539332315));
#2976=CARTESIAN_POINT('',(35.757191262229888,38.473492852812811,2.905104314955165));
#2977=CARTESIAN_POINT('',(35.767898185549086,38.510908142112328,2.189601498155006));
#2978=CARTESIAN_POINT('',(35.778605108868291,38.548323431411845,1.474098681354849));
#2979=CARTESIAN_POINT('',(35.785378281786613,38.567519316753248,0.755955867576009));
#2980=CARTESIAN_POINT('',(35.785582228671473,38.568133136765134,0.035696517020841));
#2981=CARTESIAN_POINT('',(35.785786175556346,38.568746956777041,-0.684562833534327));
#2982=CARTESIAN_POINT('',(35.779398859474085,38.550777245221241,-1.406950536128461));
#2983=CARTESIAN_POINT('',(35.768769123307095,38.513938992950074,-2.130853094280137));
#2984=CARTESIAN_POINT('',(35.758139387140076,38.477100740678907,-2.854755652431811));
#2985=CARTESIAN_POINT('',(35.743444857156355,38.421502754243690,-3.576972203370839));
#2986=CARTESIAN_POINT('',(35.731315510810369,38.347924741814914,-4.293958957865702));
#2987=CARTESIAN_POINT('',(35.719186164464361,38.274346729386153,-5.010945712360568));
#2988=CARTESIAN_POINT('',(35.709647932035921,38.182721257409256,-5.723693647540569));
#2989=CARTESIAN_POINT('',(35.711809572467317,38.073957545451400,-6.431241116615036));
#2990=CARTESIAN_POINT('',(35.713971212898713,37.965193833493544,-7.138788585689506));
#2991=CARTESIAN_POINT('',(35.727682696808714,37.839172888094822,-7.841471402956737));
#2992=CARTESIAN_POINT('',(35.765366864730183,37.697864615595265,-8.536201305018228));
#2993=CARTESIAN_POINT('',(36.007237960741804,37.795577168395404,8.558327068088213));
#2994=CARTESIAN_POINT('',(35.959302511957517,37.925702459327454,7.867733279439769));
#2995=CARTESIAN_POINT('',(35.935736465994651,38.042813316545953,7.169172562588725));
#2996=CARTESIAN_POINT('',(35.924583523489730,38.144341555033563,6.465839738874562));
#2997=CARTESIAN_POINT('',(35.913430580984802,38.245869793521159,5.762506915160399));
#2998=CARTESIAN_POINT('',(35.914840767340259,38.331913639736811,5.054270097225558));
#2999=CARTESIAN_POINT('',(35.920208787773632,38.401306011570675,4.342536345907540));
#3000=CARTESIAN_POINT('',(35.925576808206976,38.470698383404546,3.630802594589521));
#3001=CARTESIAN_POINT('',(35.934875935829311,38.523469731700303,2.915529712510330));
#3002=CARTESIAN_POINT('',(35.942014270103286,38.558973658802557,2.197516145708177));
#3003=CARTESIAN_POINT('',(35.949152604377289,38.594477585904805,1.479502578906024));
#3004=CARTESIAN_POINT('',(35.954025718331842,38.612723218454207,0.758727543358008));
#3005=CARTESIAN_POINT('',(35.954169577653801,38.613306342458976,0.035827397501696));
#3006=CARTESIAN_POINT('',(35.954313436975752,38.613889466463746,-0.687072748354617));
#3007=CARTESIAN_POINT('',(35.949707441426021,38.596808278595198,-1.412112344715465));
#3008=CARTESIAN_POINT('',(35.942595939459643,38.561849766678279,-2.138561336337334));
#3009=CARTESIAN_POINT('',(35.935484437493258,38.526891254761360,-2.865010327959205));
#3010=CARTESIAN_POINT('',(35.926020246704695,38.474156174591265,-3.589658914778948));
#3011=CARTESIAN_POINT('',(35.920466304031187,38.404582606485711,-4.308799299993372));
#3012=CARTESIAN_POINT('',(35.914912361357686,38.335009038380157,-5.027939685207795));
#3013=CARTESIAN_POINT('',(35.913292278285425,38.248523410457992,-5.742574167781530));
#3014=CARTESIAN_POINT('',(35.924357458032532,38.146413496904657,-6.451470894583467));
#3015=CARTESIAN_POINT('',(35.935422637779666,38.044303583351329,-7.160367621385402));
#3016=CARTESIAN_POINT('',(35.959035655246453,37.926426867005816,-7.863888742843245));
#3017=CARTESIAN_POINT('',(36.007237960741804,37.795577168395404,-8.558327068088216));
#3018=CARTESIAN_POINT('',(36.229093439949835,37.940156035815903,8.591065111193244));
#3019=CARTESIAN_POINT('',(36.173780139593163,38.055660510560514,7.898512297164563));
#3020=CARTESIAN_POINT('',(36.142666158478178,38.161041082643045,7.197562111361587));
#3021=CARTESIAN_POINT('',(36.124468697895054,38.252861469421539,6.491672082911775));
#3022=CARTESIAN_POINT('',(36.106271237311923,38.344681856200040,5.785782054461959));
#3023=CARTESIAN_POINT('',(36.101125205204866,38.423065583988731,5.074807479537718));
#3024=CARTESIAN_POINT('',(36.100937427350047,38.486433627468799,4.360255099753168));
#3025=CARTESIAN_POINT('',(36.100749649495221,38.549801670948867,3.645702719968618));
#3026=CARTESIAN_POINT('',(36.105497432727027,38.598192793702083,2.927526696659565));
#3027=CARTESIAN_POINT('',(36.109509811311995,38.630772809396703,2.206572557327500));
#3028=CARTESIAN_POINT('',(36.113522189896955,38.663352825091337,1.485618417995437));
#3029=CARTESIAN_POINT('',(36.116706315044837,38.680133527934728,0.761863898798308));
#3030=CARTESIAN_POINT('',(36.116796998170983,38.680669449518120,0.035975497595347));
#3031=CARTESIAN_POINT('',(36.116887681297158,38.681205371101520,-0.689912903607614));
#3032=CARTESIAN_POINT('',(36.113865974267398,38.665494341923250,-1.417950586823523));
#3033=CARTESIAN_POINT('',(36.109838021907770,38.633412165965808,-2.147376239888936));
#3034=CARTESIAN_POINT('',(36.105810069548156,38.601329990008367,-2.876801892954348));
#3035=CARTESIAN_POINT('',(36.100905434060543,38.552966323617952,-3.604393729239951));
#3036=CARTESIAN_POINT('',(36.100932359269052,38.489425925693318,-4.326384392922249));
#3037=CARTESIAN_POINT('',(36.100959284477568,38.425885527768706,-5.048375056604550));
#3038=CARTESIAN_POINT('',(36.105940681356088,38.347090035526818,-5.765774480388184));
#3039=CARTESIAN_POINT('',(36.124098789466871,38.254735381226190,-6.477250972173958));
#3040=CARTESIAN_POINT('',(36.142256897577631,38.162380726925576,-7.188727463959728));
#3041=CARTESIAN_POINT('',(36.173472210371969,38.056303524134506,-7.894656854670981));
#3042=CARTESIAN_POINT('',(36.229093439949835,37.940156035815903,-8.591065111193244));
#3043=CARTESIAN_POINT('',(36.414213562373092,38.120705291018837,8.631948190476354));
#3044=CARTESIAN_POINT('',(36.356848486925095,38.219570716269445,7.935584091115677));
#3045=CARTESIAN_POINT('',(36.322253651179167,38.311058637981596,7.231019310642484));
#3046=CARTESIAN_POINT('',(36.300250690914083,38.391197157320256,6.521624541179261));
#3047=CARTESIAN_POINT('',(36.278247730648999,38.471335676658938,5.812229771716037));
#3048=CARTESIAN_POINT('',(36.268950617083775,38.540260825677507,5.097862443746600));
#3049=CARTESIAN_POINT('',(36.265038652837113,38.596123162817847,4.379977322313309));
#3050=CARTESIAN_POINT('',(36.261126688590466,38.651985499958208,3.662092200880019));
#3051=CARTESIAN_POINT('',(36.262579246539403,38.694828185569335,2.940644272364603));
#3052=CARTESIAN_POINT('',(36.264292287192205,38.723693954801618,2.216441312978993));
#3053=CARTESIAN_POINT('',(36.266005327845022,38.752559724033915,1.492238353593380));
#3054=CARTESIAN_POINT('',(36.267897466809828,38.767461832068435,0.765258540478577));
#3055=CARTESIAN_POINT('',(36.267947941575009,38.767937407512605,0.036135793540310));
#3056=CARTESIAN_POINT('',(36.267998416340220,38.768412982956796,-0.692986953397958));
#3057=CARTESIAN_POINT('',(36.266190301928773,38.754459628788624,-1.424267659376085));
#3058=CARTESIAN_POINT('',(36.264433921921565,38.726032514580474,-2.156978321434409));
#3059=CARTESIAN_POINT('',(36.262677541914371,38.697605400372325,-2.889688983492733));
#3060=CARTESIAN_POINT('',(36.261081366859649,38.654781725871359,-3.620593099790482));
#3061=CARTESIAN_POINT('',(36.264857377524663,38.598761182211476,-4.345948697959770));
#3062=CARTESIAN_POINT('',(36.268633388189656,38.542740638551564,-5.071304296129058));
#3063=CARTESIAN_POINT('',(36.277804692676568,38.473444970580644,-5.792124792823349));
#3064=CARTESIAN_POINT('',(36.299802990836483,38.392832735623834,-6.507131849090902));
#3065=CARTESIAN_POINT('',(36.321801288996440,38.312220500667038,-7.222138905358452));
#3066=CARTESIAN_POINT('',(36.356529135469067,38.220121100231424,-7.931707431191266));
#3067=CARTESIAN_POINT('',(36.414213562373092,38.120705291018837,-8.631948190476360));
#3068=CARTESIAN_POINT('',(36.599333684796356,38.301254546221763,8.672831269759465));
#3069=CARTESIAN_POINT('',(36.539916834257006,38.383480921978375,7.972655885066791));
#3070=CARTESIAN_POINT('',(36.501841143880142,38.461076193320139,7.264476509923380));
#3071=CARTESIAN_POINT('',(36.476032683933120,38.529532845218974,6.551576999446747));
#3072=CARTESIAN_POINT('',(36.450224223986069,38.597989497117837,5.838677488970118));
#3073=CARTESIAN_POINT('',(36.436776028962655,38.657456067366262,5.120917407955482));
#3074=CARTESIAN_POINT('',(36.429139878324193,38.705812698166902,4.399699544873449));
#3075=CARTESIAN_POINT('',(36.421503727685732,38.754169328967542,3.678481681791421));
#3076=CARTESIAN_POINT('',(36.419661060351800,38.791463577436581,2.953761848069640));
#3077=CARTESIAN_POINT('',(36.419074763072445,38.816615100206519,2.226310068630482));
#3078=CARTESIAN_POINT('',(36.418488465793061,38.841766622976465,1.498858289191325));
#3079=CARTESIAN_POINT('',(36.419088618574804,38.854790136202126,0.768653182158847));
#3080=CARTESIAN_POINT('',(36.419098884979050,38.855205365507103,0.036296089485273));
#3081=CARTESIAN_POINT('',(36.419109151383267,38.855620594812066,-0.696061003188301));
#3082=CARTESIAN_POINT('',(36.418514629590163,38.843424915653983,-1.430584731928646));
#3083=CARTESIAN_POINT('',(36.419029821935375,38.818652863195140,-2.166580402979881));
#3084=CARTESIAN_POINT('',(36.419545014280587,38.793880810736255,-2.902576074031115));
#3085=CARTESIAN_POINT('',(36.421257299658762,38.756597128124803,-3.636792470341014));
#3086=CARTESIAN_POINT('',(36.428782395780246,38.708096438729626,-4.365513002997289));
#3087=CARTESIAN_POINT('',(36.436307491901758,38.659595749334450,-5.094233535653564));
#3088=CARTESIAN_POINT('',(36.449668703997062,38.599799905634470,-5.818475105258512));
#3089=CARTESIAN_POINT('',(36.475507192206145,38.530930090021499,-6.537012726007845));
#3090=CARTESIAN_POINT('',(36.501345680415227,38.462060274408493,-7.255550346757174));
#3091=CARTESIAN_POINT('',(36.539586060566180,38.383938676328320,-7.968758007711555));
#3092=CARTESIAN_POINT('',(36.599333684796356,38.301254546221763,-8.672831269759469));
#3093=CARTESIAN_POINT('',(36.747572776708509,38.517632112362932,8.721827213728844));
#3094=CARTESIAN_POINT('',(36.691461825807913,38.581243542169396,8.015997904690241));
#3095=CARTESIAN_POINT('',(36.653993921372845,38.642806948531721,7.302984351905532));
#3096=CARTESIAN_POINT('',(36.627634962405942,38.697624077095618,6.585636531039482));
#3097=CARTESIAN_POINT('',(36.601276003439054,38.752441205659508,5.868288710173432));
#3098=CARTESIAN_POINT('',(36.586092249714945,38.800659769565286,5.146483174343041));
#3099=CARTESIAN_POINT('',(36.576570991187090,38.840035612153578,4.421420104498390));
#3100=CARTESIAN_POINT('',(36.567049732659228,38.879411454741856,3.696357034653737));
#3101=CARTESIAN_POINT('',(36.563172473721472,38.909992439117971,2.967997499375126));
#3102=CARTESIAN_POINT('',(36.561116360061156,38.930641543001364,2.236989394952810));
#3103=CARTESIAN_POINT('',(36.559060246400875,38.951290646884765,1.505981290530495));
#3104=CARTESIAN_POINT('',(36.558766690517089,38.962022783448290,0.772305580198394));
#3105=CARTESIAN_POINT('',(36.558749759358477,38.962364553496926,0.036468556262268));
#3106=CARTESIAN_POINT('',(36.558732828199886,38.962706323545582,-0.699368467673858));
#3107=CARTESIAN_POINT('',(36.558980016939209,38.952655016187251,-1.437379659461880));
#3108=CARTESIAN_POINT('',(36.560951960550973,38.932314638232683,-2.176967949566553));
#3109=CARTESIAN_POINT('',(36.562923904162723,38.911974260278143,-2.916556239671226));
#3110=CARTESIAN_POINT('',(36.566689077314088,38.881395802129404,-3.654452985303700));
#3111=CARTESIAN_POINT('',(36.576124030142651,38.841895387874089,-4.387051466077319));
#3112=CARTESIAN_POINT('',(36.585558982971222,38.802394973618782,-5.119649946850941));
#3113=CARTESIAN_POINT('',(36.600688144719776,38.753899636100634,-5.847966431335986));
#3114=CARTESIAN_POINT('',(36.627098056051111,38.698743018098163,-6.570981442141495));
#3115=CARTESIAN_POINT('',(36.653507967382424,38.643586400095671,-7.293996452947008));
#3116=CARTESIAN_POINT('',(36.691149456065020,38.581597667088950,-8.012068551930195));
#3117=CARTESIAN_POINT('',(36.747572776708509,38.517632112362932,-8.721827213728847));
#3118=CARTESIAN_POINT('',(36.847759065022572,38.753531082547113,8.775243531010261));
#3119=CARTESIAN_POINT('',(36.801190432347006,38.799600875125513,8.062716545389659));
#3120=CARTESIAN_POINT('',(36.769353069237170,38.845140117943366,7.344196614463460));
#3121=CARTESIAN_POINT('',(36.746517523822760,38.886002000921209,6.621884507238840));
#3122=CARTESIAN_POINT('',(36.723681978408351,38.926863883899074,5.899572400014217));
#3123=CARTESIAN_POINT('',(36.709891191662855,38.963174313515637,5.173371405498950));
#3124=CARTESIAN_POINT('',(36.700890940031869,38.992927900427290,4.444190061455307));
#3125=CARTESIAN_POINT('',(36.691890688400889,39.022681487338915,3.715008717411668));
#3126=CARTESIAN_POINT('',(36.687664162688058,39.045919374647141,2.982816182614385));
#3127=CARTESIAN_POINT('',(36.685250423894637,39.061625658692080,2.248090839633083));
#3128=CARTESIAN_POINT('',(36.682836685101222,39.077331942737018,1.513365496651781));
#3129=CARTESIAN_POINT('',(36.682189956033845,39.085519490854708,0.776091835657882));
#3130=CARTESIAN_POINT('',(36.682163412517234,39.085779982550051,0.036647343557970));
#3131=CARTESIAN_POINT('',(36.682136869000637,39.086040474245380,-0.702797148541942));
#3132=CARTESIAN_POINT('',(36.682720830868710,39.078371505740094,-1.444422662131087));
#3133=CARTESIAN_POINT('',(36.685056573984340,39.062898332139454,-2.187764479509053));
#3134=CARTESIAN_POINT('',(36.687392317099977,39.047425158538815,-2.931106296887020));
#3135=CARTESIAN_POINT('',(36.691530772216552,39.024185451805543,-3.672876750895213));
#3136=CARTESIAN_POINT('',(36.700467999914750,38.994333307932642,-4.409626444906304));
#3137=CARTESIAN_POINT('',(36.709405227612947,38.964481164059762,-5.146376138917397));
#3138=CARTESIAN_POINT('',(36.723163671812316,38.927956361683215,-5.879118034822994));
#3139=CARTESIAN_POINT('',(36.746052295302796,38.886836137512610,-6.607128086092087));
#3140=CARTESIAN_POINT('',(36.768940918793255,38.845715913342019,-7.335138137361178));
#3141=CARTESIAN_POINT('',(36.800931184703138,38.799857345725840,-8.058749906654617));
#3142=CARTESIAN_POINT('',(36.847759065022572,38.753531082547113,-8.775243531010267));
#3143=CARTESIAN_POINT('',(36.947945353336642,38.989430052731286,8.828659848291679));
#3144=CARTESIAN_POINT('',(36.910919038886085,39.017958208081623,8.109435186089069));
#3145=CARTESIAN_POINT('',(36.884712217101509,39.047473287355032,7.385408877021391));
#3146=CARTESIAN_POINT('',(36.865400085239557,39.074379924746843,6.658132483438197));
#3147=CARTESIAN_POINT('',(36.846087953377648,39.101286562138633,5.930856089855005));
#3148=CARTESIAN_POINT('',(36.833690133610787,39.125688857466038,5.200259636654855));
#3149=CARTESIAN_POINT('',(36.825210888876668,39.145820188700995,4.466960018412228));
#3150=CARTESIAN_POINT('',(36.816731644142550,39.165951519935987,3.733660400169601));
#3151=CARTESIAN_POINT('',(36.812155851654630,39.181846310176326,2.997634865853642));
#3152=CARTESIAN_POINT('',(36.809384487728124,39.192609774382802,2.259192284313355));
#3153=CARTESIAN_POINT('',(36.806613123801597,39.203373238589272,1.520749702773068));
#3154=CARTESIAN_POINT('',(36.805613221550594,39.209016198261111,0.779878091117369));
#3155=CARTESIAN_POINT('',(36.805577065675969,39.209195411603147,0.036826130853672));
#3156=CARTESIAN_POINT('',(36.805540909801366,39.209374624945198,-0.706225829410026));
#3157=CARTESIAN_POINT('',(36.806461644798205,39.204087995292966,-1.451465664800293));
#3158=CARTESIAN_POINT('',(36.809161187417729,39.193482026046205,-2.198561009451552));
#3159=CARTESIAN_POINT('',(36.811860730037225,39.182876056799458,-2.945656354102813));
#3160=CARTESIAN_POINT('',(36.816372467119010,39.166975101481668,-3.691300516486725));
#3161=CARTESIAN_POINT('',(36.824811969686849,39.146771227991209,-4.432201423735291));
#3162=CARTESIAN_POINT('',(36.833251472254673,39.126567354500722,-5.173102330983856));
#3163=CARTESIAN_POINT('',(36.845639198904870,39.102013087265760,-5.910269638310005));
#3164=CARTESIAN_POINT('',(36.865006534554489,39.074929256927071,-6.643274730042678));
#3165=CARTESIAN_POINT('',(36.884373870204080,39.047845426588367,-7.376279821775351));
#3166=CARTESIAN_POINT('',(36.910712913341257,39.018117024362752,-8.105431261379042));
#3167=CARTESIAN_POINT('',(36.947945353336642,38.989430052731286,-8.828659848291684));
#3168=CARTESIAN_POINT('',(37.000000000000014,39.244664794615645,8.886454504805405));
#3169=CARTESIAN_POINT('',(36.978761140420495,39.256776633494781,8.159502336058997));
#3170=CARTESIAN_POINT('',(36.963217821120153,39.270305425864727,7.429304662841170));
#3171=CARTESIAN_POINT('',(36.951511169702073,39.282962523259499,6.696553122353729));
#3172=CARTESIAN_POINT('',(36.939804518283992,39.295619620654264,5.963801581866287));
#3173=CARTESIAN_POINT('',(36.931934662278138,39.307465903712945,5.228462434784101));
#3174=CARTESIAN_POINT('',(36.926387326110259,39.317342069251161,4.490773448042138));
#3175=CARTESIAN_POINT('',(36.920839989942365,39.327218234789385,3.753084461300178));
#3176=CARTESIAN_POINT('',(36.917603448293434,39.335144786552803,3.013033739556325));
#3177=CARTESIAN_POINT('',(36.915588712195046,39.340528025841323,2.270713852482775));
#3178=CARTESIAN_POINT('',(36.913573976096657,39.345911265129843,1.528393965409225));
#3179=CARTESIAN_POINT('',(36.912762386561212,39.348757660283773,0.783797612987831));
#3180=CARTESIAN_POINT('',(36.912734234988797,39.348847818817141,0.037011210762636));
#3181=CARTESIAN_POINT('',(36.912706083416388,39.348937977350495,-0.709775191462559));
#3182=CARTESIAN_POINT('',(36.913457768330218,39.346270506640153,-1.458755656481383));
#3183=CARTESIAN_POINT('',(36.915426136164207,39.340964343489162,-2.209764596714916));
#3184=CARTESIAN_POINT('',(36.917394503998210,39.335658180338172,-2.960773536948449));
#3185=CARTESIAN_POINT('',(36.920596742487056,39.327724863722636,-3.710483665372224));
#3186=CARTESIAN_POINT('',(36.926126152968806,39.317808739526242,-4.455807086496781));
#3187=CARTESIAN_POINT('',(36.931655563450548,39.307892615329862,-5.201130507621342));
#3188=CARTESIAN_POINT('',(36.939527415531266,39.295966690818148,-5.943070962774212));
#3189=CARTESIAN_POINT('',(36.951272555680347,39.283220986824873,-6.681583624075117));
#3190=CARTESIAN_POINT('',(36.963017695829450,39.270475282831597,-7.420096285376019));
#3191=CARTESIAN_POINT('',(36.978642903659207,39.256844060118908,-8.155455392309133));
#3192=CARTESIAN_POINT('',(37.000000000000014,39.244664794615645,-8.886454504805405));
#3193=CARTESIAN_POINT('',(37.000000000000014,39.500000000000000,8.944271909999156));
#3194=CARTESIAN_POINT('',(37.000000000000014,39.500000000000000,8.209584508918542));
#3195=CARTESIAN_POINT('',(37.000000000000014,39.500000000000000,7.473211572796621));
#3196=CARTESIAN_POINT('',(37.000000000000014,39.500000000000000,6.734982127009985));
#3197=CARTESIAN_POINT('',(37.000000000000014,39.500000000000000,5.996752681223351));
#3198=CARTESIAN_POINT('',(37.000000000000014,39.500000000000000,5.256669374091842));
#3199=CARTESIAN_POINT('',(37.000000000000014,39.500000000000000,4.514589976158526));
#3200=CARTESIAN_POINT('',(37.000000000000014,39.500000000000000,3.772510578225213));
#3201=CARTESIAN_POINT('',(37.000000000000014,39.500000000000000,3.028434089643803));
#3202=CARTESIAN_POINT('',(37.000000000000014,39.500000000000000,2.282236455926554));
#3203=CARTESIAN_POINT('',(37.000000000000014,39.500000000000000,1.536038822209306));
#3204=CARTESIAN_POINT('',(37.000000000000014,39.500000000000000,0.787717440787647));
#3205=CARTESIAN_POINT('',(37.000000000000014,39.500000000000000,0.037196305116531));
#3206=CARTESIAN_POINT('',(37.000000000000014,39.500000000000000,-0.713324830554586));
#3207=CARTESIAN_POINT('',(37.000000000000014,39.500000000000000,-1.466046210086959));
#3208=CARTESIAN_POINT('',(37.000000000000014,39.500000000000000,-2.220969183393175));
#3209=CARTESIAN_POINT('',(37.000000000000014,39.500000000000000,-2.975892156699392));
#3210=CARTESIAN_POINT('',(37.000000000000014,39.500000000000000,-3.729668825846084));
#3211=CARTESIAN_POINT('',(37.000000000000014,39.500000000000000,-4.479415798689177));
#3212=CARTESIAN_POINT('',(37.000000000000014,39.500000000000000,-5.229162771532268));
#3213=CARTESIAN_POINT('',(37.000000000000014,39.500000000000000,-5.975877835704480));
#3214=CARTESIAN_POINT('',(37.000000000000014,39.500000000000000,-6.719900827689052));
#3215=CARTESIAN_POINT('',(37.000000000000014,39.500000000000000,-7.463923819673624));
#3216=CARTESIAN_POINT('',(37.000000000000014,39.500000000000000,-8.205494503119347));
#3217=CARTESIAN_POINT('',(37.000000000000014,39.500000000000000,-8.944271909999163));
#3218=B_SPLINE_SURFACE_WITH_KNOTS('',3,3,((#2893,#2918,#2943,#2968,#2993,#3018,#3043,#3068,#3093,#3118,#3143,#3168,#3193),(#2894,#2919,#2944,#2969,#2994,#3019,#3044,#3069,#3094,#3119,#3144,#3169,#3194),(#2895,#2920,#2945,#2970,#2995,#3020,#3045,#3070,#3095,#3120,#3145,#3170,#3195),(#2896,#2921,#2946,#2971,#2996,#3021,#3046,#3071,#3096,#3121,#3146,#3171,#3196),(#2897,#2922,#2947,#2972,#2997,#3022,#3047,#3072,#3097,#3122,#3147,#3172,#3197),(#2898,#2923,#2948,#2973,#2998,#3023,#3048,#3073,#3098,#3123,#3148,#3173,#3198),(#2899,#2924,#2949,#2974,#2999,#3024,#3049,#3074,#3099,#3124,#3149,#3174,#3199),(#2900,#2925,#2950,#2975,#3000,#3025,#3050,#3075,#3100,#3125,#3150,#3175,#3200),(#2901,#2926,#2951,#2976,#3001,#3026,#3051,#3076,#3101,#3126,#3151,#3176,#3201),(#2902,#2927,#2952,#2977,#3002,#3027,#3052,#3077,#3102,#3127,#3152,#3177,#3202),(#2903,#2928,#2953,#2978,#3003,#3028,#3053,#3078,#3103,#3128,#3153,#3178,#3203),(#2904,#2929,#2954,#2979,#3004,#3029,#3054,#3079,#3104,#3129,#3154,#3179,#3204),(#2905,#2930,#2955,#2980,#3005,#3030,#3055,#3080,#3105,#3130,#3155,#3180,#3205),(#2906,#2931,#2956,#2981,#3006,#3031,#3056,#3081,#3106,#3131,#3156,#3181,#3206),(#2907,#2932,#2957,#2982,#3007,#3032,#3057,#3082,#3107,#3132,#3157,#3182,#3207),(#2908,#2933,#2958,#2983,#3008,#3033,#3058,#3083,#3108,#3133,#3158,#3183,#3208),(#2909,#2934,#2959,#2984,#3009,#3034,#3059,#3084,#3109,#3134,#3159,#3184,#3209),(#2910,#2935,#2960,#2985,#3010,#3035,#3060,#3085,#3110,#3135,#3160,#3185,#3210),(#2911,#2936,#2961,#2986,#3011,#3036,#3061,#3086,#3111,#3136,#3161,#3186,#3211),(#2912,#2937,#2962,#2987,#3012,#3037,#3062,#3087,#3112,#3137,#3162,#3187,#3212),(#2913,#2938,#2963,#2988,#3013,#3038,#3063,#3088,#3113,#3138,#3163,#3188,#3213),(#2914,#2939,#2964,#2989,#3014,#3039,#3064,#3089,#3114,#3139,#3164,#3189,#3214),(#2915,#2940,#2965,#2990,#3015,#3040,#3065,#3090,#3115,#3140,#3165,#3190,#3215),(#2916,#2941,#2966,#2991,#3016,#3041,#3066,#3091,#3116,#3141,#3166,#3191,#3216),(#2917,#2942,#2967,#2992,#3017,#3042,#3067,#3092,#3117,#3142,#3167,#3192,#3217)),.UNSPECIFIED.,.F.,.F.,.U.,(4,3,3,3,3,3,3,3,4),(4,3,3,3,4),(0.007441715081326,0.009734275997232,0.012026836913139,0.014319397829045,0.016611958744952,0.018904519660858,0.021197080576765,0.023489641492671,0.025782202408578),(0.0,0.250000000000000,0.500000000000000,0.750000000000000,1.0),.UNSPECIFIED.);
#3219=ORIENTED_EDGE('',*,*,#2887,.T.);
#3220=ORIENTED_EDGE('',*,*,#492,.F.);
#3221=CARTESIAN_POINT('',(35.0,39.500000000000000,8.944271909999156));
#3222=DIRECTION('',(9.860761E-032,0.220846219999979,-0.975308641975309));
#3223=DIRECTION('',(3.469447E-015,-0.975308641975309,-0.220846219999979));
#3224=AXIS2_PLACEMENT_3D('',#3221,#3222,#3223);
#3225=CIRCLE('',#3224,1.999999999999998);
#3226=EDGE_CURVE('',#842,#467,#3225,.T.);
#3227=ORIENTED_EDGE('',*,*,#3226,.F.);
#3228=ORIENTED_EDGE('',*,*,#1633,.F.);
#3229=EDGE_LOOP('',(#3219,#3220,#3227,#3228));
#3230=FACE_OUTER_BOUND('',#3229,.T.);
#3231=ADVANCED_FACE('',(#3230),#3218,.F.);
#3232=CARTESIAN_POINT('',(35.0,0.0,0.0));
#3233=DIRECTION('',(1.0,0.0,0.0));
#3234=DIRECTION('',(0.0,0.0,-1.0));
#3235=AXIS2_PLACEMENT_3D('',#3232,#3233,#3234);
#3236=TOROIDAL_SURFACE('',#3235,40.500000000000000,2.0);
#3237=ORIENTED_EDGE('',*,*,#1236,.F.);
#3238=ORIENTED_EDGE('',*,*,#858,.F.);
#3239=ORIENTED_EDGE('',*,*,#3226,.T.);
#3240=ORIENTED_EDGE('',*,*,#473,.F.);
#3241=EDGE_LOOP('',(#3237,#3238,#3239,#3240));
#3242=FACE_OUTER_BOUND('',#3241,.T.);
#3243=ADVANCED_FACE('',(#3242),#3236,.F.);
#3244=CLOSED_SHELL('',(#71,#99,#127,#155,#183,#211,#231,#243,#271,#299,#503,#523,#551,#563,#583,#603,#645,#665,#699,#733,#767,#801,#835,#869,#903,#937,#971,#1005,#1017,#1029,#1041,#1053,#1095,#1126,#1166,#1199,#1273,#1347,#1378,#1409,#1483,#1557,#1579,#1598,#1620,#1639,#1663,#1680,#1702,#1721,#1738,#1755,#1767,#1785,#2124,#2136,#2154,#2493,#2505,#2523,#2862,#2874,#2892,#3231,#3243));
#3245=MANIFOLD_SOLID_BREP('',#3244);
#3246=COLOUR_RGB('bersetzter Farbstil',0.800000011920929,0.800000011920929,0.800000011920929);
#3247=FILL_AREA_STYLE_COLOUR('bersetzter Farbstil',#3246);
#3248=FILL_AREA_STYLE('bersetzter Farbstil',(#3247));
#3249=SURFACE_STYLE_FILL_AREA(#3248);
#3250=SURFACE_SIDE_STYLE('bersetzter Farbstil',(#3249));
#3251=SURFACE_STYLE_USAGE(.BOTH.,#3250);
#3252=PRESENTATION_STYLE_ASSIGNMENT((#3251));
#3253=STYLED_ITEM('',(#3252),#3245);
#3254=MECHANICAL_DESIGN_GEOMETRIC_PRESENTATION_REPRESENTATION('',(#3253),#36);
#3255=ADVANCED_BREP_SHAPE_REPRESENTATION('ABSR',(#3245),#36);
#3256=SHAPE_REPRESENTATION_RELATIONSHIP('SRR','None',#3255,#41);
ENDSEC;
END-ISO-10303-21;
