ISO-10303-21;
HEADER;
FILE_DESCRIPTION(('Open CASCADE Model'),'2;1');
FILE_NAME('Open CASCADE Shape Model','2026-10-05T09:55:41',('Author'),(
    'Open CASCADE'),'Open CASCADE STEP processor 7.9','Open CASCADE 7.9'
  ,'Unknown');
FILE_SCHEMA(('AUTOMOTIVE_DESIGN { 1 0 10303 214 1 1 1 1 }'));
ENDSEC;
DATA;
#1 = APPLICATION_PROTOCOL_DEFINITION('international standard',
  'automotive_design',2000,#2);
#2 = APPLICATION_CONTEXT(
  'core data for automotive mechanical design processes');
#3 = SHAPE_DEFINITION_REPRESENTATION(#4,#10);
#4 = PRODUCT_DEFINITION_SHAPE('','',#5);
#5 = PRODUCT_DEFINITION('design','',#6,#9);
#6 = PRODUCT_DEFINITION_FORMATION('','',#7);
#7 = PRODUCT('Open CASCADE STEP translator 7.9 4',
  'Open CASCADE STEP translator 7.9 4','',(#8));
#8 = PRODUCT_CONTEXT('',#2,'mechanical');
#9 = PRODUCT_DEFINITION_CONTEXT('part definition',#2,'design');
#10 = SHAPE_REPRESENTATION('',(#11,#15,#19,#23,#27,#31,#35,#39,#43,#47,
    #51,#55,#59,#63,#67,#71,#75),#79);
#11 = AXIS2_PLACEMENT_3D('',#12,#13,#14);
#12 = CARTESIAN_POINT('',(0.,0.,0.));
#13 = DIRECTION('',(0.,0.,1.));
#14 = DIRECTION('',(1.,0.,-0.));
#15 = AXIS2_PLACEMENT_3D('',#16,#17,#18);
#16 = CARTESIAN_POINT('',(0.,0.,0.));
#17 = DIRECTION('',(0.,0.,1.));
#18 = DIRECTION('',(1.,0.,-0.));
#19 = AXIS2_PLACEMENT_3D('',#20,#21,#22);
#20 = CARTESIAN_POINT('',(0.,0.,0.));
#21 = DIRECTION('',(0.,0.,1.));
#22 = DIRECTION('',(1.,0.,-0.));
#23 = AXIS2_PLACEMENT_3D('',#24,#25,#26);
#24 = CARTESIAN_POINT('',(0.,0.,0.));
#25 = DIRECTION('',(0.,0.,1.));
#26 = DIRECTION('',(1.,0.,-0.));
#27 = AXIS2_PLACEMENT_3D('',#28,#29,#30);
#28 = CARTESIAN_POINT('',(0.,0.,0.));
#29 = DIRECTION('',(0.,0.,1.));
#30 = DIRECTION('',(1.,0.,-0.));
#31 = AXIS2_PLACEMENT_3D('',#32,#33,#34);
#32 = CARTESIAN_POINT('',(0.,0.,0.));
#33 = DIRECTION('',(0.,0.,1.));
#34 = DIRECTION('',(1.,0.,-0.));
#35 = AXIS2_PLACEMENT_3D('',#36,#37,#38);
#36 = CARTESIAN_POINT('',(0.,0.,0.));
#37 = DIRECTION('',(0.,0.,1.));
#38 = DIRECTION('',(1.,0.,-0.));
#39 = AXIS2_PLACEMENT_3D('',#40,#41,#42);
#40 = CARTESIAN_POINT('',(0.,0.,0.));
#41 = DIRECTION('',(0.,0.,1.));
#42 = DIRECTION('',(1.,0.,-0.));
#43 = AXIS2_PLACEMENT_3D('',#44,#45,#46);
#44 = CARTESIAN_POINT('',(0.,0.,0.));
#45 = DIRECTION('',(0.,0.,1.));
#46 = DIRECTION('',(1.,0.,-0.));
#47 = AXIS2_PLACEMENT_3D('',#48,#49,#50);
#48 = CARTESIAN_POINT('',(0.,0.,0.));
#49 = DIRECTION('',(0.,0.,1.));
#50 = DIRECTION('',(1.,0.,-0.));
#51 = AXIS2_PLACEMENT_3D('',#52,#53,#54);
#52 = CARTESIAN_POINT('',(0.,0.,0.));
#53 = DIRECTION('',(0.,0.,1.));
#54 = DIRECTION('',(1.,0.,-0.));
#55 = AXIS2_PLACEMENT_3D('',#56,#57,#58);
#56 = CARTESIAN_POINT('',(0.,0.,0.));
#57 = DIRECTION('',(0.,0.,1.));
#58 = DIRECTION('',(1.,0.,-0.));
#59 = AXIS2_PLACEMENT_3D('',#60,#61,#62);
#60 = CARTESIAN_POINT('',(0.,0.,0.));
#61 = DIRECTION('',(0.,0.,1.));
#62 = DIRECTION('',(1.,0.,-0.));
#63 = AXIS2_PLACEMENT_3D('',#64,#65,#66);
#64 = CARTESIAN_POINT('',(0.,0.,0.));
#65 = DIRECTION('',(0.,0.,1.));
#66 = DIRECTION('',(1.,0.,-0.));
#67 = AXIS2_PLACEMENT_3D('',#68,#69,#70);
#68 = CARTESIAN_POINT('',(0.,0.,0.));
#69 = DIRECTION('',(0.,0.,1.));
#70 = DIRECTION('',(1.,0.,-0.));
#71 = AXIS2_PLACEMENT_3D('',#72,#73,#74);
#72 = CARTESIAN_POINT('',(0.,0.,0.));
#73 = DIRECTION('',(0.,0.,1.));
#74 = DIRECTION('',(1.,0.,-0.));
#75 = AXIS2_PLACEMENT_3D('',#76,#77,#78);
#76 = CARTESIAN_POINT('',(0.,0.,0.));
#77 = DIRECTION('',(0.,0.,1.));
#78 = DIRECTION('',(1.,0.,-0.));
#79 = ( GEOMETRIC_REPRESENTATION_CONTEXT(3) 
GLOBAL_UNCERTAINTY_ASSIGNED_CONTEXT((#83)) GLOBAL_UNIT_ASSIGNED_CONTEXT(
(#80,#81,#82)) REPRESENTATION_CONTEXT('Context #1',
  '3D Context with UNIT and UNCERTAINTY') );
#80 = ( LENGTH_UNIT() NAMED_UNIT(*) SI_UNIT(.MILLI.,.METRE.) );
#81 = ( NAMED_UNIT(*) PLANE_ANGLE_UNIT() SI_UNIT($,.RADIAN.) );
#82 = ( NAMED_UNIT(*) SI_UNIT($,.STERADIAN.) SOLID_ANGLE_UNIT() );
#83 = UNCERTAINTY_MEASURE_WITH_UNIT(LENGTH_MEASURE(1.E-07),#80,
  'distance_accuracy_value','confusion accuracy');
#84 = PRODUCT_RELATED_PRODUCT_CATEGORY('part',$,(#7));
#85 = SHAPE_DEFINITION_REPRESENTATION(#86,#92);
#86 = PRODUCT_DEFINITION_SHAPE('','',#87);
#87 = PRODUCT_DEFINITION('design','',#88,#91);
#88 = PRODUCT_DEFINITION_FORMATION('','',#89);
#89 = PRODUCT('Open CASCADE STEP translator 7.9 4.1',
  'Open CASCADE STEP translator 7.9 4.1','',(#90));
#90 = PRODUCT_CONTEXT('',#2,'mechanical');
#91 = PRODUCT_DEFINITION_CONTEXT('part definition',#2,'design');
#92 = ADVANCED_BREP_SHAPE_REPRESENTATION('',(#11,#93),#648);
#93 = MANIFOLD_SOLID_BREP('',#94);
#94 = CLOSED_SHELL('',(#95,#207,#260,#341,#376,#432,#485,#538,#593,#623)
  );
#95 = ADVANCED_FACE('',(#96),#109,.T.);
#96 = FACE_BOUND('',#97,.F.);
#97 = EDGE_LOOP('',(#98,#132,#155,#184,#206));
#98 = ORIENTED_EDGE('',*,*,#99,.F.);
#99 = EDGE_CURVE('',#100,#100,#102,.T.);
#100 = VERTEX_POINT('',#101);
#101 = CARTESIAN_POINT('',(0.8,26.,0.));
#102 = SURFACE_CURVE('',#103,(#108,#120),.PCURVE_S1.);
#103 = CIRCLE('',#104,26.);
#104 = AXIS2_PLACEMENT_3D('',#105,#106,#107);
#105 = CARTESIAN_POINT('',(0.8,0.,0.));
#106 = DIRECTION('',(1.,0.,0.));
#107 = DIRECTION('',(-0.,1.,0.));
#108 = PCURVE('',#109,#114);
#109 = CYLINDRICAL_SURFACE('',#110,26.);
#110 = AXIS2_PLACEMENT_3D('',#111,#112,#113);
#111 = CARTESIAN_POINT('',(0.,0.,0.));
#112 = DIRECTION('',(-1.,-0.,-0.));
#113 = DIRECTION('',(0.,1.,0.));
#114 = DEFINITIONAL_REPRESENTATION('',(#115),#119);
#115 = LINE('',#116,#117);
#116 = CARTESIAN_POINT('',(-0.,-0.8));
#117 = VECTOR('',#118,1.);
#118 = DIRECTION('',(-1.,0.));
#119 = ( GEOMETRIC_REPRESENTATION_CONTEXT(2) 
PARAMETRIC_REPRESENTATION_CONTEXT() REPRESENTATION_CONTEXT('2D SPACE',''
  ) );
#120 = PCURVE('',#121,#126);
#121 = CONICAL_SURFACE('',#122,26.,0.785398163397);
#122 = AXIS2_PLACEMENT_3D('',#123,#124,#125);
#123 = CARTESIAN_POINT('',(0.8,0.,0.));
#124 = DIRECTION('',(1.,0.,0.));
#125 = DIRECTION('',(-0.,1.,0.));
#126 = DEFINITIONAL_REPRESENTATION('',(#127),#131);
#127 = LINE('',#128,#129);
#128 = CARTESIAN_POINT('',(0.,-0.));
#129 = VECTOR('',#130,1.);
#130 = DIRECTION('',(1.,-0.));
#131 = ( GEOMETRIC_REPRESENTATION_CONTEXT(2) 
PARAMETRIC_REPRESENTATION_CONTEXT() REPRESENTATION_CONTEXT('2D SPACE',''
  ) );
#132 = ORIENTED_EDGE('',*,*,#133,.T.);
#133 = EDGE_CURVE('',#100,#134,#136,.T.);
#134 = VERTEX_POINT('',#135);
#135 = CARTESIAN_POINT('',(5.72843666168,26.,0.));
#136 = SEAM_CURVE('',#137,(#141,#148),.PCURVE_S1.);
#137 = LINE('',#138,#139);
#138 = CARTESIAN_POINT('',(0.,26.,0.));
#139 = VECTOR('',#140,1.);
#140 = DIRECTION('',(1.,0.,0.));
#141 = PCURVE('',#109,#142);
#142 = DEFINITIONAL_REPRESENTATION('',(#143),#147);
#143 = LINE('',#144,#145);
#144 = CARTESIAN_POINT('',(-6.28318530718,0.));
#145 = VECTOR('',#146,1.);
#146 = DIRECTION('',(-0.,-1.));
#147 = ( GEOMETRIC_REPRESENTATION_CONTEXT(2) 
PARAMETRIC_REPRESENTATION_CONTEXT() REPRESENTATION_CONTEXT('2D SPACE',''
  ) );
#148 = PCURVE('',#109,#149);
#149 = DEFINITIONAL_REPRESENTATION('',(#150),#154);
#150 = LINE('',#151,#152);
#151 = CARTESIAN_POINT('',(-0.,0.));
#152 = VECTOR('',#153,1.);
#153 = DIRECTION('',(-0.,-1.));
#154 = ( GEOMETRIC_REPRESENTATION_CONTEXT(2) 
PARAMETRIC_REPRESENTATION_CONTEXT() REPRESENTATION_CONTEXT('2D SPACE',''
  ) );
#155 = ORIENTED_EDGE('',*,*,#156,.T.);
#156 = EDGE_CURVE('',#134,#157,#159,.T.);
#157 = VERTEX_POINT('',#158);
#158 = CARTESIAN_POINT('',(5.72843666168,6.368163355566E-15,26.));
#159 = SURFACE_CURVE('',#160,(#165,#172),.PCURVE_S1.);
#160 = CIRCLE('',#161,26.);
#161 = AXIS2_PLACEMENT_3D('',#162,#163,#164);
#162 = CARTESIAN_POINT('',(5.72843666168,0.,0.));
#163 = DIRECTION('',(1.,0.,0.));
#164 = DIRECTION('',(-0.,0.,1.));
#165 = PCURVE('',#109,#166);
#166 = DEFINITIONAL_REPRESENTATION('',(#167),#171);
#167 = LINE('',#168,#169);
#168 = CARTESIAN_POINT('',(4.712388980385,-5.72843666168));
#169 = VECTOR('',#170,1.);
#170 = DIRECTION('',(-1.,0.));
#171 = ( GEOMETRIC_REPRESENTATION_CONTEXT(2) 
PARAMETRIC_REPRESENTATION_CONTEXT() REPRESENTATION_CONTEXT('2D SPACE',''
  ) );
#172 = PCURVE('',#173,#178);
#173 = TOROIDAL_SURFACE('',#174,30.,4.6);
#174 = AXIS2_PLACEMENT_3D('',#175,#176,#177);
#175 = CARTESIAN_POINT('',(8.,0.,0.));
#176 = DIRECTION('',(1.,0.,0.));
#177 = DIRECTION('',(-0.,0.,1.));
#178 = DEFINITIONAL_REPRESENTATION('',(#179),#183);
#179 = LINE('',#180,#181);
#180 = CARTESIAN_POINT('',(0.,3.658067794437));
#181 = VECTOR('',#182,1.);
#182 = DIRECTION('',(1.,0.));
#183 = ( GEOMETRIC_REPRESENTATION_CONTEXT(2) 
PARAMETRIC_REPRESENTATION_CONTEXT() REPRESENTATION_CONTEXT('2D SPACE',''
  ) );
#184 = ORIENTED_EDGE('',*,*,#185,.T.);
#185 = EDGE_CURVE('',#157,#134,#186,.T.);
#186 = SURFACE_CURVE('',#187,(#192,#199),.PCURVE_S1.);
#187 = CIRCLE('',#188,26.);
#188 = AXIS2_PLACEMENT_3D('',#189,#190,#191);
#189 = CARTESIAN_POINT('',(5.72843666168,0.,0.));
#190 = DIRECTION('',(1.,0.,0.));
#191 = DIRECTION('',(-0.,0.,1.));
#192 = PCURVE('',#109,#193);
#193 = DEFINITIONAL_REPRESENTATION('',(#194),#198);
#194 = LINE('',#195,#196);
#195 = CARTESIAN_POINT('',(-1.570796326795,-5.72843666168));
#196 = VECTOR('',#197,1.);
#197 = DIRECTION('',(-1.,0.));
#198 = ( GEOMETRIC_REPRESENTATION_CONTEXT(2) 
PARAMETRIC_REPRESENTATION_CONTEXT() REPRESENTATION_CONTEXT('2D SPACE',''
  ) );
#199 = PCURVE('',#173,#200);
#200 = DEFINITIONAL_REPRESENTATION('',(#201),#205);
#201 = LINE('',#202,#203);
#202 = CARTESIAN_POINT('',(0.,3.658067794437));
#203 = VECTOR('',#204,1.);
#204 = DIRECTION('',(1.,0.));
#205 = ( GEOMETRIC_REPRESENTATION_CONTEXT(2) 
PARAMETRIC_REPRESENTATION_CONTEXT() REPRESENTATION_CONTEXT('2D SPACE',''
  ) );
#206 = ORIENTED_EDGE('',*,*,#133,.F.);
#207 = ADVANCED_FACE('',(#208),#121,.T.);
#208 = FACE_BOUND('',#209,.F.);
#209 = EDGE_LOOP('',(#210,#231,#232,#233));
#210 = ORIENTED_EDGE('',*,*,#211,.F.);
#211 = EDGE_CURVE('',#100,#212,#214,.T.);
#212 = VERTEX_POINT('',#213);
#213 = CARTESIAN_POINT('',(0.,25.2,0.));
#214 = SEAM_CURVE('',#215,(#219,#225),.PCURVE_S1.);
#215 = LINE('',#216,#217);
#216 = CARTESIAN_POINT('',(0.8,26.,0.));
#217 = VECTOR('',#218,1.);
#218 = DIRECTION('',(-0.707106781187,-0.707106781187,-0.));
#219 = PCURVE('',#121,#220);
#220 = DEFINITIONAL_REPRESENTATION('',(#221),#224);
#221 = B_SPLINE_CURVE_WITH_KNOTS('',1,(#222,#223),.UNSPECIFIED.,.F.,.F.,
  (2,2),(0.,1.131370849898),.PIECEWISE_BEZIER_KNOTS.);
#222 = CARTESIAN_POINT('',(0.,0.));
#223 = CARTESIAN_POINT('',(0.,-0.8));
#224 = ( GEOMETRIC_REPRESENTATION_CONTEXT(2) 
PARAMETRIC_REPRESENTATION_CONTEXT() REPRESENTATION_CONTEXT('2D SPACE',''
  ) );
#225 = PCURVE('',#121,#226);
#226 = DEFINITIONAL_REPRESENTATION('',(#227),#230);
#227 = B_SPLINE_CURVE_WITH_KNOTS('',1,(#228,#229),.UNSPECIFIED.,.F.,.F.,
  (2,2),(0.,1.131370849898),.PIECEWISE_BEZIER_KNOTS.);
#228 = CARTESIAN_POINT('',(6.28318530718,0.));
#229 = CARTESIAN_POINT('',(6.28318530718,-0.8));
#230 = ( GEOMETRIC_REPRESENTATION_CONTEXT(2) 
PARAMETRIC_REPRESENTATION_CONTEXT() REPRESENTATION_CONTEXT('2D SPACE',''
  ) );
#231 = ORIENTED_EDGE('',*,*,#99,.T.);
#232 = ORIENTED_EDGE('',*,*,#211,.T.);
#233 = ORIENTED_EDGE('',*,*,#234,.F.);
#234 = EDGE_CURVE('',#212,#212,#235,.T.);
#235 = SURFACE_CURVE('',#236,(#241,#248),.PCURVE_S1.);
#236 = CIRCLE('',#237,25.2);
#237 = AXIS2_PLACEMENT_3D('',#238,#239,#240);
#238 = CARTESIAN_POINT('',(0.,0.,0.));
#239 = DIRECTION('',(1.,0.,0.));
#240 = DIRECTION('',(-0.,1.,0.));
#241 = PCURVE('',#121,#242);
#242 = DEFINITIONAL_REPRESENTATION('',(#243),#247);
#243 = LINE('',#244,#245);
#244 = CARTESIAN_POINT('',(0.,-0.8));
#245 = VECTOR('',#246,1.);
#246 = DIRECTION('',(1.,-0.));
#247 = ( GEOMETRIC_REPRESENTATION_CONTEXT(2) 
PARAMETRIC_REPRESENTATION_CONTEXT() REPRESENTATION_CONTEXT('2D SPACE',''
  ) );
#248 = PCURVE('',#249,#254);
#249 = PLANE('',#250);
#250 = AXIS2_PLACEMENT_3D('',#251,#252,#253);
#251 = CARTESIAN_POINT('',(0.,-8.415016200243E-16,2.304645920836E-15));
#252 = DIRECTION('',(1.,0.,0.));
#253 = DIRECTION('',(-0.,0.,1.));
#254 = DEFINITIONAL_REPRESENTATION('',(#255),#259);
#255 = CIRCLE('',#256,25.2);
#256 = AXIS2_PLACEMENT_2D('',#257,#258);
#257 = CARTESIAN_POINT('',(-2.304645920836E-15,-8.415016200243E-16));
#258 = DIRECTION('',(0.,-1.));
#259 = ( GEOMETRIC_REPRESENTATION_CONTEXT(2) 
PARAMETRIC_REPRESENTATION_CONTEXT() REPRESENTATION_CONTEXT('2D SPACE',''
  ) );
#260 = ADVANCED_FACE('',(#261),#173,.F.);
#261 = FACE_BOUND('',#262,.F.);
#262 = EDGE_LOOP('',(#263,#294,#316,#317,#318,#319));
#263 = ORIENTED_EDGE('',*,*,#264,.T.);
#264 = EDGE_CURVE('',#265,#267,#269,.T.);
#265 = VERTEX_POINT('',#266);
#266 = CARTESIAN_POINT('',(10.27156333832,26.,0.));
#267 = VERTEX_POINT('',#268);
#268 = CARTESIAN_POINT('',(10.27156333832,6.368163355566E-15,26.));
#269 = SURFACE_CURVE('',#270,(#275,#282),.PCURVE_S1.);
#270 = CIRCLE('',#271,26.);
#271 = AXIS2_PLACEMENT_3D('',#272,#273,#274);
#272 = CARTESIAN_POINT('',(10.27156333832,0.,0.));
#273 = DIRECTION('',(1.,0.,0.));
#274 = DIRECTION('',(-0.,0.,1.));
#275 = PCURVE('',#173,#276);
#276 = DEFINITIONAL_REPRESENTATION('',(#277),#281);
#277 = LINE('',#278,#279);
#278 = CARTESIAN_POINT('',(0.,2.625117512743));
#279 = VECTOR('',#280,1.);
#280 = DIRECTION('',(1.,0.));
#281 = ( GEOMETRIC_REPRESENTATION_CONTEXT(2) 
PARAMETRIC_REPRESENTATION_CONTEXT() REPRESENTATION_CONTEXT('2D SPACE',''
  ) );
#282 = PCURVE('',#283,#288);
#283 = CYLINDRICAL_SURFACE('',#284,26.);
#284 = AXIS2_PLACEMENT_3D('',#285,#286,#287);
#285 = CARTESIAN_POINT('',(0.,0.,0.));
#286 = DIRECTION('',(-1.,-0.,-0.));
#287 = DIRECTION('',(0.,1.,0.));
#288 = DEFINITIONAL_REPRESENTATION('',(#289),#293);
#289 = LINE('',#290,#291);
#290 = CARTESIAN_POINT('',(4.712388980385,-10.27156333832));
#291 = VECTOR('',#292,1.);
#292 = DIRECTION('',(-1.,0.));
#293 = ( GEOMETRIC_REPRESENTATION_CONTEXT(2) 
PARAMETRIC_REPRESENTATION_CONTEXT() REPRESENTATION_CONTEXT('2D SPACE',''
  ) );
#294 = ORIENTED_EDGE('',*,*,#295,.T.);
#295 = EDGE_CURVE('',#267,#157,#296,.T.);
#296 = SEAM_CURVE('',#297,(#302,#309),.PCURVE_S1.);
#297 = CIRCLE('',#298,4.6);
#298 = AXIS2_PLACEMENT_3D('',#299,#300,#301);
#299 = CARTESIAN_POINT('',(8.,7.347880794884E-15,30.));
#300 = DIRECTION('',(0.,1.,-2.449293598295E-16));
#301 = DIRECTION('',(0.,2.449293598295E-16,1.));
#302 = PCURVE('',#173,#303);
#303 = DEFINITIONAL_REPRESENTATION('',(#304),#308);
#304 = LINE('',#305,#306);
#305 = CARTESIAN_POINT('',(0.,-0.));
#306 = VECTOR('',#307,1.);
#307 = DIRECTION('',(0.,1.));
#308 = ( GEOMETRIC_REPRESENTATION_CONTEXT(2) 
PARAMETRIC_REPRESENTATION_CONTEXT() REPRESENTATION_CONTEXT('2D SPACE',''
  ) );
#309 = PCURVE('',#173,#310);
#310 = DEFINITIONAL_REPRESENTATION('',(#311),#315);
#311 = LINE('',#312,#313);
#312 = CARTESIAN_POINT('',(6.28318530718,-0.));
#313 = VECTOR('',#314,1.);
#314 = DIRECTION('',(0.,1.));
#315 = ( GEOMETRIC_REPRESENTATION_CONTEXT(2) 
PARAMETRIC_REPRESENTATION_CONTEXT() REPRESENTATION_CONTEXT('2D SPACE',''
  ) );
#316 = ORIENTED_EDGE('',*,*,#156,.F.);
#317 = ORIENTED_EDGE('',*,*,#185,.F.);
#318 = ORIENTED_EDGE('',*,*,#295,.F.);
#319 = ORIENTED_EDGE('',*,*,#320,.T.);
#320 = EDGE_CURVE('',#267,#265,#321,.T.);
#321 = SURFACE_CURVE('',#322,(#327,#334),.PCURVE_S1.);
#322 = CIRCLE('',#323,26.);
#323 = AXIS2_PLACEMENT_3D('',#324,#325,#326);
#324 = CARTESIAN_POINT('',(10.27156333832,0.,0.));
#325 = DIRECTION('',(1.,0.,0.));
#326 = DIRECTION('',(-0.,0.,1.));
#327 = PCURVE('',#173,#328);
#328 = DEFINITIONAL_REPRESENTATION('',(#329),#333);
#329 = LINE('',#330,#331);
#330 = CARTESIAN_POINT('',(0.,2.625117512743));
#331 = VECTOR('',#332,1.);
#332 = DIRECTION('',(1.,0.));
#333 = ( GEOMETRIC_REPRESENTATION_CONTEXT(2) 
PARAMETRIC_REPRESENTATION_CONTEXT() REPRESENTATION_CONTEXT('2D SPACE',''
  ) );
#334 = PCURVE('',#283,#335);
#335 = DEFINITIONAL_REPRESENTATION('',(#336),#340);
#336 = LINE('',#337,#338);
#337 = CARTESIAN_POINT('',(-1.570796326795,-10.27156333832));
#338 = VECTOR('',#339,1.);
#339 = DIRECTION('',(-1.,0.));
#340 = ( GEOMETRIC_REPRESENTATION_CONTEXT(2) 
PARAMETRIC_REPRESENTATION_CONTEXT() REPRESENTATION_CONTEXT('2D SPACE',''
  ) );
#341 = ADVANCED_FACE('',(#342,#345),#249,.F.);
#342 = FACE_BOUND('',#343,.F.);
#343 = EDGE_LOOP('',(#344));
#344 = ORIENTED_EDGE('',*,*,#234,.T.);
#345 = FACE_BOUND('',#346,.F.);
#346 = EDGE_LOOP('',(#347));
#347 = ORIENTED_EDGE('',*,*,#348,.F.);
#348 = EDGE_CURVE('',#349,#349,#351,.T.);
#349 = VERTEX_POINT('',#350);
#350 = CARTESIAN_POINT('',(0.,23.3,2.732856676E-15));
#351 = SURFACE_CURVE('',#352,(#357,#364),.PCURVE_S1.);
#352 = CIRCLE('',#353,23.3);
#353 = AXIS2_PLACEMENT_3D('',#354,#355,#356);
#354 = CARTESIAN_POINT('',(0.,1.240716930904E-13,2.732856676E-15));
#355 = DIRECTION('',(1.,0.,0.));
#356 = DIRECTION('',(-0.,1.,0.));
#357 = PCURVE('',#249,#358);
#358 = DEFINITIONAL_REPRESENTATION('',(#359),#363);
#359 = CIRCLE('',#360,23.3);
#360 = AXIS2_PLACEMENT_2D('',#361,#362);
#361 = CARTESIAN_POINT('',(4.282107551644E-16,-1.249131947104E-13));
#362 = DIRECTION('',(0.,-1.));
#363 = ( GEOMETRIC_REPRESENTATION_CONTEXT(2) 
PARAMETRIC_REPRESENTATION_CONTEXT() REPRESENTATION_CONTEXT('2D SPACE',''
  ) );
#364 = PCURVE('',#365,#370);
#365 = CONICAL_SURFACE('',#366,22.5,0.785398163397);
#366 = AXIS2_PLACEMENT_3D('',#367,#368,#369);
#367 = CARTESIAN_POINT('',(0.8,1.240716930904E-13,2.732856676E-15));
#368 = DIRECTION('',(-1.,-0.,-0.));
#369 = DIRECTION('',(0.,1.,0.));
#370 = DEFINITIONAL_REPRESENTATION('',(#371),#375);
#371 = LINE('',#372,#373);
#372 = CARTESIAN_POINT('',(-0.,0.8));
#373 = VECTOR('',#374,1.);
#374 = DIRECTION('',(-1.,0.));
#375 = ( GEOMETRIC_REPRESENTATION_CONTEXT(2) 
PARAMETRIC_REPRESENTATION_CONTEXT() REPRESENTATION_CONTEXT('2D SPACE',''
  ) );
#376 = ADVANCED_FACE('',(#377),#283,.T.);
#377 = FACE_BOUND('',#378,.F.);
#378 = EDGE_LOOP('',(#379,#380,#403,#430,#431));
#379 = ORIENTED_EDGE('',*,*,#264,.F.);
#380 = ORIENTED_EDGE('',*,*,#381,.T.);
#381 = EDGE_CURVE('',#265,#382,#384,.T.);
#382 = VERTEX_POINT('',#383);
#383 = CARTESIAN_POINT('',(15.2,26.,0.));
#384 = SEAM_CURVE('',#385,(#389,#396),.PCURVE_S1.);
#385 = LINE('',#386,#387);
#386 = CARTESIAN_POINT('',(0.,26.,0.));
#387 = VECTOR('',#388,1.);
#388 = DIRECTION('',(1.,0.,0.));
#389 = PCURVE('',#283,#390);
#390 = DEFINITIONAL_REPRESENTATION('',(#391),#395);
#391 = LINE('',#392,#393);
#392 = CARTESIAN_POINT('',(-6.28318530718,0.));
#393 = VECTOR('',#394,1.);
#394 = DIRECTION('',(-0.,-1.));
#395 = ( GEOMETRIC_REPRESENTATION_CONTEXT(2) 
PARAMETRIC_REPRESENTATION_CONTEXT() REPRESENTATION_CONTEXT('2D SPACE',''
  ) );
#396 = PCURVE('',#283,#397);
#397 = DEFINITIONAL_REPRESENTATION('',(#398),#402);
#398 = LINE('',#399,#400);
#399 = CARTESIAN_POINT('',(-0.,0.));
#400 = VECTOR('',#401,1.);
#401 = DIRECTION('',(-0.,-1.));
#402 = ( GEOMETRIC_REPRESENTATION_CONTEXT(2) 
PARAMETRIC_REPRESENTATION_CONTEXT() REPRESENTATION_CONTEXT('2D SPACE',''
  ) );
#403 = ORIENTED_EDGE('',*,*,#404,.T.);
#404 = EDGE_CURVE('',#382,#382,#405,.T.);
#405 = SURFACE_CURVE('',#406,(#411,#418),.PCURVE_S1.);
#406 = CIRCLE('',#407,26.);
#407 = AXIS2_PLACEMENT_3D('',#408,#409,#410);
#408 = CARTESIAN_POINT('',(15.2,0.,0.));
#409 = DIRECTION('',(1.,0.,0.));
#410 = DIRECTION('',(-0.,1.,0.));
#411 = PCURVE('',#283,#412);
#412 = DEFINITIONAL_REPRESENTATION('',(#413),#417);
#413 = LINE('',#414,#415);
#414 = CARTESIAN_POINT('',(-0.,-15.2));
#415 = VECTOR('',#416,1.);
#416 = DIRECTION('',(-1.,0.));
#417 = ( GEOMETRIC_REPRESENTATION_CONTEXT(2) 
PARAMETRIC_REPRESENTATION_CONTEXT() REPRESENTATION_CONTEXT('2D SPACE',''
  ) );
#418 = PCURVE('',#419,#424);
#419 = CONICAL_SURFACE('',#420,26.,0.785398163397);
#420 = AXIS2_PLACEMENT_3D('',#421,#422,#423);
#421 = CARTESIAN_POINT('',(15.2,0.,0.));
#422 = DIRECTION('',(-1.,-0.,-0.));
#423 = DIRECTION('',(0.,1.,0.));
#424 = DEFINITIONAL_REPRESENTATION('',(#425),#429);
#425 = LINE('',#426,#427);
#426 = CARTESIAN_POINT('',(-0.,-0.));
#427 = VECTOR('',#428,1.);
#428 = DIRECTION('',(-1.,-0.));
#429 = ( GEOMETRIC_REPRESENTATION_CONTEXT(2) 
PARAMETRIC_REPRESENTATION_CONTEXT() REPRESENTATION_CONTEXT('2D SPACE',''
  ) );
#430 = ORIENTED_EDGE('',*,*,#381,.F.);
#431 = ORIENTED_EDGE('',*,*,#320,.F.);
#432 = ADVANCED_FACE('',(#433),#365,.F.);
#433 = FACE_BOUND('',#434,.T.);
#434 = EDGE_LOOP('',(#435,#456,#483,#484));
#435 = ORIENTED_EDGE('',*,*,#436,.F.);
#436 = EDGE_CURVE('',#437,#349,#439,.T.);
#437 = VERTEX_POINT('',#438);
#438 = CARTESIAN_POINT('',(0.8,22.5,2.732856676E-15));
#439 = SEAM_CURVE('',#440,(#444,#450),.PCURVE_S1.);
#440 = LINE('',#441,#442);
#441 = CARTESIAN_POINT('',(0.8,22.5,2.732856676E-15));
#442 = VECTOR('',#443,1.);
#443 = DIRECTION('',(-0.707106781187,0.707106781187,0.));
#444 = PCURVE('',#365,#445);
#445 = DEFINITIONAL_REPRESENTATION('',(#446),#449);
#446 = B_SPLINE_CURVE_WITH_KNOTS('',1,(#447,#448),.UNSPECIFIED.,.F.,.F.,
  (2,2),(0.,1.131370849898),.PIECEWISE_BEZIER_KNOTS.);
#447 = CARTESIAN_POINT('',(0.,0.));
#448 = CARTESIAN_POINT('',(0.,0.8));
#449 = ( GEOMETRIC_REPRESENTATION_CONTEXT(2) 
PARAMETRIC_REPRESENTATION_CONTEXT() REPRESENTATION_CONTEXT('2D SPACE',''
  ) );
#450 = PCURVE('',#365,#451);
#451 = DEFINITIONAL_REPRESENTATION('',(#452),#455);
#452 = B_SPLINE_CURVE_WITH_KNOTS('',1,(#453,#454),.UNSPECIFIED.,.F.,.F.,
  (2,2),(0.,1.131370849898),.PIECEWISE_BEZIER_KNOTS.);
#453 = CARTESIAN_POINT('',(-6.28318530718,0.));
#454 = CARTESIAN_POINT('',(-6.28318530718,0.8));
#455 = ( GEOMETRIC_REPRESENTATION_CONTEXT(2) 
PARAMETRIC_REPRESENTATION_CONTEXT() REPRESENTATION_CONTEXT('2D SPACE',''
  ) );
#456 = ORIENTED_EDGE('',*,*,#457,.T.);
#457 = EDGE_CURVE('',#437,#437,#458,.T.);
#458 = SURFACE_CURVE('',#459,(#464,#471),.PCURVE_S1.);
#459 = CIRCLE('',#460,22.5);
#460 = AXIS2_PLACEMENT_3D('',#461,#462,#463);
#461 = CARTESIAN_POINT('',(0.8,1.240716930904E-13,2.732856676E-15));
#462 = DIRECTION('',(1.,0.,0.));
#463 = DIRECTION('',(-0.,1.,0.));
#464 = PCURVE('',#365,#465);
#465 = DEFINITIONAL_REPRESENTATION('',(#466),#470);
#466 = LINE('',#467,#468);
#467 = CARTESIAN_POINT('',(-0.,0.));
#468 = VECTOR('',#469,1.);
#469 = DIRECTION('',(-1.,0.));
#470 = ( GEOMETRIC_REPRESENTATION_CONTEXT(2) 
PARAMETRIC_REPRESENTATION_CONTEXT() REPRESENTATION_CONTEXT('2D SPACE',''
  ) );
#471 = PCURVE('',#472,#477);
#472 = CYLINDRICAL_SURFACE('',#473,22.5);
#473 = AXIS2_PLACEMENT_3D('',#474,#475,#476);
#474 = CARTESIAN_POINT('',(0.,1.240716930904E-13,2.732856676E-15));
#475 = DIRECTION('',(-1.,-0.,-0.));
#476 = DIRECTION('',(0.,1.,0.));
#477 = DEFINITIONAL_REPRESENTATION('',(#478),#482);
#478 = LINE('',#479,#480);
#479 = CARTESIAN_POINT('',(-0.,-0.8));
#480 = VECTOR('',#481,1.);
#481 = DIRECTION('',(-1.,0.));
#482 = ( GEOMETRIC_REPRESENTATION_CONTEXT(2) 
PARAMETRIC_REPRESENTATION_CONTEXT() REPRESENTATION_CONTEXT('2D SPACE',''
  ) );
#483 = ORIENTED_EDGE('',*,*,#436,.T.);
#484 = ORIENTED_EDGE('',*,*,#348,.F.);
#485 = ADVANCED_FACE('',(#486),#419,.T.);
#486 = FACE_BOUND('',#487,.T.);
#487 = EDGE_LOOP('',(#488,#509,#510,#511));
#488 = ORIENTED_EDGE('',*,*,#489,.F.);
#489 = EDGE_CURVE('',#382,#490,#492,.T.);
#490 = VERTEX_POINT('',#491);
#491 = CARTESIAN_POINT('',(16.,25.2,0.));
#492 = SEAM_CURVE('',#493,(#497,#503),.PCURVE_S1.);
#493 = LINE('',#494,#495);
#494 = CARTESIAN_POINT('',(15.2,26.,0.));
#495 = VECTOR('',#496,1.);
#496 = DIRECTION('',(0.707106781187,-0.707106781187,0.));
#497 = PCURVE('',#419,#498);
#498 = DEFINITIONAL_REPRESENTATION('',(#499),#502);
#499 = B_SPLINE_CURVE_WITH_KNOTS('',1,(#500,#501),.UNSPECIFIED.,.F.,.F.,
  (2,2),(0.,1.131370849898),.PIECEWISE_BEZIER_KNOTS.);
#500 = CARTESIAN_POINT('',(0.,0.));
#501 = CARTESIAN_POINT('',(0.,-0.8));
#502 = ( GEOMETRIC_REPRESENTATION_CONTEXT(2) 
PARAMETRIC_REPRESENTATION_CONTEXT() REPRESENTATION_CONTEXT('2D SPACE',''
  ) );
#503 = PCURVE('',#419,#504);
#504 = DEFINITIONAL_REPRESENTATION('',(#505),#508);
#505 = B_SPLINE_CURVE_WITH_KNOTS('',1,(#506,#507),.UNSPECIFIED.,.F.,.F.,
  (2,2),(0.,1.131370849898),.PIECEWISE_BEZIER_KNOTS.);
#506 = CARTESIAN_POINT('',(-6.28318530718,0.));
#507 = CARTESIAN_POINT('',(-6.28318530718,-0.8));
#508 = ( GEOMETRIC_REPRESENTATION_CONTEXT(2) 
PARAMETRIC_REPRESENTATION_CONTEXT() REPRESENTATION_CONTEXT('2D SPACE',''
  ) );
#509 = ORIENTED_EDGE('',*,*,#404,.T.);
#510 = ORIENTED_EDGE('',*,*,#489,.T.);
#511 = ORIENTED_EDGE('',*,*,#512,.F.);
#512 = EDGE_CURVE('',#490,#490,#513,.T.);
#513 = SURFACE_CURVE('',#514,(#519,#526),.PCURVE_S1.);
#514 = CIRCLE('',#515,25.2);
#515 = AXIS2_PLACEMENT_3D('',#516,#517,#518);
#516 = CARTESIAN_POINT('',(16.,0.,0.));
#517 = DIRECTION('',(1.,0.,0.));
#518 = DIRECTION('',(-0.,1.,0.));
#519 = PCURVE('',#419,#520);
#520 = DEFINITIONAL_REPRESENTATION('',(#521),#525);
#521 = LINE('',#522,#523);
#522 = CARTESIAN_POINT('',(-0.,-0.8));
#523 = VECTOR('',#524,1.);
#524 = DIRECTION('',(-1.,-0.));
#525 = ( GEOMETRIC_REPRESENTATION_CONTEXT(2) 
PARAMETRIC_REPRESENTATION_CONTEXT() REPRESENTATION_CONTEXT('2D SPACE',''
  ) );
#526 = PCURVE('',#527,#532);
#527 = PLANE('',#528);
#528 = AXIS2_PLACEMENT_3D('',#529,#530,#531);
#529 = CARTESIAN_POINT('',(16.,-8.415016200243E-16,2.304645920836E-15));
#530 = DIRECTION('',(1.,0.,0.));
#531 = DIRECTION('',(-0.,0.,1.));
#532 = DEFINITIONAL_REPRESENTATION('',(#533),#537);
#533 = CIRCLE('',#534,25.2);
#534 = AXIS2_PLACEMENT_2D('',#535,#536);
#535 = CARTESIAN_POINT('',(-2.304645920836E-15,-8.415016200243E-16));
#536 = DIRECTION('',(0.,-1.));
#537 = ( GEOMETRIC_REPRESENTATION_CONTEXT(2) 
PARAMETRIC_REPRESENTATION_CONTEXT() REPRESENTATION_CONTEXT('2D SPACE',''
  ) );
#538 = ADVANCED_FACE('',(#539),#472,.F.);
#539 = FACE_BOUND('',#540,.T.);
#540 = EDGE_LOOP('',(#541,#564,#591,#592));
#541 = ORIENTED_EDGE('',*,*,#542,.T.);
#542 = EDGE_CURVE('',#437,#543,#545,.T.);
#543 = VERTEX_POINT('',#544);
#544 = CARTESIAN_POINT('',(15.2,22.5,2.732856676E-15));
#545 = SEAM_CURVE('',#546,(#550,#557),.PCURVE_S1.);
#546 = LINE('',#547,#548);
#547 = CARTESIAN_POINT('',(0.,22.5,2.732856676E-15));
#548 = VECTOR('',#549,1.);
#549 = DIRECTION('',(1.,0.,0.));
#550 = PCURVE('',#472,#551);
#551 = DEFINITIONAL_REPRESENTATION('',(#552),#556);
#552 = LINE('',#553,#554);
#553 = CARTESIAN_POINT('',(-0.,0.));
#554 = VECTOR('',#555,1.);
#555 = DIRECTION('',(-0.,-1.));
#556 = ( GEOMETRIC_REPRESENTATION_CONTEXT(2) 
PARAMETRIC_REPRESENTATION_CONTEXT() REPRESENTATION_CONTEXT('2D SPACE',''
  ) );
#557 = PCURVE('',#472,#558);
#558 = DEFINITIONAL_REPRESENTATION('',(#559),#563);
#559 = LINE('',#560,#561);
#560 = CARTESIAN_POINT('',(-6.28318530718,0.));
#561 = VECTOR('',#562,1.);
#562 = DIRECTION('',(-0.,-1.));
#563 = ( GEOMETRIC_REPRESENTATION_CONTEXT(2) 
PARAMETRIC_REPRESENTATION_CONTEXT() REPRESENTATION_CONTEXT('2D SPACE',''
  ) );
#564 = ORIENTED_EDGE('',*,*,#565,.T.);
#565 = EDGE_CURVE('',#543,#543,#566,.T.);
#566 = SURFACE_CURVE('',#567,(#572,#579),.PCURVE_S1.);
#567 = CIRCLE('',#568,22.5);
#568 = AXIS2_PLACEMENT_3D('',#569,#570,#571);
#569 = CARTESIAN_POINT('',(15.2,1.240716930904E-13,2.732856676E-15));
#570 = DIRECTION('',(1.,0.,0.));
#571 = DIRECTION('',(-0.,1.,0.));
#572 = PCURVE('',#472,#573);
#573 = DEFINITIONAL_REPRESENTATION('',(#574),#578);
#574 = LINE('',#575,#576);
#575 = CARTESIAN_POINT('',(-0.,-15.2));
#576 = VECTOR('',#577,1.);
#577 = DIRECTION('',(-1.,0.));
#578 = ( GEOMETRIC_REPRESENTATION_CONTEXT(2) 
PARAMETRIC_REPRESENTATION_CONTEXT() REPRESENTATION_CONTEXT('2D SPACE',''
  ) );
#579 = PCURVE('',#580,#585);
#580 = CONICAL_SURFACE('',#581,22.5,0.785398163397);
#581 = AXIS2_PLACEMENT_3D('',#582,#583,#584);
#582 = CARTESIAN_POINT('',(15.2,1.240716930904E-13,2.732856676E-15));
#583 = DIRECTION('',(1.,0.,0.));
#584 = DIRECTION('',(-0.,1.,0.));
#585 = DEFINITIONAL_REPRESENTATION('',(#586),#590);
#586 = LINE('',#587,#588);
#587 = CARTESIAN_POINT('',(0.,0.));
#588 = VECTOR('',#589,1.);
#589 = DIRECTION('',(1.,0.));
#590 = ( GEOMETRIC_REPRESENTATION_CONTEXT(2) 
PARAMETRIC_REPRESENTATION_CONTEXT() REPRESENTATION_CONTEXT('2D SPACE',''
  ) );
#591 = ORIENTED_EDGE('',*,*,#542,.F.);
#592 = ORIENTED_EDGE('',*,*,#457,.F.);
#593 = ADVANCED_FACE('',(#594,#597),#527,.T.);
#594 = FACE_BOUND('',#595,.T.);
#595 = EDGE_LOOP('',(#596));
#596 = ORIENTED_EDGE('',*,*,#512,.T.);
#597 = FACE_BOUND('',#598,.T.);
#598 = EDGE_LOOP('',(#599));
#599 = ORIENTED_EDGE('',*,*,#600,.F.);
#600 = EDGE_CURVE('',#601,#601,#603,.T.);
#601 = VERTEX_POINT('',#602);
#602 = CARTESIAN_POINT('',(16.,23.3,2.732856676E-15));
#603 = SURFACE_CURVE('',#604,(#609,#616),.PCURVE_S1.);
#604 = CIRCLE('',#605,23.3);
#605 = AXIS2_PLACEMENT_3D('',#606,#607,#608);
#606 = CARTESIAN_POINT('',(16.,1.240716930904E-13,2.732856676E-15));
#607 = DIRECTION('',(1.,0.,0.));
#608 = DIRECTION('',(-0.,1.,0.));
#609 = PCURVE('',#527,#610);
#610 = DEFINITIONAL_REPRESENTATION('',(#611),#615);
#611 = CIRCLE('',#612,23.3);
#612 = AXIS2_PLACEMENT_2D('',#613,#614);
#613 = CARTESIAN_POINT('',(4.282107551644E-16,-1.249131947104E-13));
#614 = DIRECTION('',(0.,-1.));
#615 = ( GEOMETRIC_REPRESENTATION_CONTEXT(2) 
PARAMETRIC_REPRESENTATION_CONTEXT() REPRESENTATION_CONTEXT('2D SPACE',''
  ) );
#616 = PCURVE('',#580,#617);
#617 = DEFINITIONAL_REPRESENTATION('',(#618),#622);
#618 = LINE('',#619,#620);
#619 = CARTESIAN_POINT('',(0.,0.8));
#620 = VECTOR('',#621,1.);
#621 = DIRECTION('',(1.,0.));
#622 = ( GEOMETRIC_REPRESENTATION_CONTEXT(2) 
PARAMETRIC_REPRESENTATION_CONTEXT() REPRESENTATION_CONTEXT('2D SPACE',''
  ) );
#623 = ADVANCED_FACE('',(#624),#580,.F.);
#624 = FACE_BOUND('',#625,.F.);
#625 = EDGE_LOOP('',(#626,#645,#646,#647));
#626 = ORIENTED_EDGE('',*,*,#627,.F.);
#627 = EDGE_CURVE('',#543,#601,#628,.T.);
#628 = SEAM_CURVE('',#629,(#633,#639),.PCURVE_S1.);
#629 = LINE('',#630,#631);
#630 = CARTESIAN_POINT('',(15.2,22.5,2.732856676E-15));
#631 = VECTOR('',#632,1.);
#632 = DIRECTION('',(0.707106781187,0.707106781187,0.));
#633 = PCURVE('',#580,#634);
#634 = DEFINITIONAL_REPRESENTATION('',(#635),#638);
#635 = B_SPLINE_CURVE_WITH_KNOTS('',1,(#636,#637),.UNSPECIFIED.,.F.,.F.,
  (2,2),(0.,1.131370849898),.PIECEWISE_BEZIER_KNOTS.);
#636 = CARTESIAN_POINT('',(0.,0.));
#637 = CARTESIAN_POINT('',(0.,0.8));
#638 = ( GEOMETRIC_REPRESENTATION_CONTEXT(2) 
PARAMETRIC_REPRESENTATION_CONTEXT() REPRESENTATION_CONTEXT('2D SPACE',''
  ) );
#639 = PCURVE('',#580,#640);
#640 = DEFINITIONAL_REPRESENTATION('',(#641),#644);
#641 = B_SPLINE_CURVE_WITH_KNOTS('',1,(#642,#643),.UNSPECIFIED.,.F.,.F.,
  (2,2),(0.,1.131370849898),.PIECEWISE_BEZIER_KNOTS.);
#642 = CARTESIAN_POINT('',(6.28318530718,0.));
#643 = CARTESIAN_POINT('',(6.28318530718,0.8));
#644 = ( GEOMETRIC_REPRESENTATION_CONTEXT(2) 
PARAMETRIC_REPRESENTATION_CONTEXT() REPRESENTATION_CONTEXT('2D SPACE',''
  ) );
#645 = ORIENTED_EDGE('',*,*,#565,.T.);
#646 = ORIENTED_EDGE('',*,*,#627,.T.);
#647 = ORIENTED_EDGE('',*,*,#600,.F.);
#648 = ( GEOMETRIC_REPRESENTATION_CONTEXT(3) 
GLOBAL_UNCERTAINTY_ASSIGNED_CONTEXT((#652)) GLOBAL_UNIT_ASSIGNED_CONTEXT
((#649,#650,#651)) REPRESENTATION_CONTEXT('Context #1',
  '3D Context with UNIT and UNCERTAINTY') );
#649 = ( LENGTH_UNIT() NAMED_UNIT(*) SI_UNIT(.MILLI.,.METRE.) );
#650 = ( NAMED_UNIT(*) PLANE_ANGLE_UNIT() SI_UNIT($,.RADIAN.) );
#651 = ( NAMED_UNIT(*) SI_UNIT($,.STERADIAN.) SOLID_ANGLE_UNIT() );
#652 = UNCERTAINTY_MEASURE_WITH_UNIT(LENGTH_MEASURE(1.E-07),#649,
  'distance_accuracy_value','confusion accuracy');
#653 = CONTEXT_DEPENDENT_SHAPE_REPRESENTATION(#654,#656);
#654 = ( REPRESENTATION_RELATIONSHIP('','',#92,#10) 
REPRESENTATION_RELATIONSHIP_WITH_TRANSFORMATION(#655) 
SHAPE_REPRESENTATION_RELATIONSHIP() );
#655 = ITEM_DEFINED_TRANSFORMATION('','',#11,#15);
#656 = PRODUCT_DEFINITION_SHAPE('Placement','Placement of an item',#657
  );
#657 = NEXT_ASSEMBLY_USAGE_OCCURRENCE('44','','',#5,#87,$);
#658 = PRODUCT_RELATED_PRODUCT_CATEGORY('part',$,(#89));
#659 = SHAPE_DEFINITION_REPRESENTATION(#660,#666);
#660 = PRODUCT_DEFINITION_SHAPE('','',#661);
#661 = PRODUCT_DEFINITION('design','',#662,#665);
#662 = PRODUCT_DEFINITION_FORMATION('','',#663);
#663 = PRODUCT('Open CASCADE STEP translator 7.9 4.2',
  'Open CASCADE STEP translator 7.9 4.2','',(#664));
#664 = PRODUCT_CONTEXT('',#2,'mechanical');
#665 = PRODUCT_DEFINITION_CONTEXT('part definition',#2,'design');
#666 = ADVANCED_BREP_SHAPE_REPRESENTATION('',(#11,#667),#1682);
#667 = MANIFOLD_SOLID_BREP('',#668);
#668 = CLOSED_SHELL('',(#669,#757,#810,#863,#898,#933,#986,#1039,#1320,
    #1601,#1653));
#669 = ADVANCED_FACE('',(#670),#684,.T.);
#670 = FACE_BOUND('',#671,.F.);
#671 = EDGE_LOOP('',(#672,#702,#729,#730));
#672 = ORIENTED_EDGE('',*,*,#673,.T.);
#673 = EDGE_CURVE('',#674,#676,#678,.T.);
#674 = VERTEX_POINT('',#675);
#675 = CARTESIAN_POINT('',(0.8,37.5,0.));
#676 = VERTEX_POINT('',#677);
#677 = CARTESIAN_POINT('',(15.2,37.5,0.));
#678 = SEAM_CURVE('',#679,(#683,#695),.PCURVE_S1.);
#679 = LINE('',#680,#681);
#680 = CARTESIAN_POINT('',(0.,37.5,0.));
#681 = VECTOR('',#682,1.);
#682 = DIRECTION('',(1.,0.,0.));
#683 = PCURVE('',#684,#689);
#684 = CYLINDRICAL_SURFACE('',#685,37.5);
#685 = AXIS2_PLACEMENT_3D('',#686,#687,#688);
#686 = CARTESIAN_POINT('',(0.,0.,0.));
#687 = DIRECTION('',(-1.,-0.,-0.));
#688 = DIRECTION('',(0.,1.,0.));
#689 = DEFINITIONAL_REPRESENTATION('',(#690),#694);
#690 = LINE('',#691,#692);
#691 = CARTESIAN_POINT('',(-0.,0.));
#692 = VECTOR('',#693,1.);
#693 = DIRECTION('',(-0.,-1.));
#694 = ( GEOMETRIC_REPRESENTATION_CONTEXT(2) 
PARAMETRIC_REPRESENTATION_CONTEXT() REPRESENTATION_CONTEXT('2D SPACE',''
  ) );
#695 = PCURVE('',#684,#696);
#696 = DEFINITIONAL_REPRESENTATION('',(#697),#701);
#697 = LINE('',#698,#699);
#698 = CARTESIAN_POINT('',(-6.28318530718,0.));
#699 = VECTOR('',#700,1.);
#700 = DIRECTION('',(-0.,-1.));
#701 = ( GEOMETRIC_REPRESENTATION_CONTEXT(2) 
PARAMETRIC_REPRESENTATION_CONTEXT() REPRESENTATION_CONTEXT('2D SPACE',''
  ) );
#702 = ORIENTED_EDGE('',*,*,#703,.T.);
#703 = EDGE_CURVE('',#676,#676,#704,.T.);
#704 = SURFACE_CURVE('',#705,(#710,#717),.PCURVE_S1.);
#705 = CIRCLE('',#706,37.5);
#706 = AXIS2_PLACEMENT_3D('',#707,#708,#709);
#707 = CARTESIAN_POINT('',(15.2,0.,0.));
#708 = DIRECTION('',(1.,0.,0.));
#709 = DIRECTION('',(-0.,1.,0.));
#710 = PCURVE('',#684,#711);
#711 = DEFINITIONAL_REPRESENTATION('',(#712),#716);
#712 = LINE('',#713,#714);
#713 = CARTESIAN_POINT('',(-0.,-15.2));
#714 = VECTOR('',#715,1.);
#715 = DIRECTION('',(-1.,0.));
#716 = ( GEOMETRIC_REPRESENTATION_CONTEXT(2) 
PARAMETRIC_REPRESENTATION_CONTEXT() REPRESENTATION_CONTEXT('2D SPACE',''
  ) );
#717 = PCURVE('',#718,#723);
#718 = CONICAL_SURFACE('',#719,37.5,0.785398163397);
#719 = AXIS2_PLACEMENT_3D('',#720,#721,#722);
#720 = CARTESIAN_POINT('',(15.2,0.,0.));
#721 = DIRECTION('',(-1.,-0.,-0.));
#722 = DIRECTION('',(0.,1.,0.));
#723 = DEFINITIONAL_REPRESENTATION('',(#724),#728);
#724 = LINE('',#725,#726);
#725 = CARTESIAN_POINT('',(-0.,-0.));
#726 = VECTOR('',#727,1.);
#727 = DIRECTION('',(-1.,-0.));
#728 = ( GEOMETRIC_REPRESENTATION_CONTEXT(2) 
PARAMETRIC_REPRESENTATION_CONTEXT() REPRESENTATION_CONTEXT('2D SPACE',''
  ) );
#729 = ORIENTED_EDGE('',*,*,#673,.F.);
#730 = ORIENTED_EDGE('',*,*,#731,.F.);
#731 = EDGE_CURVE('',#674,#674,#732,.T.);
#732 = SURFACE_CURVE('',#733,(#738,#745),.PCURVE_S1.);
#733 = CIRCLE('',#734,37.5);
#734 = AXIS2_PLACEMENT_3D('',#735,#736,#737);
#735 = CARTESIAN_POINT('',(0.8,0.,0.));
#736 = DIRECTION('',(1.,0.,0.));
#737 = DIRECTION('',(-0.,1.,0.));
#738 = PCURVE('',#684,#739);
#739 = DEFINITIONAL_REPRESENTATION('',(#740),#744);
#740 = LINE('',#741,#742);
#741 = CARTESIAN_POINT('',(-0.,-0.8));
#742 = VECTOR('',#743,1.);
#743 = DIRECTION('',(-1.,0.));
#744 = ( GEOMETRIC_REPRESENTATION_CONTEXT(2) 
PARAMETRIC_REPRESENTATION_CONTEXT() REPRESENTATION_CONTEXT('2D SPACE',''
  ) );
#745 = PCURVE('',#746,#751);
#746 = CONICAL_SURFACE('',#747,37.5,0.785398163397);
#747 = AXIS2_PLACEMENT_3D('',#748,#749,#750);
#748 = CARTESIAN_POINT('',(0.8,0.,0.));
#749 = DIRECTION('',(1.,0.,0.));
#750 = DIRECTION('',(-0.,1.,0.));
#751 = DEFINITIONAL_REPRESENTATION('',(#752),#756);
#752 = LINE('',#753,#754);
#753 = CARTESIAN_POINT('',(0.,-0.));
#754 = VECTOR('',#755,1.);
#755 = DIRECTION('',(1.,-0.));
#756 = ( GEOMETRIC_REPRESENTATION_CONTEXT(2) 
PARAMETRIC_REPRESENTATION_CONTEXT() REPRESENTATION_CONTEXT('2D SPACE',''
  ) );
#757 = ADVANCED_FACE('',(#758),#746,.T.);
#758 = FACE_BOUND('',#759,.F.);
#759 = EDGE_LOOP('',(#760,#781,#782,#783));
#760 = ORIENTED_EDGE('',*,*,#761,.F.);
#761 = EDGE_CURVE('',#674,#762,#764,.T.);
#762 = VERTEX_POINT('',#763);
#763 = CARTESIAN_POINT('',(0.,36.7,0.));
#764 = SEAM_CURVE('',#765,(#769,#775),.PCURVE_S1.);
#765 = LINE('',#766,#767);
#766 = CARTESIAN_POINT('',(0.8,37.5,0.));
#767 = VECTOR('',#768,1.);
#768 = DIRECTION('',(-0.707106781187,-0.707106781187,-0.));
#769 = PCURVE('',#746,#770);
#770 = DEFINITIONAL_REPRESENTATION('',(#771),#774);
#771 = B_SPLINE_CURVE_WITH_KNOTS('',1,(#772,#773),.UNSPECIFIED.,.F.,.F.,
  (2,2),(0.,1.131370849898),.PIECEWISE_BEZIER_KNOTS.);
#772 = CARTESIAN_POINT('',(0.,0.));
#773 = CARTESIAN_POINT('',(0.,-0.8));
#774 = ( GEOMETRIC_REPRESENTATION_CONTEXT(2) 
PARAMETRIC_REPRESENTATION_CONTEXT() REPRESENTATION_CONTEXT('2D SPACE',''
  ) );
#775 = PCURVE('',#746,#776);
#776 = DEFINITIONAL_REPRESENTATION('',(#777),#780);
#777 = B_SPLINE_CURVE_WITH_KNOTS('',1,(#778,#779),.UNSPECIFIED.,.F.,.F.,
  (2,2),(0.,1.131370849898),.PIECEWISE_BEZIER_KNOTS.);
#778 = CARTESIAN_POINT('',(6.28318530718,0.));
#779 = CARTESIAN_POINT('',(6.28318530718,-0.8));
#780 = ( GEOMETRIC_REPRESENTATION_CONTEXT(2) 
PARAMETRIC_REPRESENTATION_CONTEXT() REPRESENTATION_CONTEXT('2D SPACE',''
  ) );
#781 = ORIENTED_EDGE('',*,*,#731,.T.);
#782 = ORIENTED_EDGE('',*,*,#761,.T.);
#783 = ORIENTED_EDGE('',*,*,#784,.F.);
#784 = EDGE_CURVE('',#762,#762,#785,.T.);
#785 = SURFACE_CURVE('',#786,(#791,#798),.PCURVE_S1.);
#786 = CIRCLE('',#787,36.7);
#787 = AXIS2_PLACEMENT_3D('',#788,#789,#790);
#788 = CARTESIAN_POINT('',(0.,0.,0.));
#789 = DIRECTION('',(1.,0.,0.));
#790 = DIRECTION('',(-0.,1.,0.));
#791 = PCURVE('',#746,#792);
#792 = DEFINITIONAL_REPRESENTATION('',(#793),#797);
#793 = LINE('',#794,#795);
#794 = CARTESIAN_POINT('',(0.,-0.8));
#795 = VECTOR('',#796,1.);
#796 = DIRECTION('',(1.,-0.));
#797 = ( GEOMETRIC_REPRESENTATION_CONTEXT(2) 
PARAMETRIC_REPRESENTATION_CONTEXT() REPRESENTATION_CONTEXT('2D SPACE',''
  ) );
#798 = PCURVE('',#799,#804);
#799 = PLANE('',#800);
#800 = AXIS2_PLACEMENT_3D('',#801,#802,#803);
#801 = CARTESIAN_POINT('',(0.,-3.500646739301E-15,8.029559939331E-16));
#802 = DIRECTION('',(1.,0.,0.));
#803 = DIRECTION('',(-0.,0.,1.));
#804 = DEFINITIONAL_REPRESENTATION('',(#805),#809);
#805 = CIRCLE('',#806,36.7);
#806 = AXIS2_PLACEMENT_2D('',#807,#808);
#807 = CARTESIAN_POINT('',(-8.029559939331E-16,-3.500646739301E-15));
#808 = DIRECTION('',(0.,-1.));
#809 = ( GEOMETRIC_REPRESENTATION_CONTEXT(2) 
PARAMETRIC_REPRESENTATION_CONTEXT() REPRESENTATION_CONTEXT('2D SPACE',''
  ) );
#810 = ADVANCED_FACE('',(#811),#718,.T.);
#811 = FACE_BOUND('',#812,.T.);
#812 = EDGE_LOOP('',(#813,#834,#835,#836));
#813 = ORIENTED_EDGE('',*,*,#814,.F.);
#814 = EDGE_CURVE('',#676,#815,#817,.T.);
#815 = VERTEX_POINT('',#816);
#816 = CARTESIAN_POINT('',(16.,36.7,0.));
#817 = SEAM_CURVE('',#818,(#822,#828),.PCURVE_S1.);
#818 = LINE('',#819,#820);
#819 = CARTESIAN_POINT('',(15.2,37.5,0.));
#820 = VECTOR('',#821,1.);
#821 = DIRECTION('',(0.707106781187,-0.707106781187,0.));
#822 = PCURVE('',#718,#823);
#823 = DEFINITIONAL_REPRESENTATION('',(#824),#827);
#824 = B_SPLINE_CURVE_WITH_KNOTS('',1,(#825,#826),.UNSPECIFIED.,.F.,.F.,
  (2,2),(0.,1.131370849898),.PIECEWISE_BEZIER_KNOTS.);
#825 = CARTESIAN_POINT('',(0.,0.));
#826 = CARTESIAN_POINT('',(0.,-0.8));
#827 = ( GEOMETRIC_REPRESENTATION_CONTEXT(2) 
PARAMETRIC_REPRESENTATION_CONTEXT() REPRESENTATION_CONTEXT('2D SPACE',''
  ) );
#828 = PCURVE('',#718,#829);
#829 = DEFINITIONAL_REPRESENTATION('',(#830),#833);
#830 = B_SPLINE_CURVE_WITH_KNOTS('',1,(#831,#832),.UNSPECIFIED.,.F.,.F.,
  (2,2),(0.,1.131370849898),.PIECEWISE_BEZIER_KNOTS.);
#831 = CARTESIAN_POINT('',(-6.28318530718,0.));
#832 = CARTESIAN_POINT('',(-6.28318530718,-0.8));
#833 = ( GEOMETRIC_REPRESENTATION_CONTEXT(2) 
PARAMETRIC_REPRESENTATION_CONTEXT() REPRESENTATION_CONTEXT('2D SPACE',''
  ) );
#834 = ORIENTED_EDGE('',*,*,#703,.T.);
#835 = ORIENTED_EDGE('',*,*,#814,.T.);
#836 = ORIENTED_EDGE('',*,*,#837,.F.);
#837 = EDGE_CURVE('',#815,#815,#838,.T.);
#838 = SURFACE_CURVE('',#839,(#844,#851),.PCURVE_S1.);
#839 = CIRCLE('',#840,36.7);
#840 = AXIS2_PLACEMENT_3D('',#841,#842,#843);
#841 = CARTESIAN_POINT('',(16.,0.,0.));
#842 = DIRECTION('',(1.,0.,0.));
#843 = DIRECTION('',(-0.,1.,0.));
#844 = PCURVE('',#718,#845);
#845 = DEFINITIONAL_REPRESENTATION('',(#846),#850);
#846 = LINE('',#847,#848);
#847 = CARTESIAN_POINT('',(-0.,-0.8));
#848 = VECTOR('',#849,1.);
#849 = DIRECTION('',(-1.,-0.));
#850 = ( GEOMETRIC_REPRESENTATION_CONTEXT(2) 
PARAMETRIC_REPRESENTATION_CONTEXT() REPRESENTATION_CONTEXT('2D SPACE',''
  ) );
#851 = PCURVE('',#852,#857);
#852 = PLANE('',#853);
#853 = AXIS2_PLACEMENT_3D('',#854,#855,#856);
#854 = CARTESIAN_POINT('',(16.,-3.500646739301E-15,8.029559939331E-16));
#855 = DIRECTION('',(1.,0.,0.));
#856 = DIRECTION('',(-0.,0.,1.));
#857 = DEFINITIONAL_REPRESENTATION('',(#858),#862);
#858 = CIRCLE('',#859,36.7);
#859 = AXIS2_PLACEMENT_2D('',#860,#861);
#860 = CARTESIAN_POINT('',(-8.029559939331E-16,-3.500646739301E-15));
#861 = DIRECTION('',(0.,-1.));
#862 = ( GEOMETRIC_REPRESENTATION_CONTEXT(2) 
PARAMETRIC_REPRESENTATION_CONTEXT() REPRESENTATION_CONTEXT('2D SPACE',''
  ) );
#863 = ADVANCED_FACE('',(#864,#867),#799,.F.);
#864 = FACE_BOUND('',#865,.F.);
#865 = EDGE_LOOP('',(#866));
#866 = ORIENTED_EDGE('',*,*,#784,.T.);
#867 = FACE_BOUND('',#868,.F.);
#868 = EDGE_LOOP('',(#869));
#869 = ORIENTED_EDGE('',*,*,#870,.F.);
#870 = EDGE_CURVE('',#871,#871,#873,.T.);
#871 = VERTEX_POINT('',#872);
#872 = CARTESIAN_POINT('',(0.,34.8,7.579122514774E-16));
#873 = SURFACE_CURVE('',#874,(#879,#886),.PCURVE_S1.);
#874 = CIRCLE('',#875,34.8);
#875 = AXIS2_PLACEMENT_3D('',#876,#877,#878);
#876 = CARTESIAN_POINT('',(0.,1.765935545942E-13,7.579122514774E-16));
#877 = DIRECTION('',(1.,0.,0.));
#878 = DIRECTION('',(-0.,1.,0.));
#879 = PCURVE('',#799,#880);
#880 = DEFINITIONAL_REPRESENTATION('',(#881),#885);
#881 = CIRCLE('',#882,34.8);
#882 = AXIS2_PLACEMENT_2D('',#883,#884);
#883 = CARTESIAN_POINT('',(-4.504374245565E-17,-1.800942013335E-13));
#884 = DIRECTION('',(0.,-1.));
#885 = ( GEOMETRIC_REPRESENTATION_CONTEXT(2) 
PARAMETRIC_REPRESENTATION_CONTEXT() REPRESENTATION_CONTEXT('2D SPACE',''
  ) );
#886 = PCURVE('',#887,#892);
#887 = CONICAL_SURFACE('',#888,34.,0.785398163397);
#888 = AXIS2_PLACEMENT_3D('',#889,#890,#891);
#889 = CARTESIAN_POINT('',(0.8,1.765935545942E-13,7.579122514774E-16));
#890 = DIRECTION('',(-1.,-0.,-0.));
#891 = DIRECTION('',(0.,1.,0.));
#892 = DEFINITIONAL_REPRESENTATION('',(#893),#897);
#893 = LINE('',#894,#895);
#894 = CARTESIAN_POINT('',(-0.,0.8));
#895 = VECTOR('',#896,1.);
#896 = DIRECTION('',(-1.,0.));
#897 = ( GEOMETRIC_REPRESENTATION_CONTEXT(2) 
PARAMETRIC_REPRESENTATION_CONTEXT() REPRESENTATION_CONTEXT('2D SPACE',''
  ) );
#898 = ADVANCED_FACE('',(#899,#902),#852,.T.);
#899 = FACE_BOUND('',#900,.T.);
#900 = EDGE_LOOP('',(#901));
#901 = ORIENTED_EDGE('',*,*,#837,.T.);
#902 = FACE_BOUND('',#903,.T.);
#903 = EDGE_LOOP('',(#904));
#904 = ORIENTED_EDGE('',*,*,#905,.F.);
#905 = EDGE_CURVE('',#906,#906,#908,.T.);
#906 = VERTEX_POINT('',#907);
#907 = CARTESIAN_POINT('',(16.,34.8,7.579122514774E-16));
#908 = SURFACE_CURVE('',#909,(#914,#921),.PCURVE_S1.);
#909 = CIRCLE('',#910,34.8);
#910 = AXIS2_PLACEMENT_3D('',#911,#912,#913);
#911 = CARTESIAN_POINT('',(16.,1.765935545942E-13,7.579122514774E-16));
#912 = DIRECTION('',(1.,0.,0.));
#913 = DIRECTION('',(-0.,1.,0.));
#914 = PCURVE('',#852,#915);
#915 = DEFINITIONAL_REPRESENTATION('',(#916),#920);
#916 = CIRCLE('',#917,34.8);
#917 = AXIS2_PLACEMENT_2D('',#918,#919);
#918 = CARTESIAN_POINT('',(-4.504374245565E-17,-1.800942013335E-13));
#919 = DIRECTION('',(0.,-1.));
#920 = ( GEOMETRIC_REPRESENTATION_CONTEXT(2) 
PARAMETRIC_REPRESENTATION_CONTEXT() REPRESENTATION_CONTEXT('2D SPACE',''
  ) );
#921 = PCURVE('',#922,#927);
#922 = CONICAL_SURFACE('',#923,34.,0.785398163397);
#923 = AXIS2_PLACEMENT_3D('',#924,#925,#926);
#924 = CARTESIAN_POINT('',(15.2,1.765935545942E-13,7.579122514774E-16));
#925 = DIRECTION('',(1.,0.,0.));
#926 = DIRECTION('',(-0.,1.,0.));
#927 = DEFINITIONAL_REPRESENTATION('',(#928),#932);
#928 = LINE('',#929,#930);
#929 = CARTESIAN_POINT('',(0.,0.8));
#930 = VECTOR('',#931,1.);
#931 = DIRECTION('',(1.,0.));
#932 = ( GEOMETRIC_REPRESENTATION_CONTEXT(2) 
PARAMETRIC_REPRESENTATION_CONTEXT() REPRESENTATION_CONTEXT('2D SPACE',''
  ) );
#933 = ADVANCED_FACE('',(#934),#887,.F.);
#934 = FACE_BOUND('',#935,.T.);
#935 = EDGE_LOOP('',(#936,#957,#984,#985));
#936 = ORIENTED_EDGE('',*,*,#937,.F.);
#937 = EDGE_CURVE('',#938,#871,#940,.T.);
#938 = VERTEX_POINT('',#939);
#939 = CARTESIAN_POINT('',(0.8,34.,7.579122514774E-16));
#940 = SEAM_CURVE('',#941,(#945,#951),.PCURVE_S1.);
#941 = LINE('',#942,#943);
#942 = CARTESIAN_POINT('',(0.8,34.,7.579122514774E-16));
#943 = VECTOR('',#944,1.);
#944 = DIRECTION('',(-0.707106781187,0.707106781187,0.));
#945 = PCURVE('',#887,#946);
#946 = DEFINITIONAL_REPRESENTATION('',(#947),#950);
#947 = B_SPLINE_CURVE_WITH_KNOTS('',1,(#948,#949),.UNSPECIFIED.,.F.,.F.,
  (2,2),(0.,1.131370849898),.PIECEWISE_BEZIER_KNOTS.);
#948 = CARTESIAN_POINT('',(0.,0.));
#949 = CARTESIAN_POINT('',(0.,0.8));
#950 = ( GEOMETRIC_REPRESENTATION_CONTEXT(2) 
PARAMETRIC_REPRESENTATION_CONTEXT() REPRESENTATION_CONTEXT('2D SPACE',''
  ) );
#951 = PCURVE('',#887,#952);
#952 = DEFINITIONAL_REPRESENTATION('',(#953),#956);
#953 = B_SPLINE_CURVE_WITH_KNOTS('',1,(#954,#955),.UNSPECIFIED.,.F.,.F.,
  (2,2),(0.,1.131370849898),.PIECEWISE_BEZIER_KNOTS.);
#954 = CARTESIAN_POINT('',(-6.28318530718,0.));
#955 = CARTESIAN_POINT('',(-6.28318530718,0.8));
#956 = ( GEOMETRIC_REPRESENTATION_CONTEXT(2) 
PARAMETRIC_REPRESENTATION_CONTEXT() REPRESENTATION_CONTEXT('2D SPACE',''
  ) );
#957 = ORIENTED_EDGE('',*,*,#958,.T.);
#958 = EDGE_CURVE('',#938,#938,#959,.T.);
#959 = SURFACE_CURVE('',#960,(#965,#972),.PCURVE_S1.);
#960 = CIRCLE('',#961,34.);
#961 = AXIS2_PLACEMENT_3D('',#962,#963,#964);
#962 = CARTESIAN_POINT('',(0.8,1.765935545942E-13,7.579122514774E-16));
#963 = DIRECTION('',(1.,0.,0.));
#964 = DIRECTION('',(-0.,1.,0.));
#965 = PCURVE('',#887,#966);
#966 = DEFINITIONAL_REPRESENTATION('',(#967),#971);
#967 = LINE('',#968,#969);
#968 = CARTESIAN_POINT('',(-0.,0.));
#969 = VECTOR('',#970,1.);
#970 = DIRECTION('',(-1.,0.));
#971 = ( GEOMETRIC_REPRESENTATION_CONTEXT(2) 
PARAMETRIC_REPRESENTATION_CONTEXT() REPRESENTATION_CONTEXT('2D SPACE',''
  ) );
#972 = PCURVE('',#973,#978);
#973 = CYLINDRICAL_SURFACE('',#974,34.);
#974 = AXIS2_PLACEMENT_3D('',#975,#976,#977);
#975 = CARTESIAN_POINT('',(0.,1.765935545942E-13,7.579122514774E-16));
#976 = DIRECTION('',(-1.,-0.,-0.));
#977 = DIRECTION('',(0.,1.,0.));
#978 = DEFINITIONAL_REPRESENTATION('',(#979),#983);
#979 = LINE('',#980,#981);
#980 = CARTESIAN_POINT('',(-0.,-0.8));
#981 = VECTOR('',#982,1.);
#982 = DIRECTION('',(-1.,0.));
#983 = ( GEOMETRIC_REPRESENTATION_CONTEXT(2) 
PARAMETRIC_REPRESENTATION_CONTEXT() REPRESENTATION_CONTEXT('2D SPACE',''
  ) );
#984 = ORIENTED_EDGE('',*,*,#937,.T.);
#985 = ORIENTED_EDGE('',*,*,#870,.F.);
#986 = ADVANCED_FACE('',(#987),#922,.F.);
#987 = FACE_BOUND('',#988,.F.);
#988 = EDGE_LOOP('',(#989,#1010,#1037,#1038));
#989 = ORIENTED_EDGE('',*,*,#990,.F.);
#990 = EDGE_CURVE('',#991,#906,#993,.T.);
#991 = VERTEX_POINT('',#992);
#992 = CARTESIAN_POINT('',(15.2,34.,7.579122514774E-16));
#993 = SEAM_CURVE('',#994,(#998,#1004),.PCURVE_S1.);
#994 = LINE('',#995,#996);
#995 = CARTESIAN_POINT('',(15.2,34.,7.579122514774E-16));
#996 = VECTOR('',#997,1.);
#997 = DIRECTION('',(0.707106781187,0.707106781187,0.));
#998 = PCURVE('',#922,#999);
#999 = DEFINITIONAL_REPRESENTATION('',(#1000),#1003);
#1000 = B_SPLINE_CURVE_WITH_KNOTS('',1,(#1001,#1002),.UNSPECIFIED.,.F.,
  .F.,(2,2),(0.,1.131370849898),.PIECEWISE_BEZIER_KNOTS.);
#1001 = CARTESIAN_POINT('',(0.,0.));
#1002 = CARTESIAN_POINT('',(0.,0.8));
#1003 = ( GEOMETRIC_REPRESENTATION_CONTEXT(2) 
PARAMETRIC_REPRESENTATION_CONTEXT() REPRESENTATION_CONTEXT('2D SPACE',''
  ) );
#1004 = PCURVE('',#922,#1005);
#1005 = DEFINITIONAL_REPRESENTATION('',(#1006),#1009);
#1006 = B_SPLINE_CURVE_WITH_KNOTS('',1,(#1007,#1008),.UNSPECIFIED.,.F.,
  .F.,(2,2),(0.,1.131370849898),.PIECEWISE_BEZIER_KNOTS.);
#1007 = CARTESIAN_POINT('',(6.28318530718,0.));
#1008 = CARTESIAN_POINT('',(6.28318530718,0.8));
#1009 = ( GEOMETRIC_REPRESENTATION_CONTEXT(2) 
PARAMETRIC_REPRESENTATION_CONTEXT() REPRESENTATION_CONTEXT('2D SPACE',''
  ) );
#1010 = ORIENTED_EDGE('',*,*,#1011,.T.);
#1011 = EDGE_CURVE('',#991,#991,#1012,.T.);
#1012 = SURFACE_CURVE('',#1013,(#1018,#1025),.PCURVE_S1.);
#1013 = CIRCLE('',#1014,34.);
#1014 = AXIS2_PLACEMENT_3D('',#1015,#1016,#1017);
#1015 = CARTESIAN_POINT('',(15.2,1.765935545942E-13,7.579122514774E-16)
  );
#1016 = DIRECTION('',(1.,0.,0.));
#1017 = DIRECTION('',(-0.,1.,0.));
#1018 = PCURVE('',#922,#1019);
#1019 = DEFINITIONAL_REPRESENTATION('',(#1020),#1024);
#1020 = LINE('',#1021,#1022);
#1021 = CARTESIAN_POINT('',(0.,0.));
#1022 = VECTOR('',#1023,1.);
#1023 = DIRECTION('',(1.,0.));
#1024 = ( GEOMETRIC_REPRESENTATION_CONTEXT(2) 
PARAMETRIC_REPRESENTATION_CONTEXT() REPRESENTATION_CONTEXT('2D SPACE',''
  ) );
#1025 = PCURVE('',#1026,#1031);
#1026 = CYLINDRICAL_SURFACE('',#1027,34.);
#1027 = AXIS2_PLACEMENT_3D('',#1028,#1029,#1030);
#1028 = CARTESIAN_POINT('',(0.,1.765935545942E-13,7.579122514774E-16));
#1029 = DIRECTION('',(-1.,-0.,-0.));
#1030 = DIRECTION('',(0.,1.,0.));
#1031 = DEFINITIONAL_REPRESENTATION('',(#1032),#1036);
#1032 = LINE('',#1033,#1034);
#1033 = CARTESIAN_POINT('',(-0.,-15.2));
#1034 = VECTOR('',#1035,1.);
#1035 = DIRECTION('',(-1.,0.));
#1036 = ( GEOMETRIC_REPRESENTATION_CONTEXT(2) 
PARAMETRIC_REPRESENTATION_CONTEXT() REPRESENTATION_CONTEXT('2D SPACE',''
  ) );
#1037 = ORIENTED_EDGE('',*,*,#990,.T.);
#1038 = ORIENTED_EDGE('',*,*,#905,.F.);
#1039 = ADVANCED_FACE('',(#1040),#973,.F.);
#1040 = FACE_BOUND('',#1041,.T.);
#1041 = EDGE_LOOP('',(#1042,#1043,#1066,#1133,#1319));
#1042 = ORIENTED_EDGE('',*,*,#958,.F.);
#1043 = ORIENTED_EDGE('',*,*,#1044,.T.);
#1044 = EDGE_CURVE('',#938,#1045,#1047,.T.);
#1045 = VERTEX_POINT('',#1046);
#1046 = CARTESIAN_POINT('',(5.72843666168,34.,7.579122514774E-16));
#1047 = SEAM_CURVE('',#1048,(#1052,#1059),.PCURVE_S1.);
#1048 = LINE('',#1049,#1050);
#1049 = CARTESIAN_POINT('',(0.,34.,7.579122514774E-16));
#1050 = VECTOR('',#1051,1.);
#1051 = DIRECTION('',(1.,0.,0.));
#1052 = PCURVE('',#973,#1053);
#1053 = DEFINITIONAL_REPRESENTATION('',(#1054),#1058);
#1054 = LINE('',#1055,#1056);
#1055 = CARTESIAN_POINT('',(-6.28318530718,0.));
#1056 = VECTOR('',#1057,1.);
#1057 = DIRECTION('',(-0.,-1.));
#1058 = ( GEOMETRIC_REPRESENTATION_CONTEXT(2) 
PARAMETRIC_REPRESENTATION_CONTEXT() REPRESENTATION_CONTEXT('2D SPACE',''
  ) );
#1059 = PCURVE('',#973,#1060);
#1060 = DEFINITIONAL_REPRESENTATION('',(#1061),#1065);
#1061 = LINE('',#1062,#1063);
#1062 = CARTESIAN_POINT('',(-0.,0.));
#1063 = VECTOR('',#1064,1.);
#1064 = DIRECTION('',(-0.,-1.));
#1065 = ( GEOMETRIC_REPRESENTATION_CONTEXT(2) 
PARAMETRIC_REPRESENTATION_CONTEXT() REPRESENTATION_CONTEXT('2D SPACE',''
  ) );
#1066 = ORIENTED_EDGE('',*,*,#1067,.F.);
#1067 = EDGE_CURVE('',#1068,#1045,#1070,.T.);
#1068 = VERTEX_POINT('',#1069);
#1069 = CARTESIAN_POINT('',(5.72843666168,8.327598234202E-15,34.));
#1070 = SURFACE_CURVE('',#1071,(#1088,#1108),.PCURVE_S1.);
#1071 = B_SPLINE_CURVE_WITH_KNOTS('',8,(#1072,#1073,#1074,#1075,#1076,
    #1077,#1078,#1079,#1080,#1081,#1082,#1083,#1084,#1085,#1086,#1087),
  .UNSPECIFIED.,.F.,.F.,(9,7,9),(0.,0.500334539696,1.),.UNSPECIFIED.);
#1072 = CARTESIAN_POINT('',(5.72843666168,-1.256471733016E-15,34.));
#1073 = CARTESIAN_POINT('',(5.728436661653,3.339362154543,
    33.999999999985));
#1074 = CARTESIAN_POINT('',(5.728436661767,6.680902483321,
    33.625164552087));
#1075 = CARTESIAN_POINT('',(5.728436661541,9.972135157862,
    32.874642918933));
#1076 = CARTESIAN_POINT('',(5.728436661809,13.164133141064,
    31.757402925136));
#1077 = CARTESIAN_POINT('',(5.728436661611,16.210452442861,
    30.288724936057));
#1078 = CARTESIAN_POINT('',(5.728436661697,19.067458951618,
    28.490667915421));
#1079 = CARTESIAN_POINT('',(5.72843666168,21.694229685023,
    26.391508823471));
#1080 = CARTESIAN_POINT('',(5.72843666168,26.411160241371,
    21.669613510191));
#1081 = CARTESIAN_POINT('',(5.72843666168,28.505097410075,
    19.044513532792));
#1082 = CARTESIAN_POINT('',(5.72843666168,30.298549210334,
    16.190062136869));
#1083 = CARTESIAN_POINT('',(5.72843666168,31.763382790125,13.14703808256
    ));
#1084 = CARTESIAN_POINT('',(5.72843666168,32.877655200805,9.958914839362
    ));
#1085 = CARTESIAN_POINT('',(5.72843666168,33.62616639627,6.671956802265)
  );
#1086 = CARTESIAN_POINT('',(5.72843666168,34.,3.334896539354));
#1087 = CARTESIAN_POINT('',(5.72843666168,34.,3.789561257387E-16));
#1088 = PCURVE('',#973,#1089);
#1089 = DEFINITIONAL_REPRESENTATION('',(#1090),#1107);
#1090 = B_SPLINE_CURVE_WITH_KNOTS('',8,(#1091,#1092,#1093,#1094,#1095,
    #1096,#1097,#1098,#1099,#1100,#1101,#1102,#1103,#1104,#1105,#1106),
  .UNSPECIFIED.,.F.,.F.,(9,7,9),(0.,0.500334539696,1.),.UNSPECIFIED.);
#1091 = CARTESIAN_POINT('',(-1.570796326786,-5.72843666168));
#1092 = CARTESIAN_POINT('',(-1.472579792829,-5.728436661649));
#1093 = CARTESIAN_POINT('',(-1.374299276498,-5.72843666178));
#1094 = CARTESIAN_POINT('',(-1.276054101886,-5.728436661521));
#1095 = CARTESIAN_POINT('',(-1.177834248715,-5.728436661829));
#1096 = CARTESIAN_POINT('',(-1.079614395118,-5.7284366616));
#1097 = CARTESIAN_POINT('',(-0.98136922078,-5.7284366617));
#1098 = CARTESIAN_POINT('',(-0.883088704369,-5.72843666168));
#1099 = CARTESIAN_POINT('',(-0.686786977836,-5.72843666168));
#1100 = CARTESIAN_POINT('',(-0.588638227149,-5.72843666168));
#1101 = CARTESIAN_POINT('',(-0.490524567282,-5.72843666168));
#1102 = CARTESIAN_POINT('',(-0.392436085142,-5.72843666168));
#1103 = CARTESIAN_POINT('',(-0.294347602973,-5.72843666168));
#1104 = CARTESIAN_POINT('',(-0.196233943043,-5.72843666168));
#1105 = CARTESIAN_POINT('',(-9.808519233395E-02,-5.72843666168));
#1106 = CARTESIAN_POINT('',(0.,-5.72843666168));
#1107 = ( GEOMETRIC_REPRESENTATION_CONTEXT(2) 
PARAMETRIC_REPRESENTATION_CONTEXT() REPRESENTATION_CONTEXT('2D SPACE',''
  ) );
#1108 = PCURVE('',#1109,#1114);
#1109 = TOROIDAL_SURFACE('',#1110,30.,4.6);
#1110 = AXIS2_PLACEMENT_3D('',#1111,#1112,#1113);
#1111 = CARTESIAN_POINT('',(8.,0.,0.));
#1112 = DIRECTION('',(1.,0.,0.));
#1113 = DIRECTION('',(-0.,0.,1.));
#1114 = DEFINITIONAL_REPRESENTATION('',(#1115),#1132);
#1115 = B_SPLINE_CURVE_WITH_KNOTS('',8,(#1116,#1117,#1118,#1119,#1120,
    #1121,#1122,#1123,#1124,#1125,#1126,#1127,#1128,#1129,#1130,#1131),
  .UNSPECIFIED.,.F.,.F.,(9,7,9),(0.,0.500334539696,1.),.UNSPECIFIED.);
#1116 = CARTESIAN_POINT('',(6.28318530718,5.766710166333));
#1117 = CARTESIAN_POINT('',(6.184968773222,5.766710166326));
#1118 = CARTESIAN_POINT('',(6.086688256817,5.766710166354));
#1119 = CARTESIAN_POINT('',(5.988443082395,5.766710166298));
#1120 = CARTESIAN_POINT('',(5.890223228975,5.766710166365));
#1121 = CARTESIAN_POINT('',(5.792003375572,5.766710166315));
#1122 = CARTESIAN_POINT('',(5.693758201147,5.766710166337));
#1123 = CARTESIAN_POINT('',(5.595477684754,5.766710166333));
#1124 = CARTESIAN_POINT('',(5.399175958221,5.766710166333));
#1125 = CARTESIAN_POINT('',(5.301027207534,5.766710166333));
#1126 = CARTESIAN_POINT('',(5.202913547666,5.766710166333));
#1127 = CARTESIAN_POINT('',(5.104825065527,5.766710166333));
#1128 = CARTESIAN_POINT('',(5.006736583357,5.766710166333));
#1129 = CARTESIAN_POINT('',(4.908622923427,5.766710166333));
#1130 = CARTESIAN_POINT('',(4.810474172719,5.766710166333));
#1131 = CARTESIAN_POINT('',(4.712388980385,5.766710166333));
#1132 = ( GEOMETRIC_REPRESENTATION_CONTEXT(2) 
PARAMETRIC_REPRESENTATION_CONTEXT() REPRESENTATION_CONTEXT('2D SPACE',''
  ) );
#1133 = ORIENTED_EDGE('',*,*,#1134,.F.);
#1134 = EDGE_CURVE('',#1045,#1068,#1135,.T.);
#1135 = SURFACE_CURVE('',#1136,(#1195,#1257),.PCURVE_S1.);
#1136 = B_SPLINE_CURVE_WITH_KNOTS('',8,(#1137,#1138,#1139,#1140,#1141,
    #1142,#1143,#1144,#1145,#1146,#1147,#1148,#1149,#1150,#1151,#1152,
    #1153,#1154,#1155,#1156,#1157,#1158,#1159,#1160,#1161,#1162,#1163,
    #1164,#1165,#1166,#1167,#1168,#1169,#1170,#1171,#1172,#1173,#1174,
    #1175,#1176,#1177,#1178,#1179,#1180,#1181,#1182,#1183,#1184,#1185,
    #1186,#1187,#1188,#1189,#1190,#1191,#1192,#1193,#1194),
  .UNSPECIFIED.,.F.,.F.,(9,7,7,7,7,7,7,7,9),(0.,0.125038458356,
    0.249997597001,0.374956735648,0.499915874295,0.625314872435,
    0.750274011081,0.875233149728,1.),.UNSPECIFIED.);
#1137 = CARTESIAN_POINT('',(5.72843666168,34.,-7.105427357601E-15));
#1138 = CARTESIAN_POINT('',(5.72843666168,34.,-2.504028570596));
#1139 = CARTESIAN_POINT('',(5.72843666168,33.789238320088,
    -5.008578742315));
#1140 = CARTESIAN_POINT('',(5.72843666168,33.367561600321,
    -7.492166528495));
#1141 = CARTESIAN_POINT('',(5.72843666168,32.737624654234,
    -9.934090455579));
#1142 = CARTESIAN_POINT('',(5.72843666168,31.904306325202,
    -12.31429918167));
#1143 = CARTESIAN_POINT('',(5.72843666168,30.87469344552,-14.61341137116
    ));
#1144 = CARTESIAN_POINT('',(5.72843666168,29.658083128386,
    -16.81274112841));
#1145 = CARTESIAN_POINT('',(5.72843666168,26.875883554777,
    -20.97496340084));
#1146 = CARTESIAN_POINT('',(5.72843666168,25.30993772075,-22.93887038462
    ));
#1147 = CARTESIAN_POINT('',(5.72843666168,23.58049327778,-24.76832231344
    ));
#1148 = CARTESIAN_POINT('',(5.72843666168,21.701233921599,
    -26.44761274516));
#1149 = CARTESIAN_POINT('',(5.72843666168,19.6873277243,-27.96280709303)
  );
#1150 = CARTESIAN_POINT('',(5.72843666168,17.555402734495,
    -29.30175006344));
#1151 = CARTESIAN_POINT('',(5.72843666168,15.323534915322,
    -30.45408813633));
#1152 = CARTESIAN_POINT('',(5.72843666168,10.699650211214,
    -32.36942526327));
#1153 = CARTESIAN_POINT('',(5.72843666168,8.306672572486,-33.13282228732
    ));
#1154 = CARTESIAN_POINT('',(5.72843666168,5.852411006318,-33.69360085923
    ));
#1155 = CARTESIAN_POINT('',(5.72843666168,3.3569680706,-34.04629993124)
  );
#1156 = CARTESIAN_POINT('',(5.72843666168,0.840696588379,-34.18775632729
    ));
#1157 = CARTESIAN_POINT('',(5.72843666168,-1.675824770998,
    -34.11709737488));
#1158 = CARTESIAN_POINT('',(5.72843666168,-4.171814010475,
    -33.83575290101));
#1159 = CARTESIAN_POINT('',(5.72843666168,-9.080725894867,
    -32.86035032891));
#1160 = CARTESIAN_POINT('',(5.72843666168,-11.49466851692,
    -32.16608956085));
#1161 = CARTESIAN_POINT('',(5.72843666168,-13.84703709039,
    -31.26929831742));
#1162 = CARTESIAN_POINT('',(5.72843666168,-16.11808167902,
    -30.17660048159));
#1163 = CARTESIAN_POINT('',(5.72843666168,-18.28912048932,
    -28.89666979383));
#1164 = CARTESIAN_POINT('',(5.72843666168,-20.34255609208,
    -27.44021015938));
#1165 = CARTESIAN_POINT('',(5.72843666168,-22.26190080378,-25.81995312)
  );
#1166 = CARTESIAN_POINT('',(5.72843666168,-25.80851981756,
    -22.27614587855));
#1167 = CARTESIAN_POINT('',(5.72843666168,-27.43548692708,
    -20.35080405672));
#1168 = CARTESIAN_POINT('',(5.728436661679,-28.89755314332,
    -18.29034727191));
#1169 = CARTESIAN_POINT('',(5.72843666168,-30.18184683168,
    -16.11143526857));
#1170 = CARTESIAN_POINT('',(5.728436661679,-31.27755174436,
    -13.83185229377));
#1171 = CARTESIAN_POINT('',(5.72843666168,-32.17591054044,
    -11.47048166272));
#1172 = CARTESIAN_POINT('',(5.72843666168,-32.87024395776,-9.04728868411
    ));
#1173 = CARTESIAN_POINT('',(5.72843666168,-33.84106641896,
    -4.128490056153));
#1174 = CARTESIAN_POINT('',(5.72843666168,-34.11921500143,
    -1.632142652014));
#1175 = CARTESIAN_POINT('',(5.728436661679,-34.18665194746,
    0.884467111042));
#1176 = CARTESIAN_POINT('',(5.72843666168,-34.04197403887,3.400555421194
    ));
#1177 = CARTESIAN_POINT('',(5.72843666168,-33.68608029448,5.895544745073
    ));
#1178 = CARTESIAN_POINT('',(5.72843666168,-33.12215994618,8.349086324249
    ));
#1179 = CARTESIAN_POINT('',(5.72843666168,-32.3556997746,10.741084610611
    ));
#1180 = CARTESIAN_POINT('',(5.72843666168,-30.4344441731,15.362513283669
    ));
#1181 = CARTESIAN_POINT('',(5.72843666168,-29.27924954339,17.59290391398
    ));
#1182 = CARTESIAN_POINT('',(5.72843666168,-27.93757812766,
    19.723112883309));
#1183 = CARTESIAN_POINT('',(5.72843666168,-26.41980658073,
    21.735077498668));
#1184 = CARTESIAN_POINT('',(5.72843666168,-24.73811147498,
    23.612185288506));
#1185 = CARTESIAN_POINT('',(5.72843666168,-22.9064468063,25.339286032962
    ));
#1186 = CARTESIAN_POINT('',(5.72843666168,-20.9405365229,26.902716157471
    ));
#1187 = CARTESIAN_POINT('',(5.72843666168,-16.7792814434,29.676567572681
    ));
#1188 = CARTESIAN_POINT('',(5.728436661845,-14.58343368916,
    30.888102089042));
#1189 = CARTESIAN_POINT('',(5.72843666102,-12.28843692952,
    31.913350567756));
#1190 = CARTESIAN_POINT('',(5.728436662912,-9.912863826721,
    32.743094440669));
#1191 = CARTESIAN_POINT('',(5.72843666036,-7.475975184351,
    33.370307485544));
#1192 = CARTESIAN_POINT('',(5.728436662505,-4.997694658005,
    33.790152958763));
#1193 = CARTESIAN_POINT('',(5.728436661423,-2.49858932521,
    33.999999999854));
#1194 = CARTESIAN_POINT('',(5.72843666168,0.,34.));
#1195 = PCURVE('',#973,#1196);
#1196 = DEFINITIONAL_REPRESENTATION('',(#1197),#1256);
#1197 = B_SPLINE_CURVE_WITH_KNOTS('',8,(#1198,#1199,#1200,#1201,#1202,
    #1203,#1204,#1205,#1206,#1207,#1208,#1209,#1210,#1211,#1212,#1213,
    #1214,#1215,#1216,#1217,#1218,#1219,#1220,#1221,#1222,#1223,#1224,
    #1225,#1226,#1227,#1228,#1229,#1230,#1231,#1232,#1233,#1234,#1235,
    #1236,#1237,#1238,#1239,#1240,#1241,#1242,#1243,#1244,#1245,#1246,
    #1247,#1248,#1249,#1250,#1251,#1252,#1253,#1254,#1255),
  .UNSPECIFIED.,.F.,.F.,(9,7,7,7,7,7,7,7,9),(0.,0.125038458356,
    0.249997597001,0.374956735648,0.499915874295,0.625314872435,
    0.750274011081,0.875233149728,1.),.UNSPECIFIED.);
#1198 = CARTESIAN_POINT('',(-6.28318530718,-5.72843666168));
#1199 = CARTESIAN_POINT('',(-6.209537408044,-5.72843666168));
#1200 = CARTESIAN_POINT('',(-6.135874174235,-5.72843666168));
#1201 = CARTESIAN_POINT('',(-6.062218723591,-5.72843666168));
#1202 = CARTESIAN_POINT('',(-5.988570352885,-5.72843666168));
#1203 = CARTESIAN_POINT('',(-5.914921982204,-5.72843666168));
#1204 = CARTESIAN_POINT('',(-5.841266531592,-5.72843666168));
#1205 = CARTESIAN_POINT('',(-5.767603297805,-5.72843666168));
#1206 = CARTESIAN_POINT('',(-5.620354218779,-5.72843666168));
#1207 = CARTESIAN_POINT('',(-5.546737752599,-5.72843666168));
#1208 = CARTESIAN_POINT('',(-5.473129043983,-5.72843666168));
#1209 = CARTESIAN_POINT('',(-5.399527394802,-5.72843666168));
#1210 = CARTESIAN_POINT('',(-5.32592574559,-5.72843666168));
#1211 = CARTESIAN_POINT('',(-5.252317036992,-5.72843666168));
#1212 = CARTESIAN_POINT('',(-5.178700570807,-5.72843666168));
#1213 = CARTESIAN_POINT('',(-5.031498211247,-5.72843666168));
#1214 = CARTESIAN_POINT('',(-4.957881745067,-5.72843666168));
#1215 = CARTESIAN_POINT('',(-4.884273036453,-5.72843666168));
#1216 = CARTESIAN_POINT('',(-4.810671387269,-5.72843666168));
#1217 = CARTESIAN_POINT('',(-4.73706973806,-5.72843666168));
#1218 = CARTESIAN_POINT('',(-4.66346102946,-5.72843666168));
#1219 = CARTESIAN_POINT('',(-4.589844563275,-5.72843666168));
#1220 = CARTESIAN_POINT('',(-4.442642203717,-5.72843666168));
#1221 = CARTESIAN_POINT('',(-4.369025737533,-5.72843666168));
#1222 = CARTESIAN_POINT('',(-4.295417028927,-5.72843666168));
#1223 = CARTESIAN_POINT('',(-4.221815379731,-5.72843666168));
#1224 = CARTESIAN_POINT('',(-4.148213730533,-5.72843666168));
#1225 = CARTESIAN_POINT('',(-4.074605021927,-5.72843666168));
#1226 = CARTESIAN_POINT('',(-4.000988555744,-5.72843666168));
#1227 = CARTESIAN_POINT('',(-3.853527118073,-5.72843666168));
#1228 = CARTESIAN_POINT('',(-3.779651305082,-5.72843666168));
#1229 = CARTESIAN_POINT('',(-3.705783392563,-5.728436661679));
#1230 = CARTESIAN_POINT('',(-3.631922653876,-5.72843666168));
#1231 = CARTESIAN_POINT('',(-3.558061915189,-5.728436661679));
#1232 = CARTESIAN_POINT('',(-3.484194002668,-5.72843666168));
#1233 = CARTESIAN_POINT('',(-3.410318189678,-5.72843666168));
#1234 = CARTESIAN_POINT('',(-3.262856752007,-5.72843666168));
#1235 = CARTESIAN_POINT('',(-3.189240285825,-5.72843666168));
#1236 = CARTESIAN_POINT('',(-3.115631577217,-5.728436661679));
#1237 = CARTESIAN_POINT('',(-3.042029928022,-5.72843666168));
#1238 = CARTESIAN_POINT('',(-2.968428278823,-5.72843666168));
#1239 = CARTESIAN_POINT('',(-2.894819570219,-5.72843666168));
#1240 = CARTESIAN_POINT('',(-2.821203104034,-5.72843666168));
#1241 = CARTESIAN_POINT('',(-2.674000744476,-5.72843666168));
#1242 = CARTESIAN_POINT('',(-2.600384278292,-5.72843666168));
#1243 = CARTESIAN_POINT('',(-2.526775569686,-5.72843666168));
#1244 = CARTESIAN_POINT('',(-2.453173920491,-5.72843666168));
#1245 = CARTESIAN_POINT('',(-2.379572271291,-5.72843666168));
#1246 = CARTESIAN_POINT('',(-2.305963562688,-5.72843666168));
#1247 = CARTESIAN_POINT('',(-2.232347096503,-5.72843666168));
#1248 = CARTESIAN_POINT('',(-2.085257995178,-5.72843666168));
#1249 = CARTESIAN_POINT('',(-2.011754903345,-5.72843666187));
#1250 = CARTESIAN_POINT('',(-1.938259508665,-5.728436660921));
#1251 = CARTESIAN_POINT('',(-1.864771120096,-5.728436663097));
#1252 = CARTESIAN_POINT('',(-1.791282737244,-5.728436660161));
#1253 = CARTESIAN_POINT('',(-1.717787338893,-5.728436662629));
#1254 = CARTESIAN_POINT('',(-1.644284248241,-5.728436661385));
#1255 = CARTESIAN_POINT('',(-1.570796326912,-5.72843666168));
#1256 = ( GEOMETRIC_REPRESENTATION_CONTEXT(2) 
PARAMETRIC_REPRESENTATION_CONTEXT() REPRESENTATION_CONTEXT('2D SPACE',''
  ) );
#1257 = PCURVE('',#1109,#1258);
#1258 = DEFINITIONAL_REPRESENTATION('',(#1259),#1318);
#1259 = B_SPLINE_CURVE_WITH_KNOTS('',8,(#1260,#1261,#1262,#1263,#1264,
    #1265,#1266,#1267,#1268,#1269,#1270,#1271,#1272,#1273,#1274,#1275,
    #1276,#1277,#1278,#1279,#1280,#1281,#1282,#1283,#1284,#1285,#1286,
    #1287,#1288,#1289,#1290,#1291,#1292,#1293,#1294,#1295,#1296,#1297,
    #1298,#1299,#1300,#1301,#1302,#1303,#1304,#1305,#1306,#1307,#1308,
    #1309,#1310,#1311,#1312,#1313,#1314,#1315,#1316,#1317),
  .UNSPECIFIED.,.F.,.F.,(9,7,7,7,7,7,7,7,9),(0.,0.125038458356,
    0.249997597001,0.374956735648,0.499915874295,0.625314872435,
    0.750274011081,0.875233149728,1.),.UNSPECIFIED.);
#1260 = CARTESIAN_POINT('',(4.712388980385,5.766710166333));
#1261 = CARTESIAN_POINT('',(4.63874108125,5.766710166333));
#1262 = CARTESIAN_POINT('',(4.56507784744,5.766710166333));
#1263 = CARTESIAN_POINT('',(4.491422396794,5.766710166333));
#1264 = CARTESIAN_POINT('',(4.417774026094,5.766710166333));
#1265 = CARTESIAN_POINT('',(4.344125655407,5.766710166333));
#1266 = CARTESIAN_POINT('',(4.270470204798,5.766710166333));
#1267 = CARTESIAN_POINT('',(4.19680697101,5.766710166333));
#1268 = CARTESIAN_POINT('',(4.049557891984,5.766710166333));
#1269 = CARTESIAN_POINT('',(3.975941425803,5.766710166333));
#1270 = CARTESIAN_POINT('',(3.902332717191,5.766710166333));
#1271 = CARTESIAN_POINT('',(3.828731068004,5.766710166333));
#1272 = CARTESIAN_POINT('',(3.755129418797,5.766710166333));
#1273 = CARTESIAN_POINT('',(3.681520710197,5.766710166333));
#1274 = CARTESIAN_POINT('',(3.607904244012,5.766710166333));
#1275 = CARTESIAN_POINT('',(3.460701884453,5.766710166333));
#1276 = CARTESIAN_POINT('',(3.387085418273,5.766710166333));
#1277 = CARTESIAN_POINT('',(3.313476709656,5.766710166333));
#1278 = CARTESIAN_POINT('',(3.239875060476,5.766710166333));
#1279 = CARTESIAN_POINT('',(3.166273411263,5.766710166333));
#1280 = CARTESIAN_POINT('',(3.092664702666,5.766710166333));
#1281 = CARTESIAN_POINT('',(3.01904823648,5.766710166333));
#1282 = CARTESIAN_POINT('',(2.871845876922,5.766710166333));
#1283 = CARTESIAN_POINT('',(2.798229410736,5.766710166333));
#1284 = CARTESIAN_POINT('',(2.724620702138,5.766710166333));
#1285 = CARTESIAN_POINT('',(2.651019052928,5.766710166333));
#1286 = CARTESIAN_POINT('',(2.577417403744,5.766710166333));
#1287 = CARTESIAN_POINT('',(2.50380869513,5.766710166333));
#1288 = CARTESIAN_POINT('',(2.430192228949,5.766710166333));
#1289 = CARTESIAN_POINT('',(2.282730791279,5.766710166333));
#1290 = CARTESIAN_POINT('',(2.208854978287,5.766710166333));
#1291 = CARTESIAN_POINT('',(2.134987065769,5.766710166333));
#1292 = CARTESIAN_POINT('',(2.061126327079,5.766710166333));
#1293 = CARTESIAN_POINT('',(1.987265588394,5.766710166333));
#1294 = CARTESIAN_POINT('',(1.913397675873,5.766710166333));
#1295 = CARTESIAN_POINT('',(1.839521862883,5.766710166333));
#1296 = CARTESIAN_POINT('',(1.692060425212,5.766710166333));
#1297 = CARTESIAN_POINT('',(1.61844395903,5.766710166333));
#1298 = CARTESIAN_POINT('',(1.544835250421,5.766710166333));
#1299 = CARTESIAN_POINT('',(1.471233601229,5.766710166333));
#1300 = CARTESIAN_POINT('',(1.397631952026,5.766710166333));
#1301 = CARTESIAN_POINT('',(1.324023243425,5.766710166333));
#1302 = CARTESIAN_POINT('',(1.250406777239,5.766710166333));
#1303 = CARTESIAN_POINT('',(1.103204417681,5.766710166333));
#1304 = CARTESIAN_POINT('',(1.029587951498,5.766710166333));
#1305 = CARTESIAN_POINT('',(0.955979242891,5.766710166333));
#1306 = CARTESIAN_POINT('',(0.882377593696,5.766710166333));
#1307 = CARTESIAN_POINT('',(0.808775944496,5.766710166333));
#1308 = CARTESIAN_POINT('',(0.735167235893,5.766710166333));
#1309 = CARTESIAN_POINT('',(0.661550769708,5.766710166333));
#1310 = CARTESIAN_POINT('',(0.514461668383,5.766710166333));
#1311 = CARTESIAN_POINT('',(0.440958576782,5.766710166374));
#1312 = CARTESIAN_POINT('',(0.36746318097,5.766710166168));
#1313 = CARTESIAN_POINT('',(0.293974794912,5.766710166641));
#1314 = CARTESIAN_POINT('',(0.220486408848,5.766710166003));
#1315 = CARTESIAN_POINT('',(0.146991012942,5.766710166539));
#1316 = CARTESIAN_POINT('',(7.34879213297E-02,5.766710166269));
#1317 = CARTESIAN_POINT('',(0.,5.766710166333));
#1318 = ( GEOMETRIC_REPRESENTATION_CONTEXT(2) 
PARAMETRIC_REPRESENTATION_CONTEXT() REPRESENTATION_CONTEXT('2D SPACE',''
  ) );
#1319 = ORIENTED_EDGE('',*,*,#1044,.F.);
#1320 = ADVANCED_FACE('',(#1321),#1026,.F.);
#1321 = FACE_BOUND('',#1322,.T.);
#1322 = EDGE_LOOP('',(#1323,#1392,#1413,#1414,#1415));
#1323 = ORIENTED_EDGE('',*,*,#1324,.F.);
#1324 = EDGE_CURVE('',#1325,#1327,#1329,.T.);
#1325 = VERTEX_POINT('',#1326);
#1326 = CARTESIAN_POINT('',(10.27156333832,34.,7.579122514774E-16));
#1327 = VERTEX_POINT('',#1328);
#1328 = CARTESIAN_POINT('',(10.27156333832,8.327598234202E-15,34.));
#1329 = SURFACE_CURVE('',#1330,(#1347,#1367),.PCURVE_S1.);
#1330 = B_SPLINE_CURVE_WITH_KNOTS('',8,(#1331,#1332,#1333,#1334,#1335,
    #1336,#1337,#1338,#1339,#1340,#1341,#1342,#1343,#1344,#1345,#1346),
  .UNSPECIFIED.,.F.,.F.,(9,7,9),(0.,0.500984198424,1.),.UNSPECIFIED.);
#1331 = CARTESIAN_POINT('',(10.27156333832,34.,3.789561257387E-16));
#1332 = CARTESIAN_POINT('',(10.27156333832,34.,3.343698112107));
#1333 = CARTESIAN_POINT('',(10.27156333832,33.624190513195,
    6.689588514128));
#1334 = CARTESIAN_POINT('',(10.27156333832,32.8717142019,9.984971246762)
  );
#1335 = CARTESIAN_POINT('',(10.27156333832,31.751589072419,
    13.180729962067));
#1336 = CARTESIAN_POINT('',(10.27156333832,30.2791737739,16.230245867083
    ));
#1337 = CARTESIAN_POINT('',(10.27156333832,28.476640356669,
    19.089728550471));
#1338 = CARTESIAN_POINT('',(10.27156333832,26.372406205254,
    21.718114744568));
#1339 = CARTESIAN_POINT('',(10.27156333832,21.645695282165,
    26.430219620601));
#1340 = CARTESIAN_POINT('',(10.271563338303,19.022224356987,
    28.519091158852));
#1341 = CARTESIAN_POINT('',(10.271563338389,16.170258673664,
    30.308076265994));
#1342 = CARTESIAN_POINT('',(10.271563338191,13.130437212025,
    31.769181515236));
#1343 = CARTESIAN_POINT('',(10.271563338458,9.946077780847,
    32.880576170367));
#1344 = CARTESIAN_POINT('',(10.271563338234,6.663270813158,
    33.627137881376));
#1345 = CARTESIAN_POINT('',(10.271563338347,3.330560528667,
    33.999999999985));
#1346 = CARTESIAN_POINT('',(10.27156333832,-1.256471733016E-15,34.));
#1347 = PCURVE('',#1026,#1348);
#1348 = DEFINITIONAL_REPRESENTATION('',(#1349),#1366);
#1349 = B_SPLINE_CURVE_WITH_KNOTS('',8,(#1350,#1351,#1352,#1353,#1354,
    #1355,#1356,#1357,#1358,#1359,#1360,#1361,#1362,#1363,#1364,#1365),
  .UNSPECIFIED.,.F.,.F.,(9,7,9),(0.,0.500984198424,1.),.UNSPECIFIED.);
#1350 = CARTESIAN_POINT('',(0.,-10.27156333832));
#1351 = CARTESIAN_POINT('',(-9.83440621208E-02,-10.27156333832));
#1352 = CARTESIAN_POINT('',(-0.196752520929,-10.27156333832));
#1353 = CARTESIAN_POINT('',(-0.295125392515,-10.27156333832));
#1354 = CARTESIAN_POINT('',(-0.393472803463,-10.27156333832));
#1355 = CARTESIAN_POINT('',(-0.491820214389,-10.27156333832));
#1356 = CARTESIAN_POINT('',(-0.590193085908,-10.27156333832));
#1357 = CARTESIAN_POINT('',(-0.688601544696,-10.27156333832));
#1358 = CARTESIAN_POINT('',(-0.884903269665,-10.27156333832));
#1359 = CARTESIAN_POINT('',(-0.982924080753,-10.2715633383));
#1360 = CARTESIAN_POINT('',(-1.080910043345,-10.2715633384));
#1361 = CARTESIAN_POINT('',(-1.178870967046,-10.27156333817));
#1362 = CARTESIAN_POINT('',(-1.276831890295,-10.27156333847));
#1363 = CARTESIAN_POINT('',(-1.374817853177,-10.27156333822));
#1364 = CARTESIAN_POINT('',(-1.472838664178,-10.27156333835));
#1365 = CARTESIAN_POINT('',(-1.570796326786,-10.27156333832));
#1366 = ( GEOMETRIC_REPRESENTATION_CONTEXT(2) 
PARAMETRIC_REPRESENTATION_CONTEXT() REPRESENTATION_CONTEXT('2D SPACE',''
  ) );
#1367 = PCURVE('',#1368,#1373);
#1368 = TOROIDAL_SURFACE('',#1369,30.,4.6);
#1369 = AXIS2_PLACEMENT_3D('',#1370,#1371,#1372);
#1370 = CARTESIAN_POINT('',(8.,0.,0.));
#1371 = DIRECTION('',(1.,0.,0.));
#1372 = DIRECTION('',(-0.,0.,1.));
#1373 = DEFINITIONAL_REPRESENTATION('',(#1374),#1391);
#1374 = B_SPLINE_CURVE_WITH_KNOTS('',8,(#1375,#1376,#1377,#1378,#1379,
    #1380,#1381,#1382,#1383,#1384,#1385,#1386,#1387,#1388,#1389,#1390),
  .UNSPECIFIED.,.F.,.F.,(9,7,9),(0.,0.500984198424,1.),.UNSPECIFIED.);
#1375 = CARTESIAN_POINT('',(4.712388980385,0.516475140847));
#1376 = CARTESIAN_POINT('',(4.810733042505,0.516475140847));
#1377 = CARTESIAN_POINT('',(4.909141501313,0.516475140847));
#1378 = CARTESIAN_POINT('',(5.007514372899,0.516475140847));
#1379 = CARTESIAN_POINT('',(5.105861783848,0.516475140847));
#1380 = CARTESIAN_POINT('',(5.204209194773,0.516475140847));
#1381 = CARTESIAN_POINT('',(5.302582066293,0.516475140847));
#1382 = CARTESIAN_POINT('',(5.400990525081,0.516475140847));
#1383 = CARTESIAN_POINT('',(5.59729225005,0.516475140847));
#1384 = CARTESIAN_POINT('',(5.695313061119,0.516475140843));
#1385 = CARTESIAN_POINT('',(5.793299023802,0.516475140864));
#1386 = CARTESIAN_POINT('',(5.891259947302,0.516475140815));
#1387 = CARTESIAN_POINT('',(5.989220870806,0.516475140881));
#1388 = CARTESIAN_POINT('',(6.087206833495,0.516475140825));
#1389 = CARTESIAN_POINT('',(6.185227644572,0.516475140854));
#1390 = CARTESIAN_POINT('',(6.28318530718,0.516475140847));
#1391 = ( GEOMETRIC_REPRESENTATION_CONTEXT(2) 
PARAMETRIC_REPRESENTATION_CONTEXT() REPRESENTATION_CONTEXT('2D SPACE',''
  ) );
#1392 = ORIENTED_EDGE('',*,*,#1393,.T.);
#1393 = EDGE_CURVE('',#1325,#991,#1394,.T.);
#1394 = SEAM_CURVE('',#1395,(#1399,#1406),.PCURVE_S1.);
#1395 = LINE('',#1396,#1397);
#1396 = CARTESIAN_POINT('',(0.,34.,7.579122514774E-16));
#1397 = VECTOR('',#1398,1.);
#1398 = DIRECTION('',(1.,0.,0.));
#1399 = PCURVE('',#1026,#1400);
#1400 = DEFINITIONAL_REPRESENTATION('',(#1401),#1405);
#1401 = LINE('',#1402,#1403);
#1402 = CARTESIAN_POINT('',(-6.28318530718,0.));
#1403 = VECTOR('',#1404,1.);
#1404 = DIRECTION('',(-0.,-1.));
#1405 = ( GEOMETRIC_REPRESENTATION_CONTEXT(2) 
PARAMETRIC_REPRESENTATION_CONTEXT() REPRESENTATION_CONTEXT('2D SPACE',''
  ) );
#1406 = PCURVE('',#1026,#1407);
#1407 = DEFINITIONAL_REPRESENTATION('',(#1408),#1412);
#1408 = LINE('',#1409,#1410);
#1409 = CARTESIAN_POINT('',(-0.,0.));
#1410 = VECTOR('',#1411,1.);
#1411 = DIRECTION('',(-0.,-1.));
#1412 = ( GEOMETRIC_REPRESENTATION_CONTEXT(2) 
PARAMETRIC_REPRESENTATION_CONTEXT() REPRESENTATION_CONTEXT('2D SPACE',''
  ) );
#1413 = ORIENTED_EDGE('',*,*,#1011,.T.);
#1414 = ORIENTED_EDGE('',*,*,#1393,.F.);
#1415 = ORIENTED_EDGE('',*,*,#1416,.F.);
#1416 = EDGE_CURVE('',#1327,#1325,#1417,.T.);
#1417 = SURFACE_CURVE('',#1418,(#1477,#1539),.PCURVE_S1.);
#1418 = B_SPLINE_CURVE_WITH_KNOTS('',8,(#1419,#1420,#1421,#1422,#1423,
    #1424,#1425,#1426,#1427,#1428,#1429,#1430,#1431,#1432,#1433,#1434,
    #1435,#1436,#1437,#1438,#1439,#1440,#1441,#1442,#1443,#1444,#1445,
    #1446,#1447,#1448,#1449,#1450,#1451,#1452,#1453,#1454,#1455,#1456,
    #1457,#1458,#1459,#1460,#1461,#1462,#1463,#1464,#1465,#1466,#1467,
    #1468,#1469,#1470,#1471,#1472,#1473,#1474,#1475,#1476),
  .UNSPECIFIED.,.F.,.F.,(9,7,7,7,7,7,7,7,9),(0.,0.124996756008,
    0.249955873066,0.375354849541,0.500313966599,0.625443058534,
    0.750402223777,0.87536138902,1.),.UNSPECIFIED.);
#1419 = CARTESIAN_POINT('',(10.27156333832,0.,34.));
#1420 = CARTESIAN_POINT('',(10.271563338359,-2.503193870912,
    33.999999999978));
#1421 = CARTESIAN_POINT('',(10.271563338194,-5.006908479459,
    33.789378808545));
#1422 = CARTESIAN_POINT('',(10.271563338521,-7.489681854183,
    33.367983369991));
#1423 = CARTESIAN_POINT('',(10.271563338133,-9.93083318494,
    32.738464810636));
#1424 = CARTESIAN_POINT('',(10.271563338421,-12.31033075803,
    31.90569549596));
#1425 = CARTESIAN_POINT('',(10.271563338295,-14.60881176576,
    30.876752931163));
#1426 = CARTESIAN_POINT('',(10.27156333832,-16.80760771446,
    29.660922144825));
#1427 = CARTESIAN_POINT('',(10.27156333832,-20.96968250818,
    26.880004129882));
#1428 = CARTESIAN_POINT('',(10.27156333832,-22.93389712615,
    25.31444418819));
#1429 = CARTESIAN_POINT('',(10.27156333832,-24.76368881526,
    23.585359223672));
#1430 = CARTESIAN_POINT('',(10.27156333832,-26.44334844562,
    21.706429845036));
#1431 = CARTESIAN_POINT('',(10.27156333832,-27.95893844993,
    19.692821387551));
#1432 = CARTESIAN_POINT('',(10.27156333832,-29.29830026843,
    17.561159509852));
#1433 = CARTESIAN_POINT('',(10.27156333832,-30.45107682929,
    15.329518141585));
#1434 = CARTESIAN_POINT('',(10.27156333832,-32.37069502308,
    10.697872409922));
#1435 = CARTESIAN_POINT('',(10.27156333832,-33.13656693366,
    8.296330546258));
#1436 = CARTESIAN_POINT('',(10.27156333832,-33.69837237904,
    5.833102090691));
#1437 = CARTESIAN_POINT('',(10.27156333832,-34.05059876282,
    3.328505442388));
#1438 = CARTESIAN_POINT('',(10.271563338321,-34.19006279424,
    0.803110903155));
#1439 = CARTESIAN_POINT('',(10.27156333832,-34.11590400285,
    -1.722284166383));
#1440 = CARTESIAN_POINT('',(10.27156333832,-33.82959591191,
    -4.226678461037));
#1441 = CARTESIAN_POINT('',(10.27156333832,-32.84324829798,
    -9.142387420906));
#1442 = CARTESIAN_POINT('',(10.27156333832,-32.1444578822,
    -11.55502269186));
#1443 = CARTESIAN_POINT('',(10.271563338321,-31.24325291959,
    -13.90570388187));
#1444 = CARTESIAN_POINT('',(10.27156333832,-30.14629435176,
    -16.17469352079));
#1445 = CARTESIAN_POINT('',(10.27156333832,-28.8622909681,
    -18.34332613025));
#1446 = CARTESIAN_POINT('',(10.27156333832,-27.40197968546,
    -20.39402440098));
#1447 = CARTESIAN_POINT('',(10.27156333832,-25.77812296925,
    -22.31032457627));
#1448 = CARTESIAN_POINT('',(10.27156333832,-22.23149248516,
    -25.84646970559));
#1449 = CARTESIAN_POINT('',(10.27156333832,-20.30757575117,
    -27.4666450471));
#1450 = CARTESIAN_POINT('',(10.27156333832,-18.24940166077,
    -28.92241016892));
#1451 = CARTESIAN_POINT('',(10.27156333832,-16.0735417654,-30.201002723)
  );
#1452 = CARTESIAN_POINT('',(10.27156333832,-13.79768025203,
    -31.29170012361));
#1453 = CARTESIAN_POINT('',(10.27156333832,-11.44058852613,
    -32.18582242468));
#1454 = CARTESIAN_POINT('',(10.27156333832,-9.022108887008,
    -32.87675167574));
#1455 = CARTESIAN_POINT('',(10.27156333832,-4.108028191514,
    -33.84355641616));
#1456 = CARTESIAN_POINT('',(10.27156333832,-1.611513068465,
    -34.12019559704));
#1457 = CARTESIAN_POINT('',(10.27156333832,0.905137008615,-34.1861109289
    ));
#1458 = CARTESIAN_POINT('',(10.27156333832,3.421137383091,-34.0399117602
    ));
#1459 = CARTESIAN_POINT('',(10.27156333832,5.915911069219,
    -33.68250955122));
#1460 = CARTESIAN_POINT('',(10.27156333832,8.36911124029,-33.11710583668
    ));
#1461 = CARTESIAN_POINT('',(10.27156333832,10.760645669472,
    -32.34919954639));
#1462 = CARTESIAN_POINT('',(10.27156333832,15.380911861175,
    -30.42515007087));
#1463 = CARTESIAN_POINT('',(10.27156333832,17.610603625793,
    -29.26860710532));
#1464 = CARTESIAN_POINT('',(10.27156333832,19.740000999397,
    -27.92564796009));
#1465 = CARTESIAN_POINT('',(10.27156333832,21.751047566489,
    -26.40666020906));
#1466 = CARTESIAN_POINT('',(10.27156333832,23.627138220415,
    -24.72383046699));
#1467 = CARTESIAN_POINT('',(10.27156333832,25.353131181447,
    -22.89112188702));
#1468 = CARTESIAN_POINT('',(10.27156333832,26.915372384245,
    -20.92426667613));
#1469 = CARTESIAN_POINT('',(10.27156333832,29.685283868771,
    -16.76347341181));
#1470 = CARTESIAN_POINT('',(10.27156333832,30.89442458917,-14.5692728875
    ));
#1471 = CARTESIAN_POINT('',(10.27156333832,31.917614986483,
    -12.27622158952));
#1472 = CARTESIAN_POINT('',(10.27156333832,32.745673410877,
    -9.90283885051));
#1473 = CARTESIAN_POINT('',(10.27156333832,33.371602137425,
    -7.468328711477));
#1474 = CARTESIAN_POINT('',(10.27156333832,33.790584200356,
    -4.992554714803));
#1475 = CARTESIAN_POINT('',(10.27156333832,34.,-2.496020667347));
#1476 = CARTESIAN_POINT('',(10.27156333832,34.,-7.105427357601E-15));
#1477 = PCURVE('',#1026,#1478);
#1478 = DEFINITIONAL_REPRESENTATION('',(#1479),#1538);
#1479 = B_SPLINE_CURVE_WITH_KNOTS('',8,(#1480,#1481,#1482,#1483,#1484,
    #1485,#1486,#1487,#1488,#1489,#1490,#1491,#1492,#1493,#1494,#1495,
    #1496,#1497,#1498,#1499,#1500,#1501,#1502,#1503,#1504,#1505,#1506,
    #1507,#1508,#1509,#1510,#1511,#1512,#1513,#1514,#1515,#1516,#1517,
    #1518,#1519,#1520,#1521,#1522,#1523,#1524,#1525,#1526,#1527,#1528,
    #1529,#1530,#1531,#1532,#1533,#1534,#1535,#1536,#1537),
  .UNSPECIFIED.,.F.,.F.,(9,7,7,7,7,7,7,7,9),(0.,0.124996756008,
    0.249955873066,0.375354849541,0.500313966599,0.625443058534,
    0.750402223777,0.87536138902,1.),.UNSPECIFIED.);
#1480 = CARTESIAN_POINT('',(-1.570796326813,-10.27156333832));
#1481 = CARTESIAN_POINT('',(-1.644419675957,-10.27156333836));
#1482 = CARTESIAN_POINT('',(-1.718058334252,-10.27156333817));
#1483 = CARTESIAN_POINT('',(-1.79168922335,-10.27156333855));
#1484 = CARTESIAN_POINT('',(-1.865313042451,-10.2715633381));
#1485 = CARTESIAN_POINT('',(-1.938936862401,-10.27156333843));
#1486 = CARTESIAN_POINT('',(-2.012567750946,-10.27156333829));
#1487 = CARTESIAN_POINT('',(-2.086206409408,-10.27156333832));
#1488 = CARTESIAN_POINT('',(-2.233430938386,-10.27156333832));
#1489 = CARTESIAN_POINT('',(-2.30704740457,-10.27156333832));
#1490 = CARTESIAN_POINT('',(-2.380656113174,-10.27156333832));
#1491 = CARTESIAN_POINT('',(-2.454257762375,-10.27156333832));
#1492 = CARTESIAN_POINT('',(-2.527859411567,-10.27156333832));
#1493 = CARTESIAN_POINT('',(-2.601468120178,-10.27156333832));
#1494 = CARTESIAN_POINT('',(-2.675084586359,-10.27156333832));
#1495 = CARTESIAN_POINT('',(-2.822546024029,-10.27156333832));
#1496 = CARTESIAN_POINT('',(-2.896421837021,-10.27156333832));
#1497 = CARTESIAN_POINT('',(-2.970289749539,-10.27156333832));
#1498 = CARTESIAN_POINT('',(-3.044150488229,-10.27156333832));
#1499 = CARTESIAN_POINT('',(-3.118011226914,-10.27156333832));
#1500 = CARTESIAN_POINT('',(-3.191879139435,-10.27156333832));
#1501 = CARTESIAN_POINT('',(-3.265754952425,-10.27156333832));
#1502 = CARTESIAN_POINT('',(-3.413216390096,-10.27156333832));
#1503 = CARTESIAN_POINT('',(-3.486832856278,-10.27156333832));
#1504 = CARTESIAN_POINT('',(-3.560441564886,-10.27156333832));
#1505 = CARTESIAN_POINT('',(-3.63404321408,-10.27156333832));
#1506 = CARTESIAN_POINT('',(-3.70764486328,-10.27156333832));
#1507 = CARTESIAN_POINT('',(-3.781253571884,-10.27156333832));
#1508 = CARTESIAN_POINT('',(-3.854870038069,-10.27156333832));
#1509 = CARTESIAN_POINT('',(-4.002172513183,-10.27156333832));
#1510 = CARTESIAN_POINT('',(-4.075889175764,-10.27156333832));
#1511 = CARTESIAN_POINT('',(-4.149598020315,-10.27156333832));
#1512 = CARTESIAN_POINT('',(-4.223299763374,-10.27156333832));
#1513 = CARTESIAN_POINT('',(-4.297001513462,-10.27156333832));
#1514 = CARTESIAN_POINT('',(-4.370710376927,-10.27156333832));
#1515 = CARTESIAN_POINT('',(-4.444427058985,-10.27156333832));
#1516 = CARTESIAN_POINT('',(-4.591729505681,-10.27156333832));
#1517 = CARTESIAN_POINT('',(-4.665345971864,-10.27156333832));
#1518 = CARTESIAN_POINT('',(-4.738954680469,-10.27156333832));
#1519 = CARTESIAN_POINT('',(-4.812556329669,-10.27156333832));
#1520 = CARTESIAN_POINT('',(-4.886157978863,-10.27156333832));
#1521 = CARTESIAN_POINT('',(-4.95976668747,-10.27156333832));
#1522 = CARTESIAN_POINT('',(-5.033383153654,-10.27156333832));
#1523 = CARTESIAN_POINT('',(-5.180585513212,-10.27156333832));
#1524 = CARTESIAN_POINT('',(-5.254201979397,-10.27156333832));
#1525 = CARTESIAN_POINT('',(-5.327810687997,-10.27156333832));
#1526 = CARTESIAN_POINT('',(-5.401412337205,-10.27156333832));
#1527 = CARTESIAN_POINT('',(-5.475013986392,-10.27156333832));
#1528 = CARTESIAN_POINT('',(-5.548622695003,-10.27156333832));
#1529 = CARTESIAN_POINT('',(-5.622239161185,-10.27156333832));
#1530 = CARTESIAN_POINT('',(-5.769252713689,-10.27156333832));
#1531 = CARTESIAN_POINT('',(-5.84268017929,-10.27156333832));
#1532 = CARTESIAN_POINT('',(-5.916099990129,-10.27156333832));
#1533 = CARTESIAN_POINT('',(-5.989512824089,-10.27156333832));
#1534 = CARTESIAN_POINT('',(-6.062925658107,-10.27156333832));
#1535 = CARTESIAN_POINT('',(-6.136345468979,-10.27156333832));
#1536 = CARTESIAN_POINT('',(-6.209772934611,-10.27156333832));
#1537 = CARTESIAN_POINT('',(-6.28318530718,-10.27156333832));
#1538 = ( GEOMETRIC_REPRESENTATION_CONTEXT(2) 
PARAMETRIC_REPRESENTATION_CONTEXT() REPRESENTATION_CONTEXT('2D SPACE',''
  ) );
#1539 = PCURVE('',#1368,#1540);
#1540 = DEFINITIONAL_REPRESENTATION('',(#1541),#1600);
#1541 = B_SPLINE_CURVE_WITH_KNOTS('',8,(#1542,#1543,#1544,#1545,#1546,
    #1547,#1548,#1549,#1550,#1551,#1552,#1553,#1554,#1555,#1556,#1557,
    #1558,#1559,#1560,#1561,#1562,#1563,#1564,#1565,#1566,#1567,#1568,
    #1569,#1570,#1571,#1572,#1573,#1574,#1575,#1576,#1577,#1578,#1579,
    #1580,#1581,#1582,#1583,#1584,#1585,#1586,#1587,#1588,#1589,#1590,
    #1591,#1592,#1593,#1594,#1595,#1596,#1597,#1598,#1599),
  .UNSPECIFIED.,.F.,.F.,(9,7,7,7,7,7,7,7,9),(0.,0.124996756008,
    0.249955873066,0.375354849541,0.500313966599,0.625443058534,
    0.750402223777,0.87536138902,1.),.UNSPECIFIED.);
#1542 = CARTESIAN_POINT('',(0.,0.516475140847));
#1543 = CARTESIAN_POINT('',(7.362334914447E-02,0.516475140857));
#1544 = CARTESIAN_POINT('',(0.147262007586,0.516475140815));
#1545 = CARTESIAN_POINT('',(0.220892896312,0.516475140897));
#1546 = CARTESIAN_POINT('',(0.2945167159,0.5164751408));
#1547 = CARTESIAN_POINT('',(0.368140535469,0.516475140872));
#1548 = CARTESIAN_POINT('',(0.441771424186,0.516475140841));
#1549 = CARTESIAN_POINT('',(0.515410082613,0.516475140847));
#1550 = CARTESIAN_POINT('',(0.662634611591,0.516475140847));
#1551 = CARTESIAN_POINT('',(0.736251077775,0.516475140847));
#1552 = CARTESIAN_POINT('',(0.80985978638,0.516475140847));
#1553 = CARTESIAN_POINT('',(0.88346143558,0.516475140847));
#1554 = CARTESIAN_POINT('',(0.957063084772,0.516475140847));
#1555 = CARTESIAN_POINT('',(1.030671793383,0.516475140847));
#1556 = CARTESIAN_POINT('',(1.104288259564,0.516475140847));
#1557 = CARTESIAN_POINT('',(1.251749697234,0.516475140847));
#1558 = CARTESIAN_POINT('',(1.325625510226,0.516475140847));
#1559 = CARTESIAN_POINT('',(1.399493422744,0.516475140847));
#1560 = CARTESIAN_POINT('',(1.473354161435,0.516475140847));
#1561 = CARTESIAN_POINT('',(1.547214900118,0.516475140847));
#1562 = CARTESIAN_POINT('',(1.62108281264,0.516475140847));
#1563 = CARTESIAN_POINT('',(1.69495862563,0.516475140847));
#1564 = CARTESIAN_POINT('',(1.842420063301,0.516475140847));
#1565 = CARTESIAN_POINT('',(1.916036529483,0.516475140847));
#1566 = CARTESIAN_POINT('',(1.989645238092,0.516475140847));
#1567 = CARTESIAN_POINT('',(2.063246887285,0.516475140847));
#1568 = CARTESIAN_POINT('',(2.136848536485,0.516475140847));
#1569 = CARTESIAN_POINT('',(2.210457245089,0.516475140847));
#1570 = CARTESIAN_POINT('',(2.284073711274,0.516475140847));
#1571 = CARTESIAN_POINT('',(2.431376186389,0.516475140847));
#1572 = CARTESIAN_POINT('',(2.50509284897,0.516475140847));
#1573 = CARTESIAN_POINT('',(2.578801693517,0.516475140847));
#1574 = CARTESIAN_POINT('',(2.652503436583,0.516475140847));
#1575 = CARTESIAN_POINT('',(2.726205186665,0.516475140847));
#1576 = CARTESIAN_POINT('',(2.799914050133,0.516475140847));
#1577 = CARTESIAN_POINT('',(2.87363073219,0.516475140847));
#1578 = CARTESIAN_POINT('',(3.020933178886,0.516475140847));
#1579 = CARTESIAN_POINT('',(3.094549645069,0.516475140847));
#1580 = CARTESIAN_POINT('',(3.168158353676,0.516475140847));
#1581 = CARTESIAN_POINT('',(3.241760002872,0.516475140847));
#1582 = CARTESIAN_POINT('',(3.31536165207,0.516475140847));
#1583 = CARTESIAN_POINT('',(3.388970360675,0.516475140847));
#1584 = CARTESIAN_POINT('',(3.462586826859,0.516475140847));
#1585 = CARTESIAN_POINT('',(3.609789186417,0.516475140847));
#1586 = CARTESIAN_POINT('',(3.683405652602,0.516475140847));
#1587 = CARTESIAN_POINT('',(3.757014361203,0.516475140847));
#1588 = CARTESIAN_POINT('',(3.830616010409,0.516475140847));
#1589 = CARTESIAN_POINT('',(3.904217659598,0.516475140847));
#1590 = CARTESIAN_POINT('',(3.977826368208,0.516475140847));
#1591 = CARTESIAN_POINT('',(4.05144283439,0.516475140847));
#1592 = CARTESIAN_POINT('',(4.198456386894,0.516475140847));
#1593 = CARTESIAN_POINT('',(4.271883852495,0.516475140847));
#1594 = CARTESIAN_POINT('',(4.345303663334,0.516475140847));
#1595 = CARTESIAN_POINT('',(4.418716497294,0.516475140847));
#1596 = CARTESIAN_POINT('',(4.492129331312,0.516475140847));
#1597 = CARTESIAN_POINT('',(4.565549142184,0.516475140847));
#1598 = CARTESIAN_POINT('',(4.638976607816,0.516475140847));
#1599 = CARTESIAN_POINT('',(4.712388980385,0.516475140847));
#1600 = ( GEOMETRIC_REPRESENTATION_CONTEXT(2) 
PARAMETRIC_REPRESENTATION_CONTEXT() REPRESENTATION_CONTEXT('2D SPACE',''
  ) );
#1601 = ADVANCED_FACE('',(#1602),#1109,.F.);
#1602 = FACE_BOUND('',#1603,.F.);
#1603 = EDGE_LOOP('',(#1604,#1628,#1650,#1651,#1652));
#1604 = ORIENTED_EDGE('',*,*,#1605,.T.);
#1605 = EDGE_CURVE('',#1068,#1606,#1608,.T.);
#1606 = VERTEX_POINT('',#1607);
#1607 = CARTESIAN_POINT('',(8.,8.4745558501E-15,34.6));
#1608 = SEAM_CURVE('',#1609,(#1614,#1621),.PCURVE_S1.);
#1609 = CIRCLE('',#1610,4.6);
#1610 = AXIS2_PLACEMENT_3D('',#1611,#1612,#1613);
#1611 = CARTESIAN_POINT('',(8.,7.347880794884E-15,30.));
#1612 = DIRECTION('',(0.,1.,-2.449293598295E-16));
#1613 = DIRECTION('',(0.,2.449293598295E-16,1.));
#1614 = PCURVE('',#1109,#1615);
#1615 = DEFINITIONAL_REPRESENTATION('',(#1616),#1620);
#1616 = LINE('',#1617,#1618);
#1617 = CARTESIAN_POINT('',(6.28318530718,-0.));
#1618 = VECTOR('',#1619,1.);
#1619 = DIRECTION('',(0.,1.));
#1620 = ( GEOMETRIC_REPRESENTATION_CONTEXT(2) 
PARAMETRIC_REPRESENTATION_CONTEXT() REPRESENTATION_CONTEXT('2D SPACE',''
  ) );
#1621 = PCURVE('',#1109,#1622);
#1622 = DEFINITIONAL_REPRESENTATION('',(#1623),#1627);
#1623 = LINE('',#1624,#1625);
#1624 = CARTESIAN_POINT('',(0.,-0.));
#1625 = VECTOR('',#1626,1.);
#1626 = DIRECTION('',(0.,1.));
#1627 = ( GEOMETRIC_REPRESENTATION_CONTEXT(2) 
PARAMETRIC_REPRESENTATION_CONTEXT() REPRESENTATION_CONTEXT('2D SPACE',''
  ) );
#1628 = ORIENTED_EDGE('',*,*,#1629,.F.);
#1629 = EDGE_CURVE('',#1606,#1606,#1630,.T.);
#1630 = SURFACE_CURVE('',#1631,(#1636,#1643),.PCURVE_S1.);
#1631 = CIRCLE('',#1632,34.6);
#1632 = AXIS2_PLACEMENT_3D('',#1633,#1634,#1635);
#1633 = CARTESIAN_POINT('',(8.,0.,0.));
#1634 = DIRECTION('',(1.,0.,0.));
#1635 = DIRECTION('',(-0.,0.,1.));
#1636 = PCURVE('',#1109,#1637);
#1637 = DEFINITIONAL_REPRESENTATION('',(#1638),#1642);
#1638 = LINE('',#1639,#1640);
#1639 = CARTESIAN_POINT('',(0.,6.28318530718));
#1640 = VECTOR('',#1641,1.);
#1641 = DIRECTION('',(1.,0.));
#1642 = ( GEOMETRIC_REPRESENTATION_CONTEXT(2) 
PARAMETRIC_REPRESENTATION_CONTEXT() REPRESENTATION_CONTEXT('2D SPACE',''
  ) );
#1643 = PCURVE('',#1368,#1644);
#1644 = DEFINITIONAL_REPRESENTATION('',(#1645),#1649);
#1645 = LINE('',#1646,#1647);
#1646 = CARTESIAN_POINT('',(0.,0.));
#1647 = VECTOR('',#1648,1.);
#1648 = DIRECTION('',(1.,0.));
#1649 = ( GEOMETRIC_REPRESENTATION_CONTEXT(2) 
PARAMETRIC_REPRESENTATION_CONTEXT() REPRESENTATION_CONTEXT('2D SPACE',''
  ) );
#1650 = ORIENTED_EDGE('',*,*,#1605,.F.);
#1651 = ORIENTED_EDGE('',*,*,#1134,.F.);
#1652 = ORIENTED_EDGE('',*,*,#1067,.F.);
#1653 = ADVANCED_FACE('',(#1654),#1368,.F.);
#1654 = FACE_BOUND('',#1655,.F.);
#1655 = EDGE_LOOP('',(#1656,#1678,#1679,#1680,#1681));
#1656 = ORIENTED_EDGE('',*,*,#1657,.F.);
#1657 = EDGE_CURVE('',#1606,#1327,#1658,.T.);
#1658 = SEAM_CURVE('',#1659,(#1664,#1671),.PCURVE_S1.);
#1659 = CIRCLE('',#1660,4.6);
#1660 = AXIS2_PLACEMENT_3D('',#1661,#1662,#1663);
#1661 = CARTESIAN_POINT('',(8.,7.347880794884E-15,30.));
#1662 = DIRECTION('',(0.,1.,-2.449293598295E-16));
#1663 = DIRECTION('',(0.,2.449293598295E-16,1.));
#1664 = PCURVE('',#1368,#1665);
#1665 = DEFINITIONAL_REPRESENTATION('',(#1666),#1670);
#1666 = LINE('',#1667,#1668);
#1667 = CARTESIAN_POINT('',(0.,-0.));
#1668 = VECTOR('',#1669,1.);
#1669 = DIRECTION('',(0.,1.));
#1670 = ( GEOMETRIC_REPRESENTATION_CONTEXT(2) 
PARAMETRIC_REPRESENTATION_CONTEXT() REPRESENTATION_CONTEXT('2D SPACE',''
  ) );
#1671 = PCURVE('',#1368,#1672);
#1672 = DEFINITIONAL_REPRESENTATION('',(#1673),#1677);
#1673 = LINE('',#1674,#1675);
#1674 = CARTESIAN_POINT('',(6.28318530718,-0.));
#1675 = VECTOR('',#1676,1.);
#1676 = DIRECTION('',(0.,1.));
#1677 = ( GEOMETRIC_REPRESENTATION_CONTEXT(2) 
PARAMETRIC_REPRESENTATION_CONTEXT() REPRESENTATION_CONTEXT('2D SPACE',''
  ) );
#1678 = ORIENTED_EDGE('',*,*,#1629,.T.);
#1679 = ORIENTED_EDGE('',*,*,#1657,.T.);
#1680 = ORIENTED_EDGE('',*,*,#1324,.F.);
#1681 = ORIENTED_EDGE('',*,*,#1416,.F.);
#1682 = ( GEOMETRIC_REPRESENTATION_CONTEXT(3) 
GLOBAL_UNCERTAINTY_ASSIGNED_CONTEXT((#1686)) 
GLOBAL_UNIT_ASSIGNED_CONTEXT((#1683,#1684,#1685)) REPRESENTATION_CONTEXT
('Context #1','3D Context with UNIT and UNCERTAINTY') );
#1683 = ( LENGTH_UNIT() NAMED_UNIT(*) SI_UNIT(.MILLI.,.METRE.) );
#1684 = ( NAMED_UNIT(*) PLANE_ANGLE_UNIT() SI_UNIT($,.RADIAN.) );
#1685 = ( NAMED_UNIT(*) SI_UNIT($,.STERADIAN.) SOLID_ANGLE_UNIT() );
#1686 = UNCERTAINTY_MEASURE_WITH_UNIT(LENGTH_MEASURE(1.E-07),#1683,
  'distance_accuracy_value','confusion accuracy');
#1687 = CONTEXT_DEPENDENT_SHAPE_REPRESENTATION(#1688,#1690);
#1688 = ( REPRESENTATION_RELATIONSHIP('','',#666,#10) 
REPRESENTATION_RELATIONSHIP_WITH_TRANSFORMATION(#1689) 
SHAPE_REPRESENTATION_RELATIONSHIP() );
#1689 = ITEM_DEFINED_TRANSFORMATION('','',#11,#19);
#1690 = PRODUCT_DEFINITION_SHAPE('Placement','Placement of an item',
  #1691);
#1691 = NEXT_ASSEMBLY_USAGE_OCCURRENCE('45','','',#5,#661,$);
#1692 = PRODUCT_RELATED_PRODUCT_CATEGORY('part',$,(#663));
#1693 = SHAPE_DEFINITION_REPRESENTATION(#1694,#1700);
#1694 = PRODUCT_DEFINITION_SHAPE('','',#1695);
#1695 = PRODUCT_DEFINITION('design','',#1696,#1699);
#1696 = PRODUCT_DEFINITION_FORMATION('','',#1697);
#1697 = PRODUCT('Open CASCADE STEP translator 7.9 4.3',
  'Open CASCADE STEP translator 7.9 4.3','',(#1698));
#1698 = PRODUCT_CONTEXT('',#2,'mechanical');
#1699 = PRODUCT_DEFINITION_CONTEXT('part definition',#2,'design');
#1700 = ADVANCED_BREP_SHAPE_REPRESENTATION('',(#11,#1701),#1769);
#1701 = MANIFOLD_SOLID_BREP('',#1702);
#1702 = CLOSED_SHELL('',(#1703,#1765));
#1703 = ADVANCED_FACE('',(#1704),#1719,.T.);
#1704 = FACE_BOUND('',#1705,.T.);
#1705 = EDGE_LOOP('',(#1706,#1737,#1764));
#1706 = ORIENTED_EDGE('',*,*,#1707,.F.);
#1707 = EDGE_CURVE('',#1708,#1710,#1712,.T.);
#1708 = VERTEX_POINT('',#1709);
#1709 = CARTESIAN_POINT('',(12.5,30.,0.));
#1710 = VERTEX_POINT('',#1711);
#1711 = CARTESIAN_POINT('',(8.,30.,4.5));
#1712 = SEAM_CURVE('',#1713,(#1718,#1730),.PCURVE_S1.);
#1713 = CIRCLE('',#1714,4.5);
#1714 = AXIS2_PLACEMENT_3D('',#1715,#1716,#1717);
#1715 = CARTESIAN_POINT('',(8.,30.,0.));
#1716 = DIRECTION('',(-2.449293598295E-16,-1.,0.));
#1717 = DIRECTION('',(1.,-2.449293598295E-16,0.));
#1718 = PCURVE('',#1719,#1724);
#1719 = SPHERICAL_SURFACE('',#1720,4.5);
#1720 = AXIS2_PLACEMENT_3D('',#1721,#1722,#1723);
#1721 = CARTESIAN_POINT('',(8.,30.,0.));
#1722 = DIRECTION('',(0.,0.,1.));
#1723 = DIRECTION('',(1.,0.,-0.));
#1724 = DEFINITIONAL_REPRESENTATION('',(#1725),#1729);
#1725 = LINE('',#1726,#1727);
#1726 = CARTESIAN_POINT('',(6.28318530718,-6.28318530718));
#1727 = VECTOR('',#1728,1.);
#1728 = DIRECTION('',(0.,1.));
#1729 = ( GEOMETRIC_REPRESENTATION_CONTEXT(2) 
PARAMETRIC_REPRESENTATION_CONTEXT() REPRESENTATION_CONTEXT('2D SPACE',''
  ) );
#1730 = PCURVE('',#1719,#1731);
#1731 = DEFINITIONAL_REPRESENTATION('',(#1732),#1736);
#1732 = LINE('',#1733,#1734);
#1733 = CARTESIAN_POINT('',(0.,-6.28318530718));
#1734 = VECTOR('',#1735,1.);
#1735 = DIRECTION('',(0.,1.));
#1736 = ( GEOMETRIC_REPRESENTATION_CONTEXT(2) 
PARAMETRIC_REPRESENTATION_CONTEXT() REPRESENTATION_CONTEXT('2D SPACE',''
  ) );
#1737 = ORIENTED_EDGE('',*,*,#1738,.T.);
#1738 = EDGE_CURVE('',#1708,#1708,#1739,.T.);
#1739 = SURFACE_CURVE('',#1740,(#1745,#1752),.PCURVE_S1.);
#1740 = CIRCLE('',#1741,4.5);
#1741 = AXIS2_PLACEMENT_3D('',#1742,#1743,#1744);
#1742 = CARTESIAN_POINT('',(8.,30.,0.));
#1743 = DIRECTION('',(0.,0.,1.));
#1744 = DIRECTION('',(1.,0.,-0.));
#1745 = PCURVE('',#1719,#1746);
#1746 = DEFINITIONAL_REPRESENTATION('',(#1747),#1751);
#1747 = LINE('',#1748,#1749);
#1748 = CARTESIAN_POINT('',(0.,0.));
#1749 = VECTOR('',#1750,1.);
#1750 = DIRECTION('',(1.,0.));
#1751 = ( GEOMETRIC_REPRESENTATION_CONTEXT(2) 
PARAMETRIC_REPRESENTATION_CONTEXT() REPRESENTATION_CONTEXT('2D SPACE',''
  ) );
#1752 = PCURVE('',#1753,#1758);
#1753 = PLANE('',#1754);
#1754 = AXIS2_PLACEMENT_3D('',#1755,#1756,#1757);
#1755 = CARTESIAN_POINT('',(8.,30.,0.));
#1756 = DIRECTION('',(0.,0.,1.));
#1757 = DIRECTION('',(1.,0.,-0.));
#1758 = DEFINITIONAL_REPRESENTATION('',(#1759),#1763);
#1759 = CIRCLE('',#1760,4.5);
#1760 = AXIS2_PLACEMENT_2D('',#1761,#1762);
#1761 = CARTESIAN_POINT('',(0.,0.));
#1762 = DIRECTION('',(1.,0.));
#1763 = ( GEOMETRIC_REPRESENTATION_CONTEXT(2) 
PARAMETRIC_REPRESENTATION_CONTEXT() REPRESENTATION_CONTEXT('2D SPACE',''
  ) );
#1764 = ORIENTED_EDGE('',*,*,#1707,.T.);
#1765 = ADVANCED_FACE('',(#1766),#1753,.F.);
#1766 = FACE_BOUND('',#1767,.T.);
#1767 = EDGE_LOOP('',(#1768));
#1768 = ORIENTED_EDGE('',*,*,#1738,.F.);
#1769 = ( GEOMETRIC_REPRESENTATION_CONTEXT(3) 
GLOBAL_UNCERTAINTY_ASSIGNED_CONTEXT((#1773)) 
GLOBAL_UNIT_ASSIGNED_CONTEXT((#1770,#1771,#1772)) REPRESENTATION_CONTEXT
('Context #1','3D Context with UNIT and UNCERTAINTY') );
#1770 = ( LENGTH_UNIT() NAMED_UNIT(*) SI_UNIT(.MILLI.,.METRE.) );
#1771 = ( NAMED_UNIT(*) PLANE_ANGLE_UNIT() SI_UNIT($,.RADIAN.) );
#1772 = ( NAMED_UNIT(*) SI_UNIT($,.STERADIAN.) SOLID_ANGLE_UNIT() );
#1773 = UNCERTAINTY_MEASURE_WITH_UNIT(LENGTH_MEASURE(1.E-07),#1770,
  'distance_accuracy_value','confusion accuracy');
#1774 = CONTEXT_DEPENDENT_SHAPE_REPRESENTATION(#1775,#1777);
#1775 = ( REPRESENTATION_RELATIONSHIP('','',#1700,#10) 
REPRESENTATION_RELATIONSHIP_WITH_TRANSFORMATION(#1776) 
SHAPE_REPRESENTATION_RELATIONSHIP() );
#1776 = ITEM_DEFINED_TRANSFORMATION('','',#11,#23);
#1777 = PRODUCT_DEFINITION_SHAPE('Placement','Placement of an item',
  #1778);
#1778 = NEXT_ASSEMBLY_USAGE_OCCURRENCE('46','','',#5,#1695,$);
#1779 = PRODUCT_RELATED_PRODUCT_CATEGORY('part',$,(#1697));
#1780 = SHAPE_DEFINITION_REPRESENTATION(#1781,#1787);
#1781 = PRODUCT_DEFINITION_SHAPE('','',#1782);
#1782 = PRODUCT_DEFINITION('design','',#1783,#1786);
#1783 = PRODUCT_DEFINITION_FORMATION('','',#1784);
#1784 = PRODUCT('Open CASCADE STEP translator 7.9 4.4',
  'Open CASCADE STEP translator 7.9 4.4','',(#1785));
#1785 = PRODUCT_CONTEXT('',#2,'mechanical');
#1786 = PRODUCT_DEFINITION_CONTEXT('part definition',#2,'design');
#1787 = ADVANCED_BREP_SHAPE_REPRESENTATION('',(#11,#1788),#1856);
#1788 = MANIFOLD_SOLID_BREP('',#1789);
#1789 = CLOSED_SHELL('',(#1790,#1852));
#1790 = ADVANCED_FACE('',(#1791),#1806,.T.);
#1791 = FACE_BOUND('',#1792,.T.);
#1792 = EDGE_LOOP('',(#1793,#1824,#1851));
#1793 = ORIENTED_EDGE('',*,*,#1794,.F.);
#1794 = EDGE_CURVE('',#1795,#1797,#1799,.T.);
#1795 = VERTEX_POINT('',#1796);
#1796 = CARTESIAN_POINT('',(12.5,25.980762113533,15.));
#1797 = VERTEX_POINT('',#1798);
#1798 = CARTESIAN_POINT('',(8.,25.980762113533,19.5));
#1799 = SEAM_CURVE('',#1800,(#1805,#1817),.PCURVE_S1.);
#1800 = CIRCLE('',#1801,4.5);
#1801 = AXIS2_PLACEMENT_3D('',#1802,#1803,#1804);
#1802 = CARTESIAN_POINT('',(8.,25.980762113533,15.));
#1803 = DIRECTION('',(-2.449293598295E-16,-1.,0.));
#1804 = DIRECTION('',(1.,-2.449293598295E-16,0.));
#1805 = PCURVE('',#1806,#1811);
#1806 = SPHERICAL_SURFACE('',#1807,4.5);
#1807 = AXIS2_PLACEMENT_3D('',#1808,#1809,#1810);
#1808 = CARTESIAN_POINT('',(8.,25.980762113533,15.));
#1809 = DIRECTION('',(0.,0.,1.));
#1810 = DIRECTION('',(1.,0.,-0.));
#1811 = DEFINITIONAL_REPRESENTATION('',(#1812),#1816);
#1812 = LINE('',#1813,#1814);
#1813 = CARTESIAN_POINT('',(6.28318530718,-6.28318530718));
#1814 = VECTOR('',#1815,1.);
#1815 = DIRECTION('',(0.,1.));
#1816 = ( GEOMETRIC_REPRESENTATION_CONTEXT(2) 
PARAMETRIC_REPRESENTATION_CONTEXT() REPRESENTATION_CONTEXT('2D SPACE',''
  ) );
#1817 = PCURVE('',#1806,#1818);
#1818 = DEFINITIONAL_REPRESENTATION('',(#1819),#1823);
#1819 = LINE('',#1820,#1821);
#1820 = CARTESIAN_POINT('',(0.,-6.28318530718));
#1821 = VECTOR('',#1822,1.);
#1822 = DIRECTION('',(0.,1.));
#1823 = ( GEOMETRIC_REPRESENTATION_CONTEXT(2) 
PARAMETRIC_REPRESENTATION_CONTEXT() REPRESENTATION_CONTEXT('2D SPACE',''
  ) );
#1824 = ORIENTED_EDGE('',*,*,#1825,.T.);
#1825 = EDGE_CURVE('',#1795,#1795,#1826,.T.);
#1826 = SURFACE_CURVE('',#1827,(#1832,#1839),.PCURVE_S1.);
#1827 = CIRCLE('',#1828,4.5);
#1828 = AXIS2_PLACEMENT_3D('',#1829,#1830,#1831);
#1829 = CARTESIAN_POINT('',(8.,25.980762113533,15.));
#1830 = DIRECTION('',(0.,0.,1.));
#1831 = DIRECTION('',(1.,0.,-0.));
#1832 = PCURVE('',#1806,#1833);
#1833 = DEFINITIONAL_REPRESENTATION('',(#1834),#1838);
#1834 = LINE('',#1835,#1836);
#1835 = CARTESIAN_POINT('',(0.,0.));
#1836 = VECTOR('',#1837,1.);
#1837 = DIRECTION('',(1.,0.));
#1838 = ( GEOMETRIC_REPRESENTATION_CONTEXT(2) 
PARAMETRIC_REPRESENTATION_CONTEXT() REPRESENTATION_CONTEXT('2D SPACE',''
  ) );
#1839 = PCURVE('',#1840,#1845);
#1840 = PLANE('',#1841);
#1841 = AXIS2_PLACEMENT_3D('',#1842,#1843,#1844);
#1842 = CARTESIAN_POINT('',(8.,25.980762113533,15.));
#1843 = DIRECTION('',(0.,0.,1.));
#1844 = DIRECTION('',(1.,0.,-0.));
#1845 = DEFINITIONAL_REPRESENTATION('',(#1846),#1850);
#1846 = CIRCLE('',#1847,4.5);
#1847 = AXIS2_PLACEMENT_2D('',#1848,#1849);
#1848 = CARTESIAN_POINT('',(0.,0.));
#1849 = DIRECTION('',(1.,0.));
#1850 = ( GEOMETRIC_REPRESENTATION_CONTEXT(2) 
PARAMETRIC_REPRESENTATION_CONTEXT() REPRESENTATION_CONTEXT('2D SPACE',''
  ) );
#1851 = ORIENTED_EDGE('',*,*,#1794,.T.);
#1852 = ADVANCED_FACE('',(#1853),#1840,.F.);
#1853 = FACE_BOUND('',#1854,.T.);
#1854 = EDGE_LOOP('',(#1855));
#1855 = ORIENTED_EDGE('',*,*,#1825,.F.);
#1856 = ( GEOMETRIC_REPRESENTATION_CONTEXT(3) 
GLOBAL_UNCERTAINTY_ASSIGNED_CONTEXT((#1860)) 
GLOBAL_UNIT_ASSIGNED_CONTEXT((#1857,#1858,#1859)) REPRESENTATION_CONTEXT
('Context #1','3D Context with UNIT and UNCERTAINTY') );
#1857 = ( LENGTH_UNIT() NAMED_UNIT(*) SI_UNIT(.MILLI.,.METRE.) );
#1858 = ( NAMED_UNIT(*) PLANE_ANGLE_UNIT() SI_UNIT($,.RADIAN.) );
#1859 = ( NAMED_UNIT(*) SI_UNIT($,.STERADIAN.) SOLID_ANGLE_UNIT() );
#1860 = UNCERTAINTY_MEASURE_WITH_UNIT(LENGTH_MEASURE(1.E-07),#1857,
  'distance_accuracy_value','confusion accuracy');
#1861 = CONTEXT_DEPENDENT_SHAPE_REPRESENTATION(#1862,#1864);
#1862 = ( REPRESENTATION_RELATIONSHIP('','',#1787,#10) 
REPRESENTATION_RELATIONSHIP_WITH_TRANSFORMATION(#1863) 
SHAPE_REPRESENTATION_RELATIONSHIP() );
#1863 = ITEM_DEFINED_TRANSFORMATION('','',#11,#27);
#1864 = PRODUCT_DEFINITION_SHAPE('Placement','Placement of an item',
  #1865);
#1865 = NEXT_ASSEMBLY_USAGE_OCCURRENCE('47','','',#5,#1782,$);
#1866 = PRODUCT_RELATED_PRODUCT_CATEGORY('part',$,(#1784));
#1867 = SHAPE_DEFINITION_REPRESENTATION(#1868,#1874);
#1868 = PRODUCT_DEFINITION_SHAPE('','',#1869);
#1869 = PRODUCT_DEFINITION('design','',#1870,#1873);
#1870 = PRODUCT_DEFINITION_FORMATION('','',#1871);
#1871 = PRODUCT('Open CASCADE STEP translator 7.9 4.5',
  'Open CASCADE STEP translator 7.9 4.5','',(#1872));
#1872 = PRODUCT_CONTEXT('',#2,'mechanical');
#1873 = PRODUCT_DEFINITION_CONTEXT('part definition',#2,'design');
#1874 = ADVANCED_BREP_SHAPE_REPRESENTATION('',(#11,#1875),#1943);
#1875 = MANIFOLD_SOLID_BREP('',#1876);
#1876 = CLOSED_SHELL('',(#1877,#1939));
#1877 = ADVANCED_FACE('',(#1878),#1893,.T.);
#1878 = FACE_BOUND('',#1879,.T.);
#1879 = EDGE_LOOP('',(#1880,#1911,#1938));
#1880 = ORIENTED_EDGE('',*,*,#1881,.F.);
#1881 = EDGE_CURVE('',#1882,#1884,#1886,.T.);
#1882 = VERTEX_POINT('',#1883);
#1883 = CARTESIAN_POINT('',(12.5,15.,25.980762113533));
#1884 = VERTEX_POINT('',#1885);
#1885 = CARTESIAN_POINT('',(8.,15.,30.480762113533));
#1886 = SEAM_CURVE('',#1887,(#1892,#1904),.PCURVE_S1.);
#1887 = CIRCLE('',#1888,4.5);
#1888 = AXIS2_PLACEMENT_3D('',#1889,#1890,#1891);
#1889 = CARTESIAN_POINT('',(8.,15.,25.980762113533));
#1890 = DIRECTION('',(-2.449293598295E-16,-1.,0.));
#1891 = DIRECTION('',(1.,-2.449293598295E-16,0.));
#1892 = PCURVE('',#1893,#1898);
#1893 = SPHERICAL_SURFACE('',#1894,4.5);
#1894 = AXIS2_PLACEMENT_3D('',#1895,#1896,#1897);
#1895 = CARTESIAN_POINT('',(8.,15.,25.980762113533));
#1896 = DIRECTION('',(0.,0.,1.));
#1897 = DIRECTION('',(1.,0.,-0.));
#1898 = DEFINITIONAL_REPRESENTATION('',(#1899),#1903);
#1899 = LINE('',#1900,#1901);
#1900 = CARTESIAN_POINT('',(6.28318530718,-6.28318530718));
#1901 = VECTOR('',#1902,1.);
#1902 = DIRECTION('',(0.,1.));
#1903 = ( GEOMETRIC_REPRESENTATION_CONTEXT(2) 
PARAMETRIC_REPRESENTATION_CONTEXT() REPRESENTATION_CONTEXT('2D SPACE',''
  ) );
#1904 = PCURVE('',#1893,#1905);
#1905 = DEFINITIONAL_REPRESENTATION('',(#1906),#1910);
#1906 = LINE('',#1907,#1908);
#1907 = CARTESIAN_POINT('',(0.,-6.28318530718));
#1908 = VECTOR('',#1909,1.);
#1909 = DIRECTION('',(0.,1.));
#1910 = ( GEOMETRIC_REPRESENTATION_CONTEXT(2) 
PARAMETRIC_REPRESENTATION_CONTEXT() REPRESENTATION_CONTEXT('2D SPACE',''
  ) );
#1911 = ORIENTED_EDGE('',*,*,#1912,.T.);
#1912 = EDGE_CURVE('',#1882,#1882,#1913,.T.);
#1913 = SURFACE_CURVE('',#1914,(#1919,#1926),.PCURVE_S1.);
#1914 = CIRCLE('',#1915,4.5);
#1915 = AXIS2_PLACEMENT_3D('',#1916,#1917,#1918);
#1916 = CARTESIAN_POINT('',(8.,15.,25.980762113533));
#1917 = DIRECTION('',(0.,0.,1.));
#1918 = DIRECTION('',(1.,0.,-0.));
#1919 = PCURVE('',#1893,#1920);
#1920 = DEFINITIONAL_REPRESENTATION('',(#1921),#1925);
#1921 = LINE('',#1922,#1923);
#1922 = CARTESIAN_POINT('',(0.,0.));
#1923 = VECTOR('',#1924,1.);
#1924 = DIRECTION('',(1.,0.));
#1925 = ( GEOMETRIC_REPRESENTATION_CONTEXT(2) 
PARAMETRIC_REPRESENTATION_CONTEXT() REPRESENTATION_CONTEXT('2D SPACE',''
  ) );
#1926 = PCURVE('',#1927,#1932);
#1927 = PLANE('',#1928);
#1928 = AXIS2_PLACEMENT_3D('',#1929,#1930,#1931);
#1929 = CARTESIAN_POINT('',(8.,15.,25.980762113533));
#1930 = DIRECTION('',(0.,0.,1.));
#1931 = DIRECTION('',(1.,0.,-0.));
#1932 = DEFINITIONAL_REPRESENTATION('',(#1933),#1937);
#1933 = CIRCLE('',#1934,4.5);
#1934 = AXIS2_PLACEMENT_2D('',#1935,#1936);
#1935 = CARTESIAN_POINT('',(0.,0.));
#1936 = DIRECTION('',(1.,0.));
#1937 = ( GEOMETRIC_REPRESENTATION_CONTEXT(2) 
PARAMETRIC_REPRESENTATION_CONTEXT() REPRESENTATION_CONTEXT('2D SPACE',''
  ) );
#1938 = ORIENTED_EDGE('',*,*,#1881,.T.);
#1939 = ADVANCED_FACE('',(#1940),#1927,.F.);
#1940 = FACE_BOUND('',#1941,.T.);
#1941 = EDGE_LOOP('',(#1942));
#1942 = ORIENTED_EDGE('',*,*,#1912,.F.);
#1943 = ( GEOMETRIC_REPRESENTATION_CONTEXT(3) 
GLOBAL_UNCERTAINTY_ASSIGNED_CONTEXT((#1947)) 
GLOBAL_UNIT_ASSIGNED_CONTEXT((#1944,#1945,#1946)) REPRESENTATION_CONTEXT
('Context #1','3D Context with UNIT and UNCERTAINTY') );
#1944 = ( LENGTH_UNIT() NAMED_UNIT(*) SI_UNIT(.MILLI.,.METRE.) );
#1945 = ( NAMED_UNIT(*) PLANE_ANGLE_UNIT() SI_UNIT($,.RADIAN.) );
#1946 = ( NAMED_UNIT(*) SI_UNIT($,.STERADIAN.) SOLID_ANGLE_UNIT() );
#1947 = UNCERTAINTY_MEASURE_WITH_UNIT(LENGTH_MEASURE(1.E-07),#1944,
  'distance_accuracy_value','confusion accuracy');
#1948 = CONTEXT_DEPENDENT_SHAPE_REPRESENTATION(#1949,#1951);
#1949 = ( REPRESENTATION_RELATIONSHIP('','',#1874,#10) 
REPRESENTATION_RELATIONSHIP_WITH_TRANSFORMATION(#1950) 
SHAPE_REPRESENTATION_RELATIONSHIP() );
#1950 = ITEM_DEFINED_TRANSFORMATION('','',#11,#31);
#1951 = PRODUCT_DEFINITION_SHAPE('Placement','Placement of an item',
  #1952);
#1952 = NEXT_ASSEMBLY_USAGE_OCCURRENCE('48','','',#5,#1869,$);
#1953 = PRODUCT_RELATED_PRODUCT_CATEGORY('part',$,(#1871));
#1954 = SHAPE_DEFINITION_REPRESENTATION(#1955,#1961);
#1955 = PRODUCT_DEFINITION_SHAPE('','',#1956);
#1956 = PRODUCT_DEFINITION('design','',#1957,#1960);
#1957 = PRODUCT_DEFINITION_FORMATION('','',#1958);
#1958 = PRODUCT('Open CASCADE STEP translator 7.9 4.6',
  'Open CASCADE STEP translator 7.9 4.6','',(#1959));
#1959 = PRODUCT_CONTEXT('',#2,'mechanical');
#1960 = PRODUCT_DEFINITION_CONTEXT('part definition',#2,'design');
#1961 = ADVANCED_BREP_SHAPE_REPRESENTATION('',(#11,#1962),#2030);
#1962 = MANIFOLD_SOLID_BREP('',#1963);
#1963 = CLOSED_SHELL('',(#1964,#2026));
#1964 = ADVANCED_FACE('',(#1965),#1980,.T.);
#1965 = FACE_BOUND('',#1966,.T.);
#1966 = EDGE_LOOP('',(#1967,#1998,#2025));
#1967 = ORIENTED_EDGE('',*,*,#1968,.F.);
#1968 = EDGE_CURVE('',#1969,#1971,#1973,.T.);
#1969 = VERTEX_POINT('',#1970);
#1970 = CARTESIAN_POINT('',(12.5,7.347880794884E-16,30.));
#1971 = VERTEX_POINT('',#1972);
#1972 = CARTESIAN_POINT('',(8.,1.836970198721E-15,34.5));
#1973 = SEAM_CURVE('',#1974,(#1979,#1991),.PCURVE_S1.);
#1974 = CIRCLE('',#1975,4.5);
#1975 = AXIS2_PLACEMENT_3D('',#1976,#1977,#1978);
#1976 = CARTESIAN_POINT('',(8.,1.836970198721E-15,30.));
#1977 = DIRECTION('',(-2.449293598295E-16,-1.,0.));
#1978 = DIRECTION('',(1.,-2.449293598295E-16,0.));
#1979 = PCURVE('',#1980,#1985);
#1980 = SPHERICAL_SURFACE('',#1981,4.5);
#1981 = AXIS2_PLACEMENT_3D('',#1982,#1983,#1984);
#1982 = CARTESIAN_POINT('',(8.,1.836970198721E-15,30.));
#1983 = DIRECTION('',(0.,0.,1.));
#1984 = DIRECTION('',(1.,0.,-0.));
#1985 = DEFINITIONAL_REPRESENTATION('',(#1986),#1990);
#1986 = LINE('',#1987,#1988);
#1987 = CARTESIAN_POINT('',(6.28318530718,-6.28318530718));
#1988 = VECTOR('',#1989,1.);
#1989 = DIRECTION('',(0.,1.));
#1990 = ( GEOMETRIC_REPRESENTATION_CONTEXT(2) 
PARAMETRIC_REPRESENTATION_CONTEXT() REPRESENTATION_CONTEXT('2D SPACE',''
  ) );
#1991 = PCURVE('',#1980,#1992);
#1992 = DEFINITIONAL_REPRESENTATION('',(#1993),#1997);
#1993 = LINE('',#1994,#1995);
#1994 = CARTESIAN_POINT('',(0.,-6.28318530718));
#1995 = VECTOR('',#1996,1.);
#1996 = DIRECTION('',(0.,1.));
#1997 = ( GEOMETRIC_REPRESENTATION_CONTEXT(2) 
PARAMETRIC_REPRESENTATION_CONTEXT() REPRESENTATION_CONTEXT('2D SPACE',''
  ) );
#1998 = ORIENTED_EDGE('',*,*,#1999,.T.);
#1999 = EDGE_CURVE('',#1969,#1969,#2000,.T.);
#2000 = SURFACE_CURVE('',#2001,(#2006,#2013),.PCURVE_S1.);
#2001 = CIRCLE('',#2002,4.5);
#2002 = AXIS2_PLACEMENT_3D('',#2003,#2004,#2005);
#2003 = CARTESIAN_POINT('',(8.,1.836970198721E-15,30.));
#2004 = DIRECTION('',(0.,0.,1.));
#2005 = DIRECTION('',(1.,0.,-0.));
#2006 = PCURVE('',#1980,#2007);
#2007 = DEFINITIONAL_REPRESENTATION('',(#2008),#2012);
#2008 = LINE('',#2009,#2010);
#2009 = CARTESIAN_POINT('',(0.,0.));
#2010 = VECTOR('',#2011,1.);
#2011 = DIRECTION('',(1.,0.));
#2012 = ( GEOMETRIC_REPRESENTATION_CONTEXT(2) 
PARAMETRIC_REPRESENTATION_CONTEXT() REPRESENTATION_CONTEXT('2D SPACE',''
  ) );
#2013 = PCURVE('',#2014,#2019);
#2014 = PLANE('',#2015);
#2015 = AXIS2_PLACEMENT_3D('',#2016,#2017,#2018);
#2016 = CARTESIAN_POINT('',(8.,1.836970198721E-15,30.));
#2017 = DIRECTION('',(0.,0.,1.));
#2018 = DIRECTION('',(1.,0.,-0.));
#2019 = DEFINITIONAL_REPRESENTATION('',(#2020),#2024);
#2020 = CIRCLE('',#2021,4.5);
#2021 = AXIS2_PLACEMENT_2D('',#2022,#2023);
#2022 = CARTESIAN_POINT('',(0.,0.));
#2023 = DIRECTION('',(1.,0.));
#2024 = ( GEOMETRIC_REPRESENTATION_CONTEXT(2) 
PARAMETRIC_REPRESENTATION_CONTEXT() REPRESENTATION_CONTEXT('2D SPACE',''
  ) );
#2025 = ORIENTED_EDGE('',*,*,#1968,.T.);
#2026 = ADVANCED_FACE('',(#2027),#2014,.F.);
#2027 = FACE_BOUND('',#2028,.T.);
#2028 = EDGE_LOOP('',(#2029));
#2029 = ORIENTED_EDGE('',*,*,#1999,.F.);
#2030 = ( GEOMETRIC_REPRESENTATION_CONTEXT(3) 
GLOBAL_UNCERTAINTY_ASSIGNED_CONTEXT((#2034)) 
GLOBAL_UNIT_ASSIGNED_CONTEXT((#2031,#2032,#2033)) REPRESENTATION_CONTEXT
('Context #1','3D Context with UNIT and UNCERTAINTY') );
#2031 = ( LENGTH_UNIT() NAMED_UNIT(*) SI_UNIT(.MILLI.,.METRE.) );
#2032 = ( NAMED_UNIT(*) PLANE_ANGLE_UNIT() SI_UNIT($,.RADIAN.) );
#2033 = ( NAMED_UNIT(*) SI_UNIT($,.STERADIAN.) SOLID_ANGLE_UNIT() );
#2034 = UNCERTAINTY_MEASURE_WITH_UNIT(LENGTH_MEASURE(1.E-07),#2031,
  'distance_accuracy_value','confusion accuracy');
#2035 = CONTEXT_DEPENDENT_SHAPE_REPRESENTATION(#2036,#2038);
#2036 = ( REPRESENTATION_RELATIONSHIP('','',#1961,#10) 
REPRESENTATION_RELATIONSHIP_WITH_TRANSFORMATION(#2037) 
SHAPE_REPRESENTATION_RELATIONSHIP() );
#2037 = ITEM_DEFINED_TRANSFORMATION('','',#11,#35);
#2038 = PRODUCT_DEFINITION_SHAPE('Placement','Placement of an item',
  #2039);
#2039 = NEXT_ASSEMBLY_USAGE_OCCURRENCE('49','','',#5,#1956,$);
#2040 = PRODUCT_RELATED_PRODUCT_CATEGORY('part',$,(#1958));
#2041 = SHAPE_DEFINITION_REPRESENTATION(#2042,#2048);
#2042 = PRODUCT_DEFINITION_SHAPE('','',#2043);
#2043 = PRODUCT_DEFINITION('design','',#2044,#2047);
#2044 = PRODUCT_DEFINITION_FORMATION('','',#2045);
#2045 = PRODUCT('Open CASCADE STEP translator 7.9 4.7',
  'Open CASCADE STEP translator 7.9 4.7','',(#2046));
#2046 = PRODUCT_CONTEXT('',#2,'mechanical');
#2047 = PRODUCT_DEFINITION_CONTEXT('part definition',#2,'design');
#2048 = ADVANCED_BREP_SHAPE_REPRESENTATION('',(#11,#2049),#2117);
#2049 = MANIFOLD_SOLID_BREP('',#2050);
#2050 = CLOSED_SHELL('',(#2051,#2113));
#2051 = ADVANCED_FACE('',(#2052),#2067,.T.);
#2052 = FACE_BOUND('',#2053,.T.);
#2053 = EDGE_LOOP('',(#2054,#2085,#2112));
#2054 = ORIENTED_EDGE('',*,*,#2055,.F.);
#2055 = EDGE_CURVE('',#2056,#2058,#2060,.T.);
#2056 = VERTEX_POINT('',#2057);
#2057 = CARTESIAN_POINT('',(12.5,-15.,25.980762113533));
#2058 = VERTEX_POINT('',#2059);
#2059 = CARTESIAN_POINT('',(8.,-15.,30.480762113533));
#2060 = SEAM_CURVE('',#2061,(#2066,#2078),.PCURVE_S1.);
#2061 = CIRCLE('',#2062,4.5);
#2062 = AXIS2_PLACEMENT_3D('',#2063,#2064,#2065);
#2063 = CARTESIAN_POINT('',(8.,-15.,25.980762113533));
#2064 = DIRECTION('',(-2.449293598295E-16,-1.,0.));
#2065 = DIRECTION('',(1.,-2.449293598295E-16,0.));
#2066 = PCURVE('',#2067,#2072);
#2067 = SPHERICAL_SURFACE('',#2068,4.5);
#2068 = AXIS2_PLACEMENT_3D('',#2069,#2070,#2071);
#2069 = CARTESIAN_POINT('',(8.,-15.,25.980762113533));
#2070 = DIRECTION('',(0.,0.,1.));
#2071 = DIRECTION('',(1.,0.,-0.));
#2072 = DEFINITIONAL_REPRESENTATION('',(#2073),#2077);
#2073 = LINE('',#2074,#2075);
#2074 = CARTESIAN_POINT('',(6.28318530718,-6.28318530718));
#2075 = VECTOR('',#2076,1.);
#2076 = DIRECTION('',(0.,1.));
#2077 = ( GEOMETRIC_REPRESENTATION_CONTEXT(2) 
PARAMETRIC_REPRESENTATION_CONTEXT() REPRESENTATION_CONTEXT('2D SPACE',''
  ) );
#2078 = PCURVE('',#2067,#2079);
#2079 = DEFINITIONAL_REPRESENTATION('',(#2080),#2084);
#2080 = LINE('',#2081,#2082);
#2081 = CARTESIAN_POINT('',(0.,-6.28318530718));
#2082 = VECTOR('',#2083,1.);
#2083 = DIRECTION('',(0.,1.));
#2084 = ( GEOMETRIC_REPRESENTATION_CONTEXT(2) 
PARAMETRIC_REPRESENTATION_CONTEXT() REPRESENTATION_CONTEXT('2D SPACE',''
  ) );
#2085 = ORIENTED_EDGE('',*,*,#2086,.T.);
#2086 = EDGE_CURVE('',#2056,#2056,#2087,.T.);
#2087 = SURFACE_CURVE('',#2088,(#2093,#2100),.PCURVE_S1.);
#2088 = CIRCLE('',#2089,4.5);
#2089 = AXIS2_PLACEMENT_3D('',#2090,#2091,#2092);
#2090 = CARTESIAN_POINT('',(8.,-15.,25.980762113533));
#2091 = DIRECTION('',(0.,0.,1.));
#2092 = DIRECTION('',(1.,0.,-0.));
#2093 = PCURVE('',#2067,#2094);
#2094 = DEFINITIONAL_REPRESENTATION('',(#2095),#2099);
#2095 = LINE('',#2096,#2097);
#2096 = CARTESIAN_POINT('',(0.,0.));
#2097 = VECTOR('',#2098,1.);
#2098 = DIRECTION('',(1.,0.));
#2099 = ( GEOMETRIC_REPRESENTATION_CONTEXT(2) 
PARAMETRIC_REPRESENTATION_CONTEXT() REPRESENTATION_CONTEXT('2D SPACE',''
  ) );
#2100 = PCURVE('',#2101,#2106);
#2101 = PLANE('',#2102);
#2102 = AXIS2_PLACEMENT_3D('',#2103,#2104,#2105);
#2103 = CARTESIAN_POINT('',(8.,-15.,25.980762113533));
#2104 = DIRECTION('',(0.,0.,1.));
#2105 = DIRECTION('',(1.,0.,-0.));
#2106 = DEFINITIONAL_REPRESENTATION('',(#2107),#2111);
#2107 = CIRCLE('',#2108,4.5);
#2108 = AXIS2_PLACEMENT_2D('',#2109,#2110);
#2109 = CARTESIAN_POINT('',(0.,0.));
#2110 = DIRECTION('',(1.,0.));
#2111 = ( GEOMETRIC_REPRESENTATION_CONTEXT(2) 
PARAMETRIC_REPRESENTATION_CONTEXT() REPRESENTATION_CONTEXT('2D SPACE',''
  ) );
#2112 = ORIENTED_EDGE('',*,*,#2055,.T.);
#2113 = ADVANCED_FACE('',(#2114),#2101,.F.);
#2114 = FACE_BOUND('',#2115,.T.);
#2115 = EDGE_LOOP('',(#2116));
#2116 = ORIENTED_EDGE('',*,*,#2086,.F.);
#2117 = ( GEOMETRIC_REPRESENTATION_CONTEXT(3) 
GLOBAL_UNCERTAINTY_ASSIGNED_CONTEXT((#2121)) 
GLOBAL_UNIT_ASSIGNED_CONTEXT((#2118,#2119,#2120)) REPRESENTATION_CONTEXT
('Context #1','3D Context with UNIT and UNCERTAINTY') );
#2118 = ( LENGTH_UNIT() NAMED_UNIT(*) SI_UNIT(.MILLI.,.METRE.) );
#2119 = ( NAMED_UNIT(*) PLANE_ANGLE_UNIT() SI_UNIT($,.RADIAN.) );
#2120 = ( NAMED_UNIT(*) SI_UNIT($,.STERADIAN.) SOLID_ANGLE_UNIT() );
#2121 = UNCERTAINTY_MEASURE_WITH_UNIT(LENGTH_MEASURE(1.E-07),#2118,
  'distance_accuracy_value','confusion accuracy');
#2122 = CONTEXT_DEPENDENT_SHAPE_REPRESENTATION(#2123,#2125);
#2123 = ( REPRESENTATION_RELATIONSHIP('','',#2048,#10) 
REPRESENTATION_RELATIONSHIP_WITH_TRANSFORMATION(#2124) 
SHAPE_REPRESENTATION_RELATIONSHIP() );
#2124 = ITEM_DEFINED_TRANSFORMATION('','',#11,#39);
#2125 = PRODUCT_DEFINITION_SHAPE('Placement','Placement of an item',
  #2126);
#2126 = NEXT_ASSEMBLY_USAGE_OCCURRENCE('50','','',#5,#2043,$);
#2127 = PRODUCT_RELATED_PRODUCT_CATEGORY('part',$,(#2045));
#2128 = SHAPE_DEFINITION_REPRESENTATION(#2129,#2135);
#2129 = PRODUCT_DEFINITION_SHAPE('','',#2130);
#2130 = PRODUCT_DEFINITION('design','',#2131,#2134);
#2131 = PRODUCT_DEFINITION_FORMATION('','',#2132);
#2132 = PRODUCT('Open CASCADE STEP translator 7.9 4.8',
  'Open CASCADE STEP translator 7.9 4.8','',(#2133));
#2133 = PRODUCT_CONTEXT('',#2,'mechanical');
#2134 = PRODUCT_DEFINITION_CONTEXT('part definition',#2,'design');
#2135 = ADVANCED_BREP_SHAPE_REPRESENTATION('',(#11,#2136),#2204);
#2136 = MANIFOLD_SOLID_BREP('',#2137);
#2137 = CLOSED_SHELL('',(#2138,#2200));
#2138 = ADVANCED_FACE('',(#2139),#2154,.T.);
#2139 = FACE_BOUND('',#2140,.T.);
#2140 = EDGE_LOOP('',(#2141,#2172,#2199));
#2141 = ORIENTED_EDGE('',*,*,#2142,.F.);
#2142 = EDGE_CURVE('',#2143,#2145,#2147,.T.);
#2143 = VERTEX_POINT('',#2144);
#2144 = CARTESIAN_POINT('',(12.5,-25.98076211353,15.));
#2145 = VERTEX_POINT('',#2146);
#2146 = CARTESIAN_POINT('',(8.,-25.98076211353,19.5));
#2147 = SEAM_CURVE('',#2148,(#2153,#2165),.PCURVE_S1.);
#2148 = CIRCLE('',#2149,4.5);
#2149 = AXIS2_PLACEMENT_3D('',#2150,#2151,#2152);
#2150 = CARTESIAN_POINT('',(8.,-25.98076211353,15.));
#2151 = DIRECTION('',(-2.449293598295E-16,-1.,0.));
#2152 = DIRECTION('',(1.,-2.449293598295E-16,0.));
#2153 = PCURVE('',#2154,#2159);
#2154 = SPHERICAL_SURFACE('',#2155,4.5);
#2155 = AXIS2_PLACEMENT_3D('',#2156,#2157,#2158);
#2156 = CARTESIAN_POINT('',(8.,-25.98076211353,15.));
#2157 = DIRECTION('',(0.,0.,1.));
#2158 = DIRECTION('',(1.,0.,-0.));
#2159 = DEFINITIONAL_REPRESENTATION('',(#2160),#2164);
#2160 = LINE('',#2161,#2162);
#2161 = CARTESIAN_POINT('',(6.28318530718,-6.28318530718));
#2162 = VECTOR('',#2163,1.);
#2163 = DIRECTION('',(0.,1.));
#2164 = ( GEOMETRIC_REPRESENTATION_CONTEXT(2) 
PARAMETRIC_REPRESENTATION_CONTEXT() REPRESENTATION_CONTEXT('2D SPACE',''
  ) );
#2165 = PCURVE('',#2154,#2166);
#2166 = DEFINITIONAL_REPRESENTATION('',(#2167),#2171);
#2167 = LINE('',#2168,#2169);
#2168 = CARTESIAN_POINT('',(0.,-6.28318530718));
#2169 = VECTOR('',#2170,1.);
#2170 = DIRECTION('',(0.,1.));
#2171 = ( GEOMETRIC_REPRESENTATION_CONTEXT(2) 
PARAMETRIC_REPRESENTATION_CONTEXT() REPRESENTATION_CONTEXT('2D SPACE',''
  ) );
#2172 = ORIENTED_EDGE('',*,*,#2173,.T.);
#2173 = EDGE_CURVE('',#2143,#2143,#2174,.T.);
#2174 = SURFACE_CURVE('',#2175,(#2180,#2187),.PCURVE_S1.);
#2175 = CIRCLE('',#2176,4.5);
#2176 = AXIS2_PLACEMENT_3D('',#2177,#2178,#2179);
#2177 = CARTESIAN_POINT('',(8.,-25.98076211353,15.));
#2178 = DIRECTION('',(0.,0.,1.));
#2179 = DIRECTION('',(1.,0.,-0.));
#2180 = PCURVE('',#2154,#2181);
#2181 = DEFINITIONAL_REPRESENTATION('',(#2182),#2186);
#2182 = LINE('',#2183,#2184);
#2183 = CARTESIAN_POINT('',(0.,0.));
#2184 = VECTOR('',#2185,1.);
#2185 = DIRECTION('',(1.,0.));
#2186 = ( GEOMETRIC_REPRESENTATION_CONTEXT(2) 
PARAMETRIC_REPRESENTATION_CONTEXT() REPRESENTATION_CONTEXT('2D SPACE',''
  ) );
#2187 = PCURVE('',#2188,#2193);
#2188 = PLANE('',#2189);
#2189 = AXIS2_PLACEMENT_3D('',#2190,#2191,#2192);
#2190 = CARTESIAN_POINT('',(8.,-25.98076211353,15.));
#2191 = DIRECTION('',(0.,0.,1.));
#2192 = DIRECTION('',(1.,0.,-0.));
#2193 = DEFINITIONAL_REPRESENTATION('',(#2194),#2198);
#2194 = CIRCLE('',#2195,4.5);
#2195 = AXIS2_PLACEMENT_2D('',#2196,#2197);
#2196 = CARTESIAN_POINT('',(0.,0.));
#2197 = DIRECTION('',(1.,0.));
#2198 = ( GEOMETRIC_REPRESENTATION_CONTEXT(2) 
PARAMETRIC_REPRESENTATION_CONTEXT() REPRESENTATION_CONTEXT('2D SPACE',''
  ) );
#2199 = ORIENTED_EDGE('',*,*,#2142,.T.);
#2200 = ADVANCED_FACE('',(#2201),#2188,.F.);
#2201 = FACE_BOUND('',#2202,.T.);
#2202 = EDGE_LOOP('',(#2203));
#2203 = ORIENTED_EDGE('',*,*,#2173,.F.);
#2204 = ( GEOMETRIC_REPRESENTATION_CONTEXT(3) 
GLOBAL_UNCERTAINTY_ASSIGNED_CONTEXT((#2208)) 
GLOBAL_UNIT_ASSIGNED_CONTEXT((#2205,#2206,#2207)) REPRESENTATION_CONTEXT
('Context #1','3D Context with UNIT and UNCERTAINTY') );
#2205 = ( LENGTH_UNIT() NAMED_UNIT(*) SI_UNIT(.MILLI.,.METRE.) );
#2206 = ( NAMED_UNIT(*) PLANE_ANGLE_UNIT() SI_UNIT($,.RADIAN.) );
#2207 = ( NAMED_UNIT(*) SI_UNIT($,.STERADIAN.) SOLID_ANGLE_UNIT() );
#2208 = UNCERTAINTY_MEASURE_WITH_UNIT(LENGTH_MEASURE(1.E-07),#2205,
  'distance_accuracy_value','confusion accuracy');
#2209 = CONTEXT_DEPENDENT_SHAPE_REPRESENTATION(#2210,#2212);
#2210 = ( REPRESENTATION_RELATIONSHIP('','',#2135,#10) 
REPRESENTATION_RELATIONSHIP_WITH_TRANSFORMATION(#2211) 
SHAPE_REPRESENTATION_RELATIONSHIP() );
#2211 = ITEM_DEFINED_TRANSFORMATION('','',#11,#43);
#2212 = PRODUCT_DEFINITION_SHAPE('Placement','Placement of an item',
  #2213);
#2213 = NEXT_ASSEMBLY_USAGE_OCCURRENCE('51','','',#5,#2130,$);
#2214 = PRODUCT_RELATED_PRODUCT_CATEGORY('part',$,(#2132));
#2215 = SHAPE_DEFINITION_REPRESENTATION(#2216,#2222);
#2216 = PRODUCT_DEFINITION_SHAPE('','',#2217);
#2217 = PRODUCT_DEFINITION('design','',#2218,#2221);
#2218 = PRODUCT_DEFINITION_FORMATION('','',#2219);
#2219 = PRODUCT('Open CASCADE STEP translator 7.9 4.9',
  'Open CASCADE STEP translator 7.9 4.9','',(#2220));
#2220 = PRODUCT_CONTEXT('',#2,'mechanical');
#2221 = PRODUCT_DEFINITION_CONTEXT('part definition',#2,'design');
#2222 = ADVANCED_BREP_SHAPE_REPRESENTATION('',(#11,#2223),#2291);
#2223 = MANIFOLD_SOLID_BREP('',#2224);
#2224 = CLOSED_SHELL('',(#2225,#2287));
#2225 = ADVANCED_FACE('',(#2226),#2241,.T.);
#2226 = FACE_BOUND('',#2227,.T.);
#2227 = EDGE_LOOP('',(#2228,#2259,#2286));
#2228 = ORIENTED_EDGE('',*,*,#2229,.F.);
#2229 = EDGE_CURVE('',#2230,#2232,#2234,.T.);
#2230 = VERTEX_POINT('',#2231);
#2231 = CARTESIAN_POINT('',(12.5,-30.,3.673940397442E-15));
#2232 = VERTEX_POINT('',#2233);
#2233 = CARTESIAN_POINT('',(8.,-30.,4.5));
#2234 = SEAM_CURVE('',#2235,(#2240,#2252),.PCURVE_S1.);
#2235 = CIRCLE('',#2236,4.5);
#2236 = AXIS2_PLACEMENT_3D('',#2237,#2238,#2239);
#2237 = CARTESIAN_POINT('',(8.,-30.,3.673940397442E-15));
#2238 = DIRECTION('',(-2.449293598295E-16,-1.,0.));
#2239 = DIRECTION('',(1.,-2.449293598295E-16,0.));
#2240 = PCURVE('',#2241,#2246);
#2241 = SPHERICAL_SURFACE('',#2242,4.5);
#2242 = AXIS2_PLACEMENT_3D('',#2243,#2244,#2245);
#2243 = CARTESIAN_POINT('',(8.,-30.,3.673940397442E-15));
#2244 = DIRECTION('',(0.,0.,1.));
#2245 = DIRECTION('',(1.,0.,-0.));
#2246 = DEFINITIONAL_REPRESENTATION('',(#2247),#2251);
#2247 = LINE('',#2248,#2249);
#2248 = CARTESIAN_POINT('',(6.28318530718,-6.28318530718));
#2249 = VECTOR('',#2250,1.);
#2250 = DIRECTION('',(0.,1.));
#2251 = ( GEOMETRIC_REPRESENTATION_CONTEXT(2) 
PARAMETRIC_REPRESENTATION_CONTEXT() REPRESENTATION_CONTEXT('2D SPACE',''
  ) );
#2252 = PCURVE('',#2241,#2253);
#2253 = DEFINITIONAL_REPRESENTATION('',(#2254),#2258);
#2254 = LINE('',#2255,#2256);
#2255 = CARTESIAN_POINT('',(0.,-6.28318530718));
#2256 = VECTOR('',#2257,1.);
#2257 = DIRECTION('',(0.,1.));
#2258 = ( GEOMETRIC_REPRESENTATION_CONTEXT(2) 
PARAMETRIC_REPRESENTATION_CONTEXT() REPRESENTATION_CONTEXT('2D SPACE',''
  ) );
#2259 = ORIENTED_EDGE('',*,*,#2260,.T.);
#2260 = EDGE_CURVE('',#2230,#2230,#2261,.T.);
#2261 = SURFACE_CURVE('',#2262,(#2267,#2274),.PCURVE_S1.);
#2262 = CIRCLE('',#2263,4.5);
#2263 = AXIS2_PLACEMENT_3D('',#2264,#2265,#2266);
#2264 = CARTESIAN_POINT('',(8.,-30.,3.673940397442E-15));
#2265 = DIRECTION('',(0.,0.,1.));
#2266 = DIRECTION('',(1.,0.,-0.));
#2267 = PCURVE('',#2241,#2268);
#2268 = DEFINITIONAL_REPRESENTATION('',(#2269),#2273);
#2269 = LINE('',#2270,#2271);
#2270 = CARTESIAN_POINT('',(0.,0.));
#2271 = VECTOR('',#2272,1.);
#2272 = DIRECTION('',(1.,0.));
#2273 = ( GEOMETRIC_REPRESENTATION_CONTEXT(2) 
PARAMETRIC_REPRESENTATION_CONTEXT() REPRESENTATION_CONTEXT('2D SPACE',''
  ) );
#2274 = PCURVE('',#2275,#2280);
#2275 = PLANE('',#2276);
#2276 = AXIS2_PLACEMENT_3D('',#2277,#2278,#2279);
#2277 = CARTESIAN_POINT('',(8.,-30.,3.673940397442E-15));
#2278 = DIRECTION('',(0.,0.,1.));
#2279 = DIRECTION('',(1.,0.,-0.));
#2280 = DEFINITIONAL_REPRESENTATION('',(#2281),#2285);
#2281 = CIRCLE('',#2282,4.5);
#2282 = AXIS2_PLACEMENT_2D('',#2283,#2284);
#2283 = CARTESIAN_POINT('',(0.,0.));
#2284 = DIRECTION('',(1.,0.));
#2285 = ( GEOMETRIC_REPRESENTATION_CONTEXT(2) 
PARAMETRIC_REPRESENTATION_CONTEXT() REPRESENTATION_CONTEXT('2D SPACE',''
  ) );
#2286 = ORIENTED_EDGE('',*,*,#2229,.T.);
#2287 = ADVANCED_FACE('',(#2288),#2275,.F.);
#2288 = FACE_BOUND('',#2289,.T.);
#2289 = EDGE_LOOP('',(#2290));
#2290 = ORIENTED_EDGE('',*,*,#2260,.F.);
#2291 = ( GEOMETRIC_REPRESENTATION_CONTEXT(3) 
GLOBAL_UNCERTAINTY_ASSIGNED_CONTEXT((#2295)) 
GLOBAL_UNIT_ASSIGNED_CONTEXT((#2292,#2293,#2294)) REPRESENTATION_CONTEXT
('Context #1','3D Context with UNIT and UNCERTAINTY') );
#2292 = ( LENGTH_UNIT() NAMED_UNIT(*) SI_UNIT(.MILLI.,.METRE.) );
#2293 = ( NAMED_UNIT(*) PLANE_ANGLE_UNIT() SI_UNIT($,.RADIAN.) );
#2294 = ( NAMED_UNIT(*) SI_UNIT($,.STERADIAN.) SOLID_ANGLE_UNIT() );
#2295 = UNCERTAINTY_MEASURE_WITH_UNIT(LENGTH_MEASURE(1.E-07),#2292,
  'distance_accuracy_value','confusion accuracy');
#2296 = CONTEXT_DEPENDENT_SHAPE_REPRESENTATION(#2297,#2299);
#2297 = ( REPRESENTATION_RELATIONSHIP('','',#2222,#10) 
REPRESENTATION_RELATIONSHIP_WITH_TRANSFORMATION(#2298) 
SHAPE_REPRESENTATION_RELATIONSHIP() );
#2298 = ITEM_DEFINED_TRANSFORMATION('','',#11,#47);
#2299 = PRODUCT_DEFINITION_SHAPE('Placement','Placement of an item',
  #2300);
#2300 = NEXT_ASSEMBLY_USAGE_OCCURRENCE('52','','',#5,#2217,$);
#2301 = PRODUCT_RELATED_PRODUCT_CATEGORY('part',$,(#2219));
#2302 = SHAPE_DEFINITION_REPRESENTATION(#2303,#2309);
#2303 = PRODUCT_DEFINITION_SHAPE('','',#2304);
#2304 = PRODUCT_DEFINITION('design','',#2305,#2308);
#2305 = PRODUCT_DEFINITION_FORMATION('','',#2306);
#2306 = PRODUCT('Open CASCADE STEP translator 7.9 4.10',
  'Open CASCADE STEP translator 7.9 4.10','',(#2307));
#2307 = PRODUCT_CONTEXT('',#2,'mechanical');
#2308 = PRODUCT_DEFINITION_CONTEXT('part definition',#2,'design');
#2309 = ADVANCED_BREP_SHAPE_REPRESENTATION('',(#11,#2310),#2378);
#2310 = MANIFOLD_SOLID_BREP('',#2311);
#2311 = CLOSED_SHELL('',(#2312,#2374));
#2312 = ADVANCED_FACE('',(#2313),#2328,.T.);
#2313 = FACE_BOUND('',#2314,.T.);
#2314 = EDGE_LOOP('',(#2315,#2346,#2373));
#2315 = ORIENTED_EDGE('',*,*,#2316,.F.);
#2316 = EDGE_CURVE('',#2317,#2319,#2321,.T.);
#2317 = VERTEX_POINT('',#2318);
#2318 = CARTESIAN_POINT('',(12.5,-25.98076211353,-15.));
#2319 = VERTEX_POINT('',#2320);
#2320 = CARTESIAN_POINT('',(8.,-25.98076211353,-10.5));
#2321 = SEAM_CURVE('',#2322,(#2327,#2339),.PCURVE_S1.);
#2322 = CIRCLE('',#2323,4.5);
#2323 = AXIS2_PLACEMENT_3D('',#2324,#2325,#2326);
#2324 = CARTESIAN_POINT('',(8.,-25.98076211353,-15.));
#2325 = DIRECTION('',(-2.449293598295E-16,-1.,0.));
#2326 = DIRECTION('',(1.,-2.449293598295E-16,0.));
#2327 = PCURVE('',#2328,#2333);
#2328 = SPHERICAL_SURFACE('',#2329,4.5);
#2329 = AXIS2_PLACEMENT_3D('',#2330,#2331,#2332);
#2330 = CARTESIAN_POINT('',(8.,-25.98076211353,-15.));
#2331 = DIRECTION('',(0.,0.,1.));
#2332 = DIRECTION('',(1.,0.,-0.));
#2333 = DEFINITIONAL_REPRESENTATION('',(#2334),#2338);
#2334 = LINE('',#2335,#2336);
#2335 = CARTESIAN_POINT('',(6.28318530718,-6.28318530718));
#2336 = VECTOR('',#2337,1.);
#2337 = DIRECTION('',(0.,1.));
#2338 = ( GEOMETRIC_REPRESENTATION_CONTEXT(2) 
PARAMETRIC_REPRESENTATION_CONTEXT() REPRESENTATION_CONTEXT('2D SPACE',''
  ) );
#2339 = PCURVE('',#2328,#2340);
#2340 = DEFINITIONAL_REPRESENTATION('',(#2341),#2345);
#2341 = LINE('',#2342,#2343);
#2342 = CARTESIAN_POINT('',(0.,-6.28318530718));
#2343 = VECTOR('',#2344,1.);
#2344 = DIRECTION('',(0.,1.));
#2345 = ( GEOMETRIC_REPRESENTATION_CONTEXT(2) 
PARAMETRIC_REPRESENTATION_CONTEXT() REPRESENTATION_CONTEXT('2D SPACE',''
  ) );
#2346 = ORIENTED_EDGE('',*,*,#2347,.T.);
#2347 = EDGE_CURVE('',#2317,#2317,#2348,.T.);
#2348 = SURFACE_CURVE('',#2349,(#2354,#2361),.PCURVE_S1.);
#2349 = CIRCLE('',#2350,4.5);
#2350 = AXIS2_PLACEMENT_3D('',#2351,#2352,#2353);
#2351 = CARTESIAN_POINT('',(8.,-25.98076211353,-15.));
#2352 = DIRECTION('',(0.,0.,1.));
#2353 = DIRECTION('',(1.,0.,-0.));
#2354 = PCURVE('',#2328,#2355);
#2355 = DEFINITIONAL_REPRESENTATION('',(#2356),#2360);
#2356 = LINE('',#2357,#2358);
#2357 = CARTESIAN_POINT('',(0.,0.));
#2358 = VECTOR('',#2359,1.);
#2359 = DIRECTION('',(1.,0.));
#2360 = ( GEOMETRIC_REPRESENTATION_CONTEXT(2) 
PARAMETRIC_REPRESENTATION_CONTEXT() REPRESENTATION_CONTEXT('2D SPACE',''
  ) );
#2361 = PCURVE('',#2362,#2367);
#2362 = PLANE('',#2363);
#2363 = AXIS2_PLACEMENT_3D('',#2364,#2365,#2366);
#2364 = CARTESIAN_POINT('',(8.,-25.98076211353,-15.));
#2365 = DIRECTION('',(0.,0.,1.));
#2366 = DIRECTION('',(1.,0.,-0.));
#2367 = DEFINITIONAL_REPRESENTATION('',(#2368),#2372);
#2368 = CIRCLE('',#2369,4.5);
#2369 = AXIS2_PLACEMENT_2D('',#2370,#2371);
#2370 = CARTESIAN_POINT('',(0.,0.));
#2371 = DIRECTION('',(1.,0.));
#2372 = ( GEOMETRIC_REPRESENTATION_CONTEXT(2) 
PARAMETRIC_REPRESENTATION_CONTEXT() REPRESENTATION_CONTEXT('2D SPACE',''
  ) );
#2373 = ORIENTED_EDGE('',*,*,#2316,.T.);
#2374 = ADVANCED_FACE('',(#2375),#2362,.F.);
#2375 = FACE_BOUND('',#2376,.T.);
#2376 = EDGE_LOOP('',(#2377));
#2377 = ORIENTED_EDGE('',*,*,#2347,.F.);
#2378 = ( GEOMETRIC_REPRESENTATION_CONTEXT(3) 
GLOBAL_UNCERTAINTY_ASSIGNED_CONTEXT((#2382)) 
GLOBAL_UNIT_ASSIGNED_CONTEXT((#2379,#2380,#2381)) REPRESENTATION_CONTEXT
('Context #1','3D Context with UNIT and UNCERTAINTY') );
#2379 = ( LENGTH_UNIT() NAMED_UNIT(*) SI_UNIT(.MILLI.,.METRE.) );
#2380 = ( NAMED_UNIT(*) PLANE_ANGLE_UNIT() SI_UNIT($,.RADIAN.) );
#2381 = ( NAMED_UNIT(*) SI_UNIT($,.STERADIAN.) SOLID_ANGLE_UNIT() );
#2382 = UNCERTAINTY_MEASURE_WITH_UNIT(LENGTH_MEASURE(1.E-07),#2379,
  'distance_accuracy_value','confusion accuracy');
#2383 = CONTEXT_DEPENDENT_SHAPE_REPRESENTATION(#2384,#2386);
#2384 = ( REPRESENTATION_RELATIONSHIP('','',#2309,#10) 
REPRESENTATION_RELATIONSHIP_WITH_TRANSFORMATION(#2385) 
SHAPE_REPRESENTATION_RELATIONSHIP() );
#2385 = ITEM_DEFINED_TRANSFORMATION('','',#11,#51);
#2386 = PRODUCT_DEFINITION_SHAPE('Placement','Placement of an item',
  #2387);
#2387 = NEXT_ASSEMBLY_USAGE_OCCURRENCE('53','','',#5,#2304,$);
#2388 = PRODUCT_RELATED_PRODUCT_CATEGORY('part',$,(#2306));
#2389 = SHAPE_DEFINITION_REPRESENTATION(#2390,#2396);
#2390 = PRODUCT_DEFINITION_SHAPE('','',#2391);
#2391 = PRODUCT_DEFINITION('design','',#2392,#2395);
#2392 = PRODUCT_DEFINITION_FORMATION('','',#2393);
#2393 = PRODUCT('Open CASCADE STEP translator 7.9 4.11',
  'Open CASCADE STEP translator 7.9 4.11','',(#2394));
#2394 = PRODUCT_CONTEXT('',#2,'mechanical');
#2395 = PRODUCT_DEFINITION_CONTEXT('part definition',#2,'design');
#2396 = ADVANCED_BREP_SHAPE_REPRESENTATION('',(#11,#2397),#2465);
#2397 = MANIFOLD_SOLID_BREP('',#2398);
#2398 = CLOSED_SHELL('',(#2399,#2461));
#2399 = ADVANCED_FACE('',(#2400),#2415,.T.);
#2400 = FACE_BOUND('',#2401,.T.);
#2401 = EDGE_LOOP('',(#2402,#2433,#2460));
#2402 = ORIENTED_EDGE('',*,*,#2403,.F.);
#2403 = EDGE_CURVE('',#2404,#2406,#2408,.T.);
#2404 = VERTEX_POINT('',#2405);
#2405 = CARTESIAN_POINT('',(12.5,-15.,-25.98076211353));
#2406 = VERTEX_POINT('',#2407);
#2407 = CARTESIAN_POINT('',(8.,-15.,-21.48076211353));
#2408 = SEAM_CURVE('',#2409,(#2414,#2426),.PCURVE_S1.);
#2409 = CIRCLE('',#2410,4.5);
#2410 = AXIS2_PLACEMENT_3D('',#2411,#2412,#2413);
#2411 = CARTESIAN_POINT('',(8.,-15.,-25.98076211353));
#2412 = DIRECTION('',(-2.449293598295E-16,-1.,0.));
#2413 = DIRECTION('',(1.,-2.449293598295E-16,0.));
#2414 = PCURVE('',#2415,#2420);
#2415 = SPHERICAL_SURFACE('',#2416,4.5);
#2416 = AXIS2_PLACEMENT_3D('',#2417,#2418,#2419);
#2417 = CARTESIAN_POINT('',(8.,-15.,-25.98076211353));
#2418 = DIRECTION('',(0.,0.,1.));
#2419 = DIRECTION('',(1.,0.,-0.));
#2420 = DEFINITIONAL_REPRESENTATION('',(#2421),#2425);
#2421 = LINE('',#2422,#2423);
#2422 = CARTESIAN_POINT('',(6.28318530718,-6.28318530718));
#2423 = VECTOR('',#2424,1.);
#2424 = DIRECTION('',(0.,1.));
#2425 = ( GEOMETRIC_REPRESENTATION_CONTEXT(2) 
PARAMETRIC_REPRESENTATION_CONTEXT() REPRESENTATION_CONTEXT('2D SPACE',''
  ) );
#2426 = PCURVE('',#2415,#2427);
#2427 = DEFINITIONAL_REPRESENTATION('',(#2428),#2432);
#2428 = LINE('',#2429,#2430);
#2429 = CARTESIAN_POINT('',(0.,-6.28318530718));
#2430 = VECTOR('',#2431,1.);
#2431 = DIRECTION('',(0.,1.));
#2432 = ( GEOMETRIC_REPRESENTATION_CONTEXT(2) 
PARAMETRIC_REPRESENTATION_CONTEXT() REPRESENTATION_CONTEXT('2D SPACE',''
  ) );
#2433 = ORIENTED_EDGE('',*,*,#2434,.T.);
#2434 = EDGE_CURVE('',#2404,#2404,#2435,.T.);
#2435 = SURFACE_CURVE('',#2436,(#2441,#2448),.PCURVE_S1.);
#2436 = CIRCLE('',#2437,4.5);
#2437 = AXIS2_PLACEMENT_3D('',#2438,#2439,#2440);
#2438 = CARTESIAN_POINT('',(8.,-15.,-25.98076211353));
#2439 = DIRECTION('',(0.,0.,1.));
#2440 = DIRECTION('',(1.,0.,-0.));
#2441 = PCURVE('',#2415,#2442);
#2442 = DEFINITIONAL_REPRESENTATION('',(#2443),#2447);
#2443 = LINE('',#2444,#2445);
#2444 = CARTESIAN_POINT('',(0.,0.));
#2445 = VECTOR('',#2446,1.);
#2446 = DIRECTION('',(1.,0.));
#2447 = ( GEOMETRIC_REPRESENTATION_CONTEXT(2) 
PARAMETRIC_REPRESENTATION_CONTEXT() REPRESENTATION_CONTEXT('2D SPACE',''
  ) );
#2448 = PCURVE('',#2449,#2454);
#2449 = PLANE('',#2450);
#2450 = AXIS2_PLACEMENT_3D('',#2451,#2452,#2453);
#2451 = CARTESIAN_POINT('',(8.,-15.,-25.98076211353));
#2452 = DIRECTION('',(0.,0.,1.));
#2453 = DIRECTION('',(1.,0.,-0.));
#2454 = DEFINITIONAL_REPRESENTATION('',(#2455),#2459);
#2455 = CIRCLE('',#2456,4.5);
#2456 = AXIS2_PLACEMENT_2D('',#2457,#2458);
#2457 = CARTESIAN_POINT('',(0.,0.));
#2458 = DIRECTION('',(1.,0.));
#2459 = ( GEOMETRIC_REPRESENTATION_CONTEXT(2) 
PARAMETRIC_REPRESENTATION_CONTEXT() REPRESENTATION_CONTEXT('2D SPACE',''
  ) );
#2460 = ORIENTED_EDGE('',*,*,#2403,.T.);
#2461 = ADVANCED_FACE('',(#2462),#2449,.F.);
#2462 = FACE_BOUND('',#2463,.T.);
#2463 = EDGE_LOOP('',(#2464));
#2464 = ORIENTED_EDGE('',*,*,#2434,.F.);
#2465 = ( GEOMETRIC_REPRESENTATION_CONTEXT(3) 
GLOBAL_UNCERTAINTY_ASSIGNED_CONTEXT((#2469)) 
GLOBAL_UNIT_ASSIGNED_CONTEXT((#2466,#2467,#2468)) REPRESENTATION_CONTEXT
('Context #1','3D Context with UNIT and UNCERTAINTY') );
#2466 = ( LENGTH_UNIT() NAMED_UNIT(*) SI_UNIT(.MILLI.,.METRE.) );
#2467 = ( NAMED_UNIT(*) PLANE_ANGLE_UNIT() SI_UNIT($,.RADIAN.) );
#2468 = ( NAMED_UNIT(*) SI_UNIT($,.STERADIAN.) SOLID_ANGLE_UNIT() );
#2469 = UNCERTAINTY_MEASURE_WITH_UNIT(LENGTH_MEASURE(1.E-07),#2466,
  'distance_accuracy_value','confusion accuracy');
#2470 = CONTEXT_DEPENDENT_SHAPE_REPRESENTATION(#2471,#2473);
#2471 = ( REPRESENTATION_RELATIONSHIP('','',#2396,#10) 
REPRESENTATION_RELATIONSHIP_WITH_TRANSFORMATION(#2472) 
SHAPE_REPRESENTATION_RELATIONSHIP() );
#2472 = ITEM_DEFINED_TRANSFORMATION('','',#11,#55);
#2473 = PRODUCT_DEFINITION_SHAPE('Placement','Placement of an item',
  #2474);
#2474 = NEXT_ASSEMBLY_USAGE_OCCURRENCE('54','','',#5,#2391,$);
#2475 = PRODUCT_RELATED_PRODUCT_CATEGORY('part',$,(#2393));
#2476 = SHAPE_DEFINITION_REPRESENTATION(#2477,#2483);
#2477 = PRODUCT_DEFINITION_SHAPE('','',#2478);
#2478 = PRODUCT_DEFINITION('design','',#2479,#2482);
#2479 = PRODUCT_DEFINITION_FORMATION('','',#2480);
#2480 = PRODUCT('Open CASCADE STEP translator 7.9 4.12',
  'Open CASCADE STEP translator 7.9 4.12','',(#2481));
#2481 = PRODUCT_CONTEXT('',#2,'mechanical');
#2482 = PRODUCT_DEFINITION_CONTEXT('part definition',#2,'design');
#2483 = ADVANCED_BREP_SHAPE_REPRESENTATION('',(#11,#2484),#2552);
#2484 = MANIFOLD_SOLID_BREP('',#2485);
#2485 = CLOSED_SHELL('',(#2486,#2548));
#2486 = ADVANCED_FACE('',(#2487),#2502,.T.);
#2487 = FACE_BOUND('',#2488,.T.);
#2488 = EDGE_LOOP('',(#2489,#2520,#2547));
#2489 = ORIENTED_EDGE('',*,*,#2490,.F.);
#2490 = EDGE_CURVE('',#2491,#2493,#2495,.T.);
#2491 = VERTEX_POINT('',#2492);
#2492 = CARTESIAN_POINT('',(12.5,-6.613092715396E-15,-30.));
#2493 = VERTEX_POINT('',#2494);
#2494 = CARTESIAN_POINT('',(8.,-5.510910596163E-15,-25.5));
#2495 = SEAM_CURVE('',#2496,(#2501,#2513),.PCURVE_S1.);
#2496 = CIRCLE('',#2497,4.5);
#2497 = AXIS2_PLACEMENT_3D('',#2498,#2499,#2500);
#2498 = CARTESIAN_POINT('',(8.,-5.510910596163E-15,-30.));
#2499 = DIRECTION('',(-2.449293598295E-16,-1.,0.));
#2500 = DIRECTION('',(1.,-2.449293598295E-16,0.));
#2501 = PCURVE('',#2502,#2507);
#2502 = SPHERICAL_SURFACE('',#2503,4.5);
#2503 = AXIS2_PLACEMENT_3D('',#2504,#2505,#2506);
#2504 = CARTESIAN_POINT('',(8.,-5.510910596163E-15,-30.));
#2505 = DIRECTION('',(0.,0.,1.));
#2506 = DIRECTION('',(1.,0.,-0.));
#2507 = DEFINITIONAL_REPRESENTATION('',(#2508),#2512);
#2508 = LINE('',#2509,#2510);
#2509 = CARTESIAN_POINT('',(6.28318530718,-6.28318530718));
#2510 = VECTOR('',#2511,1.);
#2511 = DIRECTION('',(0.,1.));
#2512 = ( GEOMETRIC_REPRESENTATION_CONTEXT(2) 
PARAMETRIC_REPRESENTATION_CONTEXT() REPRESENTATION_CONTEXT('2D SPACE',''
  ) );
#2513 = PCURVE('',#2502,#2514);
#2514 = DEFINITIONAL_REPRESENTATION('',(#2515),#2519);
#2515 = LINE('',#2516,#2517);
#2516 = CARTESIAN_POINT('',(0.,-6.28318530718));
#2517 = VECTOR('',#2518,1.);
#2518 = DIRECTION('',(0.,1.));
#2519 = ( GEOMETRIC_REPRESENTATION_CONTEXT(2) 
PARAMETRIC_REPRESENTATION_CONTEXT() REPRESENTATION_CONTEXT('2D SPACE',''
  ) );
#2520 = ORIENTED_EDGE('',*,*,#2521,.T.);
#2521 = EDGE_CURVE('',#2491,#2491,#2522,.T.);
#2522 = SURFACE_CURVE('',#2523,(#2528,#2535),.PCURVE_S1.);
#2523 = CIRCLE('',#2524,4.5);
#2524 = AXIS2_PLACEMENT_3D('',#2525,#2526,#2527);
#2525 = CARTESIAN_POINT('',(8.,-5.510910596163E-15,-30.));
#2526 = DIRECTION('',(0.,0.,1.));
#2527 = DIRECTION('',(1.,0.,-0.));
#2528 = PCURVE('',#2502,#2529);
#2529 = DEFINITIONAL_REPRESENTATION('',(#2530),#2534);
#2530 = LINE('',#2531,#2532);
#2531 = CARTESIAN_POINT('',(0.,0.));
#2532 = VECTOR('',#2533,1.);
#2533 = DIRECTION('',(1.,0.));
#2534 = ( GEOMETRIC_REPRESENTATION_CONTEXT(2) 
PARAMETRIC_REPRESENTATION_CONTEXT() REPRESENTATION_CONTEXT('2D SPACE',''
  ) );
#2535 = PCURVE('',#2536,#2541);
#2536 = PLANE('',#2537);
#2537 = AXIS2_PLACEMENT_3D('',#2538,#2539,#2540);
#2538 = CARTESIAN_POINT('',(8.,-5.510910596163E-15,-30.));
#2539 = DIRECTION('',(0.,0.,1.));
#2540 = DIRECTION('',(1.,0.,-0.));
#2541 = DEFINITIONAL_REPRESENTATION('',(#2542),#2546);
#2542 = CIRCLE('',#2543,4.5);
#2543 = AXIS2_PLACEMENT_2D('',#2544,#2545);
#2544 = CARTESIAN_POINT('',(0.,0.));
#2545 = DIRECTION('',(1.,0.));
#2546 = ( GEOMETRIC_REPRESENTATION_CONTEXT(2) 
PARAMETRIC_REPRESENTATION_CONTEXT() REPRESENTATION_CONTEXT('2D SPACE',''
  ) );
#2547 = ORIENTED_EDGE('',*,*,#2490,.T.);
#2548 = ADVANCED_FACE('',(#2549),#2536,.F.);
#2549 = FACE_BOUND('',#2550,.T.);
#2550 = EDGE_LOOP('',(#2551));
#2551 = ORIENTED_EDGE('',*,*,#2521,.F.);
#2552 = ( GEOMETRIC_REPRESENTATION_CONTEXT(3) 
GLOBAL_UNCERTAINTY_ASSIGNED_CONTEXT((#2556)) 
GLOBAL_UNIT_ASSIGNED_CONTEXT((#2553,#2554,#2555)) REPRESENTATION_CONTEXT
('Context #1','3D Context with UNIT and UNCERTAINTY') );
#2553 = ( LENGTH_UNIT() NAMED_UNIT(*) SI_UNIT(.MILLI.,.METRE.) );
#2554 = ( NAMED_UNIT(*) PLANE_ANGLE_UNIT() SI_UNIT($,.RADIAN.) );
#2555 = ( NAMED_UNIT(*) SI_UNIT($,.STERADIAN.) SOLID_ANGLE_UNIT() );
#2556 = UNCERTAINTY_MEASURE_WITH_UNIT(LENGTH_MEASURE(1.E-07),#2553,
  'distance_accuracy_value','confusion accuracy');
#2557 = CONTEXT_DEPENDENT_SHAPE_REPRESENTATION(#2558,#2560);
#2558 = ( REPRESENTATION_RELATIONSHIP('','',#2483,#10) 
REPRESENTATION_RELATIONSHIP_WITH_TRANSFORMATION(#2559) 
SHAPE_REPRESENTATION_RELATIONSHIP() );
#2559 = ITEM_DEFINED_TRANSFORMATION('','',#11,#59);
#2560 = PRODUCT_DEFINITION_SHAPE('Placement','Placement of an item',
  #2561);
#2561 = NEXT_ASSEMBLY_USAGE_OCCURRENCE('55','','',#5,#2478,$);
#2562 = PRODUCT_RELATED_PRODUCT_CATEGORY('part',$,(#2480));
#2563 = SHAPE_DEFINITION_REPRESENTATION(#2564,#2570);
#2564 = PRODUCT_DEFINITION_SHAPE('','',#2565);
#2565 = PRODUCT_DEFINITION('design','',#2566,#2569);
#2566 = PRODUCT_DEFINITION_FORMATION('','',#2567);
#2567 = PRODUCT('Open CASCADE STEP translator 7.9 4.13',
  'Open CASCADE STEP translator 7.9 4.13','',(#2568));
#2568 = PRODUCT_CONTEXT('',#2,'mechanical');
#2569 = PRODUCT_DEFINITION_CONTEXT('part definition',#2,'design');
#2570 = ADVANCED_BREP_SHAPE_REPRESENTATION('',(#11,#2571),#2639);
#2571 = MANIFOLD_SOLID_BREP('',#2572);
#2572 = CLOSED_SHELL('',(#2573,#2635));
#2573 = ADVANCED_FACE('',(#2574),#2589,.T.);
#2574 = FACE_BOUND('',#2575,.T.);
#2575 = EDGE_LOOP('',(#2576,#2607,#2634));
#2576 = ORIENTED_EDGE('',*,*,#2577,.F.);
#2577 = EDGE_CURVE('',#2578,#2580,#2582,.T.);
#2578 = VERTEX_POINT('',#2579);
#2579 = CARTESIAN_POINT('',(12.5,15.,-25.98076211353));
#2580 = VERTEX_POINT('',#2581);
#2581 = CARTESIAN_POINT('',(8.,15.,-21.48076211353));
#2582 = SEAM_CURVE('',#2583,(#2588,#2600),.PCURVE_S1.);
#2583 = CIRCLE('',#2584,4.5);
#2584 = AXIS2_PLACEMENT_3D('',#2585,#2586,#2587);
#2585 = CARTESIAN_POINT('',(8.,15.,-25.98076211353));
#2586 = DIRECTION('',(-2.449293598295E-16,-1.,0.));
#2587 = DIRECTION('',(1.,-2.449293598295E-16,0.));
#2588 = PCURVE('',#2589,#2594);
#2589 = SPHERICAL_SURFACE('',#2590,4.5);
#2590 = AXIS2_PLACEMENT_3D('',#2591,#2592,#2593);
#2591 = CARTESIAN_POINT('',(8.,15.,-25.98076211353));
#2592 = DIRECTION('',(0.,0.,1.));
#2593 = DIRECTION('',(1.,0.,-0.));
#2594 = DEFINITIONAL_REPRESENTATION('',(#2595),#2599);
#2595 = LINE('',#2596,#2597);
#2596 = CARTESIAN_POINT('',(6.28318530718,-6.28318530718));
#2597 = VECTOR('',#2598,1.);
#2598 = DIRECTION('',(0.,1.));
#2599 = ( GEOMETRIC_REPRESENTATION_CONTEXT(2) 
PARAMETRIC_REPRESENTATION_CONTEXT() REPRESENTATION_CONTEXT('2D SPACE',''
  ) );
#2600 = PCURVE('',#2589,#2601);
#2601 = DEFINITIONAL_REPRESENTATION('',(#2602),#2606);
#2602 = LINE('',#2603,#2604);
#2603 = CARTESIAN_POINT('',(0.,-6.28318530718));
#2604 = VECTOR('',#2605,1.);
#2605 = DIRECTION('',(0.,1.));
#2606 = ( GEOMETRIC_REPRESENTATION_CONTEXT(2) 
PARAMETRIC_REPRESENTATION_CONTEXT() REPRESENTATION_CONTEXT('2D SPACE',''
  ) );
#2607 = ORIENTED_EDGE('',*,*,#2608,.T.);
#2608 = EDGE_CURVE('',#2578,#2578,#2609,.T.);
#2609 = SURFACE_CURVE('',#2610,(#2615,#2622),.PCURVE_S1.);
#2610 = CIRCLE('',#2611,4.5);
#2611 = AXIS2_PLACEMENT_3D('',#2612,#2613,#2614);
#2612 = CARTESIAN_POINT('',(8.,15.,-25.98076211353));
#2613 = DIRECTION('',(0.,0.,1.));
#2614 = DIRECTION('',(1.,0.,-0.));
#2615 = PCURVE('',#2589,#2616);
#2616 = DEFINITIONAL_REPRESENTATION('',(#2617),#2621);
#2617 = LINE('',#2618,#2619);
#2618 = CARTESIAN_POINT('',(0.,0.));
#2619 = VECTOR('',#2620,1.);
#2620 = DIRECTION('',(1.,0.));
#2621 = ( GEOMETRIC_REPRESENTATION_CONTEXT(2) 
PARAMETRIC_REPRESENTATION_CONTEXT() REPRESENTATION_CONTEXT('2D SPACE',''
  ) );
#2622 = PCURVE('',#2623,#2628);
#2623 = PLANE('',#2624);
#2624 = AXIS2_PLACEMENT_3D('',#2625,#2626,#2627);
#2625 = CARTESIAN_POINT('',(8.,15.,-25.98076211353));
#2626 = DIRECTION('',(0.,0.,1.));
#2627 = DIRECTION('',(1.,0.,-0.));
#2628 = DEFINITIONAL_REPRESENTATION('',(#2629),#2633);
#2629 = CIRCLE('',#2630,4.5);
#2630 = AXIS2_PLACEMENT_2D('',#2631,#2632);
#2631 = CARTESIAN_POINT('',(0.,0.));
#2632 = DIRECTION('',(1.,0.));
#2633 = ( GEOMETRIC_REPRESENTATION_CONTEXT(2) 
PARAMETRIC_REPRESENTATION_CONTEXT() REPRESENTATION_CONTEXT('2D SPACE',''
  ) );
#2634 = ORIENTED_EDGE('',*,*,#2577,.T.);
#2635 = ADVANCED_FACE('',(#2636),#2623,.F.);
#2636 = FACE_BOUND('',#2637,.T.);
#2637 = EDGE_LOOP('',(#2638));
#2638 = ORIENTED_EDGE('',*,*,#2608,.F.);
#2639 = ( GEOMETRIC_REPRESENTATION_CONTEXT(3) 
GLOBAL_UNCERTAINTY_ASSIGNED_CONTEXT((#2643)) 
GLOBAL_UNIT_ASSIGNED_CONTEXT((#2640,#2641,#2642)) REPRESENTATION_CONTEXT
('Context #1','3D Context with UNIT and UNCERTAINTY') );
#2640 = ( LENGTH_UNIT() NAMED_UNIT(*) SI_UNIT(.MILLI.,.METRE.) );
#2641 = ( NAMED_UNIT(*) PLANE_ANGLE_UNIT() SI_UNIT($,.RADIAN.) );
#2642 = ( NAMED_UNIT(*) SI_UNIT($,.STERADIAN.) SOLID_ANGLE_UNIT() );
#2643 = UNCERTAINTY_MEASURE_WITH_UNIT(LENGTH_MEASURE(1.E-07),#2640,
  'distance_accuracy_value','confusion accuracy');
#2644 = CONTEXT_DEPENDENT_SHAPE_REPRESENTATION(#2645,#2647);
#2645 = ( REPRESENTATION_RELATIONSHIP('','',#2570,#10) 
REPRESENTATION_RELATIONSHIP_WITH_TRANSFORMATION(#2646) 
SHAPE_REPRESENTATION_RELATIONSHIP() );
#2646 = ITEM_DEFINED_TRANSFORMATION('','',#11,#63);
#2647 = PRODUCT_DEFINITION_SHAPE('Placement','Placement of an item',
  #2648);
#2648 = NEXT_ASSEMBLY_USAGE_OCCURRENCE('56','','',#5,#2565,$);
#2649 = PRODUCT_RELATED_PRODUCT_CATEGORY('part',$,(#2567));
#2650 = SHAPE_DEFINITION_REPRESENTATION(#2651,#2657);
#2651 = PRODUCT_DEFINITION_SHAPE('','',#2652);
#2652 = PRODUCT_DEFINITION('design','',#2653,#2656);
#2653 = PRODUCT_DEFINITION_FORMATION('','',#2654);
#2654 = PRODUCT('Open CASCADE STEP translator 7.9 4.14',
  'Open CASCADE STEP translator 7.9 4.14','',(#2655));
#2655 = PRODUCT_CONTEXT('',#2,'mechanical');
#2656 = PRODUCT_DEFINITION_CONTEXT('part definition',#2,'design');
#2657 = ADVANCED_BREP_SHAPE_REPRESENTATION('',(#11,#2658),#2726);
#2658 = MANIFOLD_SOLID_BREP('',#2659);
#2659 = CLOSED_SHELL('',(#2660,#2722));
#2660 = ADVANCED_FACE('',(#2661),#2676,.T.);
#2661 = FACE_BOUND('',#2662,.T.);
#2662 = EDGE_LOOP('',(#2663,#2694,#2721));
#2663 = ORIENTED_EDGE('',*,*,#2664,.F.);
#2664 = EDGE_CURVE('',#2665,#2667,#2669,.T.);
#2665 = VERTEX_POINT('',#2666);
#2666 = CARTESIAN_POINT('',(12.5,25.980762113533,-15.));
#2667 = VERTEX_POINT('',#2668);
#2668 = CARTESIAN_POINT('',(8.,25.980762113533,-10.5));
#2669 = SEAM_CURVE('',#2670,(#2675,#2687),.PCURVE_S1.);
#2670 = CIRCLE('',#2671,4.5);
#2671 = AXIS2_PLACEMENT_3D('',#2672,#2673,#2674);
#2672 = CARTESIAN_POINT('',(8.,25.980762113533,-15.));
#2673 = DIRECTION('',(-2.449293598295E-16,-1.,0.));
#2674 = DIRECTION('',(1.,-2.449293598295E-16,0.));
#2675 = PCURVE('',#2676,#2681);
#2676 = SPHERICAL_SURFACE('',#2677,4.5);
#2677 = AXIS2_PLACEMENT_3D('',#2678,#2679,#2680);
#2678 = CARTESIAN_POINT('',(8.,25.980762113533,-15.));
#2679 = DIRECTION('',(0.,0.,1.));
#2680 = DIRECTION('',(1.,0.,-0.));
#2681 = DEFINITIONAL_REPRESENTATION('',(#2682),#2686);
#2682 = LINE('',#2683,#2684);
#2683 = CARTESIAN_POINT('',(6.28318530718,-6.28318530718));
#2684 = VECTOR('',#2685,1.);
#2685 = DIRECTION('',(0.,1.));
#2686 = ( GEOMETRIC_REPRESENTATION_CONTEXT(2) 
PARAMETRIC_REPRESENTATION_CONTEXT() REPRESENTATION_CONTEXT('2D SPACE',''
  ) );
#2687 = PCURVE('',#2676,#2688);
#2688 = DEFINITIONAL_REPRESENTATION('',(#2689),#2693);
#2689 = LINE('',#2690,#2691);
#2690 = CARTESIAN_POINT('',(0.,-6.28318530718));
#2691 = VECTOR('',#2692,1.);
#2692 = DIRECTION('',(0.,1.));
#2693 = ( GEOMETRIC_REPRESENTATION_CONTEXT(2) 
PARAMETRIC_REPRESENTATION_CONTEXT() REPRESENTATION_CONTEXT('2D SPACE',''
  ) );
#2694 = ORIENTED_EDGE('',*,*,#2695,.T.);
#2695 = EDGE_CURVE('',#2665,#2665,#2696,.T.);
#2696 = SURFACE_CURVE('',#2697,(#2702,#2709),.PCURVE_S1.);
#2697 = CIRCLE('',#2698,4.5);
#2698 = AXIS2_PLACEMENT_3D('',#2699,#2700,#2701);
#2699 = CARTESIAN_POINT('',(8.,25.980762113533,-15.));
#2700 = DIRECTION('',(0.,0.,1.));
#2701 = DIRECTION('',(1.,0.,-0.));
#2702 = PCURVE('',#2676,#2703);
#2703 = DEFINITIONAL_REPRESENTATION('',(#2704),#2708);
#2704 = LINE('',#2705,#2706);
#2705 = CARTESIAN_POINT('',(0.,0.));
#2706 = VECTOR('',#2707,1.);
#2707 = DIRECTION('',(1.,0.));
#2708 = ( GEOMETRIC_REPRESENTATION_CONTEXT(2) 
PARAMETRIC_REPRESENTATION_CONTEXT() REPRESENTATION_CONTEXT('2D SPACE',''
  ) );
#2709 = PCURVE('',#2710,#2715);
#2710 = PLANE('',#2711);
#2711 = AXIS2_PLACEMENT_3D('',#2712,#2713,#2714);
#2712 = CARTESIAN_POINT('',(8.,25.980762113533,-15.));
#2713 = DIRECTION('',(0.,0.,1.));
#2714 = DIRECTION('',(1.,0.,-0.));
#2715 = DEFINITIONAL_REPRESENTATION('',(#2716),#2720);
#2716 = CIRCLE('',#2717,4.5);
#2717 = AXIS2_PLACEMENT_2D('',#2718,#2719);
#2718 = CARTESIAN_POINT('',(0.,0.));
#2719 = DIRECTION('',(1.,0.));
#2720 = ( GEOMETRIC_REPRESENTATION_CONTEXT(2) 
PARAMETRIC_REPRESENTATION_CONTEXT() REPRESENTATION_CONTEXT('2D SPACE',''
  ) );
#2721 = ORIENTED_EDGE('',*,*,#2664,.T.);
#2722 = ADVANCED_FACE('',(#2723),#2710,.F.);
#2723 = FACE_BOUND('',#2724,.T.);
#2724 = EDGE_LOOP('',(#2725));
#2725 = ORIENTED_EDGE('',*,*,#2695,.F.);
#2726 = ( GEOMETRIC_REPRESENTATION_CONTEXT(3) 
GLOBAL_UNCERTAINTY_ASSIGNED_CONTEXT((#2730)) 
GLOBAL_UNIT_ASSIGNED_CONTEXT((#2727,#2728,#2729)) REPRESENTATION_CONTEXT
('Context #1','3D Context with UNIT and UNCERTAINTY') );
#2727 = ( LENGTH_UNIT() NAMED_UNIT(*) SI_UNIT(.MILLI.,.METRE.) );
#2728 = ( NAMED_UNIT(*) PLANE_ANGLE_UNIT() SI_UNIT($,.RADIAN.) );
#2729 = ( NAMED_UNIT(*) SI_UNIT($,.STERADIAN.) SOLID_ANGLE_UNIT() );
#2730 = UNCERTAINTY_MEASURE_WITH_UNIT(LENGTH_MEASURE(1.E-07),#2727,
  'distance_accuracy_value','confusion accuracy');
#2731 = CONTEXT_DEPENDENT_SHAPE_REPRESENTATION(#2732,#2734);
#2732 = ( REPRESENTATION_RELATIONSHIP('','',#2657,#10) 
REPRESENTATION_RELATIONSHIP_WITH_TRANSFORMATION(#2733) 
SHAPE_REPRESENTATION_RELATIONSHIP() );
#2733 = ITEM_DEFINED_TRANSFORMATION('','',#11,#67);
#2734 = PRODUCT_DEFINITION_SHAPE('Placement','Placement of an item',
  #2735);
#2735 = NEXT_ASSEMBLY_USAGE_OCCURRENCE('57','','',#5,#2652,$);
#2736 = PRODUCT_RELATED_PRODUCT_CATEGORY('part',$,(#2654));
#2737 = SHAPE_DEFINITION_REPRESENTATION(#2738,#2744);
#2738 = PRODUCT_DEFINITION_SHAPE('','',#2739);
#2739 = PRODUCT_DEFINITION('design','',#2740,#2743);
#2740 = PRODUCT_DEFINITION_FORMATION('','',#2741);
#2741 = PRODUCT('Open CASCADE STEP translator 7.9 4.15',
  'Open CASCADE STEP translator 7.9 4.15','',(#2742));
#2742 = PRODUCT_CONTEXT('',#2,'mechanical');
#2743 = PRODUCT_DEFINITION_CONTEXT('part definition',#2,'design');
#2744 = ADVANCED_BREP_SHAPE_REPRESENTATION('',(#11,#2745),#2927);
#2745 = MANIFOLD_SOLID_BREP('',#2746);
#2746 = CLOSED_SHELL('',(#2747,#2835,#2913,#2920));
#2747 = ADVANCED_FACE('',(#2748),#2762,.T.);
#2748 = FACE_BOUND('',#2749,.F.);
#2749 = EDGE_LOOP('',(#2750,#2780,#2807,#2808));
#2750 = ORIENTED_EDGE('',*,*,#2751,.T.);
#2751 = EDGE_CURVE('',#2752,#2754,#2756,.T.);
#2752 = VERTEX_POINT('',#2753);
#2753 = CARTESIAN_POINT('',(0.8,34.,0.));
#2754 = VERTEX_POINT('',#2755);
#2755 = CARTESIAN_POINT('',(1.4,34.,0.));
#2756 = SEAM_CURVE('',#2757,(#2761,#2773),.PCURVE_S1.);
#2757 = LINE('',#2758,#2759);
#2758 = CARTESIAN_POINT('',(0.8,34.,0.));
#2759 = VECTOR('',#2760,1.);
#2760 = DIRECTION('',(1.,0.,0.));
#2761 = PCURVE('',#2762,#2767);
#2762 = CYLINDRICAL_SURFACE('',#2763,34.);
#2763 = AXIS2_PLACEMENT_3D('',#2764,#2765,#2766);
#2764 = CARTESIAN_POINT('',(0.8,0.,0.));
#2765 = DIRECTION('',(-1.,-0.,-0.));
#2766 = DIRECTION('',(0.,1.,0.));
#2767 = DEFINITIONAL_REPRESENTATION('',(#2768),#2772);
#2768 = LINE('',#2769,#2770);
#2769 = CARTESIAN_POINT('',(-0.,0.));
#2770 = VECTOR('',#2771,1.);
#2771 = DIRECTION('',(-0.,-1.));
#2772 = ( GEOMETRIC_REPRESENTATION_CONTEXT(2) 
PARAMETRIC_REPRESENTATION_CONTEXT() REPRESENTATION_CONTEXT('2D SPACE',''
  ) );
#2773 = PCURVE('',#2762,#2774);
#2774 = DEFINITIONAL_REPRESENTATION('',(#2775),#2779);
#2775 = LINE('',#2776,#2777);
#2776 = CARTESIAN_POINT('',(-6.28318530718,0.));
#2777 = VECTOR('',#2778,1.);
#2778 = DIRECTION('',(-0.,-1.));
#2779 = ( GEOMETRIC_REPRESENTATION_CONTEXT(2) 
PARAMETRIC_REPRESENTATION_CONTEXT() REPRESENTATION_CONTEXT('2D SPACE',''
  ) );
#2780 = ORIENTED_EDGE('',*,*,#2781,.T.);
#2781 = EDGE_CURVE('',#2754,#2754,#2782,.T.);
#2782 = SURFACE_CURVE('',#2783,(#2788,#2795),.PCURVE_S1.);
#2783 = CIRCLE('',#2784,34.);
#2784 = AXIS2_PLACEMENT_3D('',#2785,#2786,#2787);
#2785 = CARTESIAN_POINT('',(1.4,0.,0.));
#2786 = DIRECTION('',(1.,0.,0.));
#2787 = DIRECTION('',(0.,1.,0.));
#2788 = PCURVE('',#2762,#2789);
#2789 = DEFINITIONAL_REPRESENTATION('',(#2790),#2794);
#2790 = LINE('',#2791,#2792);
#2791 = CARTESIAN_POINT('',(-0.,-0.6));
#2792 = VECTOR('',#2793,1.);
#2793 = DIRECTION('',(-1.,0.));
#2794 = ( GEOMETRIC_REPRESENTATION_CONTEXT(2) 
PARAMETRIC_REPRESENTATION_CONTEXT() REPRESENTATION_CONTEXT('2D SPACE',''
  ) );
#2795 = PCURVE('',#2796,#2801);
#2796 = PLANE('',#2797);
#2797 = AXIS2_PLACEMENT_3D('',#2798,#2799,#2800);
#2798 = CARTESIAN_POINT('',(1.4,-2.574004955368E-15,2.473074394019E-15)
  );
#2799 = DIRECTION('',(1.,0.,0.));
#2800 = DIRECTION('',(-0.,0.,1.));
#2801 = DEFINITIONAL_REPRESENTATION('',(#2802),#2806);
#2802 = CIRCLE('',#2803,34.);
#2803 = AXIS2_PLACEMENT_2D('',#2804,#2805);
#2804 = CARTESIAN_POINT('',(-2.473074394019E-15,-2.574004955368E-15));
#2805 = DIRECTION('',(0.,-1.));
#2806 = ( GEOMETRIC_REPRESENTATION_CONTEXT(2) 
PARAMETRIC_REPRESENTATION_CONTEXT() REPRESENTATION_CONTEXT('2D SPACE',''
  ) );
#2807 = ORIENTED_EDGE('',*,*,#2751,.F.);
#2808 = ORIENTED_EDGE('',*,*,#2809,.F.);
#2809 = EDGE_CURVE('',#2752,#2752,#2810,.T.);
#2810 = SURFACE_CURVE('',#2811,(#2816,#2823),.PCURVE_S1.);
#2811 = CIRCLE('',#2812,34.);
#2812 = AXIS2_PLACEMENT_3D('',#2813,#2814,#2815);
#2813 = CARTESIAN_POINT('',(0.8,0.,0.));
#2814 = DIRECTION('',(1.,0.,0.));
#2815 = DIRECTION('',(0.,1.,0.));
#2816 = PCURVE('',#2762,#2817);
#2817 = DEFINITIONAL_REPRESENTATION('',(#2818),#2822);
#2818 = LINE('',#2819,#2820);
#2819 = CARTESIAN_POINT('',(-0.,0.));
#2820 = VECTOR('',#2821,1.);
#2821 = DIRECTION('',(-1.,0.));
#2822 = ( GEOMETRIC_REPRESENTATION_CONTEXT(2) 
PARAMETRIC_REPRESENTATION_CONTEXT() REPRESENTATION_CONTEXT('2D SPACE',''
  ) );
#2823 = PCURVE('',#2824,#2829);
#2824 = PLANE('',#2825);
#2825 = AXIS2_PLACEMENT_3D('',#2826,#2827,#2828);
#2826 = CARTESIAN_POINT('',(0.8,-2.574004955368E-15,2.473074394019E-15)
  );
#2827 = DIRECTION('',(1.,0.,0.));
#2828 = DIRECTION('',(-0.,0.,1.));
#2829 = DEFINITIONAL_REPRESENTATION('',(#2830),#2834);
#2830 = CIRCLE('',#2831,34.);
#2831 = AXIS2_PLACEMENT_2D('',#2832,#2833);
#2832 = CARTESIAN_POINT('',(-2.473074394019E-15,-2.574004955368E-15));
#2833 = DIRECTION('',(0.,-1.));
#2834 = ( GEOMETRIC_REPRESENTATION_CONTEXT(2) 
PARAMETRIC_REPRESENTATION_CONTEXT() REPRESENTATION_CONTEXT('2D SPACE',''
  ) );
#2835 = ADVANCED_FACE('',(#2836),#2850,.F.);
#2836 = FACE_BOUND('',#2837,.T.);
#2837 = EDGE_LOOP('',(#2838,#2868,#2890,#2891));
#2838 = ORIENTED_EDGE('',*,*,#2839,.T.);
#2839 = EDGE_CURVE('',#2840,#2842,#2844,.T.);
#2840 = VERTEX_POINT('',#2841);
#2841 = CARTESIAN_POINT('',(0.8,26.6,1.671865260612E-15));
#2842 = VERTEX_POINT('',#2843);
#2843 = CARTESIAN_POINT('',(1.4,26.6,1.671865260612E-15));
#2844 = SEAM_CURVE('',#2845,(#2849,#2861),.PCURVE_S1.);
#2845 = LINE('',#2846,#2847);
#2846 = CARTESIAN_POINT('',(0.8,26.6,1.671865260612E-15));
#2847 = VECTOR('',#2848,1.);
#2848 = DIRECTION('',(1.,0.,0.));
#2849 = PCURVE('',#2850,#2855);
#2850 = CYLINDRICAL_SURFACE('',#2851,26.6);
#2851 = AXIS2_PLACEMENT_3D('',#2852,#2853,#2854);
#2852 = CARTESIAN_POINT('',(0.8,1.621709302794E-13,1.671865260612E-15));
#2853 = DIRECTION('',(-1.,-0.,-0.));
#2854 = DIRECTION('',(0.,1.,0.));
#2855 = DEFINITIONAL_REPRESENTATION('',(#2856),#2860);
#2856 = LINE('',#2857,#2858);
#2857 = CARTESIAN_POINT('',(-0.,0.));
#2858 = VECTOR('',#2859,1.);
#2859 = DIRECTION('',(-0.,-1.));
#2860 = ( GEOMETRIC_REPRESENTATION_CONTEXT(2) 
PARAMETRIC_REPRESENTATION_CONTEXT() REPRESENTATION_CONTEXT('2D SPACE',''
  ) );
#2861 = PCURVE('',#2850,#2862);
#2862 = DEFINITIONAL_REPRESENTATION('',(#2863),#2867);
#2863 = LINE('',#2864,#2865);
#2864 = CARTESIAN_POINT('',(-6.28318530718,0.));
#2865 = VECTOR('',#2866,1.);
#2866 = DIRECTION('',(-0.,-1.));
#2867 = ( GEOMETRIC_REPRESENTATION_CONTEXT(2) 
PARAMETRIC_REPRESENTATION_CONTEXT() REPRESENTATION_CONTEXT('2D SPACE',''
  ) );
#2868 = ORIENTED_EDGE('',*,*,#2869,.T.);
#2869 = EDGE_CURVE('',#2842,#2842,#2870,.T.);
#2870 = SURFACE_CURVE('',#2871,(#2876,#2883),.PCURVE_S1.);
#2871 = CIRCLE('',#2872,26.6);
#2872 = AXIS2_PLACEMENT_3D('',#2873,#2874,#2875);
#2873 = CARTESIAN_POINT('',(1.4,1.621709302794E-13,1.671865260612E-15));
#2874 = DIRECTION('',(1.,0.,0.));
#2875 = DIRECTION('',(0.,1.,0.));
#2876 = PCURVE('',#2850,#2877);
#2877 = DEFINITIONAL_REPRESENTATION('',(#2878),#2882);
#2878 = LINE('',#2879,#2880);
#2879 = CARTESIAN_POINT('',(-0.,-0.6));
#2880 = VECTOR('',#2881,1.);
#2881 = DIRECTION('',(-1.,0.));
#2882 = ( GEOMETRIC_REPRESENTATION_CONTEXT(2) 
PARAMETRIC_REPRESENTATION_CONTEXT() REPRESENTATION_CONTEXT('2D SPACE',''
  ) );
#2883 = PCURVE('',#2796,#2884);
#2884 = DEFINITIONAL_REPRESENTATION('',(#2885),#2889);
#2885 = CIRCLE('',#2886,26.6);
#2886 = AXIS2_PLACEMENT_2D('',#2887,#2888);
#2887 = CARTESIAN_POINT('',(-8.012091334068E-16,-1.647449352347E-13));
#2888 = DIRECTION('',(0.,-1.));
#2889 = ( GEOMETRIC_REPRESENTATION_CONTEXT(2) 
PARAMETRIC_REPRESENTATION_CONTEXT() REPRESENTATION_CONTEXT('2D SPACE',''
  ) );
#2890 = ORIENTED_EDGE('',*,*,#2839,.F.);
#2891 = ORIENTED_EDGE('',*,*,#2892,.F.);
#2892 = EDGE_CURVE('',#2840,#2840,#2893,.T.);
#2893 = SURFACE_CURVE('',#2894,(#2899,#2906),.PCURVE_S1.);
#2894 = CIRCLE('',#2895,26.6);
#2895 = AXIS2_PLACEMENT_3D('',#2896,#2897,#2898);
#2896 = CARTESIAN_POINT('',(0.8,1.621709302794E-13,1.671865260612E-15));
#2897 = DIRECTION('',(1.,0.,0.));
#2898 = DIRECTION('',(0.,1.,0.));
#2899 = PCURVE('',#2850,#2900);
#2900 = DEFINITIONAL_REPRESENTATION('',(#2901),#2905);
#2901 = LINE('',#2902,#2903);
#2902 = CARTESIAN_POINT('',(-0.,0.));
#2903 = VECTOR('',#2904,1.);
#2904 = DIRECTION('',(-1.,0.));
#2905 = ( GEOMETRIC_REPRESENTATION_CONTEXT(2) 
PARAMETRIC_REPRESENTATION_CONTEXT() REPRESENTATION_CONTEXT('2D SPACE',''
  ) );
#2906 = PCURVE('',#2824,#2907);
#2907 = DEFINITIONAL_REPRESENTATION('',(#2908),#2912);
#2908 = CIRCLE('',#2909,26.6);
#2909 = AXIS2_PLACEMENT_2D('',#2910,#2911);
#2910 = CARTESIAN_POINT('',(-8.012091334068E-16,-1.647449352347E-13));
#2911 = DIRECTION('',(0.,-1.));
#2912 = ( GEOMETRIC_REPRESENTATION_CONTEXT(2) 
PARAMETRIC_REPRESENTATION_CONTEXT() REPRESENTATION_CONTEXT('2D SPACE',''
  ) );
#2913 = ADVANCED_FACE('',(#2914,#2917),#2824,.F.);
#2914 = FACE_BOUND('',#2915,.F.);
#2915 = EDGE_LOOP('',(#2916));
#2916 = ORIENTED_EDGE('',*,*,#2809,.T.);
#2917 = FACE_BOUND('',#2918,.F.);
#2918 = EDGE_LOOP('',(#2919));
#2919 = ORIENTED_EDGE('',*,*,#2892,.F.);
#2920 = ADVANCED_FACE('',(#2921,#2924),#2796,.T.);
#2921 = FACE_BOUND('',#2922,.T.);
#2922 = EDGE_LOOP('',(#2923));
#2923 = ORIENTED_EDGE('',*,*,#2781,.T.);
#2924 = FACE_BOUND('',#2925,.T.);
#2925 = EDGE_LOOP('',(#2926));
#2926 = ORIENTED_EDGE('',*,*,#2869,.F.);
#2927 = ( GEOMETRIC_REPRESENTATION_CONTEXT(3) 
GLOBAL_UNCERTAINTY_ASSIGNED_CONTEXT((#2931)) 
GLOBAL_UNIT_ASSIGNED_CONTEXT((#2928,#2929,#2930)) REPRESENTATION_CONTEXT
('Context #1','3D Context with UNIT and UNCERTAINTY') );
#2928 = ( LENGTH_UNIT() NAMED_UNIT(*) SI_UNIT(.MILLI.,.METRE.) );
#2929 = ( NAMED_UNIT(*) PLANE_ANGLE_UNIT() SI_UNIT($,.RADIAN.) );
#2930 = ( NAMED_UNIT(*) SI_UNIT($,.STERADIAN.) SOLID_ANGLE_UNIT() );
#2931 = UNCERTAINTY_MEASURE_WITH_UNIT(LENGTH_MEASURE(1.E-07),#2928,
  'distance_accuracy_value','confusion accuracy');
#2932 = CONTEXT_DEPENDENT_SHAPE_REPRESENTATION(#2933,#2935);
#2933 = ( REPRESENTATION_RELATIONSHIP('','',#2744,#10) 
REPRESENTATION_RELATIONSHIP_WITH_TRANSFORMATION(#2934) 
SHAPE_REPRESENTATION_RELATIONSHIP() );
#2934 = ITEM_DEFINED_TRANSFORMATION('','',#11,#71);
#2935 = PRODUCT_DEFINITION_SHAPE('Placement','Placement of an item',
  #2936);
#2936 = NEXT_ASSEMBLY_USAGE_OCCURRENCE('58','','',#5,#2739,$);
#2937 = PRODUCT_RELATED_PRODUCT_CATEGORY('part',$,(#2741));
#2938 = SHAPE_DEFINITION_REPRESENTATION(#2939,#2945);
#2939 = PRODUCT_DEFINITION_SHAPE('','',#2940);
#2940 = PRODUCT_DEFINITION('design','',#2941,#2944);
#2941 = PRODUCT_DEFINITION_FORMATION('','',#2942);
#2942 = PRODUCT('Open CASCADE STEP translator 7.9 4.16',
  'Open CASCADE STEP translator 7.9 4.16','',(#2943));
#2943 = PRODUCT_CONTEXT('',#2,'mechanical');
#2944 = PRODUCT_DEFINITION_CONTEXT('part definition',#2,'design');
#2945 = ADVANCED_BREP_SHAPE_REPRESENTATION('',(#11,#2946),#3128);
#2946 = MANIFOLD_SOLID_BREP('',#2947);
#2947 = CLOSED_SHELL('',(#2948,#3036,#3114,#3121));
#2948 = ADVANCED_FACE('',(#2949),#2963,.T.);
#2949 = FACE_BOUND('',#2950,.F.);
#2950 = EDGE_LOOP('',(#2951,#2981,#3008,#3009));
#2951 = ORIENTED_EDGE('',*,*,#2952,.T.);
#2952 = EDGE_CURVE('',#2953,#2955,#2957,.T.);
#2953 = VERTEX_POINT('',#2954);
#2954 = CARTESIAN_POINT('',(14.6,34.,0.));
#2955 = VERTEX_POINT('',#2956);
#2956 = CARTESIAN_POINT('',(15.2,34.,0.));
#2957 = SEAM_CURVE('',#2958,(#2962,#2974),.PCURVE_S1.);
#2958 = LINE('',#2959,#2960);
#2959 = CARTESIAN_POINT('',(14.6,34.,0.));
#2960 = VECTOR('',#2961,1.);
#2961 = DIRECTION('',(1.,0.,0.));
#2962 = PCURVE('',#2963,#2968);
#2963 = CYLINDRICAL_SURFACE('',#2964,34.);
#2964 = AXIS2_PLACEMENT_3D('',#2965,#2966,#2967);
#2965 = CARTESIAN_POINT('',(14.6,0.,0.));
#2966 = DIRECTION('',(-1.,-0.,-0.));
#2967 = DIRECTION('',(0.,1.,0.));
#2968 = DEFINITIONAL_REPRESENTATION('',(#2969),#2973);
#2969 = LINE('',#2970,#2971);
#2970 = CARTESIAN_POINT('',(-0.,0.));
#2971 = VECTOR('',#2972,1.);
#2972 = DIRECTION('',(-0.,-1.));
#2973 = ( GEOMETRIC_REPRESENTATION_CONTEXT(2) 
PARAMETRIC_REPRESENTATION_CONTEXT() REPRESENTATION_CONTEXT('2D SPACE',''
  ) );
#2974 = PCURVE('',#2963,#2975);
#2975 = DEFINITIONAL_REPRESENTATION('',(#2976),#2980);
#2976 = LINE('',#2977,#2978);
#2977 = CARTESIAN_POINT('',(-6.28318530718,0.));
#2978 = VECTOR('',#2979,1.);
#2979 = DIRECTION('',(-0.,-1.));
#2980 = ( GEOMETRIC_REPRESENTATION_CONTEXT(2) 
PARAMETRIC_REPRESENTATION_CONTEXT() REPRESENTATION_CONTEXT('2D SPACE',''
  ) );
#2981 = ORIENTED_EDGE('',*,*,#2982,.T.);
#2982 = EDGE_CURVE('',#2955,#2955,#2983,.T.);
#2983 = SURFACE_CURVE('',#2984,(#2989,#2996),.PCURVE_S1.);
#2984 = CIRCLE('',#2985,34.);
#2985 = AXIS2_PLACEMENT_3D('',#2986,#2987,#2988);
#2986 = CARTESIAN_POINT('',(15.2,0.,0.));
#2987 = DIRECTION('',(1.,0.,0.));
#2988 = DIRECTION('',(0.,1.,0.));
#2989 = PCURVE('',#2963,#2990);
#2990 = DEFINITIONAL_REPRESENTATION('',(#2991),#2995);
#2991 = LINE('',#2992,#2993);
#2992 = CARTESIAN_POINT('',(-0.,-0.6));
#2993 = VECTOR('',#2994,1.);
#2994 = DIRECTION('',(-1.,0.));
#2995 = ( GEOMETRIC_REPRESENTATION_CONTEXT(2) 
PARAMETRIC_REPRESENTATION_CONTEXT() REPRESENTATION_CONTEXT('2D SPACE',''
  ) );
#2996 = PCURVE('',#2997,#3002);
#2997 = PLANE('',#2998);
#2998 = AXIS2_PLACEMENT_3D('',#2999,#3000,#3001);
#2999 = CARTESIAN_POINT('',(15.2,-2.574004955368E-15,2.473074394019E-15)
  );
#3000 = DIRECTION('',(1.,0.,0.));
#3001 = DIRECTION('',(-0.,0.,1.));
#3002 = DEFINITIONAL_REPRESENTATION('',(#3003),#3007);
#3003 = CIRCLE('',#3004,34.);
#3004 = AXIS2_PLACEMENT_2D('',#3005,#3006);
#3005 = CARTESIAN_POINT('',(-2.473074394019E-15,-2.574004955368E-15));
#3006 = DIRECTION('',(0.,-1.));
#3007 = ( GEOMETRIC_REPRESENTATION_CONTEXT(2) 
PARAMETRIC_REPRESENTATION_CONTEXT() REPRESENTATION_CONTEXT('2D SPACE',''
  ) );
#3008 = ORIENTED_EDGE('',*,*,#2952,.F.);
#3009 = ORIENTED_EDGE('',*,*,#3010,.F.);
#3010 = EDGE_CURVE('',#2953,#2953,#3011,.T.);
#3011 = SURFACE_CURVE('',#3012,(#3017,#3024),.PCURVE_S1.);
#3012 = CIRCLE('',#3013,34.);
#3013 = AXIS2_PLACEMENT_3D('',#3014,#3015,#3016);
#3014 = CARTESIAN_POINT('',(14.6,0.,0.));
#3015 = DIRECTION('',(1.,0.,0.));
#3016 = DIRECTION('',(0.,1.,0.));
#3017 = PCURVE('',#2963,#3018);
#3018 = DEFINITIONAL_REPRESENTATION('',(#3019),#3023);
#3019 = LINE('',#3020,#3021);
#3020 = CARTESIAN_POINT('',(-0.,0.));
#3021 = VECTOR('',#3022,1.);
#3022 = DIRECTION('',(-1.,0.));
#3023 = ( GEOMETRIC_REPRESENTATION_CONTEXT(2) 
PARAMETRIC_REPRESENTATION_CONTEXT() REPRESENTATION_CONTEXT('2D SPACE',''
  ) );
#3024 = PCURVE('',#3025,#3030);
#3025 = PLANE('',#3026);
#3026 = AXIS2_PLACEMENT_3D('',#3027,#3028,#3029);
#3027 = CARTESIAN_POINT('',(14.6,-2.574004955368E-15,2.473074394019E-15)
  );
#3028 = DIRECTION('',(1.,0.,0.));
#3029 = DIRECTION('',(-0.,0.,1.));
#3030 = DEFINITIONAL_REPRESENTATION('',(#3031),#3035);
#3031 = CIRCLE('',#3032,34.);
#3032 = AXIS2_PLACEMENT_2D('',#3033,#3034);
#3033 = CARTESIAN_POINT('',(-2.473074394019E-15,-2.574004955368E-15));
#3034 = DIRECTION('',(0.,-1.));
#3035 = ( GEOMETRIC_REPRESENTATION_CONTEXT(2) 
PARAMETRIC_REPRESENTATION_CONTEXT() REPRESENTATION_CONTEXT('2D SPACE',''
  ) );
#3036 = ADVANCED_FACE('',(#3037),#3051,.F.);
#3037 = FACE_BOUND('',#3038,.T.);
#3038 = EDGE_LOOP('',(#3039,#3069,#3091,#3092));
#3039 = ORIENTED_EDGE('',*,*,#3040,.T.);
#3040 = EDGE_CURVE('',#3041,#3043,#3045,.T.);
#3041 = VERTEX_POINT('',#3042);
#3042 = CARTESIAN_POINT('',(14.6,26.6,1.671865260612E-15));
#3043 = VERTEX_POINT('',#3044);
#3044 = CARTESIAN_POINT('',(15.2,26.6,1.671865260612E-15));
#3045 = SEAM_CURVE('',#3046,(#3050,#3062),.PCURVE_S1.);
#3046 = LINE('',#3047,#3048);
#3047 = CARTESIAN_POINT('',(14.6,26.6,1.671865260612E-15));
#3048 = VECTOR('',#3049,1.);
#3049 = DIRECTION('',(1.,0.,0.));
#3050 = PCURVE('',#3051,#3056);
#3051 = CYLINDRICAL_SURFACE('',#3052,26.6);
#3052 = AXIS2_PLACEMENT_3D('',#3053,#3054,#3055);
#3053 = CARTESIAN_POINT('',(14.6,1.621709302794E-13,1.671865260612E-15)
  );
#3054 = DIRECTION('',(-1.,-0.,-0.));
#3055 = DIRECTION('',(0.,1.,0.));
#3056 = DEFINITIONAL_REPRESENTATION('',(#3057),#3061);
#3057 = LINE('',#3058,#3059);
#3058 = CARTESIAN_POINT('',(-0.,0.));
#3059 = VECTOR('',#3060,1.);
#3060 = DIRECTION('',(-0.,-1.));
#3061 = ( GEOMETRIC_REPRESENTATION_CONTEXT(2) 
PARAMETRIC_REPRESENTATION_CONTEXT() REPRESENTATION_CONTEXT('2D SPACE',''
  ) );
#3062 = PCURVE('',#3051,#3063);
#3063 = DEFINITIONAL_REPRESENTATION('',(#3064),#3068);
#3064 = LINE('',#3065,#3066);
#3065 = CARTESIAN_POINT('',(-6.28318530718,0.));
#3066 = VECTOR('',#3067,1.);
#3067 = DIRECTION('',(-0.,-1.));
#3068 = ( GEOMETRIC_REPRESENTATION_CONTEXT(2) 
PARAMETRIC_REPRESENTATION_CONTEXT() REPRESENTATION_CONTEXT('2D SPACE',''
  ) );
#3069 = ORIENTED_EDGE('',*,*,#3070,.T.);
#3070 = EDGE_CURVE('',#3043,#3043,#3071,.T.);
#3071 = SURFACE_CURVE('',#3072,(#3077,#3084),.PCURVE_S1.);
#3072 = CIRCLE('',#3073,26.6);
#3073 = AXIS2_PLACEMENT_3D('',#3074,#3075,#3076);
#3074 = CARTESIAN_POINT('',(15.2,1.621709302794E-13,1.671865260612E-15)
  );
#3075 = DIRECTION('',(1.,0.,0.));
#3076 = DIRECTION('',(0.,1.,0.));
#3077 = PCURVE('',#3051,#3078);
#3078 = DEFINITIONAL_REPRESENTATION('',(#3079),#3083);
#3079 = LINE('',#3080,#3081);
#3080 = CARTESIAN_POINT('',(-0.,-0.6));
#3081 = VECTOR('',#3082,1.);
#3082 = DIRECTION('',(-1.,0.));
#3083 = ( GEOMETRIC_REPRESENTATION_CONTEXT(2) 
PARAMETRIC_REPRESENTATION_CONTEXT() REPRESENTATION_CONTEXT('2D SPACE',''
  ) );
#3084 = PCURVE('',#2997,#3085);
#3085 = DEFINITIONAL_REPRESENTATION('',(#3086),#3090);
#3086 = CIRCLE('',#3087,26.6);
#3087 = AXIS2_PLACEMENT_2D('',#3088,#3089);
#3088 = CARTESIAN_POINT('',(-8.012091334068E-16,-1.647449352347E-13));
#3089 = DIRECTION('',(0.,-1.));
#3090 = ( GEOMETRIC_REPRESENTATION_CONTEXT(2) 
PARAMETRIC_REPRESENTATION_CONTEXT() REPRESENTATION_CONTEXT('2D SPACE',''
  ) );
#3091 = ORIENTED_EDGE('',*,*,#3040,.F.);
#3092 = ORIENTED_EDGE('',*,*,#3093,.F.);
#3093 = EDGE_CURVE('',#3041,#3041,#3094,.T.);
#3094 = SURFACE_CURVE('',#3095,(#3100,#3107),.PCURVE_S1.);
#3095 = CIRCLE('',#3096,26.6);
#3096 = AXIS2_PLACEMENT_3D('',#3097,#3098,#3099);
#3097 = CARTESIAN_POINT('',(14.6,1.621709302794E-13,1.671865260612E-15)
  );
#3098 = DIRECTION('',(1.,0.,0.));
#3099 = DIRECTION('',(0.,1.,0.));
#3100 = PCURVE('',#3051,#3101);
#3101 = DEFINITIONAL_REPRESENTATION('',(#3102),#3106);
#3102 = LINE('',#3103,#3104);
#3103 = CARTESIAN_POINT('',(-0.,0.));
#3104 = VECTOR('',#3105,1.);
#3105 = DIRECTION('',(-1.,0.));
#3106 = ( GEOMETRIC_REPRESENTATION_CONTEXT(2) 
PARAMETRIC_REPRESENTATION_CONTEXT() REPRESENTATION_CONTEXT('2D SPACE',''
  ) );
#3107 = PCURVE('',#3025,#3108);
#3108 = DEFINITIONAL_REPRESENTATION('',(#3109),#3113);
#3109 = CIRCLE('',#3110,26.6);
#3110 = AXIS2_PLACEMENT_2D('',#3111,#3112);
#3111 = CARTESIAN_POINT('',(-8.012091334068E-16,-1.647449352347E-13));
#3112 = DIRECTION('',(0.,-1.));
#3113 = ( GEOMETRIC_REPRESENTATION_CONTEXT(2) 
PARAMETRIC_REPRESENTATION_CONTEXT() REPRESENTATION_CONTEXT('2D SPACE',''
  ) );
#3114 = ADVANCED_FACE('',(#3115,#3118),#3025,.F.);
#3115 = FACE_BOUND('',#3116,.F.);
#3116 = EDGE_LOOP('',(#3117));
#3117 = ORIENTED_EDGE('',*,*,#3010,.T.);
#3118 = FACE_BOUND('',#3119,.F.);
#3119 = EDGE_LOOP('',(#3120));
#3120 = ORIENTED_EDGE('',*,*,#3093,.F.);
#3121 = ADVANCED_FACE('',(#3122,#3125),#2997,.T.);
#3122 = FACE_BOUND('',#3123,.T.);
#3123 = EDGE_LOOP('',(#3124));
#3124 = ORIENTED_EDGE('',*,*,#2982,.T.);
#3125 = FACE_BOUND('',#3126,.T.);
#3126 = EDGE_LOOP('',(#3127));
#3127 = ORIENTED_EDGE('',*,*,#3070,.F.);
#3128 = ( GEOMETRIC_REPRESENTATION_CONTEXT(3) 
GLOBAL_UNCERTAINTY_ASSIGNED_CONTEXT((#3132)) 
GLOBAL_UNIT_ASSIGNED_CONTEXT((#3129,#3130,#3131)) REPRESENTATION_CONTEXT
('Context #1','3D Context with UNIT and UNCERTAINTY') );
#3129 = ( LENGTH_UNIT() NAMED_UNIT(*) SI_UNIT(.MILLI.,.METRE.) );
#3130 = ( NAMED_UNIT(*) PLANE_ANGLE_UNIT() SI_UNIT($,.RADIAN.) );
#3131 = ( NAMED_UNIT(*) SI_UNIT($,.STERADIAN.) SOLID_ANGLE_UNIT() );
#3132 = UNCERTAINTY_MEASURE_WITH_UNIT(LENGTH_MEASURE(1.E-07),#3129,
  'distance_accuracy_value','confusion accuracy');
#3133 = CONTEXT_DEPENDENT_SHAPE_REPRESENTATION(#3134,#3136);
#3134 = ( REPRESENTATION_RELATIONSHIP('','',#2945,#10) 
REPRESENTATION_RELATIONSHIP_WITH_TRANSFORMATION(#3135) 
SHAPE_REPRESENTATION_RELATIONSHIP() );
#3135 = ITEM_DEFINED_TRANSFORMATION('','',#11,#75);
#3136 = PRODUCT_DEFINITION_SHAPE('Placement','Placement of an item',
  #3137);
#3137 = NEXT_ASSEMBLY_USAGE_OCCURRENCE('59','','',#5,#2940,$);
#3138 = PRODUCT_RELATED_PRODUCT_CATEGORY('part',$,(#2942));
ENDSEC;
END-ISO-10303-21;
