ISO-10303-21;
HEADER;
FILE_DESCRIPTION(('Open CASCADE Model'),'2;1');
FILE_NAME('Open CASCADE Shape Model','2026-10-05T19:01:56',('Author'),(
    'Open CASCADE'),'Open CASCADE STEP processor 7.9','Open CASCADE 7.9'
  ,'Unknown');
FILE_SCHEMA(('AUTOMOTIVE_DESIGN { 1 0 10303 214 1 1 1 1 }'));
ENDSEC;
DATA;
#1 = APPLICATION_PROTOCOL_DEFINITION('international standard',
  'automotive_design',2000,#2);
#2 = APPLICATION_CONTEXT(
  'core data for automotive mechanical design processes');
#3 = SHAPE_DEFINITION_REPRESENTATION(#4,#10);
#4 = PRODUCT_DEFINITION_SHAPE('','',#5);
#5 = PRODUCT_DEFINITION('design','',#6,#9);
#6 = PRODUCT_DEFINITION_FORMATION('','',#7);
#7 = PRODUCT('Open CASCADE STEP translator 7.9 8',
  'Open CASCADE STEP translator 7.9 8','',(#8));
#8 = PRODUCT_CONTEXT('',#2,'mechanical');
#9 = PRODUCT_DEFINITION_CONTEXT('part definition',#2,'design');
#10 = SHAPE_REPRESENTATION('',(#11,#15,#19,#23),#27);
#11 = AXIS2_PLACEMENT_3D('',#12,#13,#14);
#12 = CARTESIAN_POINT('',(0.,0.,0.));
#13 = DIRECTION('',(0.,0.,1.));
#14 = DIRECTION('',(1.,0.,-0.));
#15 = AXIS2_PLACEMENT_3D('',#16,#17,#18);
#16 = CARTESIAN_POINT('',(0.,0.,0.));
#17 = DIRECTION('',(0.,0.,1.));
#18 = DIRECTION('',(1.,0.,-0.));
#19 = AXIS2_PLACEMENT_3D('',#20,#21,#22);
#20 = CARTESIAN_POINT('',(0.,0.,0.));
#21 = DIRECTION('',(0.,0.,1.));
#22 = DIRECTION('',(1.,0.,-0.));
#23 = AXIS2_PLACEMENT_3D('',#24,#25,#26);
#24 = CARTESIAN_POINT('',(0.,0.,0.));
#25 = DIRECTION('',(0.,0.,1.));
#26 = DIRECTION('',(1.,0.,-0.));
#27 = ( GEOMETRIC_REPRESENTATION_CONTEXT(3) 
GLOBAL_UNCERTAINTY_ASSIGNED_CONTEXT((#31)) GLOBAL_UNIT_ASSIGNED_CONTEXT(
(#28,#29,#30)) REPRESENTATION_CONTEXT('Context #1',
  '3D Context with UNIT and UNCERTAINTY') );
#28 = ( LENGTH_UNIT() NAMED_UNIT(*) SI_UNIT(.MILLI.,.METRE.) );
#29 = ( NAMED_UNIT(*) PLANE_ANGLE_UNIT() SI_UNIT($,.RADIAN.) );
#30 = ( NAMED_UNIT(*) SI_UNIT($,.STERADIAN.) SOLID_ANGLE_UNIT() );
#31 = UNCERTAINTY_MEASURE_WITH_UNIT(LENGTH_MEASURE(2.E-06),#28,
  'distance_accuracy_value','confusion accuracy');
#32 = PRODUCT_RELATED_PRODUCT_CATEGORY('part',$,(#7));
#33 = SHAPE_DEFINITION_REPRESENTATION(#34,#40);
#34 = PRODUCT_DEFINITION_SHAPE('','',#35);
#35 = PRODUCT_DEFINITION('design','',#36,#39);
#36 = PRODUCT_DEFINITION_FORMATION('','',#37);
#37 = PRODUCT('Open CASCADE STEP translator 7.9 8.1',
  'Open CASCADE STEP translator 7.9 8.1','',(#38));
#38 = PRODUCT_CONTEXT('',#2,'mechanical');
#39 = PRODUCT_DEFINITION_CONTEXT('part definition',#2,'design');
#40 = ADVANCED_BREP_SHAPE_REPRESENTATION('',(#11,#41),#1434);
#41 = MANIFOLD_SOLID_BREP('',#42);
#42 = CLOSED_SHELL('',(#43,#1426,#1430));
#43 = ADVANCED_FACE('',(#44),#216,.T.);
#44 = FACE_BOUND('',#45,.T.);
#45 = EDGE_LOOP('',(#46,#1357,#1391,#1392));
#46 = ORIENTED_EDGE('',*,*,#47,.T.);
#47 = EDGE_CURVE('',#48,#50,#52,.T.);
#48 = VERTEX_POINT('',#49);
#49 = CARTESIAN_POINT('',(1.1,-3.368832990347E-15,-3.45));
#50 = VERTEX_POINT('',#51);
#51 = CARTESIAN_POINT('',(15.399999999999,-0.140790863922,
    -3.447124958417));
#52 = SEAM_CURVE('',#53,(#215,#1350),.PCURVE_S1.);
#53 = ( BOUNDED_CURVE() B_SPLINE_CURVE(10,(#54,#55,#56,#57,#58,#59,#60,
    #61,#62,#63,#64,#65,#66,#67,#68,#69,#70,#71,#72,#73,#74,#75,#76,#77,
    #78,#79,#80,#81,#82,#83,#84,#85,#86,#87,#88,#89,#90,#91,#92,#93,#94,
    #95,#96,#97,#98,#99,#100,#101,#102,#103,#104,#105,#106,#107,#108,
    #109,#110,#111,#112,#113,#114,#115,#116,#117,#118,#119,#120,#121,
    #122,#123,#124,#125,#126,#127,#128,#129,#130,#131,#132,#133,#134,
    #135,#136,#137,#138,#139,#140,#141,#142,#143,#144,#145,#146,#147,
    #148,#149,#150,#151,#152,#153,#154,#155,#156,#157,#158,#159,#160,
    #161,#162,#163,#164,#165,#166,#167,#168,#169,#170,#171,#172,#173,
    #174,#175,#176,#177,#178,#179,#180,#181,#182,#183,#184,#185,#186,
    #187,#188,#189,#190,#191,#192,#193,#194,#195,#196,#197,#198,#199,
    #200,#201,#202,#203,#204,#205,#206,#207,#208,#209,#210,#211,#212,
#213,#214),.UNSPECIFIED.,.F.,.F.) B_SPLINE_CURVE_WITH_KNOTS((11,10,10,10
    ,10,10,10,10,10,10,10,10,10,10,10,10,11),(0.,5.180219183917,
    10.360438367835,15.540657551752,20.720876735669,25.901095919587,
    31.081315103504,36.261534287421,41.441753471339,46.621972655256,
    51.802191839173,56.982411023091,62.162630207008,67.342849390925,
    72.523068574843,77.70328775876,82.883506942677),
.PIECEWISE_BEZIER_KNOTS.) CURVE() GEOMETRIC_REPRESENTATION_ITEM() 
RATIONAL_B_SPLINE_CURVE((1.669078461068,1.669078461068,1.669078461068,
    1.669078461068,1.669078461068,1.669078461069,1.669078461068,
    1.669078461068,1.669078461068,1.669078461068,1.669078461068,
    1.669078461068,1.669078461068,1.669078461068,1.669078461068,
    1.669078461068,1.669078461068,1.669078461068,1.669078461068,
    1.669078461068,1.669078461068,1.669078461068,1.669078461068,
    1.669078461068,1.669078461069,1.669078461068,1.669078461068,
    1.669078461068,1.669078461068,1.669078461068,1.669078461068,
    1.669078461068,1.669078461068,1.669078461069,1.669078461067,
    1.66907846107,1.669078461067,1.669078461069,1.669078461068,
    1.669078461068,1.669078461068,1.669078461068,1.669078461068,
    1.669078461069,1.669078461068,1.669078461069,1.669078461068,
    1.669078461069,1.669078461068,1.669078461068,1.669078461068,
    1.669078461068,1.669078461068,1.669078461068,1.669078461068,
    1.669078461068,1.669078461068,1.669078461068,1.669078461068,
    1.669078461068,1.669078461068,1.669078461068,1.669078461068,
    1.669078461069,1.669078461068,1.669078461069,1.669078461068,
    1.669078461068,1.669078461068,1.669078461068,1.669078461068,
    1.669078461068,1.669078461068,1.669078461068,1.669078461068,
    1.669078461068,1.669078461068,1.669078461068,1.669078461068,
    1.669078461068,1.669078461068,1.669078461068,1.669078461068,
    1.669078461068,1.669078461068,1.669078461069,1.669078461068,
    1.669078461068,1.669078461068,1.669078461068,1.669078461068,
    1.669078461068,1.669078461068,1.669078461069,1.669078461067,
    1.66907846107,1.669078461067,1.669078461069,1.669078461068,
    1.669078461068,1.669078461068,1.669078461068,1.669078461068,
    1.669078461068,1.669078461068,1.669078461068,1.669078461068,
    1.669078461068,1.669078461068,1.669078461068,1.669078461068,
    1.669078461068,1.669078461068,1.669078461068,1.669078461068,
    1.669078461068,1.669078461068,1.669078461068,1.669078461068,
    1.669078461068,1.669078461068,1.669078461068,1.669078461068,
    1.669078461069,1.669078461067,1.66907846107,1.669078461067,
    1.669078461069,1.669078461068,1.669078461068,1.669078461068,
    1.669078461068,1.669078461068,1.669078461068,1.669078461068,
    1.669078461068,1.669078461068,1.669078461068,1.669078461068,
    1.669078461068,1.669078461068,1.669078461068,1.669078461068,
    1.669078461068,1.669078461069,1.669078461068,1.669078461069,
    1.669078461068,1.669078461068,1.669078461068,1.669078461068,
    1.669078461068,1.669078461068,1.669078461069,1.669078461067,
    1.669078461069,1.669078461067,1.669078461069,1.669078461068,
1.669078461068,1.669078461068)) REPRESENTATION_ITEM('') );
#54 = CARTESIAN_POINT('',(1.1,-3.368832990347E-15,-3.45));
#55 = CARTESIAN_POINT('',(1.189375,1.760374918228,-3.449995777571));
#56 = CARTESIAN_POINT('',(1.278749999993,3.520895055085,-2.452099771133)
  );
#57 = CARTESIAN_POINT('',(1.368125000025,4.643705711213,-0.455013514712)
  );
#58 = CARTESIAN_POINT('',(1.457499999942,4.497771336867,2.071318823149)
  );
#59 = CARTESIAN_POINT('',(1.546875000086,2.825843195179,4.217567941277)
  );
#60 = CARTESIAN_POINT('',(1.636249999912,0.205102426257,4.947540257348)
  );
#61 = CARTESIAN_POINT('',(1.72562500006,-2.186979851916,4.121688295672)
  );
#62 = CARTESIAN_POINT('',(1.814999999972,-3.606894659318,2.323720496994)
  );
#63 = CARTESIAN_POINT('',(1.904375000007,-3.860260058909,0.315964889487)
  );
#64 = CARTESIAN_POINT('',(1.993749999999,-3.190741343258,-1.312121269823
    ));
#65 = CARTESIAN_POINT('',(2.083125000002,-2.52122555385,-2.940208632486)
  );
#66 = CARTESIAN_POINT('',(2.172499999991,-0.928743668044,-4.188903774949
    ));
#67 = CARTESIAN_POINT('',(2.261875000028,1.345293741992,-4.467799053795)
  );
#68 = CARTESIAN_POINT('',(2.351249999939,3.626284300156,-3.372000527577)
  );
#69 = CARTESIAN_POINT('',(2.440625000088,4.975365798324,-1.009443366017)
  );
#70 = CARTESIAN_POINT('',(2.529999999912,4.653754421826,1.691985163195)
  );
#71 = CARTESIAN_POINT('',(2.61937500006,2.980190687591,3.590215715904));
#72 = CARTESIAN_POINT('',(2.708749999972,0.777307297568,4.2196162798));
#73 = CARTESIAN_POINT('',(2.798125000007,-1.175932959251,3.690341873171)
  );
#74 = CARTESIAN_POINT('',(2.887499999999,-2.427038199359,2.451933548274)
  );
#75 = CARTESIAN_POINT('',(2.976875000002,-3.678145807322,1.213527331489)
  );
#76 = CARTESIAN_POINT('',(3.066249999991,-4.227343977582,-0.734193693717
    ));
#77 = CARTESIAN_POINT('',(3.155625000028,-3.620408156591,-2.943416089387
    ));
#78 = CARTESIAN_POINT('',(3.244999999939,-1.739436396016,-4.636233816355
    ));
#79 = CARTESIAN_POINT('',(3.334375000087,0.958668730804,-4.985401023728)
  );
#80 = CARTESIAN_POINT('',(3.423749999913,3.334778609386,-3.660529868686)
  );
#81 = CARTESIAN_POINT('',(3.513125000058,4.453861097945,-1.390792268693)
  );
#82 = CARTESIAN_POINT('',(3.602499999974,4.198154892194,0.885934153539)
  );
#83 = CARTESIAN_POINT('',(3.691875000005,2.965785547736,2.491092766722)
  );
#84 = CARTESIAN_POINT('',(3.78125,1.344614551993,3.177186130299));
#85 = CARTESIAN_POINT('',(3.870625,-0.276557752893,3.863276656842));
#86 = CARTESIAN_POINT('',(3.959999999993,-2.286785478276,3.630441771032)
  );
#87 = CARTESIAN_POINT('',(4.049375000025,-4.099159300178,2.228886058701)
  );
#88 = CARTESIAN_POINT('',(4.138749999942,-4.949386127592,-0.154549752247
    ));
#89 = CARTESIAN_POINT('',(4.228125000085,-4.246154502601,-2.782703908615
    ));
#90 = CARTESIAN_POINT('',(4.317499999913,-2.117154553798,-4.476368863119
    ));
#91 = CARTESIAN_POINT('',(4.406875000059,0.407640577277,-4.648120527602)
  );
#92 = CARTESIAN_POINT('',(4.496249999973,2.416019504354,-3.545732052223)
  );
#93 = CARTESIAN_POINT('',(4.585625000007,3.431859052228,-1.795490178037)
  );
#94 = CARTESIAN_POINT('',(4.674999999999,3.449819273785,
    -3.52068817502E-02));
#95 = CARTESIAN_POINT('',(4.764375000002,3.467782659184,1.725076382248)
  );
#96 = CARTESIAN_POINT('',(4.853749999989,2.487899267656,3.495688325741)
  );
#97 = CARTESIAN_POINT('',(4.943125000031,0.502382320254,4.638820501118)
  );
#98 = CARTESIAN_POINT('',(5.032499999935,-2.02531571138,4.51867476732));
#99 = CARTESIAN_POINT('',(5.12187500009,-4.18850752703,2.868735859634));
#100 = CARTESIAN_POINT('',(5.21124999991,-4.945191847832,0.255580905453)
  );
#101 = CARTESIAN_POINT('',(5.300625000061,-4.143790381066,
    -2.144804582925));
#102 = CARTESIAN_POINT('',(5.389999999972,-2.360407947378,
    -3.582993511796));
#103 = CARTESIAN_POINT('',(5.479375000007,-0.355341882958,
    -3.856834662224));
#104 = CARTESIAN_POINT('',(5.568749999999,1.279491760922,-3.203965258869
    ));
#105 = CARTESIAN_POINT('',(5.658125000002,2.914326763791,-2.551098719775
    ));
#106 = CARTESIAN_POINT('',(5.74749999999,4.179207587866,-0.971442958814)
  );
#107 = CARTESIAN_POINT('',(5.836875000028,4.481295851446,1.299631096636)
  );
#108 = CARTESIAN_POINT('',(5.92624999994,3.408829173305,3.59168298197));
#109 = CARTESIAN_POINT('',(6.015625000086,1.060166309836,4.964807800739)
  );
#110 = CARTESIAN_POINT('',(6.104999999915,-1.64440887417,4.670775818607)
  );
#111 = CARTESIAN_POINT('',(6.194375000057,-3.559613386496,3.016676043787
    ));
#112 = CARTESIAN_POINT('',(6.283749999975,-4.211466507614,0.820325349157
    ));
#113 = CARTESIAN_POINT('',(6.373125000005,-3.702148490497,
    -1.138210719463));
#114 = CARTESIAN_POINT('',(6.4625,-2.47657432185,-2.401890844385));
#115 = CARTESIAN_POINT('',(6.551875,-1.250997742825,-3.665568909969));
#116 = CARTESIAN_POINT('',(6.641249999992,0.691013566462,-4.234618445081
    ));
#117 = CARTESIAN_POINT('',(6.730625000027,2.906319776257,-3.650254134609
    ));
#118 = CARTESIAN_POINT('',(6.819999999941,4.618238736403,-1.786660916851
    ));
#119 = CARTESIAN_POINT('',(6.909375000083,4.994926956547,0.907745651703)
  );
#120 = CARTESIAN_POINT('',(6.998749999919,3.694368704917,3.297248058222)
  );
#121 = CARTESIAN_POINT('',(7.088125000053,1.436171898123,4.439437121053)
  );
#122 = CARTESIAN_POINT('',(7.177499999977,-0.843046618208,4.206976832682
    ));
#123 = CARTESIAN_POINT('',(7.266875000005,-2.460697440285,2.991052534348
    ));
#124 = CARTESIAN_POINT('',(7.35625,-3.163299037771,1.376967391631));
#125 = CARTESIAN_POINT('',(7.445625000001,-3.865897734198,
    -0.237119013901));
#126 = CARTESIAN_POINT('',(7.534999999991,-3.653589138181,-2.24961812));
#127 = CARTESIAN_POINT('',(7.62437500003,-2.270601493905,-4.076200300126
    ));
#128 = CARTESIAN_POINT('',(7.713749999937,0.104033731685,-4.950705570792
    ));
#129 = CARTESIAN_POINT('',(7.803125000088,2.739227442545,-4.274330605021
    ));
#130 = CARTESIAN_POINT('',(7.892499999913,4.454530429706,-2.162725191526
    ));
#131 = CARTESIAN_POINT('',(7.981875000058,4.652038423759,0.360185762189)
  );
#132 = CARTESIAN_POINT('',(8.071249999974,3.57020265018,2.379709870602)
  );
#133 = CARTESIAN_POINT('',(8.160625000007,1.830418450789,3.413357559467)
  );
#134 = CARTESIAN_POINT('',(8.249999999999,7.041009696351E-02,
    3.44928035459));
#135 = CARTESIAN_POINT('',(8.339375000002,-1.689598293012,3.485206274014
    ));
#136 = CARTESIAN_POINT('',(8.428749999989,-3.470117114483,2.523443024223
    ));
#137 = CARTESIAN_POINT('',(8.518125000031,-4.633453307165,0.549694411277
    ));
#138 = CARTESIAN_POINT('',(8.607499999937,-4.539105499632,
    -1.979096824074));
#139 = CARTESIAN_POINT('',(8.696875000087,-2.911332902059,
    -4.159015488809));
#140 = CARTESIAN_POINT('',(8.786249999916,-0.306029005008,
    -4.942324710212));
#141 = CARTESIAN_POINT('',(8.875625000055,2.102402253246,-4.165463549246
    ));
#142 = CARTESIAN_POINT('',(8.964999999977,3.558722195465,-2.3968479632)
  );
#143 = CARTESIAN_POINT('',(9.054375000005,3.853005661726,-0.394682731225
    ));
#144 = CARTESIAN_POINT('',(9.14375,3.216856512374,1.246729392759));
#145 = CARTESIAN_POINT('',(9.233125000001,2.580704415061,2.888140481374)
  );
#146 = CARTESIAN_POINT('',(9.322499999989,1.014043409766,4.169077984344)
  );
#147 = CARTESIAN_POINT('',(9.411875000033,-1.253835134314,4.49432280625)
  );
#148 = CARTESIAN_POINT('',(9.501249999934,-3.556707006702,3.445307523952
    ));
#149 = CARTESIAN_POINT('',(9.590625000089,-4.953731208419,1.11077280202)
  );
#150 = CARTESIAN_POINT('',(9.679999999915,-4.687314295764,
    -1.596654720315));
#151 = CARTESIAN_POINT('',(9.769375000055,-3.052842832824,
    -3.528646471031));
#152 = CARTESIAN_POINT('',(9.858749999975,-0.863261978341,
    -4.202873396665));
#153 = CARTESIAN_POINT('',(9.948125000006,1.100372743967,-3.713572586884
    ));
#154 = CARTESIAN_POINT('',(10.037499999999,2.376491846147,-2.50095562766
    ));
#155 = CARTESIAN_POINT('',(10.126875000003,3.652613171923,
    -1.288340863454));
#156 = CARTESIAN_POINT('',(10.216249999988,4.241447468104,0.647766053503
    ));
#157 = CARTESIAN_POINT('',(10.305625000032,3.679725483285,2.868915102108
    ));
#158 = CARTESIAN_POINT('',(10.394999999937,1.833693751395,4.599768494383
    ));
#159 = CARTESIAN_POINT('',(10.484375000085,-0.856723355305,
    5.003927876713));
#160 = CARTESIAN_POINT('',(10.573749999918,-3.259377275976,
    3.727826050906));
#161 = CARTESIAN_POINT('',(10.663125000053,-4.42454914445,1.481400243997
    ));
#162 = CARTESIAN_POINT('',(10.752499999977,-4.215361292299,
    -0.800070621022));
#163 = CARTESIAN_POINT('',(10.841875000005,-3.016007874495,
    -2.43004600544));
#164 = CARTESIAN_POINT('',(10.93125,-1.409176830274,-3.149082510987));
#165 = CARTESIAN_POINT('',(11.020625,0.19765568869,-3.868116210122));
#166 = CARTESIAN_POINT('',(11.109999999992,2.212216017742,
    -3.676355996813));
#167 = CARTESIAN_POINT('',(11.199375000027,4.052817989233,
    -2.312080499309));
#168 = CARTESIAN_POINT('',(11.288749999941,4.951507171039,
    5.350694609607E-02));
#169 = CARTESIAN_POINT('',(11.378125000084,4.302064928787,2.69546560319)
  );
#170 = CARTESIAN_POINT('',(11.467499999917,2.208066563778,4.432228213356
    ));
#171 = CARTESIAN_POINT('',(11.556875000055,-0.312689475345,
    4.655471723114));
#172 = CARTESIAN_POINT('',(11.646249999976,-2.343155595171,
    3.594301535491));
#173 = CARTESIAN_POINT('',(11.735625000005,-3.394498507922,
    1.865156035178));
#174 = CARTESIAN_POINT('',(11.825,-3.448383298026,0.105606012551));
#175 = CARTESIAN_POINT('',(11.914375,-3.502264925612,-1.653944106926));
#176 = CARTESIAN_POINT('',(12.003749999992,-2.558726835718,
    -3.444185281989));
#177 = CARTESIAN_POINT('',(12.093125000029,-0.596946158886,
    -4.627601464503));
#178 = CARTESIAN_POINT('',(12.182499999936,1.93266943142,-4.55906761683)
  );
#179 = CARTESIAN_POINT('',(12.271875000091,4.129091250738,
    -2.953620582615));
#180 = CARTESIAN_POINT('',(12.361249999909,4.938943518944,-0.35645268974
    ));
#181 = CARTESIAN_POINT('',(12.450625000062,4.186701246424,2.059788327123
    ));
#182 = CARTESIAN_POINT('',(12.539999999971,2.433040206892,3.534074331876
    ));
#183 = CARTESIAN_POINT('',(12.629375000008,0.433981078233,3.848779281477
    ));
#184 = CARTESIAN_POINT('',(12.718749999999,-1.213836406232,
    3.229410739624));
#185 = CARTESIAN_POINT('',(12.808125000001,-2.861655082975,
    2.610045085866));
#186 = CARTESIAN_POINT('',(12.897499999994,-4.158511226044,
    1.056532946749));
#187 = CARTESIAN_POINT('',(12.986875000022,-4.506886308295,
    -1.207902851972));
#188 = CARTESIAN_POINT('',(13.076249999945,-3.481420871695,
    -3.521365032143));
#189 = CARTESIAN_POINT('',(13.165625000086,-1.161270921258,
    -4.942137083317));
#190 = CARTESIAN_POINT('',(13.254999999909,1.548741773744,
    -4.703363287222));
#191 = CARTESIAN_POINT('',(13.344375000064,3.497305463514,
    -3.088694920058));
#192 = CARTESIAN_POINT('',(13.433749999971,4.193847545434,
    -0.906105175423));
#193 = CARTESIAN_POINT('',(13.523125000006,3.724606843087,1.062417503625
    ));
#194 = CARTESIAN_POINT('',(13.6125,2.525078043477,2.350846841961));
#195 = CARTESIAN_POINT('',(13.701874999999,1.325546791952,3.63927417057)
  );
#196 = CARTESIAN_POINT('',(13.791249999995,-0.604446457141,4.24783916891
    ));
#197 = CARTESIAN_POINT('',(13.880625000022,-2.831217396901,3.70880815636
    ));
#198 = CARTESIAN_POINT('',(13.969999999945,-4.580813369921,
    1.880541179552));
#199 = CARTESIAN_POINT('',(14.059375000082,-5.012412550097,
    -0.805616470223));
#200 = CARTESIAN_POINT('',(14.148749999917,-3.760891888312,
    -3.221163934023));
#201 = CARTESIAN_POINT('',(14.238125000056,-1.526476046697,
    -4.409202031156));
#202 = CARTESIAN_POINT('',(14.327499999975,0.757011973686,
    -4.223306115223));
#203 = CARTESIAN_POINT('',(14.416875000005,2.399141342627,
    -3.040649268489));
#204 = CARTESIAN_POINT('',(14.50625,3.134538030489,-1.441239513545));
#205 = CARTESIAN_POINT('',(14.595625,3.869931843668,0.158171563159));
#206 = CARTESIAN_POINT('',(14.684999999992,3.698740018429,2.174584455143
    ));
#207 = CARTESIAN_POINT('',(14.774375000029,2.353318645379,4.029011216683
    ));
#208 = CARTESIAN_POINT('',(14.863749999938,-2.974449524511E-03,
    4.951797635072));
#209 = CARTESIAN_POINT('',(14.953125000087,-2.65142325685,4.329344501878
    ));
#210 = CARTESIAN_POINT('',(15.042499999914,-4.409464166085,
    2.253186048987));
#211 = CARTESIAN_POINT('',(15.131875000058,-4.658420432037,
    -0.265168545938));
#212 = CARTESIAN_POINT('',(15.221249999974,-3.618025905583,
    -2.306350922588));
#213 = CARTESIAN_POINT('',(15.310625000007,-1.899699504887,
    -3.375290109739));
#214 = CARTESIAN_POINT('',(15.399999999999,-0.140790863922,
    -3.447124958417));
#215 = PCURVE('',#216,#1344);
#216 = ( BOUNDED_SURFACE() B_SPLINE_SURFACE(6,10,(
    (#217,#218,#219,#220,#221,#222,#223,#224,#225,#226,#227,#228,#229
      ,#230,#231,#232,#233,#234,#235,#236,#237,#238,#239,#240,#241,#242
      ,#243,#244,#245,#246,#247,#248,#249,#250,#251,#252,#253,#254,#255
      ,#256,#257,#258,#259,#260,#261,#262,#263,#264,#265,#266,#267,#268
      ,#269,#270,#271,#272,#273,#274,#275,#276,#277,#278,#279,#280,#281
      ,#282,#283,#284,#285,#286,#287,#288,#289,#290,#291,#292,#293,#294
      ,#295,#296,#297,#298,#299,#300,#301,#302,#303,#304,#305,#306,#307
      ,#308,#309,#310,#311,#312,#313,#314,#315,#316,#317,#318,#319,#320
      ,#321,#322,#323,#324,#325,#326,#327,#328,#329,#330,#331,#332,#333
      ,#334,#335,#336,#337,#338,#339,#340,#341,#342,#343,#344,#345,#346
      ,#347,#348,#349,#350,#351,#352,#353,#354,#355,#356,#357,#358,#359
      ,#360,#361,#362,#363,#364,#365,#366,#367,#368,#369,#370,#371,#372
      ,#373,#374,#375,#376,#377)
    ,(#378,#379,#380,#381,#382,#383,#384,#385,#386,#387,#388,#389,#390
      ,#391,#392,#393,#394,#395,#396,#397,#398,#399,#400,#401,#402,#403
      ,#404,#405,#406,#407,#408,#409,#410,#411,#412,#413,#414,#415,#416
      ,#417,#418,#419,#420,#421,#422,#423,#424,#425,#426,#427,#428,#429
      ,#430,#431,#432,#433,#434,#435,#436,#437,#438,#439,#440,#441,#442
      ,#443,#444,#445,#446,#447,#448,#449,#450,#451,#452,#453,#454,#455
      ,#456,#457,#458,#459,#460,#461,#462,#463,#464,#465,#466,#467,#468
      ,#469,#470,#471,#472,#473,#474,#475,#476,#477,#478,#479,#480,#481
      ,#482,#483,#484,#485,#486,#487,#488,#489,#490,#491,#492,#493,#494
      ,#495,#496,#497,#498,#499,#500,#501,#502,#503,#504,#505,#506,#507
      ,#508,#509,#510,#511,#512,#513,#514,#515,#516,#517,#518,#519,#520
      ,#521,#522,#523,#524,#525,#526,#527,#528,#529,#530,#531,#532,#533
      ,#534,#535,#536,#537,#538)
    ,(#539,#540,#541,#542,#543,#544,#545,#546,#547,#548,#549,#550,#551
      ,#552,#553,#554,#555,#556,#557,#558,#559,#560,#561,#562,#563,#564
      ,#565,#566,#567,#568,#569,#570,#571,#572,#573,#574,#575,#576,#577
      ,#578,#579,#580,#581,#582,#583,#584,#585,#586,#587,#588,#589,#590
      ,#591,#592,#593,#594,#595,#596,#597,#598,#599,#600,#601,#602,#603
      ,#604,#605,#606,#607,#608,#609,#610,#611,#612,#613,#614,#615,#616
      ,#617,#618,#619,#620,#621,#622,#623,#624,#625,#626,#627,#628,#629
      ,#630,#631,#632,#633,#634,#635,#636,#637,#638,#639,#640,#641,#642
      ,#643,#644,#645,#646,#647,#648,#649,#650,#651,#652,#653,#654,#655
      ,#656,#657,#658,#659,#660,#661,#662,#663,#664,#665,#666,#667,#668
      ,#669,#670,#671,#672,#673,#674,#675,#676,#677,#678,#679,#680,#681
      ,#682,#683,#684,#685,#686,#687,#688,#689,#690,#691,#692,#693,#694
      ,#695,#696,#697,#698,#699)
    ,(#700,#701,#702,#703,#704,#705,#706,#707,#708,#709,#710,#711,#712
      ,#713,#714,#715,#716,#717,#718,#719,#720,#721,#722,#723,#724,#725
      ,#726,#727,#728,#729,#730,#731,#732,#733,#734,#735,#736,#737,#738
      ,#739,#740,#741,#742,#743,#744,#745,#746,#747,#748,#749,#750,#751
      ,#752,#753,#754,#755,#756,#757,#758,#759,#760,#761,#762,#763,#764
      ,#765,#766,#767,#768,#769,#770,#771,#772,#773,#774,#775,#776,#777
      ,#778,#779,#780,#781,#782,#783,#784,#785,#786,#787,#788,#789,#790
      ,#791,#792,#793,#794,#795,#796,#797,#798,#799,#800,#801,#802,#803
      ,#804,#805,#806,#807,#808,#809,#810,#811,#812,#813,#814,#815,#816
      ,#817,#818,#819,#820,#821,#822,#823,#824,#825,#826,#827,#828,#829
      ,#830,#831,#832,#833,#834,#835,#836,#837,#838,#839,#840,#841,#842
      ,#843,#844,#845,#846,#847,#848,#849,#850,#851,#852,#853,#854,#855
      ,#856,#857,#858,#859,#860)
    ,(#861,#862,#863,#864,#865,#866,#867,#868,#869,#870,#871,#872,#873
      ,#874,#875,#876,#877,#878,#879,#880,#881,#882,#883,#884,#885,#886
      ,#887,#888,#889,#890,#891,#892,#893,#894,#895,#896,#897,#898,#899
      ,#900,#901,#902,#903,#904,#905,#906,#907,#908,#909,#910,#911,#912
      ,#913,#914,#915,#916,#917,#918,#919,#920,#921,#922,#923,#924,#925
      ,#926,#927,#928,#929,#930,#931,#932,#933,#934,#935,#936,#937,#938
      ,#939,#940,#941,#942,#943,#944,#945,#946,#947,#948,#949,#950,#951
      ,#952,#953,#954,#955,#956,#957,#958,#959,#960,#961,#962,#963,#964
      ,#965,#966,#967,#968,#969,#970,#971,#972,#973,#974,#975,#976,#977
      ,#978,#979,#980,#981,#982,#983,#984,#985,#986,#987,#988,#989,#990
      ,#991,#992,#993,#994,#995,#996,#997,#998,#999,#1000,#1001,#1002
      ,#1003,#1004,#1005,#1006,#1007,#1008,#1009,#1010,#1011,#1012,#1013
      ,#1014,#1015,#1016,#1017,#1018,#1019,#1020,#1021)
    ,(#1022,#1023,#1024,#1025,#1026,#1027,#1028,#1029,#1030,#1031,#1032
      ,#1033,#1034,#1035,#1036,#1037,#1038,#1039,#1040,#1041,#1042,#1043
      ,#1044,#1045,#1046,#1047,#1048,#1049,#1050,#1051,#1052,#1053,#1054
      ,#1055,#1056,#1057,#1058,#1059,#1060,#1061,#1062,#1063,#1064,#1065
      ,#1066,#1067,#1068,#1069,#1070,#1071,#1072,#1073,#1074,#1075,#1076
      ,#1077,#1078,#1079,#1080,#1081,#1082,#1083,#1084,#1085,#1086,#1087
      ,#1088,#1089,#1090,#1091,#1092,#1093,#1094,#1095,#1096,#1097,#1098
      ,#1099,#1100,#1101,#1102,#1103,#1104,#1105,#1106,#1107,#1108,#1109
      ,#1110,#1111,#1112,#1113,#1114,#1115,#1116,#1117,#1118,#1119,#1120
      ,#1121,#1122,#1123,#1124,#1125,#1126,#1127,#1128,#1129,#1130,#1131
      ,#1132,#1133,#1134,#1135,#1136,#1137,#1138,#1139,#1140,#1141,#1142
      ,#1143,#1144,#1145,#1146,#1147,#1148,#1149,#1150,#1151,#1152,#1153
      ,#1154,#1155,#1156,#1157,#1158,#1159,#1160,#1161,#1162,#1163,#1164
      ,#1165,#1166,#1167,#1168,#1169,#1170,#1171,#1172,#1173,#1174,#1175
      ,#1176,#1177,#1178,#1179,#1180,#1181,#1182)
    ,(#1183,#1184,#1185,#1186,#1187,#1188,#1189,#1190,#1191,#1192,#1193
      ,#1194,#1195,#1196,#1197,#1198,#1199,#1200,#1201,#1202,#1203,#1204
      ,#1205,#1206,#1207,#1208,#1209,#1210,#1211,#1212,#1213,#1214,#1215
      ,#1216,#1217,#1218,#1219,#1220,#1221,#1222,#1223,#1224,#1225,#1226
      ,#1227,#1228,#1229,#1230,#1231,#1232,#1233,#1234,#1235,#1236,#1237
      ,#1238,#1239,#1240,#1241,#1242,#1243,#1244,#1245,#1246,#1247,#1248
      ,#1249,#1250,#1251,#1252,#1253,#1254,#1255,#1256,#1257,#1258,#1259
      ,#1260,#1261,#1262,#1263,#1264,#1265,#1266,#1267,#1268,#1269,#1270
      ,#1271,#1272,#1273,#1274,#1275,#1276,#1277,#1278,#1279,#1280,#1281
      ,#1282,#1283,#1284,#1285,#1286,#1287,#1288,#1289,#1290,#1291,#1292
      ,#1293,#1294,#1295,#1296,#1297,#1298,#1299,#1300,#1301,#1302,#1303
      ,#1304,#1305,#1306,#1307,#1308,#1309,#1310,#1311,#1312,#1313,#1314
      ,#1315,#1316,#1317,#1318,#1319,#1320,#1321,#1322,#1323,#1324,#1325
      ,#1326,#1327,#1328,#1329,#1330,#1331,#1332,#1333,#1334,#1335,#1336
      ,#1337,#1338,#1339,#1340,#1341,#1342,#1343
)),.UNSPECIFIED.,.T.,.F.,.F.) B_SPLINE_SURFACE_WITH_KNOTS((1,6,6,1),(11,
    10,10,10,10,10,10,10,10,10,10,10,10,10,10,10,11),(-6.28318530718,0.,
    6.28318530718,12.566370614359),(0.,5.180219183917,10.360438367835,
    15.540657551752,20.720876735669,25.901095919587,31.081315103504,
    36.261534287421,41.441753471339,46.621972655256,51.802191839173,
    56.982411023091,62.162630207008,67.342849390925,72.523068574843,
    77.70328775876,82.883506942677),.UNSPECIFIED.) 
GEOMETRIC_REPRESENTATION_ITEM() RATIONAL_B_SPLINE_SURFACE((
    (1.669078461068,1.669078461068,1.669078461068,1.669078461068
      ,1.669078461068,1.669078461069,1.669078461068,1.669078461068
      ,1.669078461068,1.669078461068,1.669078461068,1.669078461068
      ,1.669078461068,1.669078461068,1.669078461068,1.669078461068
      ,1.669078461068,1.669078461068,1.669078461068,1.669078461068
      ,1.669078461068,1.669078461068,1.669078461068,1.669078461068
      ,1.669078461069,1.669078461068,1.669078461068,1.669078461068
      ,1.669078461068,1.669078461068,1.669078461068,1.669078461068
      ,1.669078461068,1.669078461069,1.669078461067,1.66907846107
      ,1.669078461067,1.669078461069,1.669078461068,1.669078461068
      ,1.669078461068,1.669078461068,1.669078461068,1.669078461069
      ,1.669078461068,1.669078461069,1.669078461068,1.669078461069
      ,1.669078461068,1.669078461068,1.669078461068,1.669078461068
      ,1.669078461068,1.669078461068,1.669078461068,1.669078461068
      ,1.669078461068,1.669078461068,1.669078461068,1.669078461068
      ,1.669078461068,1.669078461068,1.669078461068,1.669078461069
      ,1.669078461068,1.669078461069,1.669078461068,1.669078461068
      ,1.669078461068,1.669078461068,1.669078461068,1.669078461068
      ,1.669078461068,1.669078461068,1.669078461068,1.669078461068
      ,1.669078461068,1.669078461068,1.669078461068,1.669078461068
      ,1.669078461068,1.669078461068,1.669078461068,1.669078461068
      ,1.669078461068,1.669078461069,1.669078461068,1.669078461068
      ,1.669078461068,1.669078461068,1.669078461068,1.669078461068
      ,1.669078461068,1.669078461069,1.669078461067,1.66907846107
      ,1.669078461067,1.669078461069,1.669078461068,1.669078461068
      ,1.669078461068,1.669078461068,1.669078461068,1.669078461068
      ,1.669078461068,1.669078461068,1.669078461068,1.669078461068
      ,1.669078461068,1.669078461068,1.669078461068,1.669078461068
      ,1.669078461068,1.669078461068,1.669078461068,1.669078461068
      ,1.669078461068,1.669078461068,1.669078461068,1.669078461068
      ,1.669078461068,1.669078461068,1.669078461068,1.669078461069
      ,1.669078461067,1.66907846107,1.669078461067,1.669078461069
      ,1.669078461068,1.669078461068,1.669078461068,1.669078461068
      ,1.669078461068,1.669078461068,1.669078461068,1.669078461068
      ,1.669078461068,1.669078461068,1.669078461068,1.669078461068
      ,1.669078461068,1.669078461068,1.669078461068,1.669078461068
      ,1.669078461069,1.669078461068,1.669078461069,1.669078461068
      ,1.669078461068,1.669078461068,1.669078461068,1.669078461068
      ,1.669078461068,1.669078461069,1.669078461067,1.669078461069
      ,1.669078461067,1.669078461069,1.669078461068,1.669078461068
      ,1.669078461068)
    ,(1.03672962321,1.03672962321,1.03672962321,1.03672962321
      ,1.036729623209,1.03672962321,1.036729623209,1.03672962321
      ,1.03672962321,1.03672962321,1.03672962321,1.03672962321
      ,1.03672962321,1.03672962321,1.036729623209,1.03672962321
      ,1.036729623209,1.03672962321,1.03672962321,1.03672962321
      ,1.03672962321,1.03672962321,1.03672962321,1.036729623209
      ,1.03672962321,1.036729623209,1.03672962321,1.036729623209
      ,1.03672962321,1.03672962321,1.03672962321,1.03672962321
      ,1.036729623209,1.03672962321,1.036729623209,1.03672962321
      ,1.036729623209,1.03672962321,1.036729623209,1.03672962321
      ,1.03672962321,1.03672962321,1.036729623209,1.03672962321
      ,1.036729623209,1.03672962321,1.036729623209,1.03672962321
      ,1.03672962321,1.03672962321,1.03672962321,1.03672962321
      ,1.03672962321,1.03672962321,1.03672962321,1.03672962321
      ,1.03672962321,1.03672962321,1.03672962321,1.03672962321
      ,1.03672962321,1.03672962321,1.036729623209,1.03672962321
      ,1.036729623209,1.03672962321,1.036729623209,1.03672962321
      ,1.036729623209,1.03672962321,1.03672962321,1.03672962321
      ,1.03672962321,1.03672962321,1.03672962321,1.03672962321
      ,1.03672962321,1.03672962321,1.03672962321,1.03672962321
      ,1.03672962321,1.03672962321,1.036729623209,1.03672962321
      ,1.036729623209,1.03672962321,1.036729623209,1.03672962321
      ,1.03672962321,1.03672962321,1.03672962321,1.03672962321
      ,1.036729623209,1.03672962321,1.036729623209,1.03672962321
      ,1.036729623209,1.03672962321,1.036729623209,1.03672962321
      ,1.03672962321,1.03672962321,1.03672962321,1.03672962321
      ,1.03672962321,1.03672962321,1.03672962321,1.03672962321
      ,1.03672962321,1.03672962321,1.03672962321,1.03672962321
      ,1.03672962321,1.03672962321,1.036729623209,1.03672962321
      ,1.036729623209,1.03672962321,1.03672962321,1.03672962321
      ,1.03672962321,1.03672962321,1.036729623209,1.03672962321
      ,1.036729623209,1.036729623211,1.036729623209,1.03672962321
      ,1.036729623209,1.03672962321,1.03672962321,1.03672962321
      ,1.03672962321,1.036729623209,1.03672962321,1.036729623209
      ,1.03672962321,1.03672962321,1.03672962321,1.03672962321
      ,1.03672962321,1.03672962321,1.03672962321,1.036729623209
      ,1.03672962321,1.036729623209,1.03672962321,1.036729623209
      ,1.03672962321,1.03672962321,1.03672962321,1.03672962321
      ,1.03672962321,1.03672962321,1.036729623209,1.03672962321
      ,1.036729623209,1.03672962321,1.036729623209,1.03672962321
      ,1.03672962321)
    ,(1.038346699848,1.038346699848,1.038346699847,1.038346699848
      ,1.038346699847,1.038346699848,1.038346699847,1.038346699848
      ,1.038346699847,1.038346699848,1.038346699848,1.038346699848
      ,1.038346699847,1.038346699848,1.038346699847,1.038346699848
      ,1.038346699847,1.038346699848,1.038346699847,1.038346699848
      ,1.038346699848,1.038346699847,1.038346699848,1.038346699847
      ,1.038346699848,1.038346699847,1.038346699848,1.038346699847
      ,1.038346699848,1.038346699848,1.038346699848,1.038346699848
      ,1.038346699847,1.038346699848,1.038346699847,1.038346699848
      ,1.038346699847,1.038346699848,1.038346699847,1.038346699848
      ,1.038346699848,1.038346699848,1.038346699847,1.038346699848
      ,1.038346699847,1.038346699848,1.038346699847,1.038346699848
      ,1.038346699847,1.038346699848,1.038346699848,1.038346699848
      ,1.038346699847,1.038346699848,1.038346699847,1.038346699848
      ,1.038346699847,1.038346699848,1.038346699847,1.038346699848
      ,1.038346699848,1.038346699848,1.038346699847,1.038346699848
      ,1.038346699847,1.038346699848,1.038346699847,1.038346699848
      ,1.038346699847,1.038346699848,1.038346699848,1.038346699848
      ,1.038346699847,1.038346699848,1.038346699847,1.038346699848
      ,1.038346699847,1.038346699848,1.038346699847,1.038346699848
      ,1.038346699848,1.038346699848,1.038346699848,1.038346699848
      ,1.038346699848,1.038346699847,1.038346699848,1.038346699847
      ,1.038346699848,1.038346699848,1.038346699848,1.038346699848
      ,1.038346699847,1.038346699848,1.038346699846,1.038346699849
      ,1.038346699846,1.038346699848,1.038346699847,1.038346699848
      ,1.038346699848,1.038346699848,1.038346699848,1.038346699847
      ,1.038346699848,1.038346699847,1.038346699848,1.038346699847
      ,1.038346699848,1.038346699847,1.038346699848,1.038346699848
      ,1.038346699847,1.038346699848,1.038346699847,1.038346699848
      ,1.038346699847,1.038346699848,1.038346699847,1.038346699848
      ,1.038346699848,1.038346699848,1.038346699847,1.038346699848
      ,1.038346699847,1.038346699849,1.038346699847,1.038346699848
      ,1.038346699847,1.038346699848,1.038346699848,1.038346699848
      ,1.038346699847,1.038346699848,1.038346699847,1.038346699848
      ,1.038346699847,1.038346699848,1.038346699847,1.038346699848
      ,1.038346699848,1.038346699847,1.038346699848,1.038346699847
      ,1.038346699848,1.038346699847,1.038346699848,1.038346699847
      ,1.038346699848,1.038346699847,1.038346699848,1.038346699848
      ,1.038346699847,1.038346699848,1.038346699847,1.038346699848
      ,1.038346699847,1.038346699848,1.038346699847,1.038346699848
      ,1.038346699848)
    ,(0.853534330196,0.853534330196,0.853534330196,0.853534330196
      ,0.853534330196,0.853534330196,0.853534330196,0.853534330196
      ,0.853534330196,0.853534330196,0.853534330196,0.853534330196
      ,0.853534330196,0.853534330196,0.853534330196,0.853534330196
      ,0.853534330196,0.853534330196,0.853534330196,0.853534330196
      ,0.853534330196,0.853534330196,0.853534330196,0.853534330196
      ,0.853534330196,0.853534330196,0.853534330196,0.853534330196
      ,0.853534330196,0.853534330196,0.853534330196,0.853534330196
      ,0.853534330196,0.853534330197,0.853534330196,0.853534330197
      ,0.853534330196,0.853534330197,0.853534330196,0.853534330196
      ,0.853534330196,0.853534330196,0.853534330196,0.853534330196
      ,0.853534330196,0.853534330197,0.853534330196,0.853534330196
      ,0.853534330196,0.853534330196,0.853534330196,0.853534330196
      ,0.853534330196,0.853534330196,0.853534330196,0.853534330196
      ,0.853534330196,0.853534330196,0.853534330196,0.853534330196
      ,0.853534330196,0.853534330196,0.853534330196,0.853534330196
      ,0.853534330196,0.853534330196,0.853534330196,0.853534330196
      ,0.853534330196,0.853534330196,0.853534330196,0.853534330196
      ,0.853534330196,0.853534330196,0.853534330196,0.853534330196
      ,0.853534330196,0.853534330196,0.853534330196,0.853534330196
      ,0.853534330196,0.853534330196,0.853534330196,0.853534330196
      ,0.853534330196,0.853534330196,0.853534330196,0.853534330196
      ,0.853534330196,0.853534330196,0.853534330196,0.853534330196
      ,0.853534330196,0.853534330197,0.853534330195,0.853534330197
      ,0.853534330196,0.853534330197,0.853534330196,0.853534330196
      ,0.853534330196,0.853534330196,0.853534330196,0.853534330196
      ,0.853534330196,0.853534330196,0.853534330196,0.853534330196
      ,0.853534330196,0.853534330196,0.853534330196,0.853534330196
      ,0.853534330196,0.853534330196,0.853534330196,0.853534330196
      ,0.853534330196,0.853534330196,0.853534330196,0.853534330196
      ,0.853534330196,0.853534330196,0.853534330196,0.853534330197
      ,0.853534330195,0.853534330197,0.853534330196,0.853534330197
      ,0.853534330196,0.853534330196,0.853534330196,0.853534330196
      ,0.853534330196,0.853534330196,0.853534330196,0.853534330196
      ,0.853534330196,0.853534330196,0.853534330196,0.853534330196
      ,0.853534330196,0.853534330196,0.853534330196,0.853534330196
      ,0.853534330196,0.853534330196,0.853534330196,0.853534330196
      ,0.853534330196,0.853534330196,0.853534330196,0.853534330196
      ,0.853534330196,0.853534330196,0.853534330196,0.853534330196
      ,0.853534330196,0.853534330196,0.853534330196,0.853534330196
      ,0.853534330196)
    ,(1.038346699848,1.038346699848,1.038346699847,1.038346699848
      ,1.038346699847,1.038346699848,1.038346699847,1.038346699848
      ,1.038346699847,1.038346699848,1.038346699848,1.038346699848
      ,1.038346699847,1.038346699848,1.038346699847,1.038346699848
      ,1.038346699847,1.038346699848,1.038346699847,1.038346699848
      ,1.038346699848,1.038346699847,1.038346699848,1.038346699847
      ,1.038346699848,1.038346699847,1.038346699848,1.038346699847
      ,1.038346699848,1.038346699847,1.038346699848,1.038346699848
      ,1.038346699847,1.038346699848,1.038346699847,1.038346699848
      ,1.038346699847,1.038346699848,1.038346699847,1.038346699848
      ,1.038346699848,1.038346699848,1.038346699847,1.038346699848
      ,1.038346699847,1.038346699848,1.038346699847,1.038346699848
      ,1.038346699847,1.038346699848,1.038346699848,1.038346699848
      ,1.038346699847,1.038346699848,1.038346699847,1.038346699848
      ,1.038346699847,1.038346699848,1.038346699847,1.038346699848
      ,1.038346699848,1.038346699848,1.038346699847,1.038346699848
      ,1.038346699847,1.038346699848,1.038346699847,1.038346699848
      ,1.038346699847,1.038346699848,1.038346699848,1.038346699848
      ,1.038346699847,1.038346699848,1.038346699847,1.038346699848
      ,1.038346699847,1.038346699848,1.038346699847,1.038346699848
      ,1.038346699848,1.038346699848,1.038346699847,1.038346699848
      ,1.038346699847,1.038346699848,1.038346699847,1.038346699848
      ,1.038346699847,1.038346699848,1.038346699848,1.038346699848
      ,1.038346699847,1.038346699848,1.038346699846,1.038346699849
      ,1.038346699846,1.038346699848,1.038346699847,1.038346699848
      ,1.038346699848,1.038346699848,1.038346699847,1.038346699848
      ,1.038346699847,1.038346699848,1.038346699848,1.038346699848
      ,1.038346699848,1.038346699848,1.038346699848,1.038346699848
      ,1.038346699847,1.038346699848,1.038346699847,1.038346699848
      ,1.038346699847,1.038346699848,1.038346699847,1.038346699848
      ,1.038346699848,1.038346699848,1.038346699847,1.038346699848
      ,1.038346699847,1.038346699848,1.038346699847,1.038346699848
      ,1.038346699847,1.038346699848,1.038346699848,1.038346699848
      ,1.038346699848,1.038346699847,1.038346699848,1.038346699847
      ,1.038346699848,1.038346699848,1.038346699847,1.038346699848
      ,1.038346699848,1.038346699847,1.038346699848,1.038346699847
      ,1.038346699848,1.038346699847,1.038346699848,1.038346699847
      ,1.038346699848,1.038346699847,1.038346699848,1.038346699848
      ,1.038346699847,1.038346699848,1.038346699847,1.038346699848
      ,1.038346699847,1.038346699848,1.038346699847,1.038346699848
      ,1.038346699848)
    ,(1.03672962321,1.03672962321,1.03672962321,1.03672962321
      ,1.036729623209,1.03672962321,1.036729623209,1.03672962321
      ,1.03672962321,1.03672962321,1.03672962321,1.03672962321
      ,1.03672962321,1.03672962321,1.036729623209,1.03672962321
      ,1.036729623209,1.03672962321,1.03672962321,1.03672962321
      ,1.03672962321,1.03672962321,1.03672962321,1.036729623209
      ,1.03672962321,1.036729623209,1.03672962321,1.036729623209
      ,1.03672962321,1.03672962321,1.03672962321,1.03672962321
      ,1.036729623209,1.03672962321,1.036729623209,1.03672962321
      ,1.036729623209,1.03672962321,1.036729623209,1.03672962321
      ,1.03672962321,1.03672962321,1.036729623209,1.03672962321
      ,1.036729623209,1.03672962321,1.036729623209,1.03672962321
      ,1.036729623209,1.03672962321,1.03672962321,1.03672962321
      ,1.03672962321,1.03672962321,1.03672962321,1.036729623209
      ,1.03672962321,1.03672962321,1.03672962321,1.03672962321
      ,1.03672962321,1.03672962321,1.036729623209,1.03672962321
      ,1.036729623209,1.03672962321,1.036729623209,1.03672962321
      ,1.03672962321,1.03672962321,1.03672962321,1.03672962321
      ,1.03672962321,1.03672962321,1.03672962321,1.03672962321
      ,1.03672962321,1.03672962321,1.03672962321,1.03672962321
      ,1.03672962321,1.03672962321,1.03672962321,1.03672962321
      ,1.036729623209,1.03672962321,1.036729623209,1.03672962321
      ,1.03672962321,1.03672962321,1.03672962321,1.03672962321
      ,1.036729623209,1.03672962321,1.036729623209,1.036729623211
      ,1.036729623209,1.03672962321,1.036729623209,1.03672962321
      ,1.03672962321,1.03672962321,1.03672962321,1.03672962321
      ,1.036729623209,1.03672962321,1.036729623209,1.03672962321
      ,1.03672962321,1.03672962321,1.03672962321,1.03672962321
      ,1.03672962321,1.03672962321,1.036729623209,1.03672962321
      ,1.036729623209,1.03672962321,1.03672962321,1.03672962321
      ,1.03672962321,1.03672962321,1.036729623209,1.03672962321
      ,1.036729623209,1.036729623211,1.036729623209,1.03672962321
      ,1.036729623209,1.03672962321,1.03672962321,1.03672962321
      ,1.03672962321,1.036729623209,1.03672962321,1.036729623209
      ,1.03672962321,1.03672962321,1.03672962321,1.03672962321
      ,1.03672962321,1.03672962321,1.03672962321,1.036729623209
      ,1.03672962321,1.036729623209,1.03672962321,1.036729623209
      ,1.03672962321,1.03672962321,1.03672962321,1.03672962321
      ,1.03672962321,1.03672962321,1.036729623209,1.03672962321
      ,1.036729623209,1.03672962321,1.036729623209,1.03672962321
      ,1.03672962321)
    ,(1.669078461068,1.669078461068,1.669078461068,1.669078461068
      ,1.669078461068,1.669078461069,1.669078461068,1.669078461068
      ,1.669078461068,1.669078461068,1.669078461068,1.669078461068
      ,1.669078461068,1.669078461068,1.669078461068,1.669078461068
      ,1.669078461068,1.669078461068,1.669078461068,1.669078461068
      ,1.669078461068,1.669078461068,1.669078461068,1.669078461068
      ,1.669078461069,1.669078461068,1.669078461068,1.669078461068
      ,1.669078461068,1.669078461068,1.669078461068,1.669078461068
      ,1.669078461068,1.669078461069,1.669078461067,1.66907846107
      ,1.669078461067,1.669078461069,1.669078461068,1.669078461068
      ,1.669078461068,1.669078461068,1.669078461068,1.669078461069
      ,1.669078461068,1.669078461069,1.669078461068,1.669078461069
      ,1.669078461068,1.669078461068,1.669078461068,1.669078461068
      ,1.669078461068,1.669078461068,1.669078461068,1.669078461068
      ,1.669078461068,1.669078461068,1.669078461068,1.669078461068
      ,1.669078461068,1.669078461068,1.669078461068,1.669078461069
      ,1.669078461068,1.669078461069,1.669078461068,1.669078461068
      ,1.669078461068,1.669078461068,1.669078461068,1.669078461068
      ,1.669078461068,1.669078461068,1.669078461068,1.669078461068
      ,1.669078461068,1.669078461068,1.669078461068,1.669078461068
      ,1.669078461068,1.669078461068,1.669078461068,1.669078461068
      ,1.669078461068,1.669078461069,1.669078461068,1.669078461068
      ,1.669078461068,1.669078461068,1.669078461068,1.669078461068
      ,1.669078461068,1.669078461069,1.669078461067,1.66907846107
      ,1.669078461067,1.669078461069,1.669078461068,1.669078461068
      ,1.669078461068,1.669078461068,1.669078461068,1.669078461068
      ,1.669078461068,1.669078461068,1.669078461068,1.669078461068
      ,1.669078461068,1.669078461068,1.669078461068,1.669078461068
      ,1.669078461068,1.669078461068,1.669078461068,1.669078461068
      ,1.669078461068,1.669078461068,1.669078461068,1.669078461068
      ,1.669078461068,1.669078461068,1.669078461068,1.669078461069
      ,1.669078461067,1.66907846107,1.669078461067,1.669078461069
      ,1.669078461068,1.669078461068,1.669078461068,1.669078461068
      ,1.669078461068,1.669078461068,1.669078461068,1.669078461068
      ,1.669078461068,1.669078461068,1.669078461068,1.669078461068
      ,1.669078461068,1.669078461068,1.669078461068,1.669078461068
      ,1.669078461069,1.669078461068,1.669078461069,1.669078461068
      ,1.669078461068,1.669078461068,1.669078461068,1.669078461068
      ,1.669078461068,1.669078461069,1.669078461067,1.669078461069
      ,1.669078461067,1.669078461069,1.669078461068,1.669078461068
,1.669078461068))) REPRESENTATION_ITEM('') SURFACE() );
#217 = CARTESIAN_POINT('',(1.1,-3.368832990347E-15,-3.45));
#218 = CARTESIAN_POINT('',(1.189375,1.760374918228,-3.449995777571));
#219 = CARTESIAN_POINT('',(1.278749999993,3.520895055085,-2.452099771133
    ));
#220 = CARTESIAN_POINT('',(1.368125000025,4.643705711213,-0.455013514712
    ));
#221 = CARTESIAN_POINT('',(1.457499999942,4.497771336867,2.071318823149)
  );
#222 = CARTESIAN_POINT('',(1.546875000086,2.825843195179,4.217567941277)
  );
#223 = CARTESIAN_POINT('',(1.636249999912,0.205102426257,4.947540257348)
  );
#224 = CARTESIAN_POINT('',(1.72562500006,-2.186979851916,4.121688295672)
  );
#225 = CARTESIAN_POINT('',(1.814999999972,-3.606894659318,2.323720496994
    ));
#226 = CARTESIAN_POINT('',(1.904375000007,-3.860260058909,0.315964889487
    ));
#227 = CARTESIAN_POINT('',(1.993749999999,-3.190741343258,
    -1.312121269823));
#228 = CARTESIAN_POINT('',(2.083125000002,-2.52122555385,-2.940208632486
    ));
#229 = CARTESIAN_POINT('',(2.172499999991,-0.928743668044,
    -4.188903774949));
#230 = CARTESIAN_POINT('',(2.261875000028,1.345293741992,-4.467799053795
    ));
#231 = CARTESIAN_POINT('',(2.351249999939,3.626284300156,-3.372000527577
    ));
#232 = CARTESIAN_POINT('',(2.440625000088,4.975365798324,-1.009443366017
    ));
#233 = CARTESIAN_POINT('',(2.529999999912,4.653754421826,1.691985163195)
  );
#234 = CARTESIAN_POINT('',(2.61937500006,2.980190687591,3.590215715904)
  );
#235 = CARTESIAN_POINT('',(2.708749999972,0.777307297568,4.2196162798));
#236 = CARTESIAN_POINT('',(2.798125000007,-1.175932959251,3.690341873171
    ));
#237 = CARTESIAN_POINT('',(2.887499999999,-2.427038199359,2.451933548274
    ));
#238 = CARTESIAN_POINT('',(2.976875000002,-3.678145807322,1.213527331489
    ));
#239 = CARTESIAN_POINT('',(3.066249999991,-4.227343977582,
    -0.734193693717));
#240 = CARTESIAN_POINT('',(3.155625000028,-3.620408156591,
    -2.943416089387));
#241 = CARTESIAN_POINT('',(3.244999999939,-1.739436396016,
    -4.636233816355));
#242 = CARTESIAN_POINT('',(3.334375000087,0.958668730804,-4.985401023728
    ));
#243 = CARTESIAN_POINT('',(3.423749999913,3.334778609386,-3.660529868686
    ));
#244 = CARTESIAN_POINT('',(3.513125000058,4.453861097945,-1.390792268693
    ));
#245 = CARTESIAN_POINT('',(3.602499999974,4.198154892194,0.885934153539)
  );
#246 = CARTESIAN_POINT('',(3.691875000005,2.965785547736,2.491092766722)
  );
#247 = CARTESIAN_POINT('',(3.78125,1.344614551993,3.177186130299));
#248 = CARTESIAN_POINT('',(3.870625,-0.276557752893,3.863276656842));
#249 = CARTESIAN_POINT('',(3.959999999993,-2.286785478276,3.630441771032
    ));
#250 = CARTESIAN_POINT('',(4.049375000025,-4.099159300178,2.228886058701
    ));
#251 = CARTESIAN_POINT('',(4.138749999942,-4.949386127592,
    -0.154549752247));
#252 = CARTESIAN_POINT('',(4.228125000085,-4.246154502601,
    -2.782703908615));
#253 = CARTESIAN_POINT('',(4.317499999913,-2.117154553798,
    -4.476368863119));
#254 = CARTESIAN_POINT('',(4.406875000059,0.407640577277,-4.648120527602
    ));
#255 = CARTESIAN_POINT('',(4.496249999973,2.416019504354,-3.545732052223
    ));
#256 = CARTESIAN_POINT('',(4.585625000007,3.431859052228,-1.795490178037
    ));
#257 = CARTESIAN_POINT('',(4.674999999999,3.449819273785,
    -3.52068817502E-02));
#258 = CARTESIAN_POINT('',(4.764375000002,3.467782659184,1.725076382248)
  );
#259 = CARTESIAN_POINT('',(4.853749999989,2.487899267656,3.495688325741)
  );
#260 = CARTESIAN_POINT('',(4.943125000031,0.502382320254,4.638820501118)
  );
#261 = CARTESIAN_POINT('',(5.032499999935,-2.02531571138,4.51867476732)
  );
#262 = CARTESIAN_POINT('',(5.12187500009,-4.18850752703,2.868735859634)
  );
#263 = CARTESIAN_POINT('',(5.21124999991,-4.945191847832,0.255580905453)
  );
#264 = CARTESIAN_POINT('',(5.300625000061,-4.143790381066,
    -2.144804582925));
#265 = CARTESIAN_POINT('',(5.389999999972,-2.360407947378,
    -3.582993511796));
#266 = CARTESIAN_POINT('',(5.479375000007,-0.355341882958,
    -3.856834662224));
#267 = CARTESIAN_POINT('',(5.568749999999,1.279491760922,-3.203965258869
    ));
#268 = CARTESIAN_POINT('',(5.658125000002,2.914326763791,-2.551098719775
    ));
#269 = CARTESIAN_POINT('',(5.74749999999,4.179207587866,-0.971442958814)
  );
#270 = CARTESIAN_POINT('',(5.836875000028,4.481295851446,1.299631096636)
  );
#271 = CARTESIAN_POINT('',(5.92624999994,3.408829173305,3.59168298197));
#272 = CARTESIAN_POINT('',(6.015625000086,1.060166309836,4.964807800739)
  );
#273 = CARTESIAN_POINT('',(6.104999999915,-1.64440887417,4.670775818607)
  );
#274 = CARTESIAN_POINT('',(6.194375000057,-3.559613386496,3.016676043787
    ));
#275 = CARTESIAN_POINT('',(6.283749999975,-4.211466507614,0.820325349157
    ));
#276 = CARTESIAN_POINT('',(6.373125000005,-3.702148490497,
    -1.138210719463));
#277 = CARTESIAN_POINT('',(6.4625,-2.47657432185,-2.401890844385));
#278 = CARTESIAN_POINT('',(6.551875,-1.250997742825,-3.665568909969));
#279 = CARTESIAN_POINT('',(6.641249999992,0.691013566462,-4.234618445081
    ));
#280 = CARTESIAN_POINT('',(6.730625000027,2.906319776257,-3.650254134609
    ));
#281 = CARTESIAN_POINT('',(6.819999999941,4.618238736403,-1.786660916851
    ));
#282 = CARTESIAN_POINT('',(6.909375000083,4.994926956547,0.907745651703)
  );
#283 = CARTESIAN_POINT('',(6.998749999919,3.694368704917,3.297248058222)
  );
#284 = CARTESIAN_POINT('',(7.088125000053,1.436171898123,4.439437121053)
  );
#285 = CARTESIAN_POINT('',(7.177499999977,-0.843046618208,4.206976832682
    ));
#286 = CARTESIAN_POINT('',(7.266875000005,-2.460697440285,2.991052534348
    ));
#287 = CARTESIAN_POINT('',(7.35625,-3.163299037771,1.376967391631));
#288 = CARTESIAN_POINT('',(7.445625000001,-3.865897734198,
    -0.237119013901));
#289 = CARTESIAN_POINT('',(7.534999999991,-3.653589138181,-2.24961812));
#290 = CARTESIAN_POINT('',(7.62437500003,-2.270601493905,-4.076200300126
    ));
#291 = CARTESIAN_POINT('',(7.713749999937,0.104033731685,-4.950705570792
    ));
#292 = CARTESIAN_POINT('',(7.803125000088,2.739227442545,-4.274330605021
    ));
#293 = CARTESIAN_POINT('',(7.892499999913,4.454530429706,-2.162725191526
    ));
#294 = CARTESIAN_POINT('',(7.981875000058,4.652038423759,0.360185762189)
  );
#295 = CARTESIAN_POINT('',(8.071249999974,3.57020265018,2.379709870602)
  );
#296 = CARTESIAN_POINT('',(8.160625000007,1.830418450789,3.413357559467)
  );
#297 = CARTESIAN_POINT('',(8.249999999999,7.041009696351E-02,
    3.44928035459));
#298 = CARTESIAN_POINT('',(8.339375000002,-1.689598293012,3.485206274014
    ));
#299 = CARTESIAN_POINT('',(8.428749999989,-3.470117114483,2.523443024223
    ));
#300 = CARTESIAN_POINT('',(8.518125000031,-4.633453307165,0.549694411277
    ));
#301 = CARTESIAN_POINT('',(8.607499999937,-4.539105499632,
    -1.979096824074));
#302 = CARTESIAN_POINT('',(8.696875000087,-2.911332902059,
    -4.159015488809));
#303 = CARTESIAN_POINT('',(8.786249999916,-0.306029005008,
    -4.942324710212));
#304 = CARTESIAN_POINT('',(8.875625000055,2.102402253246,-4.165463549246
    ));
#305 = CARTESIAN_POINT('',(8.964999999977,3.558722195465,-2.3968479632)
  );
#306 = CARTESIAN_POINT('',(9.054375000005,3.853005661726,-0.394682731225
    ));
#307 = CARTESIAN_POINT('',(9.14375,3.216856512374,1.246729392759));
#308 = CARTESIAN_POINT('',(9.233125000001,2.580704415061,2.888140481374)
  );
#309 = CARTESIAN_POINT('',(9.322499999989,1.014043409766,4.169077984344)
  );
#310 = CARTESIAN_POINT('',(9.411875000033,-1.253835134314,4.49432280625)
  );
#311 = CARTESIAN_POINT('',(9.501249999934,-3.556707006702,3.445307523952
    ));
#312 = CARTESIAN_POINT('',(9.590625000089,-4.953731208419,1.11077280202)
  );
#313 = CARTESIAN_POINT('',(9.679999999915,-4.687314295764,
    -1.596654720315));
#314 = CARTESIAN_POINT('',(9.769375000055,-3.052842832824,
    -3.528646471031));
#315 = CARTESIAN_POINT('',(9.858749999975,-0.863261978341,
    -4.202873396665));
#316 = CARTESIAN_POINT('',(9.948125000006,1.100372743967,-3.713572586884
    ));
#317 = CARTESIAN_POINT('',(10.037499999999,2.376491846147,-2.50095562766
    ));
#318 = CARTESIAN_POINT('',(10.126875000003,3.652613171923,
    -1.288340863454));
#319 = CARTESIAN_POINT('',(10.216249999988,4.241447468104,0.647766053503
    ));
#320 = CARTESIAN_POINT('',(10.305625000032,3.679725483285,2.868915102108
    ));
#321 = CARTESIAN_POINT('',(10.394999999937,1.833693751395,4.599768494383
    ));
#322 = CARTESIAN_POINT('',(10.484375000085,-0.856723355305,
    5.003927876713));
#323 = CARTESIAN_POINT('',(10.573749999918,-3.259377275976,
    3.727826050906));
#324 = CARTESIAN_POINT('',(10.663125000053,-4.42454914445,1.481400243997
    ));
#325 = CARTESIAN_POINT('',(10.752499999977,-4.215361292299,
    -0.800070621022));
#326 = CARTESIAN_POINT('',(10.841875000005,-3.016007874495,
    -2.43004600544));
#327 = CARTESIAN_POINT('',(10.93125,-1.409176830274,-3.149082510987));
#328 = CARTESIAN_POINT('',(11.020625,0.19765568869,-3.868116210122));
#329 = CARTESIAN_POINT('',(11.109999999992,2.212216017742,
    -3.676355996813));
#330 = CARTESIAN_POINT('',(11.199375000027,4.052817989233,
    -2.312080499309));
#331 = CARTESIAN_POINT('',(11.288749999941,4.951507171039,
    5.350694609607E-02));
#332 = CARTESIAN_POINT('',(11.378125000084,4.302064928787,2.69546560319)
  );
#333 = CARTESIAN_POINT('',(11.467499999917,2.208066563778,4.432228213356
    ));
#334 = CARTESIAN_POINT('',(11.556875000055,-0.312689475345,
    4.655471723114));
#335 = CARTESIAN_POINT('',(11.646249999976,-2.343155595171,
    3.594301535491));
#336 = CARTESIAN_POINT('',(11.735625000005,-3.394498507922,
    1.865156035178));
#337 = CARTESIAN_POINT('',(11.825,-3.448383298026,0.105606012551));
#338 = CARTESIAN_POINT('',(11.914375,-3.502264925612,-1.653944106926));
#339 = CARTESIAN_POINT('',(12.003749999992,-2.558726835718,
    -3.444185281989));
#340 = CARTESIAN_POINT('',(12.093125000029,-0.596946158886,
    -4.627601464503));
#341 = CARTESIAN_POINT('',(12.182499999936,1.93266943142,-4.55906761683)
  );
#342 = CARTESIAN_POINT('',(12.271875000091,4.129091250738,
    -2.953620582615));
#343 = CARTESIAN_POINT('',(12.361249999909,4.938943518944,-0.35645268974
    ));
#344 = CARTESIAN_POINT('',(12.450625000062,4.186701246424,2.059788327123
    ));
#345 = CARTESIAN_POINT('',(12.539999999971,2.433040206892,3.534074331876
    ));
#346 = CARTESIAN_POINT('',(12.629375000008,0.433981078233,3.848779281477
    ));
#347 = CARTESIAN_POINT('',(12.718749999999,-1.213836406232,
    3.229410739624));
#348 = CARTESIAN_POINT('',(12.808125000001,-2.861655082975,
    2.610045085866));
#349 = CARTESIAN_POINT('',(12.897499999994,-4.158511226044,
    1.056532946749));
#350 = CARTESIAN_POINT('',(12.986875000022,-4.506886308295,
    -1.207902851972));
#351 = CARTESIAN_POINT('',(13.076249999945,-3.481420871695,
    -3.521365032143));
#352 = CARTESIAN_POINT('',(13.165625000086,-1.161270921258,
    -4.942137083317));
#353 = CARTESIAN_POINT('',(13.254999999909,1.548741773744,
    -4.703363287222));
#354 = CARTESIAN_POINT('',(13.344375000064,3.497305463514,
    -3.088694920058));
#355 = CARTESIAN_POINT('',(13.433749999971,4.193847545434,
    -0.906105175423));
#356 = CARTESIAN_POINT('',(13.523125000006,3.724606843087,1.062417503625
    ));
#357 = CARTESIAN_POINT('',(13.6125,2.525078043477,2.350846841961));
#358 = CARTESIAN_POINT('',(13.701874999999,1.325546791952,3.63927417057)
  );
#359 = CARTESIAN_POINT('',(13.791249999995,-0.604446457141,4.24783916891
    ));
#360 = CARTESIAN_POINT('',(13.880625000022,-2.831217396901,3.70880815636
    ));
#361 = CARTESIAN_POINT('',(13.969999999945,-4.580813369921,
    1.880541179552));
#362 = CARTESIAN_POINT('',(14.059375000082,-5.012412550097,
    -0.805616470223));
#363 = CARTESIAN_POINT('',(14.148749999917,-3.760891888312,
    -3.221163934023));
#364 = CARTESIAN_POINT('',(14.238125000056,-1.526476046697,
    -4.409202031156));
#365 = CARTESIAN_POINT('',(14.327499999975,0.757011973686,
    -4.223306115223));
#366 = CARTESIAN_POINT('',(14.416875000005,2.399141342627,
    -3.040649268489));
#367 = CARTESIAN_POINT('',(14.50625,3.134538030489,-1.441239513545));
#368 = CARTESIAN_POINT('',(14.595625,3.869931843668,0.158171563159));
#369 = CARTESIAN_POINT('',(14.684999999992,3.698740018429,2.174584455143
    ));
#370 = CARTESIAN_POINT('',(14.774375000029,2.353318645379,4.029011216683
    ));
#371 = CARTESIAN_POINT('',(14.863749999938,-2.974449524511E-03,
    4.951797635072));
#372 = CARTESIAN_POINT('',(14.953125000087,-2.65142325685,4.329344501878
    ));
#373 = CARTESIAN_POINT('',(15.042499999914,-4.409464166085,
    2.253186048987));
#374 = CARTESIAN_POINT('',(15.131875000058,-4.658420432037,
    -0.265168545938));
#375 = CARTESIAN_POINT('',(15.221249999974,-3.618025905583,
    -2.306350922588));
#376 = CARTESIAN_POINT('',(15.310625000007,-1.899699504887,
    -3.375290109739));
#377 = CARTESIAN_POINT('',(15.399999999999,-0.140790863922,
    -3.447124958417));
#378 = CARTESIAN_POINT('',(1.1,-2.537033083616E-15,-4.363848691564));
#379 = CARTESIAN_POINT('',(1.189382015748,2.226659007407,-4.363844469135
    ));
#380 = CARTESIAN_POINT('',(1.278732595833,4.453565198435,-3.101610478544
    ));
#381 = CARTESIAN_POINT('',(1.368155871497,5.873662523586,-0.575580020937
    ));
#382 = CARTESIAN_POINT('',(1.457475879252,5.689261474819,2.620066184271)
  );
#383 = CARTESIAN_POINT('',(1.546875897525,3.574285476876,5.334603555553)
  );
#384 = CARTESIAN_POINT('',(1.636275915478,0.259459484009,6.258195713759)
  );
#385 = CARTESIAN_POINT('',(1.725595923466,-2.766269498565,5.213362948702
    ));
#386 = CARTESIAN_POINT('',(1.815019199008,-4.562314317304,2.939277994245
    ));
#387 = CARTESIAN_POINT('',(1.904369779136,-4.882775174464,0.399649543864
    ));
#388 = CARTESIAN_POINT('',(1.993751794875,-4.035916947379,-1.65968080324
    ));
#389 = CARTESIAN_POINT('',(2.08312855349,-3.18906150204,-3.71901258287)
  );
#390 = CARTESIAN_POINT('',(2.172487894594,-1.174727712364,
    -5.298511409864));
#391 = CARTESIAN_POINT('',(2.2618992869,1.701571070092,-5.651182901311)
  );
#392 = CARTESIAN_POINT('',(2.351232584416,4.586948368569,-4.26525085734)
  );
#393 = CARTESIAN_POINT('',(2.440620309889,6.293110885024,-1.276805898364
    ));
#394 = CARTESIAN_POINT('',(2.530029678103,5.886591141913,2.140188260004)
  );
#395 = CARTESIAN_POINT('',(2.619343936432,3.76951073602,4.541164603622)
  );
#396 = CARTESIAN_POINT('',(2.708769968398,0.983237289448,5.337350894264)
  );
#397 = CARTESIAN_POINT('',(2.798119599649,-1.48742515341,4.667845263067)
  );
#398 = CARTESIAN_POINT('',(2.887501794875,-3.069921142516,3.10141099397)
  );
#399 = CARTESIAN_POINT('',(2.976878732978,-4.652419644614,1.534978600207
    ));
#400 = CARTESIAN_POINT('',(3.066237125204,-5.34712171261,-0.928706295611
    ));
#401 = CARTESIAN_POINT('',(3.155651273934,-4.579362771792,
    -3.722990841537));
#402 = CARTESIAN_POINT('',(3.244978821793,-2.200197005988,-5.86443218937
    ));
#403 = CARTESIAN_POINT('',(3.334375897521,1.212569555866,-6.305806125553
    ));
#404 = CARTESIAN_POINT('',(3.423772972943,4.218178988085,-4.630259394925
    ));
#405 = CARTESIAN_POINT('',(3.513100521024,5.633547443481,-1.759127543163
    ));
#406 = CARTESIAN_POINT('',(3.60251466964,5.310215041231,1.120581874691)
  );
#407 = CARTESIAN_POINT('',(3.691873061905,3.751364200802,3.150946241403)
  );
#408 = CARTESIAN_POINT('',(3.78125,1.700781000978,4.018770880453));
#409 = CARTESIAN_POINT('',(3.870632015746,-0.349803286784,4.88659252922)
  );
#410 = CARTESIAN_POINT('',(3.959982595836,-2.892560868055,4.592093440026
    ));
#411 = CARTESIAN_POINT('',(4.049405871493,-5.184865458551,2.819286075974
    ));
#412 = CARTESIAN_POINT('',(4.138725879255,-6.260528048699,
    -0.195528745505));
#413 = CARTESIAN_POINT('',(4.228125897523,-5.370769800801,
    -3.519707873091));
#414 = CARTESIAN_POINT('',(4.317525915477,-2.678032492729,
    -5.662196992637));
#415 = CARTESIAN_POINT('',(4.406845923468,0.515649100828,-5.879243674013
    ));
#416 = CARTESIAN_POINT('',(4.496269199006,3.055978494955,-4.484981883542
    ));
#417 = CARTESIAN_POINT('',(4.585619779138,4.34090173023,-2.271075809114)
  );
#418 = CARTESIAN_POINT('',(4.675001794875,4.363620379118,
    -4.453270414609E-02));
#419 = CARTESIAN_POINT('',(4.76437855349,4.386342148094,2.1820106359));
#420 = CARTESIAN_POINT('',(4.853737894595,3.146893953684,4.421681445214)
  );
#421 = CARTESIAN_POINT('',(4.943149286901,0.635494133756,5.867483233596)
  );
#422 = CARTESIAN_POINT('',(5.032482584412,-2.561875468498,5.715702432419
    ));
#423 = CARTESIAN_POINT('',(5.121870309897,-5.297847196913,3.628538685405
    ));
#424 = CARTESIAN_POINT('',(5.211279678093,-6.255224350495,0.323310044971
    ));
#425 = CARTESIAN_POINT('',(5.300593936441,-5.241319779,-2.712923537532)
  );
#426 = CARTESIAN_POINT('',(5.390019968392,-2.985683350822,
    -4.532081758362));
#427 = CARTESIAN_POINT('',(5.479369599652,-0.449456840552,
    -4.878442531731));
#428 = CARTESIAN_POINT('',(5.568751794874,1.61840826693,-4.052643662638)
  );
#429 = CARTESIAN_POINT('',(5.658128732979,3.686274957786,-3.226847500003
    ));
#430 = CARTESIAN_POINT('',(5.747487125203,5.286247229549,-1.228737653484
    ));
#431 = CARTESIAN_POINT('',(5.836901273934,5.668253781621,1.643813635697)
  );
#432 = CARTESIAN_POINT('',(5.926228821795,4.311836600695,4.543181363084)
  );
#433 = CARTESIAN_POINT('',(6.015625897516,1.340962174929,6.279756067417)
  );
#434 = CARTESIAN_POINT('',(6.105022972951,-2.080007424379,5.908121965083
    ));
#435 = CARTESIAN_POINT('',(6.194350521016,-4.502458060431,3.815659566206
    ));
#436 = CARTESIAN_POINT('',(6.283764669648,-5.327041238639,1.037650790878
    ));
#437 = CARTESIAN_POINT('',(6.3731230619,-4.682779848475,-1.43971124675)
  );
#438 = CARTESIAN_POINT('',(6.462500000003,-3.132578438831,
    -3.038112527117));
#439 = CARTESIAN_POINT('',(6.551882195225,-1.58237475916,-4.636511512446
    ));
#440 = CARTESIAN_POINT('',(6.641231826463,0.874089011279,-5.356323045896
    ));
#441 = CARTESIAN_POINT('',(6.730657858503,3.676067669633,-4.617114055425
    ));
#442 = CARTESIAN_POINT('',(6.819972116657,5.841671378206,-2.25993141602)
  );
#443 = CARTESIAN_POINT('',(6.909381485134,6.317854137271,1.148158862124)
  );
#444 = CARTESIAN_POINT('',(6.998769210334,4.673062878458,4.170706310564)
  );
#445 = CARTESIAN_POINT('',(7.088102508049,1.816526499665,5.615303287857)
  );
#446 = CARTESIAN_POINT('',(7.177513900256,-1.066333635077,5.321373602946
    ));
#447 = CARTESIAN_POINT('',(7.266873241388,-3.112499813062,3.78332402423)
  );
#448 = CARTESIAN_POINT('',(7.356250000004,-4.00120532377,1.741703579796)
  );
#449 = CARTESIAN_POINT('',(7.445632015736,-4.889907784266,
    -0.299917901281));
#450 = CARTESIAN_POINT('',(7.534982595853,-4.62137260784,-2.845548410552
    ));
#451 = CARTESIAN_POINT('',(7.624405871475,-2.872050287202,
    -5.155824953307));
#452 = CARTESIAN_POINT('',(7.713725879265,0.131630523567,-6.262197405409
    ));
#453 = CARTESIAN_POINT('',(7.803125897526,3.464716447591,-5.406408392166
    ));
#454 = CARTESIAN_POINT('',(7.892525915464,5.634573110303,-2.735675178089
    ));
#455 = CARTESIAN_POINT('',(7.981845923484,5.884199679777,0.455625177363)
  );
#456 = CARTESIAN_POINT('',(8.071269198993,4.515934288763,3.010050590423)
  );
#457 = CARTESIAN_POINT('',(8.160619779145,2.315256003903,4.317499600304)
  );
#458 = CARTESIAN_POINT('',(8.250001794872,8.906067941292E-02,
    4.362938708048));
#459 = CARTESIAN_POINT('',(8.33937873298,-2.137134945732,4.408380890576)
  );
#460 = CARTESIAN_POINT('',(8.428737125203,-4.389337057858,3.191853095859
    ));
#461 = CARTESIAN_POINT('',(8.518151273931,-5.860693632834,0.695337575372
    ));
#462 = CARTESIAN_POINT('',(8.607478821799,-5.741546439723,
    -2.503412920325));
#463 = CARTESIAN_POINT('',(8.696875897511,-3.682416757856,
    -5.260543949269));
#464 = CARTESIAN_POINT('',(8.786272972957,-0.387123486837,
    -6.251597511492));
#465 = CARTESIAN_POINT('',(8.875600521009,2.659291572089,-5.268733704202
    ));
#466 = CARTESIAN_POINT('',(8.965014669655,4.501380053802,-3.031775904178
    ));
#467 = CARTESIAN_POINT('',(9.054373061894,4.873599964892,-0.499218354559
    ));
#468 = CARTESIAN_POINT('',(9.143750000007,4.068949299268,1.576967660675)
  );
#469 = CARTESIAN_POINT('',(9.233132015728,3.264295729678,3.653152375057)
  );
#470 = CARTESIAN_POINT('',(9.322482595868,1.282621806151,5.273434539238)
  );
#471 = CARTESIAN_POINT('',(9.411905871458,-1.585886774628,5.684731034917
    ));
#472 = CARTESIAN_POINT('',(9.501225879276,-4.49894100625,4.357978058857)
  );
#473 = CARTESIAN_POINT('',(9.590625897527,-6.265745203123,1.404972887496
    ));
#474 = CARTESIAN_POINT('',(9.680025915451,-5.929041565916,
    -2.019603655393));
#475 = CARTESIAN_POINT('',(9.769345923502,-3.861406104596,
    -4.463288369487));
#476 = CARTESIAN_POINT('',(9.858769198978,-1.091960637395,
    -5.316172403501));
#477 = CARTESIAN_POINT('',(9.948119779153,1.391850460976,-4.697229551179
    ));
#478 = CARTESIAN_POINT('',(10.037501794869,3.005985879832,
    -3.163418224811));
#479 = CARTESIAN_POINT('',(10.126878732986,4.620123675434,
    -1.629608872194));
#480 = CARTESIAN_POINT('',(10.216237125194,5.364961731227,0.819384900728
    ));
#481 = CARTESIAN_POINT('',(10.305651273945,4.654390498333,3.628756438598
    ));
#482 = CARTESIAN_POINT('',(10.394978821781,2.319424363394,5.81830751951)
  );
#483 = CARTESIAN_POINT('',(10.484375897533,-1.083623506543,
    6.329239758215));
#484 = CARTESIAN_POINT('',(10.573772972932,-4.122802711981,
    4.715382681994));
#485 = CARTESIAN_POINT('',(10.663100521034,-5.596472529904,
    1.873734701945));
#486 = CARTESIAN_POINT('',(10.752514669636,-5.331978683665,
    -1.011973734297));
#487 = CARTESIAN_POINT('',(10.841873061905,-3.814889678881,
    -3.073729383216));
#488 = CARTESIAN_POINT('',(10.931250000003,-1.782444773036,
    -3.983223071073));
#489 = CARTESIAN_POINT('',(11.020632195228,0.250001389797,
    -4.892713785678));
#490 = CARTESIAN_POINT('',(11.109981826456,2.798239146126,
    -4.650170518672));
#491 = CARTESIAN_POINT('',(11.199407858515,5.126248705372,-2.92451533134
    ));
#492 = CARTESIAN_POINT('',(11.288722116643,6.263212331109,
    6.771847166183E-02));
#493 = CARTESIAN_POINT('',(11.378131485148,5.441487316022,3.409364378025
    ));
#494 = CARTESIAN_POINT('',(11.467519210322,2.793028919026,5.606362212034
    ));
#495 = CARTESIAN_POINT('',(11.556852508056,-0.395549832589,
    5.888543102372));
#496 = CARTESIAN_POINT('',(11.646263900252,-2.963812407117,
    4.546416221472));
#497 = CARTESIAN_POINT('',(11.73562324139,-4.293645746485,2.359195193769
    ));
#498 = CARTESIAN_POINT('',(11.825000000003,-4.361803751624,0.13357932165
    ));
#499 = CARTESIAN_POINT('',(11.914382015741,-4.429958539609,
    -2.092036381961));
#500 = CARTESIAN_POINT('',(12.003732595843,-3.236482618383,
    -4.356536559954));
#501 = CARTESIAN_POINT('',(12.093155871489,-0.755105683792,
    -5.853291314098));
#502 = CARTESIAN_POINT('',(12.182475879254,2.444687608944,-5.76679680877
    ));
#503 = CARTESIAN_POINT('',(12.271875897529,5.222693265401,
    -3.735905087203));
#504 = CARTESIAN_POINT('',(12.36127591547,6.247320896688,-0.450904013413
    ));
#505 = CARTESIAN_POINT('',(12.450595923472,5.295596640654,2.605389873534
    ));
#506 = CARTESIAN_POINT('',(12.540019199005,3.077555062801,4.470203786491
    ));
#507 = CARTESIAN_POINT('',(12.629369779137,0.548926153185,4.868253613013
    ));
#508 = CARTESIAN_POINT('',(12.718751794876,-1.535361874246,4.08482923632
    ));
#509 = CARTESIAN_POINT('',(12.808128732983,-3.619651321233,
    3.301407603637));
#510 = CARTESIAN_POINT('',(12.897487125188,-5.260069235713,
    1.336367325436));
#511 = CARTESIAN_POINT('',(12.986901273957,-5.700621347646,
    -1.527789400663));
#512 = CARTESIAN_POINT('',(13.076228821771,-4.403659094547,
    -4.454236000433));
#513 = CARTESIAN_POINT('',(13.165625897532,-1.46884472658,
    -6.251080785767));
#514 = CARTESIAN_POINT('',(13.255022972945,1.958996933969,
    -5.949341732724));
#515 = CARTESIAN_POINT('',(13.344350521016,4.42364752282,-3.90675429285)
  );
#516 = CARTESIAN_POINT('',(13.433764669648,5.304754588459,
    -1.146152816285));
#517 = CARTESIAN_POINT('',(13.523123061904,4.711187198238,1.343841793676
    ));
#518 = CARTESIAN_POINT('',(13.612499999998,3.193930004673,2.973547801554
    ));
#519 = CARTESIAN_POINT('',(13.701882195238,1.676670494703,4.60325156119)
  );
#520 = CARTESIAN_POINT('',(13.79123182644,-0.764591204532,5.373046478638
    ));
#521 = CARTESIAN_POINT('',(13.880657858531,-3.581072584111,
    4.691176276805));
#522 = CARTESIAN_POINT('',(13.969972116632,-5.794332345478,
    2.378681812659));
#523 = CARTESIAN_POINT('',(14.059381485148,-6.339970720125,
    -1.01898034358));
#524 = CARTESIAN_POINT('',(14.148769210332,-4.757208393366,
    -4.074466357354));
#525 = CARTESIAN_POINT('',(14.238102508044,-1.930749363339,
    -5.577060734336));
#526 = CARTESIAN_POINT('',(14.327513900262,0.957509061412,
    -5.342027783599));
#527 = CARTESIAN_POINT('',(14.416873241386,3.03463870308,-3.846058202941
    ));
#528 = CARTESIAN_POINT('',(14.506250000004,3.964825995075,
    -1.823000337801));
#529 = CARTESIAN_POINT('',(14.595632015738,4.895010258649,0.200058626018
    ));
#530 = CARTESIAN_POINT('',(14.684982595849,4.678484098804,2.750639393764
    ));
#531 = CARTESIAN_POINT('',(14.774405871482,2.976675937238,5.096136199715
    ));
#532 = CARTESIAN_POINT('',(14.863725879259,-3.799610611928E-03,
    6.263579527876));
#533 = CARTESIAN_POINT('',(14.953125897528,-3.353656887105,
    5.475992809394));
#534 = CARTESIAN_POINT('',(15.042525915467,-5.577567885942,
    2.850099874256));
#535 = CARTESIAN_POINT('',(15.131845923478,-5.892272850992,
    -0.335441236434));
#536 = CARTESIAN_POINT('',(15.221269198998,-4.576425021001,
    -2.917259173352));
#537 = CARTESIAN_POINT('',(15.310619779142,-2.402888467047,
    -4.269348917244));
#538 = CARTESIAN_POINT('',(15.400001794873,-0.178084168614,
    -4.360212380571));
#539 = CARTESIAN_POINT('',(-3.000150480148E-02,-3.873637521856E-15,
    -4.495061810785));
#540 = CARTESIAN_POINT('',(5.938151828828E-02,2.293610033096,
    -4.49506626354));
#541 = CARTESIAN_POINT('',(0.148728592104,4.58747894964,-3.194847100449)
  );
#542 = CARTESIAN_POINT('',(0.238158799262,6.050278085965,-0.592931965868
    ));
#543 = CARTESIAN_POINT('',(0.32747091125,5.860309581992,2.698903455992)
  );
#544 = CARTESIAN_POINT('',(0.416874521403,3.681798633276,5.494959602638)
  );
#545 = CARTESIAN_POINT('',(0.506278131892,0.267210111065,6.446396407273)
  );
#546 = CARTESIAN_POINT('',(0.595590243635,-2.849403858031,5.370113367301
    ));
#547 = CARTESIAN_POINT('',(0.68502045092,-4.699519731598,3.0276563513));
#548 = CARTESIAN_POINT('',(0.774367524692,-5.02958518748,0.411668214955)
  );
#549 = CARTESIAN_POINT('',(0.86375054779,-4.157271832634,-1.709585281187
    ));
#550 = CARTESIAN_POINT('',(0.953127558904,-3.28495522668,-3.830837770416
    ));
#551 = CARTESIAN_POINT('',(1.042484651684,-1.210033178381,
    -5.457824610761));
#552 = CARTESIAN_POINT('',(1.13190126922,1.75270195859,-5.821122636425)
  );
#553 = CARTESIAN_POINT('',(1.221228579171,4.724907450267,-4.393464500144
    ));
#554 = CARTESIAN_POINT('',(1.310618131469,6.482312992834,-1.315249724055
    ));
#555 = CARTESIAN_POINT('',(1.400032434771,6.063592535017,2.204595778582)
  );
#556 = CARTESIAN_POINT('',(1.489337971295,3.882866000103,4.677668696738)
  );
#557 = CARTESIAN_POINT('',(1.578771330782,1.012790716768,5.497857866135)
  );
#558 = CARTESIAN_POINT('',(1.668117319433,-1.532144981931,4.808194008215
    ));
#559 = CARTESIAN_POINT('',(1.75750054779,-3.162229753198,3.194666479));
#560 = CARTESIAN_POINT('',(1.846877764164,-4.792312193426,1.58113646048)
  );
#561 = CARTESIAN_POINT('',(1.93623377182,-5.507890912684,-0.956645621621
    ));
#562 = CARTESIAN_POINT('',(2.025653541562,-4.717084688122,
    -3.834909483511));
#563 = CARTESIAN_POINT('',(2.114974276292,-2.266308292924,
    -6.040791183362));
#564 = CARTESIAN_POINT('',(2.2043745214,1.248975719633,-6.495405040483)
  );
#565 = CARTESIAN_POINT('',(2.293774766854,4.345061265882,-4.769471457207
    ));
#566 = CARTESIAN_POINT('',(2.383095501332,5.802908715903,-1.812041066781
    ));
#567 = CARTESIAN_POINT('',(2.472515271205,5.469897693801,1.154288118329)
  );
#568 = CARTESIAN_POINT('',(2.561871278815,3.864159755589,3.245687589216)
  );
#569 = CARTESIAN_POINT('',(2.651248495199,1.751920441418,4.139608127555)
  );
#570 = CARTESIAN_POINT('',(2.740631518287,-0.360317239229,5.033531482432
    ));
#571 = CARTESIAN_POINT('',(2.829978592107,-2.979546837441,4.730149231488
    ));
#572 = CARTESIAN_POINT('',(2.919408799258,-5.340752078129,2.904100630769
    ));
#573 = CARTESIAN_POINT('',(3.008720911253,-6.448776575222,
    -0.201466980944));
#574 = CARTESIAN_POINT('',(3.098124521402,-5.532278897543,
    -3.625480990214));
#575 = CARTESIAN_POINT('',(3.18752813189,-2.758520195911,-5.83249468169)
  );
#576 = CARTESIAN_POINT('',(3.276840243638,0.531117054445,-6.055999884272
    ));
#577 = CARTESIAN_POINT('',(3.366270450917,3.147889310696,-4.619846488449
    ));
#578 = CARTESIAN_POINT('',(3.455617524693,4.471418326493,-2.339362312005
    ));
#579 = CARTESIAN_POINT('',(3.545000547789,4.494828885068,
    -4.587175617389E-02));
#580 = CARTESIAN_POINT('',(3.634377558904,4.518236057185,2.247619139464)
  );
#581 = CARTESIAN_POINT('',(3.723734651685,3.241498847948,4.554636647789)
  );
#582 = CARTESIAN_POINT('',(3.813151269221,0.65463937753,6.043912655666)
  );
#583 = CARTESIAN_POINT('',(3.902478579166,-2.638954816627,5.887546025586
    ));
#584 = CARTESIAN_POINT('',(3.991868131479,-5.457104641919,3.73768277156)
  );
#585 = CARTESIAN_POINT('',(4.081282434759,-6.443331497737,0.332980762124
    ));
#586 = CARTESIAN_POINT('',(4.170587971305,-5.398912869673,
    -2.794453906739));
#587 = CARTESIAN_POINT('',(4.260021330775,-3.075456321684,
    -4.668378151518));
#588 = CARTESIAN_POINT('',(4.349367319436,-0.462973288712,
    -5.025122247294));
#589 = CARTESIAN_POINT('',(4.438750547789,1.667071732247,-4.174501498814
    ));
#590 = CARTESIAN_POINT('',(4.528127764165,3.797115576687,-3.32387754937)
  );
#591 = CARTESIAN_POINT('',(4.61748377182,5.445192533018,-1.265666397497)
  );
#592 = CARTESIAN_POINT('',(4.706903541561,5.838704679321,1.693205944157)
  );
#593 = CARTESIAN_POINT('',(4.796224276295,4.441454784335,4.679828073574)
  );
#594 = CARTESIAN_POINT('',(4.885624521394,1.381329798563,6.468551226962)
  );
#595 = CARTESIAN_POINT('',(4.975024766863,-2.142599322494,6.085777150752
    ));
#596 = CARTESIAN_POINT('',(5.064345501322,-4.637804145026,3.93039630383)
  );
#597 = CARTESIAN_POINT('',(5.153765271214,-5.487233532758,1.068845170165
    ));
#598 = CARTESIAN_POINT('',(5.243121278809,-4.823580737505,
    -1.482999464679));
#599 = CARTESIAN_POINT('',(5.332498495202,-3.226769465428,
    -3.129463132835));
#600 = CARTESIAN_POINT('',(5.421881723536,-1.62996089571,-4.775928703123
    ));
#601 = CARTESIAN_POINT('',(5.511227712264,0.900390979676,-5.517364458614
    ));
#602 = CARTESIAN_POINT('',(5.600661071571,3.786569167825,-4.755976552589
    ));
#603 = CARTESIAN_POINT('',(5.689966608406,6.01735251588,-2.327833248507)
  );
#604 = CARTESIAN_POINT('',(5.779380911305,6.507809712529,1.182623511847)
  );
#605 = CARTESIAN_POINT('',(5.868770463993,4.813565871236,4.296164556234)
  );
#606 = CARTESIAN_POINT('',(5.958097773662,1.8711638084,5.784114064183));
#607 = CARTESIAN_POINT('',(6.04751439135,-1.098407891805,5.481392567685)
  );
#608 = CARTESIAN_POINT('',(6.136871484068,-3.206085320838,3.89708037767)
  );
#609 = CARTESIAN_POINT('',(6.226248495204,-4.121514406029,1.794073488935
    ));
#610 = CARTESIAN_POINT('',(6.315631518275,-5.036946379958,
    -0.308931809453));
#611 = CARTESIAN_POINT('',(6.404978592127,-4.760308893387,
    -2.931121005393));
#612 = CARTESIAN_POINT('',(6.494408799237,-2.958451232383,-5.31083793194
    ));
#613 = CARTESIAN_POINT('',(6.583720911265,0.135647393063,-6.450496728634
    ));
#614 = CARTESIAN_POINT('',(6.673124521405,3.568835873355,-5.568988482639
    ));
#615 = CARTESIAN_POINT('',(6.762528131874,5.804040563067,-2.817896560462
    ));
#616 = CARTESIAN_POINT('',(6.851840243657,6.061104534962,0.469288546739)
  );
#617 = CARTESIAN_POINT('',(6.941270450902,4.651729811454,3.100580340902)
  );
#618 = CARTESIAN_POINT('',(7.030617524702,2.384870859376,4.447312543715)
  );
#619 = CARTESIAN_POINT('',(7.120000547786,9.173863093163E-02,
    4.494126716909));
#620 = CARTESIAN_POINT('',(7.209377764167,-2.201393861875,4.54093753875)
  );
#621 = CARTESIAN_POINT('',(7.29873377182,-4.521320793234,3.287809519424)
  );
#622 = CARTESIAN_POINT('',(7.388153541558,-6.036916196559,0.716283140609
    ));
#623 = CARTESIAN_POINT('',(7.477474276301,-5.914172019604,-2.5787362645)
  );
#624 = CARTESIAN_POINT('',(7.566874521388,-3.793173909426,
    -5.418676838596));
#625 = CARTESIAN_POINT('',(7.656274766869,-0.398721062849,
    -6.439599125684));
#626 = CARTESIAN_POINT('',(7.745595501315,2.739217083874,-5.427147700228
    ));
#627 = CARTESIAN_POINT('',(7.835015271221,4.636747102717,-3.122937422731
    ));
#628 = CARTESIAN_POINT('',(7.924371278803,5.020138109675,-0.514229426651
    ));
#629 = CARTESIAN_POINT('',(8.013748495207,4.191295321617,1.624384255591)
  );
#630 = CARTESIAN_POINT('',(8.103131518265,3.362455692637,3.762998726078)
  );
#631 = CARTESIAN_POINT('',(8.192478592144,1.321165175663,5.431991686976)
  );
#632 = CARTESIAN_POINT('',(8.281908799216,-1.633531150282,5.855681789068
    ));
#633 = CARTESIAN_POINT('',(8.371220911279,-4.63426242468,4.488977616394)
  );
#634 = CARTESIAN_POINT('',(8.460624521405,-6.454116857199,1.447272539734
    ));
#635 = CARTESIAN_POINT('',(8.550028131861,-6.107324917007,
    -2.080387041263));
#636 = CARTESIAN_POINT('',(8.639340243677,-3.977521337993,
    -4.597449720182));
#637 = CARTESIAN_POINT('',(8.728770450885,-1.124784541952,
    -5.476043135631));
#638 = CARTESIAN_POINT('',(8.818117524711,1.433696843024,-4.83846166046)
  );
#639 = CARTESIAN_POINT('',(8.907500547783,3.09637203846,-3.258538188126)
  );
#640 = CARTESIAN_POINT('',(8.996877764174,4.759045064143,-1.678612148));
#641 = CARTESIAN_POINT('',(9.086233771809,5.52626765247,0.844037312321)
  );
#642 = CARTESIAN_POINT('',(9.175653541573,4.79436784736,3.737841040759)
  );
#643 = CARTESIAN_POINT('',(9.26497427628,2.38912114375,5.993280534059));
#644 = CARTESIAN_POINT('',(9.354374521414,-1.11615261449,6.519542187085)
  );
#645 = CARTESIAN_POINT('',(9.44377476684,-4.246817421395,4.857155255398)
  );
#646 = CARTESIAN_POINT('',(9.533095501343,-5.76471862994,1.930093653231)
  );
#647 = CARTESIAN_POINT('',(9.6225152712,-5.492315979199,-1.042414037428)
  );
#648 = CARTESIAN_POINT('',(9.711871278815,-3.929595291229,
    -3.166148984279));
#649 = CARTESIAN_POINT('',(9.801248495202,-1.836039696931,
    -4.102991459178));
#650 = CARTESIAN_POINT('',(9.890631723539,0.25751409316,-5.039836702781)
  );
#651 = CARTESIAN_POINT('',(9.979977712256,2.882390405443,-4.789972863811
    ));
#652 = CARTESIAN_POINT('',(10.069411071584,5.280369444137,
    -3.012493579229));
#653 = CARTESIAN_POINT('',(10.158716608389,6.451547490663,
    6.981338707036E-02));
#654 = CARTESIAN_POINT('',(10.248130911322,5.605114563906,3.511819521376
    ));
#655 = CARTESIAN_POINT('',(10.33752046398,2.876983703568,5.774981477054)
  );
#656 = CARTESIAN_POINT('',(10.426847773671,-0.407415331507,
    6.065578476373));
#657 = CARTESIAN_POINT('',(10.516264391345,-3.052945116542,
    4.683128280671));
#658 = CARTESIAN_POINT('',(10.605621484071,-4.422745796368,
    2.430131308228));
#659 = CARTESIAN_POINT('',(10.694998495201,-4.492955383164,
    0.137595812756));
#660 = CARTESIAN_POINT('',(10.784381518281,-4.563168242505,
    -2.154939277123));
#661 = CARTESIAN_POINT('',(10.873728592115,-3.333774707392,
    -4.487533544055));
#662 = CARTESIAN_POINT('',(10.963158799253,-0.77785577722,-6.02929296216
    ));
#663 = CARTESIAN_POINT('',(11.052470911252,2.518252079224,
    -5.940178004648));
#664 = CARTESIAN_POINT('',(11.141874521408,5.37968314331,-3.848276430861
    ));
#665 = CARTESIAN_POINT('',(11.231278131883,6.43519614752,-0.464411914189
    ));
#666 = CARTESIAN_POINT('',(11.320590243643,5.454818383745,2.683687076435
    ));
#667 = CARTESIAN_POINT('',(11.410020450916,3.170091922824,4.604639604797
    ));
#668 = CARTESIAN_POINT('',(11.499367524692,0.565433111077,5.014626932706
    ));
#669 = CARTESIAN_POINT('',(11.588750547791,-1.58152824025,4.207654851501
    ));
#670 = CARTESIAN_POINT('',(11.67812776417,-3.728488594176,3.400679559889
    ));
#671 = CARTESIAN_POINT('',(11.767483771803,-5.418227765319,1.37653224972
    ));
#672 = CARTESIAN_POINT('',(11.856903541587,-5.872044778126,
    -1.57369273529));
#673 = CARTESIAN_POINT('',(11.94622427627,-4.536039067236,
    -4.588208907666));
#674 = CARTESIAN_POINT('',(12.03562452141,-1.513057011845,
    -6.439012771154));
#675 = CARTESIAN_POINT('',(12.12502476686,2.017950078657,-6.128237337533
    ));
#676 = CARTESIAN_POINT('',(12.214345501319,4.556623786465,
    -4.024229374873));
#677 = CARTESIAN_POINT('',(12.303765271215,5.464276880079,
    -1.180610019703));
#678 = CARTESIAN_POINT('',(12.393121278813,4.852842218846,1.384247428196
    ));
#679 = CARTESIAN_POINT('',(12.482498495196,3.289965763037,3.062957061535
    ));
#680 = CARTESIAN_POINT('',(12.571881723551,1.727092047857,4.74166854147)
  );
#681 = CARTESIAN_POINT('',(12.661227712239,-0.787601044054,
    5.534591139441));
#682 = CARTESIAN_POINT('',(12.750661071603,-3.688717059795,
    4.832265046974));
#683 = CARTESIAN_POINT('',(12.839966608378,-5.968591102185,
    2.450154931506));
#684 = CARTESIAN_POINT('',(12.92938091132,-6.530590111179,
    -1.049561062957));
#685 = CARTESIAN_POINT('',(13.018770463993,-4.900242565685,
    -4.197030984919));
#686 = CARTESIAN_POINT('',(13.108097773655,-1.988820505819,
    -5.744721272701));
#687 = CARTESIAN_POINT('',(13.197514391357,0.986310853861,
    -5.502668014466));
#688 = CARTESIAN_POINT('',(13.286871484066,3.12588309616,-3.9617008246)
  );
#689 = CARTESIAN_POINT('',(13.376248495203,4.084041216035,
    -1.877814694938));
#690 = CARTESIAN_POINT('',(13.465631518277,5.04220219159,0.206069785753)
  );
#691 = CARTESIAN_POINT('',(13.554978592122,4.819137874716,2.833358652403
    ));
#692 = CARTESIAN_POINT('',(13.644408799245,3.066222504903,5.249353558695
    ));
#693 = CARTESIAN_POINT('',(13.733720911258,-3.972693405932E-03,
    6.451921611358));
#694 = CARTESIAN_POINT('',(13.823124521407,-3.454436573698,
    5.640663982982));
#695 = CARTESIAN_POINT('',(13.912528131879,-5.745322008047,
    2.935762747079));
#696 = CARTESIAN_POINT('',(14.00184024365,-6.069419712487,
    -0.345491356545));
#697 = CARTESIAN_POINT('',(14.091270450908,-4.714039857471,
    -3.004998654139));
#698 = CARTESIAN_POINT('',(14.180617524698,-2.475138140482,
    -4.397714072435));
#699 = CARTESIAN_POINT('',(14.270000547787,-0.183438943041,
    -4.491318412028));
#700 = CARTESIAN_POINT('',(-0.962014306555,-3.446028185028E-15,-3.45));
#701 = CARTESIAN_POINT('',(-0.872639306555,1.760375951462,
    -3.450011607951));
#702 = CARTESIAN_POINT('',(-0.783264306537,3.520891755557,
    -2.452059513389));
#703 = CARTESIAN_POINT('',(-0.693889306623,4.643732529934,
    -0.455087686129));
#704 = CARTESIAN_POINT('',(-0.604514306395,4.497717325776,2.071403657326
    ));
#705 = CARTESIAN_POINT('',(-0.515139306791,2.825933672904,4.217510905342
    ));
#706 = CARTESIAN_POINT('',(-0.425764306313,0.20500366625,4.947563753624)
  );
#707 = CARTESIAN_POINT('',(-0.336389306721,-2.186903621718,4.12169653961
    ));
#708 = CARTESIAN_POINT('',(-0.247014306477,-3.606937380906,
    2.323710965552));
#709 = CARTESIAN_POINT('',(-0.157639306575,-3.860249556729,0.31597032546
    ));
#710 = CARTESIAN_POINT('',(-6.826430655173E-02,-3.190745088886,
    -1.312122810129));
#711 = CARTESIAN_POINT('',(2.111069343986E-02,-2.52123257646,
    -2.940212637565));
#712 = CARTESIAN_POINT('',(0.110485693471,-0.928718748144,-4.18888995957
    ));
#713 = CARTESIAN_POINT('',(0.199860693367,1.345249085216,-4.467846415727
    ));
#714 = CARTESIAN_POINT('',(0.289235693614,3.626328224867,-3.371924064853
    ));
#715 = CARTESIAN_POINT('',(0.378610693202,4.975359119964,-1.009543941667
    ));
#716 = CARTESIAN_POINT('',(0.467985693691,4.653730739493,1.692082208927)
  );
#717 = CARTESIAN_POINT('',(0.557360693277,2.980231450913,3.590150054776)
  );
#718 = CARTESIAN_POINT('',(0.646735693523,0.777280628697,4.219651505667)
  );
#719 = CARTESIAN_POINT('',(0.736110693425,-1.17592356297,3.690334381668)
  );
#720 = CARTESIAN_POINT('',(0.825485693448,-2.427041048471,2.451936426611
    ));
#721 = CARTESIAN_POINT('',(0.91486069344,-3.678152024462,1.21353267611)
  );
#722 = CARTESIAN_POINT('',(1.004235693471,-4.22732239934,-0.734213085401
    ));
#723 = CARTESIAN_POINT('',(1.093610693368,-3.620467196065,
    -2.943388672354));
#724 = CARTESIAN_POINT('',(1.182985693612,-1.739352282507,
    -4.636253178214));
#725 = CARTESIAN_POINT('',(1.272360693207,0.958578087061,-4.985421487685
    ));
#726 = CARTESIAN_POINT('',(1.361735693684,3.334853458764,-3.660484990269
    ));
#727 = CARTESIAN_POINT('',(1.451110693285,4.453821665004,-1.390841258696
    ));
#728 = CARTESIAN_POINT('',(1.540485693516,4.198172668261,0.885961204894)
  );
#729 = CARTESIAN_POINT('',(1.629860693431,2.965785237618,2.491088421835)
  );
#730 = CARTESIAN_POINT('',(1.719235693445,1.344614551994,3.1771861303));
#731 = CARTESIAN_POINT('',(1.808610693445,-0.276552534639,3.863291638105
    ));
#732 = CARTESIAN_POINT('',(1.897985693463,-2.286798129848,3.630403410765
    ));
#733 = CARTESIAN_POINT('',(1.987360693378,-4.099155090359,2.228964817315
    ));
#734 = CARTESIAN_POINT('',(2.076735693604,-4.949369451055,
    -0.154648928495));
#735 = CARTESIAN_POINT('',(2.16611069321,-4.246215596294,-2.782616119789
    ));
#736 = CARTESIAN_POINT('',(2.255485693686,-2.117072760903,
    -4.476428992451));
#737 = CARTESIAN_POINT('',(2.344860693279,0.40756716208,-4.648098409422)
  );
#738 = CARTESIAN_POINT('',(2.434235693523,2.416062562478,-3.54573992495)
  );
#739 = CARTESIAN_POINT('',(2.523610693425,3.431847261893,-1.795491090998
    ));
#740 = CARTESIAN_POINT('',(2.612985693448,3.449823323544,
    -3.520692307966E-02));
#741 = CARTESIAN_POINT('',(2.70236069344,3.467790687423,1.725077333605)
  );
#742 = CARTESIAN_POINT('',(2.79173569347,2.487870933886,3.495685315194)
  );
#743 = CARTESIAN_POINT('',(2.881110693369,0.502441904723,4.638846713167)
  );
#744 = CARTESIAN_POINT('',(2.970485693612,-2.025385963519,4.518621470345
    ));
#745 = CARTESIAN_POINT('',(3.059860693204,-4.188462178068,2.868825879282
    ));
#746 = CARTESIAN_POINT('',(3.149235693691,-4.945207861162,0.255482303724
    ));
#747 = CARTESIAN_POINT('',(3.238610693276,-4.143802329963,
    -2.144728226824));
#748 = CARTESIAN_POINT('',(3.327985693524,-2.360397116444,-3.58303634613
    ));
#749 = CARTESIAN_POINT('',(3.417360693425,-0.355347616447,
    -3.856824100991));
#750 = CARTESIAN_POINT('',(3.506735693448,1.279493262923,-3.203969020018
    ));
#751 = CARTESIAN_POINT('',(3.59611069344,2.914330406272,-2.551106064852)
  );
#752 = CARTESIAN_POINT('',(3.68548569347,4.17919527373,-0.971416690581)
  );
#753 = CARTESIAN_POINT('',(3.77486069337,4.481339536694,1.299582837408)
  );
#754 = CARTESIAN_POINT('',(3.864235693609,3.408759257327,3.591733595434)
  );
#755 = CARTESIAN_POINT('',(3.95361069321,1.060257761513,4.964791318689)
  );
#756 = CARTESIAN_POINT('',(4.042985693682,-1.644495295819,4.670763661058
    ));
#757 = CARTESIAN_POINT('',(4.132360693286,-3.559557978221,3.016705791115
    ));
#758 = CARTESIAN_POINT('',(4.221735693516,-4.211493421114,0.820307365023
    ));
#759 = CARTESIAN_POINT('',(4.311110693431,-3.702146511503,
    -1.138206839014));
#760 = CARTESIAN_POINT('',(4.400485693445,-2.476574321854,
    -2.401890844391));
#761 = CARTESIAN_POINT('',(4.489860693446,-1.251008758612,
    -3.665580511131));
#762 = CARTESIAN_POINT('',(4.57923569346,0.691041760002,-4.234588741988)
  );
#763 = CARTESIAN_POINT('',(4.668610693383,2.906281092782,-3.650323235033
    ));
#764 = CARTESIAN_POINT('',(4.757985693597,4.618269816285,-1.786566472064
    ));
#765 = CARTESIAN_POINT('',(4.847360693218,4.994937443868,0.907646026115)
  );
#766 = CARTESIAN_POINT('',(4.936735693679,3.694330687185,3.297329272488)
  );
#767 = CARTESIAN_POINT('',(5.026110693286,1.436217264657,4.439394068738)
  );
#768 = CARTESIAN_POINT('',(5.115485693516,-0.843072240531,4.206996092539
    ));
#769 = CARTESIAN_POINT('',(5.20486069343,-2.460693389507,2.991051897943)
  );
#770 = CARTESIAN_POINT('',(5.294235693445,-3.163299037781,1.376967391634
    ));
#771 = CARTESIAN_POINT('',(5.383610693446,-3.865912661406,
    -0.237113643046));
#772 = CARTESIAN_POINT('',(5.472985693461,-3.653550909057,
    -2.249631162347));
#773 = CARTESIAN_POINT('',(5.562360693381,-2.270680205421,
    -4.076195286852));
#774 = CARTESIAN_POINT('',(5.6517356936,0.104133072935,-4.950689907153)
  );
#775 = CARTESIAN_POINT('',(5.741110693212,2.739139034827,-4.274390799687
    ));
#776 = CARTESIAN_POINT('',(5.830485693687,4.454591390617,-2.162644016515
    ));
#777 = CARTESIAN_POINT('',(5.919860693277,4.652015557519,0.360112576563)
  );
#778 = CARTESIAN_POINT('',(6.009235693524,3.570210961908,2.379752846112)
  );
#779 = CARTESIAN_POINT('',(6.098610693425,1.830419243383,3.413345760446)
  );
#780 = CARTESIAN_POINT('',(6.187985693448,7.041017961772E-02,
    3.44928440371));
#781 = CARTESIAN_POINT('',(6.277360693441,-1.689598784766,3.485214457905
    ));
#782 = CARTESIAN_POINT('',(6.366735693468,-3.470116011962,2.523414033836
    ));
#783 = CARTESIAN_POINT('',(6.456110693373,-4.633474729258,0.549755880371
    ));
#784 = CARTESIAN_POINT('',(6.545485693606,-4.53906083857,-1.979170684501
    ));
#785 = CARTESIAN_POINT('',(6.63486069321,-2.91141069835,-4.158964667395)
  );
#786 = CARTESIAN_POINT('',(6.724235693683,-0.305944678909,-4.94234719633
    ));
#787 = CARTESIAN_POINT('',(6.813610693284,2.10233963261,-4.165469349234)
  );
#788 = CARTESIAN_POINT('',(6.902985693517,3.558753989953,-2.396841890551
    ));
#789 = CARTESIAN_POINT('',(6.99236069343,3.853002326832,-0.394685533525)
  );
#790 = CARTESIAN_POINT('',(7.081735693445,3.216856512388,1.246729392766)
  );
#791 = CARTESIAN_POINT('',(7.171110693446,2.580718802233,2.888147165406)
  );
#792 = CARTESIAN_POINT('',(7.260485693459,1.014007064996,4.16906035983)
  );
#793 = CARTESIAN_POINT('',(7.349860693384,-1.253775666862,4.494374616022
    ));
#794 = CARTESIAN_POINT('',(7.439235693597,-3.556766589843,3.445226506165
    ));
#795 = CARTESIAN_POINT('',(7.528610693212,-4.953710722873,1.110877776633
    ));
#796 = CARTESIAN_POINT('',(7.61798569369,-4.68730051529,-1.596755297218)
  );
#797 = CARTESIAN_POINT('',(7.707360693274,-3.052878066936,
    -3.528578371452));
#798 = CARTESIAN_POINT('',(7.796735693526,-0.863237652742,
    -4.202909786791));
#799 = CARTESIAN_POINT('',(7.886110693425,1.100363880193,-3.71356475885)
  );
#800 = CARTESIAN_POINT('',(7.975485693448,2.376494635914,-2.500958563534
    ));
#801 = CARTESIAN_POINT('',(8.064860693441,3.652619278706,-1.288346333856
    ));
#802 = CARTESIAN_POINT('',(8.154235693468,4.24142629009,0.647785881534)
  );
#803 = CARTESIAN_POINT('',(8.243610693373,3.679783950971,2.868886485878)
  );
#804 = CARTESIAN_POINT('',(8.332985693607,1.833610050465,4.599789568846)
  );
#805 = CARTESIAN_POINT('',(8.422360693209,-0.856632312689,5.003946486474
    ));
#806 = CARTESIAN_POINT('',(8.511735693686,-3.259453025768,3.72778270945)
  );
#807 = CARTESIAN_POINT('',(8.601110693282,-4.424508719849,1.481448418985
    ));
#808 = CARTESIAN_POINT('',(8.690485693518,-4.215379616764,
    -0.800097303938));
#809 = CARTESIAN_POINT('',(8.77986069343,-3.016007475765,-2.430041667788
    ));
#810 = CARTESIAN_POINT('',(8.869235693445,-1.409176830276,
    -3.149082510994));
#811 = CARTESIAN_POINT('',(8.958610693446,0.197649760973,-3.868131069356
    ));
#812 = CARTESIAN_POINT('',(9.04798569346,2.212231184788,-3.676317955899)
  );
#813 = CARTESIAN_POINT('',(9.137360693383,4.052807691503,-2.312159018341
    ));
#814 = CARTESIAN_POINT('',(9.226735693596,4.951501008033,
    5.360618214593E-02));
#815 = CARTESIAN_POINT('',(9.31611069322,4.302111616058,2.695376971733)
  );
#816 = CARTESIAN_POINT('',(9.405485693676,2.208001137551,4.432289536343)
  );
#817 = CARTESIAN_POINT('',(9.494860693288,-0.312631377399,4.655448566016
    ));
#818 = CARTESIAN_POINT('',(9.584235693515,-2.343186533106,3.59430991936)
  );
#819 = CARTESIAN_POINT('',(9.673610693431,-3.394494510005,1.865156946459
    ));
#820 = CARTESIAN_POINT('',(9.762985693445,-3.448383298031,0.105606012551
    ));
#821 = CARTESIAN_POINT('',(9.852360693446,-3.502280780186,
    -1.653944655102));
#822 = CARTESIAN_POINT('',(9.941735693461,-2.558686495867,
    -3.444183216305));
#823 = CARTESIAN_POINT('',(10.031110693381,-0.597021116446,
    -4.62762600026));
#824 = CARTESIAN_POINT('',(10.1204856936,1.932755879118,-4.559016227826)
  );
#825 = CARTESIAN_POINT('',(10.209860693214,4.129031471984,
    -2.953709272073));
#826 = CARTESIAN_POINT('',(10.299235693684,4.938970027291,
    -0.356354695236));
#827 = CARTESIAN_POINT('',(10.38861069328,4.186707153059,2.0597118803));
#828 = CARTESIAN_POINT('',(10.477985693522,2.433031987644,3.5341173252)
  );
#829 = CARTESIAN_POINT('',(10.567360693426,0.433986190182,3.848768617822
    ));
#830 = CARTESIAN_POINT('',(10.656735693448,-1.213837831161,
    3.229414530648));
#831 = CARTESIAN_POINT('',(10.746110693439,-2.861658574795,
    2.610052503763));
#832 = CARTESIAN_POINT('',(10.835485693473,-4.158499450589,
    1.056506432629));
#833 = CARTESIAN_POINT('',(10.924860693364,-4.506928999476,
    -1.207853711169));
#834 = CARTESIAN_POINT('',(11.014235693614,-3.481352003349,
    -3.521417062013));
#835 = CARTESIAN_POINT('',(11.10361069321,-1.161362017377,
    -4.942118738292));
#836 = CARTESIAN_POINT('',(11.192985693677,1.54882842541,-4.703352895908
    ));
#837 = CARTESIAN_POINT('',(11.282360693293,3.497249459724,
    -3.088723530431));
#838 = CARTESIAN_POINT('',(11.371735693512,4.193874820347,
    -0.906087744281));
#839 = CARTESIAN_POINT('',(11.461110693432,3.724604785316,1.062413664375
    ));
#840 = CARTESIAN_POINT('',(11.550485693446,2.525078043474,2.350846841958
    ));
#841 = CARTESIAN_POINT('',(11.639860693445,1.325558042233,3.639285544517
    ));
#842 = CARTESIAN_POINT('',(11.729235693463,-0.604475251065,
    4.247810047374));
#843 = CARTESIAN_POINT('',(11.818610693378,-2.831177311153,
    3.708876452921));
#844 = CARTESIAN_POINT('',(11.907985693601,-4.580846370906,
    1.880447388757));
#845 = CARTESIAN_POINT('',(11.997360693217,-5.012421001961,
    -0.805516651394));
#846 = CARTESIAN_POINT('',(12.086735693677,-3.760855535973,
    -3.221245907229));
#847 = CARTESIAN_POINT('',(12.176110693289,-1.526520525166,
    -4.409158061952));
#848 = CARTESIAN_POINT('',(12.265485693514,0.757037197623,
    -4.223325893986));
#849 = CARTESIAN_POINT('',(12.354860693431,2.399137305675,
    -3.040648549543));
#850 = CARTESIAN_POINT('',(12.444235693445,3.134538030496,
    -1.441239513548));
#851 = CARTESIAN_POINT('',(12.533610693446,3.869946658159,0.158165888775
    ));
#852 = CARTESIAN_POINT('',(12.622985693461,3.698702063436,2.174598274986
    ));
#853 = CARTESIAN_POINT('',(12.712360693382,2.353397238198,4.029004598045
    ));
#854 = CARTESIAN_POINT('',(12.801735693599,-3.074089766472E-03,
    4.951784002127));
#855 = CARTESIAN_POINT('',(12.891110693214,-2.651333639049,
    4.329402879722));
#856 = CARTESIAN_POINT('',(12.980485693685,-4.409526770972,
    2.253106135004));
#857 = CARTESIAN_POINT('',(13.069860693278,-4.65839607694,
    -0.265095842209));
#858 = CARTESIAN_POINT('',(13.159235693523,-3.618035092653,
    -2.306393719528));
#859 = CARTESIAN_POINT('',(13.248610693425,-1.899700056512,
    -3.375278296993));
#860 = CARTESIAN_POINT('',(13.337985693448,-0.140791029197,
    -3.44712900501));
#861 = CARTESIAN_POINT('',(-3.000150480148E-02,-1.738192922929E-15,
    -2.404938189215));
#862 = CARTESIAN_POINT('',(5.936547210886E-02,1.227140935802,
    -2.40494264197));
#863 = CARTESIAN_POINT('',(0.148768398306,2.454307544191,-1.70930831864)
  );
#864 = CARTESIAN_POINT('',(0.238088191083,3.237162730238,-0.3171763567)
  );
#865 = CARTESIAN_POINT('',(0.327526079268,3.135173894661,1.443827170017)
  );
#866 = CARTESIAN_POINT('',(0.416872468814,1.969986922219,2.940113767554)
  );
#867 = CARTESIAN_POINT('',(0.50621885869,0.142886498789,3.448709859745)
  );
#868 = CARTESIAN_POINT('',(0.595656746635,-1.524472296197,2.873272259539
    ));
#869 = CARTESIAN_POINT('',(0.684976539536,-2.514316410631,1.619774196064
    ));
#870 = CARTESIAN_POINT('',(0.77437946569,-2.690923419768,0.22026752194)
  );
#871 = CARTESIAN_POINT('',(0.863746442609,-2.224214959154,
    -0.914658946661));
#872 = CARTESIAN_POINT('',(0.953119431488,-1.75750357792,-2.049583884191
    ));
#873 = CARTESIAN_POINT('',(1.042512338733,-0.647426845071,
    -2.919967797245));
#874 = CARTESIAN_POINT('',(1.131845721116,0.937836580801,-3.114527380655
    ));
#875 = CARTESIAN_POINT('',(1.221268411357,2.527709292281,-2.350452750555
    ));
#876 = CARTESIAN_POINT('',(1.310628858739,3.468411284217,-0.703747240614
    ));
#877 = CARTESIAN_POINT('',(1.399964555817,3.243890352394,1.179480911593)
  );
#878 = CARTESIAN_POINT('',(1.489409018972,2.077560052377,2.502690769349)
  );
#879 = CARTESIAN_POINT('',(1.578725659676,0.54179464883,2.941413301619)
  );
#880 = CARTESIAN_POINT('',(1.668129670948,-0.819710638087,2.572481527311
    ));
#881 = CARTESIAN_POINT('',(1.75749644261,-1.691849768195,1.709203772255)
  );
#882 = CARTESIAN_POINT('',(1.846869226229,-2.56398623531,0.845924060295)
  );
#883 = CARTESIAN_POINT('',(1.936263218596,-2.946773392358,
    -0.511763019431));
#884 = CARTESIAN_POINT('',(2.025593448776,-2.523796333335,
    -2.051892645724));
#885 = CARTESIAN_POINT('',(2.115022714233,-1.212472309261,
    -3.231697670277));
#886 = CARTESIAN_POINT('',(2.204372468814,0.668262394878,-3.475419435819
    ));
#887 = CARTESIAN_POINT('',(2.293722223726,2.324577989091,-2.551539092652
    ));
#888 = CARTESIAN_POINT('',(2.383151488942,3.104770260807,-0.969597164487
    ));
#889 = CARTESIAN_POINT('',(2.472481719246,2.926431573461,0.617609837499)
  );
#890 = CARTESIAN_POINT('',(2.561875711571,2.067410999988,1.736493182157)
  );
#891 = CARTESIAN_POINT('',(2.651248495198,0.937308662569,2.214764133044)
  );
#892 = CARTESIAN_POINT('',(2.740615472111,-0.192792547261,2.693038250972
    ));
#893 = CARTESIAN_POINT('',(2.830018398302,-1.59403798545,2.530692267067)
  );
#894 = CARTESIAN_POINT('',(2.919338191089,-2.857561908195,1.553757807423
    ));
#895 = CARTESIAN_POINT('',(3.008776079264,-3.449977402192,
    -0.107741222416));
#896 = CARTESIAN_POINT('',(3.098122468815,-2.960097067395,
    -1.939830608961));
#897 = CARTESIAN_POINT('',(3.187468858692,-1.47569926527,-3.120308947324
    ));
#898 = CARTESIAN_POINT('',(3.276906746631,0.284083635795,-3.240216929029
    ));
#899 = CARTESIAN_POINT('',(3.36622653954,1.684196890453,-2.47162624464)
  );
#900 = CARTESIAN_POINT('',(3.455629465688,2.392286855553,-1.25161904469)
  );
#901 = CARTESIAN_POINT('',(3.54499644261,2.404814101107,
    -2.454205262432E-02));
#902 = CARTESIAN_POINT('',(3.634369431489,2.417338060271,1.202534667736)
  );
#903 = CARTESIAN_POINT('',(3.72376233873,1.734268633066,2.436736704082)
  );
#904 = CARTESIAN_POINT('',(3.81309572112,0.350190568577,3.233757075425)
  );
#905 = CARTESIAN_POINT('',(3.902518411357,-1.411753603681,3.149745094655
    ));
#906 = CARTESIAN_POINT('',(3.991878858732,-2.919860708902,1.999887610784
    ));
#907 = CARTESIAN_POINT('',(4.081214555829,-3.44706974881,0.178072979598)
  );
#908 = CARTESIAN_POINT('',(4.17065901896,-2.888680988655,-1.495071571517
    ));
#909 = CARTESIAN_POINT('',(4.259975659684,-1.645347702183,
    -2.497655819237));
#910 = CARTESIAN_POINT('',(4.349379670945,-0.247716761207,
    -2.688535501862));
#911 = CARTESIAN_POINT('',(4.438746442611,0.891913435815,-2.233433141207
    ));
#912 = CARTESIAN_POINT('',(4.528119226228,2.031541943117,-1.778327940511
    ));
#913 = CARTESIAN_POINT('',(4.617513218595,2.91320914621,-0.677190729699)
  );
#914 = CARTESIAN_POINT('',(4.70684344878,3.123934903351,0.906003356175)
  );
#915 = CARTESIAN_POINT('',(4.796272714225,2.376126933166,2.50359336359)
  );
#916 = CARTESIAN_POINT('',(4.885622468823,0.739103053714,3.461046309907)
  );
#917 = CARTESIAN_POINT('',(4.974972223716,-1.146313145453,3.25576116158)
  );
#918 = CARTESIAN_POINT('',(5.064401488952,-2.481361899547,2.102988387326
    ));
#919 = CARTESIAN_POINT('',(5.153731719238,-2.935728980128,0.571785817229
    ));
#920 = CARTESIAN_POINT('',(5.243125711576,-2.580714074477,
    -0.793417721207));
#921 = CARTESIAN_POINT('',(5.332498495195,-1.726379178276,
    -1.674318555941));
#922 = CARTESIAN_POINT('',(5.421865266862,-0.872046663431,
    -2.555221831887));
#923 = CARTESIAN_POINT('',(5.511269278142,0.481667053852,-2.951839876449
    ));
#924 = CARTESIAN_POINT('',(5.600585918782,2.026027986938,-2.544607451879
    ));
#925 = CARTESIAN_POINT('',(5.690030382104,3.219159021009,-1.24538507209)
  );
#926 = CARTESIAN_POINT('',(5.779366078917,3.482055694849,0.632758600208)
  );
#927 = CARTESIAN_POINT('',(5.868726526587,2.575129870513,2.298420572438)
  );
#928 = CARTESIAN_POINT('',(5.958149216608,1.001229710344,3.094712991848)
  );
#929 = CARTESIAN_POINT('',(6.047482599104,-0.587713427115,2.932582206813
    ));
#930 = CARTESIAN_POINT('',(6.136875506316,-1.71530512001,2.085023993515)
  );
#931 = CARTESIAN_POINT('',(6.226248495194,-2.205083669524,0.959861294331
    ));
#932 = CARTESIAN_POINT('',(6.315615472124,-2.694865448915,-0.1653003318)
  );
#933 = CARTESIAN_POINT('',(6.405018398279,-2.5468274832,-1.568129529243)
  );
#934 = CARTESIAN_POINT('',(6.494338191117,-1.582838024597,
    -2.841557173677));
#935 = CARTESIAN_POINT('',(6.583776079244,7.252895001863E-02,
    -3.450897245334));
#936 = CARTESIAN_POINT('',(6.673122468816,1.909522115361,-2.979738701786
    ));
#937 = CARTESIAN_POINT('',(6.762468858709,3.105087110549,-1.507464853387
    ));
#938 = CARTESIAN_POINT('',(6.851906746607,3.242947250764,0.251002764938)
  );
#939 = CARTESIAN_POINT('',(6.941226539558,2.488684598702,1.658886502198)
  );
#940 = CARTESIAN_POINT('',(7.030629465679,1.275966910898,2.37938964329)
  );
#941 = CARTESIAN_POINT('',(7.119996442613,4.908165358581E-02,
    2.404438430175));
#942 = CARTESIAN_POINT('',(7.209369226227,-1.177803263121,2.429483978962
    ));
#943 = CARTESIAN_POINT('',(7.298763218592,-2.41891222735,1.759044755061)
  );
#944 = CARTESIAN_POINT('',(7.388093448788,-3.230013896753,0.383173053125
    ));
#945 = CARTESIAN_POINT('',(7.477522714216,-3.163990030368,-1.37953833594
    ));
#946 = CARTESIAN_POINT('',(7.56687246883,-2.029577160762,-2.899298437883
    ));
#947 = CARTESIAN_POINT('',(7.656222223713,-0.213244524318,
    -3.445074939908));
#948 = CARTESIAN_POINT('',(7.745651488955,1.465518789328,-2.90378575515)
  );
#949 = CARTESIAN_POINT('',(7.834981719233,2.480732135516,-1.670751847941
    ));
#950 = CARTESIAN_POINT('',(7.924375711582,2.685869558676,-0.275139107167
    ));
#951 = CARTESIAN_POINT('',(8.013748495191,2.242417703146,0.869074529935)
  );
#952 = CARTESIAN_POINT('',(8.103115472134,1.798968906071,2.013289562484)
  );
#953 = CARTESIAN_POINT('',(8.192518398258,0.706881809379,2.906144964944)
  );
#954 = CARTESIAN_POINT('',(8.281838191143,-0.874073940999,3.133020607828
    ));
#955 = CARTESIAN_POINT('',(8.371276079225,-2.479216892869,2.40154863463)
  );
#956 = CARTESIAN_POINT('',(8.460622468816,-3.453323107128,0.774388118278
    ));
#957 = CARTESIAN_POINT('',(8.549968858728,-3.267288570887,
    -1.113032633376));
#958 = CARTESIAN_POINT('',(8.639406746582,-2.128202944844,
    -2.459768583574));
#959 = CARTESIAN_POINT('',(8.728726539578,-0.601712753458,
    -2.929743541901));
#960 = CARTESIAN_POINT('',(8.818129465668,0.767038930061,-2.588674933648
    ));
#961 = CARTESIAN_POINT('',(8.907496442616,1.656614711466,-1.743376284962
    ));
#962 = CARTESIAN_POINT('',(8.996869226221,2.546187972842,-0.898075574562
    ));
#963 = CARTESIAN_POINT('',(9.086263218602,2.956604072271,0.451516526547)
  );
#964 = CARTESIAN_POINT('',(9.175593448774,2.565147200796,1.999957799579)
  );
#965 = CARTESIAN_POINT('',(9.265022714237,1.278174621386,3.206279552678)
  );
#966 = CARTESIAN_POINT('',(9.354372468801,-0.597194311853,3.488333962958
    ));
#967 = CARTESIAN_POINT('',(9.443722223746,-2.272020153626,2.598449343435
    ));
#968 = CARTESIAN_POINT('',(9.533151488923,-3.084335352905,1.032759635376
    ));
#969 = CARTESIAN_POINT('',(9.622481719256,-2.938426689326,
    -0.557756449548));
#970 = CARTESIAN_POINT('',(9.71187571157,-2.102420020747,-1.69393827246)
  );
#971 = CARTESIAN_POINT('',(9.801248495195,-0.982313963619,
    -2.195173562804));
#972 = CARTESIAN_POINT('',(9.89061526686,0.137790787341,-2.696412003438)
  );
#973 = CARTESIAN_POINT('',(9.98001927815,1.542058253383,-2.562697436321)
  );
#974 = CARTESIAN_POINT('',(10.069335918769,2.825255247842,
    -1.611753477593));
#975 = CARTESIAN_POINT('',(10.158780382119,3.451460096652,
    3.730926953324E-02));
#976 = CARTESIAN_POINT('',(10.248116078905,2.999066463719,1.879014543409
    ));
#977 = CARTESIAN_POINT('',(10.337476526594,1.53907771572,3.089542160702)
  );
#978 = CARTESIAN_POINT('',(10.426899216605,-0.217899942838,
    3.245339589279));
#979 = CARTESIAN_POINT('',(10.516232599106,-1.633399982307,
    2.505483979176));
#980 = CARTESIAN_POINT('',(10.605625506314,-2.36624683769,1.300181760907
    ));
#981 = CARTESIAN_POINT('',(10.694998495196,-2.403811212893,
    7.361621234619E-02));
#982 = CARTESIAN_POINT('',(10.784365472117,-2.441378985604,
    -1.15294953754));
#983 = CARTESIAN_POINT('',(10.873768398292,-1.783634750876,
    -2.400834755898));
#984 = CARTESIAN_POINT('',(10.963088191099,-0.416118695321,
    -3.225936858456));
#985 = CARTESIAN_POINT('',(11.052526079258,1.347181531774,
    -3.177900905784));
#986 = CARTESIAN_POINT('',(11.141872468816,2.878433839629,
    -2.059061939534));
#987 = CARTESIAN_POINT('',(11.231218858695,3.442719943971,
    -0.248386061636));
#988 = CARTESIAN_POINT('',(11.320656746628,2.918590582876,1.435805790783
    ));
#989 = CARTESIAN_POINT('',(11.40997653954,1.695979482523,2.463556180375)
  );
#990 = CARTESIAN_POINT('',(11.49937946569,0.302534648172,2.682919942699)
  );
#991 = CARTESIAN_POINT('',(11.588746442608,-0.846146133961,
    2.251170782775));
#992 = CARTESIAN_POINT('',(11.678119226221,-1.994825398868,
    1.819418741986));
#993 = CARTESIAN_POINT('',(11.76751321862,-2.898781780669,0.736504583848
    ));
#994 = CARTESIAN_POINT('',(11.856843448739,-3.141774628728,
    -0.84205910949));
#995 = CARTESIAN_POINT('',(11.946272714265,-2.426727195268,
    -2.454578182251));
#996 = CARTESIAN_POINT('',(12.035622468803,-0.809584673578,
    -3.445241289015));
#997 = CARTESIAN_POINT('',(12.124972223712,1.079628440542,
    -3.278477847857));
#998 = CARTESIAN_POINT('',(12.214401488965,2.437925759449,
    -2.153191822701));
#999 = CARTESIAN_POINT('',(12.30373171923,2.923448104562,-0.631581226314
    ));
#1000 = CARTESIAN_POINT('',(12.393125711575,2.596369211975,0.74058337117
    ));
#1001 = CARTESIAN_POINT('',(12.482498495201,1.760190323913,
    1.638736622383));
#1002 = CARTESIAN_POINT('',(12.571865266846,0.924013866548,
    2.536892265711));
#1003 = CARTESIAN_POINT('',(12.661269278174,-0.421323428862,
    2.961055280677));
#1004 = CARTESIAN_POINT('',(12.75058591874,-1.97367379934,2.585426119948
    ));
#1005 = CARTESIAN_POINT('',(12.840030382141,-3.193071807302,
    1.310824631279));
#1006 = CARTESIAN_POINT('',(12.929366078899,-3.494244252403,
    -0.56156247434));
#1007 = CARTESIAN_POINT('',(13.018726526583,-2.621501368153,
    -2.245386727166));
#1008 = CARTESIAN_POINT('',(13.108149216622,-1.064180336738,
    -3.073634598609));
#1009 = CARTESIAN_POINT('',(13.197482599094,0.527740739377,
    -2.943965893843));
#1010 = CARTESIAN_POINT('',(13.28687550632,1.672395164525,
    -2.119596924402));
#1011 = CARTESIAN_POINT('',(13.376248495195,2.185034844951,
    -1.004664332155));
#1012 = CARTESIAN_POINT('',(13.465615472121,2.697677732681,
    0.110267121343));
#1013 = CARTESIAN_POINT('',(13.555018398284,2.578300562819,
    1.515825404668));
#1014 = CARTESIAN_POINT('',(13.644338191109,1.640500924931,2.80866162053
    ));
#1015 = CARTESIAN_POINT('',(13.733776079251,-2.085413055375E-03,
    3.451658716847));
#1016 = CARTESIAN_POINT('',(13.823122468816,-1.848311717356,
    3.018089003889));
#1017 = CARTESIAN_POINT('',(13.912468858703,-3.073674940154,
    1.570521763802));
#1018 = CARTESIAN_POINT('',(14.001906746617,-3.247394457982,
    -0.184766050799));
#1019 = CARTESIAN_POINT('',(14.09122653955,-2.522022022881,
    -1.607750097217));
#1020 = CARTESIAN_POINT('',(14.180629465683,-1.324261473882,
    -2.352853200071));
#1021 = CARTESIAN_POINT('',(14.269996442612,-9.814296594609E-02,
    -2.402935939941));
#1022 = CARTESIAN_POINT('',(1.1,-5.102689104586E-15,-2.536151308436));
#1023 = CARTESIAN_POINT('',(1.189367984252,1.294090829049,
    -2.536147086007));
#1024 = CARTESIAN_POINT('',(1.278767404154,2.588224911733,
    -1.802589063721));
#1025 = CARTESIAN_POINT('',(1.368094128553,3.413748898842,
    -0.334447008488));
#1026 = CARTESIAN_POINT('',(1.457524120631,3.306281198914,1.522571462029
    ));
#1027 = CARTESIAN_POINT('',(1.546874102648,2.077400913484,3.100532326998
    ));
#1028 = CARTESIAN_POINT('',(1.636224084346,0.150745368503,3.636884800941
    ));
#1029 = CARTESIAN_POINT('',(1.725654076656,-1.607690205266,
    3.030013642639));
#1030 = CARTESIAN_POINT('',(1.814980800935,-2.651475001333,
    1.708162999743));
#1031 = CARTESIAN_POINT('',(1.904380220878,-2.837744943353,0.23228023511
    ));
#1032 = CARTESIAN_POINT('',(1.993748205122,-2.345565739137,
    -0.964561736407));
#1033 = CARTESIAN_POINT('',(2.083121446515,-1.853389605659,
    -2.161404682102));
#1034 = CARTESIAN_POINT('',(2.172512105386,-0.682759623725,
    -3.079296140035));
#1035 = CARTESIAN_POINT('',(2.261850713159,0.98901641389,-3.284415206278
    ));
#1036 = CARTESIAN_POINT('',(2.351267415457,2.665620231744,
    -2.478750197814));
#1037 = CARTESIAN_POINT('',(2.440629690292,3.657620711622,-0.74208083367
    ));
#1038 = CARTESIAN_POINT('',(2.529970321716,3.420917701741,1.243782066387
    ));
#1039 = CARTESIAN_POINT('',(2.619406063692,2.19087063916,2.639266828186)
  );
#1040 = CARTESIAN_POINT('',(2.708730031545,0.571377305689,3.101881665335
    ));
#1041 = CARTESIAN_POINT('',(2.798130400365,-0.864440765091,
    2.712838483274));
#1042 = CARTESIAN_POINT('',(2.887498205123,-1.784155256202,
    1.802456102578));
#1043 = CARTESIAN_POINT('',(2.976871267026,-2.703871970029,
    0.892076062771));
#1044 = CARTESIAN_POINT('',(3.066262874779,-3.107566242553,
    -0.539681091823));
#1045 = CARTESIAN_POINT('',(3.155598726121,-2.661453541391,
    -2.163841337237));
#1046 = CARTESIAN_POINT('',(3.245021178088,-1.278675786042,
    -3.408035443338));
#1047 = CARTESIAN_POINT('',(3.33437410265,0.704767905739,-3.664995921905
    ));
#1048 = CARTESIAN_POINT('',(3.423727026886,2.451378230688,
    -2.690800342447));
#1049 = CARTESIAN_POINT('',(3.51314947909,3.274174752408,-1.022456994223
    ));
#1050 = CARTESIAN_POINT('',(3.602485330309,3.086094743157,0.651286432388
    ));
#1051 = CARTESIAN_POINT('',(3.691876938105,2.180206894669,1.83123929204)
  );
#1052 = CARTESIAN_POINT('',(3.78125,0.988448103009,2.335601380146));
#1053 = CARTESIAN_POINT('',(3.870617984254,-0.203312219003,
    2.839960784465));
#1054 = CARTESIAN_POINT('',(3.96001740415,-1.681010088497,2.668790102037
    ));
#1055 = CARTESIAN_POINT('',(4.049344128558,-3.013453141806,
    1.638486041428));
#1056 = CARTESIAN_POINT('',(4.138774120628,-3.638244206484,
    -0.113570758988));
#1057 = CARTESIAN_POINT('',(4.228124102648,-3.121539204403,
    -2.04569994414));
#1058 = CARTESIAN_POINT('',(4.317474084349,-1.556276614866,
    -3.290540733599));
#1059 = CARTESIAN_POINT('',(4.406904076651,0.299632053725,
    -3.416997381191));
#1060 = CARTESIAN_POINT('',(4.496230800939,1.776060513753,
    -2.606482220903));
#1061 = CARTESIAN_POINT('',(4.585630220876,2.522816374225,-1.31990454696
    ));
#1062 = CARTESIAN_POINT('',(4.674998205123,2.536018168453,
    -2.588105935431E-02));
#1063 = CARTESIAN_POINT('',(4.764371446515,2.549223170273,1.268142128596
    ));
#1064 = CARTESIAN_POINT('',(4.853762105384,1.828904581628,2.56969520627)
  );
#1065 = CARTESIAN_POINT('',(4.943100713162,0.369270506753,3.41015776864)
  );
#1066 = CARTESIAN_POINT('',(5.032517415458,-1.488755954261,
    3.321647102222));
#1067 = CARTESIAN_POINT('',(5.121879690285,-3.079167857148,
    2.108933033861));
#1068 = CARTESIAN_POINT('',(5.211220321727,-3.635159345169,
    0.187851765936));
#1069 = CARTESIAN_POINT('',(5.300656063681,-3.046260983131,
    -1.57668562832));
#1070 = CARTESIAN_POINT('',(5.389980031552,-1.735132543934,
    -2.633905265229));
#1071 = CARTESIAN_POINT('',(5.479380400362,-0.261226925364,
    -2.835226792717));
#1072 = CARTESIAN_POINT('',(5.568748205123,0.940575254913,
    -2.355286855099));
#1073 = CARTESIAN_POINT('',(5.658121267026,2.142378569796,
    -1.875349939546));
#1074 = CARTESIAN_POINT('',(5.747512874778,3.072167946183,
    -0.714148264144));
#1075 = CARTESIAN_POINT('',(5.836848726123,3.294337921271,0.955448557575
    ));
#1076 = CARTESIAN_POINT('',(5.926271178084,2.505821745915,2.640184600854
    ));
#1077 = CARTESIAN_POINT('',(6.015624102656,0.779370444744,3.649859534063
    ));
#1078 = CARTESIAN_POINT('',(6.104977026879,-1.208810323961,3.43342967213
    ));
#1079 = CARTESIAN_POINT('',(6.194399479098,-2.61676871256,2.21769252137)
  );
#1080 = CARTESIAN_POINT('',(6.283735330303,-3.09589177659,0.602999907435
    ));
#1081 = CARTESIAN_POINT('',(6.37312693811,-2.72151713252,-0.836710192176
    ));
#1082 = CARTESIAN_POINT('',(6.462499999997,-1.820570204868,
    -1.765669161654));
#1083 = CARTESIAN_POINT('',(6.551867804776,-0.919620726491,
    -2.694626307492));
#1084 = CARTESIAN_POINT('',(6.641268173521,0.507938121645,
    -3.112913844266));
#1085 = CARTESIAN_POINT('',(6.730592141551,2.136571882881,
    -2.683394213792));
#1086 = CARTESIAN_POINT('',(6.820027883225,3.394806094601,
    -1.313390417682));
#1087 = CARTESIAN_POINT('',(6.909368515032,3.671999775821,0.667332441281
    ));
#1088 = CARTESIAN_POINT('',(6.998730789504,2.715674531377,2.423789805883
    ));
#1089 = CARTESIAN_POINT('',(7.088147492057,1.055817296581,3.263570954247
    ));
#1090 = CARTESIAN_POINT('',(7.177486099698,-0.61975960134,3.09258006242)
  );
#1091 = CARTESIAN_POINT('',(7.266876758621,-1.808895067508,
    2.198781044465));
#1092 = CARTESIAN_POINT('',(7.356249999996,-2.325392751773,
    1.012231203466));
#1093 = CARTESIAN_POINT('',(7.445617984265,-2.841887684131,
    -0.174320126521));
#1094 = CARTESIAN_POINT('',(7.535017404129,-2.685805668522,
    -1.653687829447));
#1095 = CARTESIAN_POINT('',(7.624344128584,-1.669152700609,
    -2.996575646945));
#1096 = CARTESIAN_POINT('',(7.713774120608,7.643693980429E-02,
    -3.639213736174));
#1097 = CARTESIAN_POINT('',(7.803124102651,2.013738437499,
    -3.142252817878));
#1098 = CARTESIAN_POINT('',(7.892474084363,3.27448774911,-1.589775204962
    ));
#1099 = CARTESIAN_POINT('',(7.981904076632,3.419877167742,0.264746347013
    ));
#1100 = CARTESIAN_POINT('',(8.071230800954,2.624471011598,1.749369150782
    ));
#1101 = CARTESIAN_POINT('',(8.160630220868,1.345580897676,2.509215518629
    ));
#1102 = CARTESIAN_POINT('',(8.249998205126,5.175951451409E-02,
    2.535622001131));
#1103 = CARTESIAN_POINT('',(8.339371267025,-1.242061640293,
    2.562031657451));
#1104 = CARTESIAN_POINT('',(8.428762874775,-2.550897171108,
    1.855032952587));
#1105 = CARTESIAN_POINT('',(8.518098726131,-3.406212981495,
    0.404051247183));
#1106 = CARTESIAN_POINT('',(8.607521178074,-3.336664559541,
    -1.454780727824));
#1107 = CARTESIAN_POINT('',(8.696874102663,-2.140249046263,
    -3.057487028346));
#1108 = CARTESIAN_POINT('',(8.786227026875,-0.224934523178,
    -3.633051908934));
#1109 = CARTESIAN_POINT('',(8.875649479101,1.5455129344,-3.062193394288)
  );
#1110 = CARTESIAN_POINT('',(8.964985330298,2.616064337128,
    -1.761920022223));
#1111 = CARTESIAN_POINT('',(9.054376938115,2.832411358559,
    -0.290147107891));
#1112 = CARTESIAN_POINT('',(9.143749999993,2.364763725479,0.916491124844
    ));
#1113 = CARTESIAN_POINT('',(9.233117984274,1.897113100444,2.123128587692
    ));
#1114 = CARTESIAN_POINT('',(9.322517404111,0.745465013381,3.06472142945)
  );
#1115 = CARTESIAN_POINT('',(9.411844128607,-0.921783494,3.303914577583)
  );
#1116 = CARTESIAN_POINT('',(9.501274120591,-2.614473007151,
    2.532636989046));
#1117 = CARTESIAN_POINT('',(9.590624102651,-3.641717213718,
    0.816572716544));
#1118 = CARTESIAN_POINT('',(9.679974084379,-3.44558702561,
    -1.173705785236));
#1119 = CARTESIAN_POINT('',(9.769404076609,-2.244279561052,
    -2.594004572575));
#1120 = CARTESIAN_POINT('',(9.858730800972,-0.634563319288,
    -3.089574389828));
#1121 = CARTESIAN_POINT('',(9.948130220859,0.808895026958,
    -2.729915622589));
#1122 = CARTESIAN_POINT('',(10.037498205129,1.746997812461,
    -1.838493030508));
#1123 = CARTESIAN_POINT('',(10.126871267019,2.685102668413,
    -0.947072854713));
#1124 = CARTESIAN_POINT('',(10.216262874783,3.117933204981,
    0.476147206278));
#1125 = CARTESIAN_POINT('',(10.305598726119,2.705060468236,
    2.109073765618));
#1126 = CARTESIAN_POINT('',(10.395021178093,1.347963139396,
    3.381229469256));
#1127 = CARTESIAN_POINT('',(10.484374102637,-0.629823204067,
    3.67861599521));
#1128 = CARTESIAN_POINT('',(10.573727026905,-2.395951839973,
    2.740269419817));
#1129 = CARTESIAN_POINT('',(10.663149479072,-3.252625758996,
    1.089065786049));
#1130 = CARTESIAN_POINT('',(10.752485330319,-3.098743900933,
    -0.588167507746));
#1131 = CARTESIAN_POINT('',(10.841876938104,-2.21712607011,
    -1.786362627664));
#1132 = CARTESIAN_POINT('',(10.931249999997,-1.035908887512,
    -2.314941950902));
#1133 = CARTESIAN_POINT('',(11.020617804773,0.145309987582,
    -2.843518634566));
#1134 = CARTESIAN_POINT('',(11.110018173528,1.626192889358,
    -2.702541474954));
#1135 = CARTESIAN_POINT('',(11.199342141539,2.979387273092,
    -1.699645667277));
#1136 = CARTESIAN_POINT('',(11.288777883238,3.639802010971,
    3.929542053125E-02));
#1137 = CARTESIAN_POINT('',(11.378118515021,3.162642541549,
    1.981566828354));
#1138 = CARTESIAN_POINT('',(11.467480789511,1.623104208531,
    3.258094214679));
#1139 = CARTESIAN_POINT('',(11.556897492054,-0.229829118102,
    3.422400343856));
#1140 = CARTESIAN_POINT('',(11.6462360997,-1.722498783225,2.64218684951)
  );
#1141 = CARTESIAN_POINT('',(11.735626758619,-2.495351269359,
    1.371116876586));
#1142 = CARTESIAN_POINT('',(11.824999999997,-2.534962844428,
    7.763270345225E-02));
#1143 = CARTESIAN_POINT('',(11.91436798426,-2.574571311616,
    -1.215851831891));
#1144 = CARTESIAN_POINT('',(12.003767404141,-1.880971053053,
    -2.531834004023));
#1145 = CARTESIAN_POINT('',(12.093094128568,-0.438786633978,
    -3.401911614907));
#1146 = CARTESIAN_POINT('',(12.18252412062,1.420651253895,
    -3.351338424889));
#1147 = CARTESIAN_POINT('',(12.271874102651,3.035489236076,
    -2.171336078028));
#1148 = CARTESIAN_POINT('',(12.361224084349,3.6305661412,-0.262001366067
    ));
#1149 = CARTESIAN_POINT('',(12.450654076651,3.077805852193,
    1.514186780711));
#1150 = CARTESIAN_POINT('',(12.539980800938,1.788525350983,
    2.597944877262));
#1151 = CARTESIAN_POINT('',(12.629380220878,0.319036003281,
    2.829304949941));
#1152 = CARTESIAN_POINT('',(12.718748205121,-0.892310938219,
    2.373992242929));
#1153 = CARTESIAN_POINT('',(12.808121267019,-2.103658844716,
    1.918682568095));
#1154 = CARTESIAN_POINT('',(12.897512874799,-3.056953216375,
    0.776698568061));
#1155 = CARTESIAN_POINT('',(12.986848726088,-3.313151268943,
    -0.88801630328));
#1156 = CARTESIAN_POINT('',(13.076271178118,-2.559182648843,
    -2.588494063854));
#1157 = CARTESIAN_POINT('',(13.16562410264,-0.853697115937,
    -3.633193380866));
#1158 = CARTESIAN_POINT('',(13.254977026873,1.138486613518,
    -3.457384841721));
#1159 = CARTESIAN_POINT('',(13.344399479112,2.570963404208,
    -2.270635547265));
#1160 = CARTESIAN_POINT('',(13.433735330295,3.082940502409,
    -0.666057534561));
#1161 = CARTESIAN_POINT('',(13.523126938108,2.738026487935,
    0.780993213573));
#1162 = CARTESIAN_POINT('',(13.612500000002,1.85622608228,1.728145882369
    ));
#1163 = CARTESIAN_POINT('',(13.701867804761,0.974423089201,
    2.675296779951));
#1164 = CARTESIAN_POINT('',(13.79126817355,-0.44430170975,3.122631859183
    ));
#1165 = CARTESIAN_POINT('',(13.880592141513,-2.081362209693,
    2.726440035915));
#1166 = CARTESIAN_POINT('',(13.970027883259,-3.367294394362,
    1.382400546444));
#1167 = CARTESIAN_POINT('',(14.059368515016,-3.684854380072,
    -0.592252596865));
#1168 = CARTESIAN_POINT('',(14.148730789501,-2.764575383256,
    -2.367861510693));
#1169 = CARTESIAN_POINT('',(14.238147492069,-1.122202730055,
    -3.241343327975));
#1170 = CARTESIAN_POINT('',(14.327486099688,0.55651488596,
    -3.104584446848));
#1171 = CARTESIAN_POINT('',(14.416876758624,1.763643982173,
    -2.235240334037));
#1172 = CARTESIAN_POINT('',(14.506249999997,2.304250065903,
    -1.059478689289));
#1173 = CARTESIAN_POINT('',(14.595617984263,2.844853428686,0.1162845003)
  );
#1174 = CARTESIAN_POINT('',(14.685017404134,2.718995938054,
    1.598529516521));
#1175 = CARTESIAN_POINT('',(14.774344128577,1.729961353521,
    2.961886233651));
#1176 = CARTESIAN_POINT('',(14.863774120615,-2.149288438322E-03,
    3.640015742268));
#1177 = CARTESIAN_POINT('',(14.953124102649,-1.949189626595,
    3.182696194363));
#1178 = CARTESIAN_POINT('',(15.042474084358,-3.241360446229,
    1.656272223717));
#1179 = CARTESIAN_POINT('',(15.13190407664,-3.424568013082,
    -0.194895855442));
#1180 = CARTESIAN_POINT('',(15.221230800948,-2.659626790166,
    -1.695442671824));
#1181 = CARTESIAN_POINT('',(15.310630220872,-1.396510542727,
    -2.481231302233));
#1182 = CARTESIAN_POINT('',(15.399998205125,-0.103497559229,
    -2.534037536264));
#1183 = CARTESIAN_POINT('',(1.1,-3.368832990347E-15,-3.45));
#1184 = CARTESIAN_POINT('',(1.189375,1.760374918228,-3.449995777571));
#1185 = CARTESIAN_POINT('',(1.278749999993,3.520895055085,
    -2.452099771133));
#1186 = CARTESIAN_POINT('',(1.368125000025,4.643705711213,
    -0.455013514712));
#1187 = CARTESIAN_POINT('',(1.457499999942,4.497771336867,2.071318823149
    ));
#1188 = CARTESIAN_POINT('',(1.546875000086,2.825843195179,4.217567941277
    ));
#1189 = CARTESIAN_POINT('',(1.636249999912,0.205102426257,4.947540257348
    ));
#1190 = CARTESIAN_POINT('',(1.72562500006,-2.186979851916,4.121688295672
    ));
#1191 = CARTESIAN_POINT('',(1.814999999972,-3.606894659318,
    2.323720496994));
#1192 = CARTESIAN_POINT('',(1.904375000007,-3.860260058909,
    0.315964889487));
#1193 = CARTESIAN_POINT('',(1.993749999999,-3.190741343258,
    -1.312121269823));
#1194 = CARTESIAN_POINT('',(2.083125000002,-2.52122555385,
    -2.940208632486));
#1195 = CARTESIAN_POINT('',(2.172499999991,-0.928743668044,
    -4.188903774949));
#1196 = CARTESIAN_POINT('',(2.261875000028,1.345293741992,
    -4.467799053795));
#1197 = CARTESIAN_POINT('',(2.351249999939,3.626284300156,
    -3.372000527577));
#1198 = CARTESIAN_POINT('',(2.440625000088,4.975365798324,
    -1.009443366017));
#1199 = CARTESIAN_POINT('',(2.529999999912,4.653754421826,1.691985163195
    ));
#1200 = CARTESIAN_POINT('',(2.61937500006,2.980190687591,3.590215715904)
  );
#1201 = CARTESIAN_POINT('',(2.708749999972,0.777307297568,4.2196162798)
  );
#1202 = CARTESIAN_POINT('',(2.798125000007,-1.175932959251,
    3.690341873171));
#1203 = CARTESIAN_POINT('',(2.887499999999,-2.427038199359,
    2.451933548274));
#1204 = CARTESIAN_POINT('',(2.976875000002,-3.678145807322,
    1.213527331489));
#1205 = CARTESIAN_POINT('',(3.066249999991,-4.227343977582,
    -0.734193693717));
#1206 = CARTESIAN_POINT('',(3.155625000028,-3.620408156591,
    -2.943416089387));
#1207 = CARTESIAN_POINT('',(3.244999999939,-1.739436396016,
    -4.636233816355));
#1208 = CARTESIAN_POINT('',(3.334375000087,0.958668730804,
    -4.985401023728));
#1209 = CARTESIAN_POINT('',(3.423749999913,3.334778609386,
    -3.660529868686));
#1210 = CARTESIAN_POINT('',(3.513125000058,4.453861097945,
    -1.390792268693));
#1211 = CARTESIAN_POINT('',(3.602499999974,4.198154892194,0.885934153539
    ));
#1212 = CARTESIAN_POINT('',(3.691875000005,2.965785547736,2.491092766722
    ));
#1213 = CARTESIAN_POINT('',(3.78125,1.344614551993,3.177186130299));
#1214 = CARTESIAN_POINT('',(3.870625,-0.276557752893,3.863276656842));
#1215 = CARTESIAN_POINT('',(3.959999999993,-2.286785478276,
    3.630441771032));
#1216 = CARTESIAN_POINT('',(4.049375000025,-4.099159300178,
    2.228886058701));
#1217 = CARTESIAN_POINT('',(4.138749999942,-4.949386127592,
    -0.154549752247));
#1218 = CARTESIAN_POINT('',(4.228125000085,-4.246154502601,
    -2.782703908615));
#1219 = CARTESIAN_POINT('',(4.317499999913,-2.117154553798,
    -4.476368863119));
#1220 = CARTESIAN_POINT('',(4.406875000059,0.407640577277,
    -4.648120527602));
#1221 = CARTESIAN_POINT('',(4.496249999973,2.416019504354,
    -3.545732052223));
#1222 = CARTESIAN_POINT('',(4.585625000007,3.431859052228,
    -1.795490178037));
#1223 = CARTESIAN_POINT('',(4.674999999999,3.449819273785,
    -3.52068817502E-02));
#1224 = CARTESIAN_POINT('',(4.764375000002,3.467782659184,1.725076382248
    ));
#1225 = CARTESIAN_POINT('',(4.853749999989,2.487899267656,3.495688325741
    ));
#1226 = CARTESIAN_POINT('',(4.943125000031,0.502382320254,4.638820501118
    ));
#1227 = CARTESIAN_POINT('',(5.032499999935,-2.02531571138,4.51867476732)
  );
#1228 = CARTESIAN_POINT('',(5.12187500009,-4.18850752703,2.868735859634)
  );
#1229 = CARTESIAN_POINT('',(5.21124999991,-4.945191847832,0.255580905453
    ));
#1230 = CARTESIAN_POINT('',(5.300625000061,-4.143790381066,
    -2.144804582925));
#1231 = CARTESIAN_POINT('',(5.389999999972,-2.360407947378,
    -3.582993511796));
#1232 = CARTESIAN_POINT('',(5.479375000007,-0.355341882958,
    -3.856834662224));
#1233 = CARTESIAN_POINT('',(5.568749999999,1.279491760922,
    -3.203965258869));
#1234 = CARTESIAN_POINT('',(5.658125000002,2.914326763791,
    -2.551098719775));
#1235 = CARTESIAN_POINT('',(5.74749999999,4.179207587866,-0.971442958814
    ));
#1236 = CARTESIAN_POINT('',(5.836875000028,4.481295851446,1.299631096636
    ));
#1237 = CARTESIAN_POINT('',(5.92624999994,3.408829173305,3.59168298197)
  );
#1238 = CARTESIAN_POINT('',(6.015625000086,1.060166309836,4.964807800739
    ));
#1239 = CARTESIAN_POINT('',(6.104999999915,-1.64440887417,4.670775818607
    ));
#1240 = CARTESIAN_POINT('',(6.194375000057,-3.559613386496,
    3.016676043787));
#1241 = CARTESIAN_POINT('',(6.283749999975,-4.211466507614,
    0.820325349157));
#1242 = CARTESIAN_POINT('',(6.373125000005,-3.702148490497,
    -1.138210719463));
#1243 = CARTESIAN_POINT('',(6.4625,-2.47657432185,-2.401890844385));
#1244 = CARTESIAN_POINT('',(6.551875,-1.250997742825,-3.665568909969));
#1245 = CARTESIAN_POINT('',(6.641249999992,0.691013566462,
    -4.234618445081));
#1246 = CARTESIAN_POINT('',(6.730625000027,2.906319776257,
    -3.650254134609));
#1247 = CARTESIAN_POINT('',(6.819999999941,4.618238736403,
    -1.786660916851));
#1248 = CARTESIAN_POINT('',(6.909375000083,4.994926956547,0.907745651703
    ));
#1249 = CARTESIAN_POINT('',(6.998749999919,3.694368704917,3.297248058222
    ));
#1250 = CARTESIAN_POINT('',(7.088125000053,1.436171898123,4.439437121053
    ));
#1251 = CARTESIAN_POINT('',(7.177499999977,-0.843046618208,
    4.206976832682));
#1252 = CARTESIAN_POINT('',(7.266875000005,-2.460697440285,
    2.991052534348));
#1253 = CARTESIAN_POINT('',(7.35625,-3.163299037771,1.376967391631));
#1254 = CARTESIAN_POINT('',(7.445625000001,-3.865897734198,
    -0.237119013901));
#1255 = CARTESIAN_POINT('',(7.534999999991,-3.653589138181,-2.24961812)
  );
#1256 = CARTESIAN_POINT('',(7.62437500003,-2.270601493905,
    -4.076200300126));
#1257 = CARTESIAN_POINT('',(7.713749999937,0.104033731685,
    -4.950705570792));
#1258 = CARTESIAN_POINT('',(7.803125000088,2.739227442545,
    -4.274330605021));
#1259 = CARTESIAN_POINT('',(7.892499999913,4.454530429706,
    -2.162725191526));
#1260 = CARTESIAN_POINT('',(7.981875000058,4.652038423759,0.360185762189
    ));
#1261 = CARTESIAN_POINT('',(8.071249999974,3.57020265018,2.379709870602)
  );
#1262 = CARTESIAN_POINT('',(8.160625000007,1.830418450789,3.413357559467
    ));
#1263 = CARTESIAN_POINT('',(8.249999999999,7.041009696351E-02,
    3.44928035459));
#1264 = CARTESIAN_POINT('',(8.339375000002,-1.689598293012,
    3.485206274014));
#1265 = CARTESIAN_POINT('',(8.428749999989,-3.470117114483,
    2.523443024223));
#1266 = CARTESIAN_POINT('',(8.518125000031,-4.633453307165,
    0.549694411277));
#1267 = CARTESIAN_POINT('',(8.607499999937,-4.539105499632,
    -1.979096824074));
#1268 = CARTESIAN_POINT('',(8.696875000087,-2.911332902059,
    -4.159015488809));
#1269 = CARTESIAN_POINT('',(8.786249999916,-0.306029005008,
    -4.942324710212));
#1270 = CARTESIAN_POINT('',(8.875625000055,2.102402253246,
    -4.165463549246));
#1271 = CARTESIAN_POINT('',(8.964999999977,3.558722195465,-2.3968479632)
  );
#1272 = CARTESIAN_POINT('',(9.054375000005,3.853005661726,
    -0.394682731225));
#1273 = CARTESIAN_POINT('',(9.14375,3.216856512374,1.246729392759));
#1274 = CARTESIAN_POINT('',(9.233125000001,2.580704415061,2.888140481374
    ));
#1275 = CARTESIAN_POINT('',(9.322499999989,1.014043409766,4.169077984344
    ));
#1276 = CARTESIAN_POINT('',(9.411875000033,-1.253835134314,4.49432280625
    ));
#1277 = CARTESIAN_POINT('',(9.501249999934,-3.556707006702,
    3.445307523952));
#1278 = CARTESIAN_POINT('',(9.590625000089,-4.953731208419,1.11077280202
    ));
#1279 = CARTESIAN_POINT('',(9.679999999915,-4.687314295764,
    -1.596654720315));
#1280 = CARTESIAN_POINT('',(9.769375000055,-3.052842832824,
    -3.528646471031));
#1281 = CARTESIAN_POINT('',(9.858749999975,-0.863261978341,
    -4.202873396665));
#1282 = CARTESIAN_POINT('',(9.948125000006,1.100372743967,
    -3.713572586884));
#1283 = CARTESIAN_POINT('',(10.037499999999,2.376491846147,
    -2.50095562766));
#1284 = CARTESIAN_POINT('',(10.126875000003,3.652613171923,
    -1.288340863454));
#1285 = CARTESIAN_POINT('',(10.216249999988,4.241447468104,
    0.647766053503));
#1286 = CARTESIAN_POINT('',(10.305625000032,3.679725483285,
    2.868915102108));
#1287 = CARTESIAN_POINT('',(10.394999999937,1.833693751395,
    4.599768494383));
#1288 = CARTESIAN_POINT('',(10.484375000085,-0.856723355305,
    5.003927876713));
#1289 = CARTESIAN_POINT('',(10.573749999918,-3.259377275976,
    3.727826050906));
#1290 = CARTESIAN_POINT('',(10.663125000053,-4.42454914445,
    1.481400243997));
#1291 = CARTESIAN_POINT('',(10.752499999977,-4.215361292299,
    -0.800070621022));
#1292 = CARTESIAN_POINT('',(10.841875000005,-3.016007874495,
    -2.43004600544));
#1293 = CARTESIAN_POINT('',(10.93125,-1.409176830274,-3.149082510987));
#1294 = CARTESIAN_POINT('',(11.020625,0.19765568869,-3.868116210122));
#1295 = CARTESIAN_POINT('',(11.109999999992,2.212216017742,
    -3.676355996813));
#1296 = CARTESIAN_POINT('',(11.199375000027,4.052817989233,
    -2.312080499309));
#1297 = CARTESIAN_POINT('',(11.288749999941,4.951507171039,
    5.350694609607E-02));
#1298 = CARTESIAN_POINT('',(11.378125000084,4.302064928787,2.69546560319
    ));
#1299 = CARTESIAN_POINT('',(11.467499999917,2.208066563778,
    4.432228213356));
#1300 = CARTESIAN_POINT('',(11.556875000055,-0.312689475345,
    4.655471723114));
#1301 = CARTESIAN_POINT('',(11.646249999976,-2.343155595171,
    3.594301535491));
#1302 = CARTESIAN_POINT('',(11.735625000005,-3.394498507922,
    1.865156035178));
#1303 = CARTESIAN_POINT('',(11.825,-3.448383298026,0.105606012551));
#1304 = CARTESIAN_POINT('',(11.914375,-3.502264925612,-1.653944106926));
#1305 = CARTESIAN_POINT('',(12.003749999992,-2.558726835718,
    -3.444185281989));
#1306 = CARTESIAN_POINT('',(12.093125000029,-0.596946158886,
    -4.627601464503));
#1307 = CARTESIAN_POINT('',(12.182499999936,1.93266943142,-4.55906761683
    ));
#1308 = CARTESIAN_POINT('',(12.271875000091,4.129091250738,
    -2.953620582615));
#1309 = CARTESIAN_POINT('',(12.361249999909,4.938943518944,
    -0.35645268974));
#1310 = CARTESIAN_POINT('',(12.450625000062,4.186701246424,
    2.059788327123));
#1311 = CARTESIAN_POINT('',(12.539999999971,2.433040206892,
    3.534074331876));
#1312 = CARTESIAN_POINT('',(12.629375000008,0.433981078233,
    3.848779281477));
#1313 = CARTESIAN_POINT('',(12.718749999999,-1.213836406232,
    3.229410739624));
#1314 = CARTESIAN_POINT('',(12.808125000001,-2.861655082975,
    2.610045085866));
#1315 = CARTESIAN_POINT('',(12.897499999994,-4.158511226044,
    1.056532946749));
#1316 = CARTESIAN_POINT('',(12.986875000022,-4.506886308295,
    -1.207902851972));
#1317 = CARTESIAN_POINT('',(13.076249999945,-3.481420871695,
    -3.521365032143));
#1318 = CARTESIAN_POINT('',(13.165625000086,-1.161270921258,
    -4.942137083317));
#1319 = CARTESIAN_POINT('',(13.254999999909,1.548741773744,
    -4.703363287222));
#1320 = CARTESIAN_POINT('',(13.344375000064,3.497305463514,
    -3.088694920058));
#1321 = CARTESIAN_POINT('',(13.433749999971,4.193847545434,
    -0.906105175423));
#1322 = CARTESIAN_POINT('',(13.523125000006,3.724606843087,
    1.062417503625));
#1323 = CARTESIAN_POINT('',(13.6125,2.525078043477,2.350846841961));
#1324 = CARTESIAN_POINT('',(13.701874999999,1.325546791952,3.63927417057
    ));
#1325 = CARTESIAN_POINT('',(13.791249999995,-0.604446457141,
    4.24783916891));
#1326 = CARTESIAN_POINT('',(13.880625000022,-2.831217396901,
    3.70880815636));
#1327 = CARTESIAN_POINT('',(13.969999999945,-4.580813369921,
    1.880541179552));
#1328 = CARTESIAN_POINT('',(14.059375000082,-5.012412550097,
    -0.805616470223));
#1329 = CARTESIAN_POINT('',(14.148749999917,-3.760891888312,
    -3.221163934023));
#1330 = CARTESIAN_POINT('',(14.238125000056,-1.526476046697,
    -4.409202031156));
#1331 = CARTESIAN_POINT('',(14.327499999975,0.757011973686,
    -4.223306115223));
#1332 = CARTESIAN_POINT('',(14.416875000005,2.399141342627,
    -3.040649268489));
#1333 = CARTESIAN_POINT('',(14.50625,3.134538030489,-1.441239513545));
#1334 = CARTESIAN_POINT('',(14.595625,3.869931843668,0.158171563159));
#1335 = CARTESIAN_POINT('',(14.684999999992,3.698740018429,
    2.174584455143));
#1336 = CARTESIAN_POINT('',(14.774375000029,2.353318645379,
    4.029011216683));
#1337 = CARTESIAN_POINT('',(14.863749999938,-2.974449524511E-03,
    4.951797635072));
#1338 = CARTESIAN_POINT('',(14.953125000087,-2.65142325685,
    4.329344501878));
#1339 = CARTESIAN_POINT('',(15.042499999914,-4.409464166085,
    2.253186048987));
#1340 = CARTESIAN_POINT('',(15.131875000058,-4.658420432037,
    -0.265168545938));
#1341 = CARTESIAN_POINT('',(15.221249999974,-3.618025905583,
    -2.306350922588));
#1342 = CARTESIAN_POINT('',(15.310625000007,-1.899699504887,
    -3.375290109739));
#1343 = CARTESIAN_POINT('',(15.399999999999,-0.140790863922,
    -3.447124958417));
#1344 = DEFINITIONAL_REPRESENTATION('',(#1345),#1349);
#1345 = LINE('',#1346,#1347);
#1346 = CARTESIAN_POINT('',(6.28318530718,0.));
#1347 = VECTOR('',#1348,1.);
#1348 = DIRECTION('',(0.,1.));
#1349 = ( GEOMETRIC_REPRESENTATION_CONTEXT(2) 
PARAMETRIC_REPRESENTATION_CONTEXT() REPRESENTATION_CONTEXT('2D SPACE',''
  ) );
#1350 = PCURVE('',#216,#1351);
#1351 = DEFINITIONAL_REPRESENTATION('',(#1352),#1356);
#1352 = LINE('',#1353,#1354);
#1353 = CARTESIAN_POINT('',(0.,0.));
#1354 = VECTOR('',#1355,1.);
#1355 = DIRECTION('',(0.,1.));
#1356 = ( GEOMETRIC_REPRESENTATION_CONTEXT(2) 
PARAMETRIC_REPRESENTATION_CONTEXT() REPRESENTATION_CONTEXT('2D SPACE',''
  ) );
#1357 = ORIENTED_EDGE('',*,*,#1358,.F.);
#1358 = EDGE_CURVE('',#50,#50,#1359,.T.);
#1359 = SURFACE_CURVE('',#1360,(#1368,#1375),.PCURVE_S1.);
#1360 = ( BOUNDED_CURVE() B_SPLINE_CURVE(6,(#1361,#1362,#1363,#1364,
#1365,#1366,#1367),.UNSPECIFIED.,.T.,.F.) B_SPLINE_CURVE_WITH_KNOTS((1,6
    ,6,1),(-6.28318530718,0.,6.28318530718,12.566370614359),
.UNSPECIFIED.) CURVE() GEOMETRIC_REPRESENTATION_ITEM() 
RATIONAL_B_SPLINE_CURVE((1.669078461068,1.03672962321,1.038346699848,
    0.853534330196,1.038346699848,1.03672962321,1.669078461068)) 
REPRESENTATION_ITEM('') );
#1361 = CARTESIAN_POINT('',(15.399999999999,-0.140790863922,
    -3.447124958417));
#1362 = CARTESIAN_POINT('',(15.400001794873,-0.178084168614,
    -4.360212380571));
#1363 = CARTESIAN_POINT('',(14.270000547787,-0.183438943041,
    -4.491318412028));
#1364 = CARTESIAN_POINT('',(13.337985693448,-0.140791029197,
    -3.44712900501));
#1365 = CARTESIAN_POINT('',(14.269996442612,-9.814296594609E-02,
    -2.402935939941));
#1366 = CARTESIAN_POINT('',(15.399998205125,-0.103497559229,
    -2.534037536264));
#1367 = CARTESIAN_POINT('',(15.399999999999,-0.140790863922,
    -3.447124958417));
#1368 = PCURVE('',#216,#1369);
#1369 = DEFINITIONAL_REPRESENTATION('',(#1370),#1374);
#1370 = LINE('',#1371,#1372);
#1371 = CARTESIAN_POINT('',(0.,82.883506942677));
#1372 = VECTOR('',#1373,1.);
#1373 = DIRECTION('',(1.,0.));
#1374 = ( GEOMETRIC_REPRESENTATION_CONTEXT(2) 
PARAMETRIC_REPRESENTATION_CONTEXT() REPRESENTATION_CONTEXT('2D SPACE',''
  ) );
#1375 = PCURVE('',#1376,#1381);
#1376 = PLANE('',#1377);
#1377 = AXIS2_PLACEMENT_3D('',#1378,#1379,#1380);
#1378 = CARTESIAN_POINT('',(14.850087132779,-0.140790907998,
    -3.447126037592));
#1379 = DIRECTION('',(2.977469464903E-13,0.999166963398,
    -4.080905847637E-02));
#1380 = DIRECTION('',(1.109298168209E-16,-4.080905847637E-02,
    -0.999166963398));
#1381 = DEFINITIONAL_REPRESENTATION('',(#1382),#1390);
#1382 = ( BOUNDED_CURVE() B_SPLINE_CURVE(6,(#1383,#1384,#1385,#1386,
#1387,#1388,#1389),.UNSPECIFIED.,.T.,.F.) B_SPLINE_CURVE_WITH_KNOTS((1,6
    ,6,1),(-6.28318530718,0.,6.28318530718,12.566370614359),
.UNSPECIFIED.) CURVE() GEOMETRIC_REPRESENTATION_ITEM() 
RATIONAL_B_SPLINE_CURVE((1.669078461068,1.03672962321,1.038346699848,
    0.853534330196,1.038346699848,1.03672962321,1.669078461068)) 
REPRESENTATION_ITEM('') );
#1383 = CARTESIAN_POINT('',(-1.080074348625E-06,-0.54991286722));
#1384 = CARTESIAN_POINT('',(0.913847611488,-0.549914662094));
#1385 = CARTESIAN_POINT('',(1.045062950125,0.580086584992));
#1386 = CARTESIAN_POINT('',(2.969892270777E-06,1.512101439331));
#1387 = CARTESIAN_POINT('',(-1.045060671441,0.580090690167));
#1388 = CARTESIAN_POINT('',(-0.913849771637,-0.549911072345));
#1389 = CARTESIAN_POINT('',(-1.080074348625E-06,-0.54991286722));
#1390 = ( GEOMETRIC_REPRESENTATION_CONTEXT(2) 
PARAMETRIC_REPRESENTATION_CONTEXT() REPRESENTATION_CONTEXT('2D SPACE',''
  ) );
#1391 = ORIENTED_EDGE('',*,*,#47,.F.);
#1392 = ORIENTED_EDGE('',*,*,#1393,.T.);
#1393 = EDGE_CURVE('',#48,#48,#1394,.T.);
#1394 = SURFACE_CURVE('',#1395,(#1403,#1410),.PCURVE_S1.);
#1395 = ( BOUNDED_CURVE() B_SPLINE_CURVE(6,(#1396,#1397,#1398,#1399,
#1400,#1401,#1402),.UNSPECIFIED.,.T.,.F.) B_SPLINE_CURVE_WITH_KNOTS((1,6
    ,6,1),(-6.28318530718,0.,6.28318530718,12.566370614359),
.UNSPECIFIED.) CURVE() GEOMETRIC_REPRESENTATION_ITEM() 
RATIONAL_B_SPLINE_CURVE((1.669078461068,1.03672962321,1.038346699848,
    0.853534330196,1.038346699848,1.03672962321,1.669078461068)) 
REPRESENTATION_ITEM('') );
#1396 = CARTESIAN_POINT('',(1.1,-3.368832990347E-15,-3.45));
#1397 = CARTESIAN_POINT('',(1.1,-2.537033083616E-15,-4.363848691564));
#1398 = CARTESIAN_POINT('',(-3.000150480148E-02,-3.873637521856E-15,
    -4.495061810785));
#1399 = CARTESIAN_POINT('',(-0.962014306555,-3.446028185028E-15,-3.45));
#1400 = CARTESIAN_POINT('',(-3.000150480148E-02,-1.738192922929E-15,
    -2.404938189215));
#1401 = CARTESIAN_POINT('',(1.1,-5.102689104586E-15,-2.536151308436));
#1402 = CARTESIAN_POINT('',(1.1,-3.368832990347E-15,-3.45));
#1403 = PCURVE('',#216,#1404);
#1404 = DEFINITIONAL_REPRESENTATION('',(#1405),#1409);
#1405 = LINE('',#1406,#1407);
#1406 = CARTESIAN_POINT('',(0.,0.));
#1407 = VECTOR('',#1408,1.);
#1408 = DIRECTION('',(1.,0.));
#1409 = ( GEOMETRIC_REPRESENTATION_CONTEXT(2) 
PARAMETRIC_REPRESENTATION_CONTEXT() REPRESENTATION_CONTEXT('2D SPACE',''
  ) );
#1410 = PCURVE('',#1411,#1416);
#1411 = PLANE('',#1412);
#1412 = AXIS2_PLACEMENT_3D('',#1413,#1414,#1415);
#1413 = CARTESIAN_POINT('',(0.550087132779,-3.329777684384E-15,-3.45));
#1414 = DIRECTION('',(-3.611373844498E-32,1.,3.252836380075E-16));
#1415 = DIRECTION('',(1.110223024625E-16,3.252836380075E-16,-1.));
#1416 = DEFINITIONAL_REPRESENTATION('',(#1417),#1425);
#1417 = ( BOUNDED_CURVE() B_SPLINE_CURVE(6,(#1418,#1419,#1420,#1421,
#1422,#1423,#1424),.UNSPECIFIED.,.T.,.F.) B_SPLINE_CURVE_WITH_KNOTS((1,6
    ,6,1),(-6.28318530718,0.,6.28318530718,12.566370614359),
.UNSPECIFIED.) CURVE() GEOMETRIC_REPRESENTATION_ITEM() 
RATIONAL_B_SPLINE_CURVE((1.669078461068,1.03672962321,1.038346699848,
    0.853534330196,1.038346699848,1.03672962321,1.669078461068)) 
REPRESENTATION_ITEM('') );
#1418 = CARTESIAN_POINT('',(4.440892098501E-16,-0.549912867221));
#1419 = CARTESIAN_POINT('',(0.913848691564,-0.549912867221));
#1420 = CARTESIAN_POINT('',(1.045061810785,0.580088637581));
#1421 = CARTESIAN_POINT('',(3.996802888651E-15,1.512101439334));
#1422 = CARTESIAN_POINT('',(-1.045061810785,0.580088637581));
#1423 = CARTESIAN_POINT('',(-0.913848691564,-0.549912867221));
#1424 = CARTESIAN_POINT('',(4.440892098501E-16,-0.549912867221));
#1425 = ( GEOMETRIC_REPRESENTATION_CONTEXT(2) 
PARAMETRIC_REPRESENTATION_CONTEXT() REPRESENTATION_CONTEXT('2D SPACE',''
  ) );
#1426 = ADVANCED_FACE('',(#1427),#1411,.F.);
#1427 = FACE_BOUND('',#1428,.F.);
#1428 = EDGE_LOOP('',(#1429));
#1429 = ORIENTED_EDGE('',*,*,#1393,.T.);
#1430 = ADVANCED_FACE('',(#1431),#1376,.T.);
#1431 = FACE_BOUND('',#1432,.T.);
#1432 = EDGE_LOOP('',(#1433));
#1433 = ORIENTED_EDGE('',*,*,#1358,.T.);
#1434 = ( GEOMETRIC_REPRESENTATION_CONTEXT(3) 
GLOBAL_UNCERTAINTY_ASSIGNED_CONTEXT((#1438)) 
GLOBAL_UNIT_ASSIGNED_CONTEXT((#1435,#1436,#1437)) REPRESENTATION_CONTEXT
('Context #1','3D Context with UNIT and UNCERTAINTY') );
#1435 = ( LENGTH_UNIT() NAMED_UNIT(*) SI_UNIT(.MILLI.,.METRE.) );
#1436 = ( NAMED_UNIT(*) PLANE_ANGLE_UNIT() SI_UNIT($,.RADIAN.) );
#1437 = ( NAMED_UNIT(*) SI_UNIT($,.STERADIAN.) SOLID_ANGLE_UNIT() );
#1438 = UNCERTAINTY_MEASURE_WITH_UNIT(LENGTH_MEASURE(5.E-06),#1435,
  'distance_accuracy_value','confusion accuracy');
#1439 = CONTEXT_DEPENDENT_SHAPE_REPRESENTATION(#1440,#1442);
#1440 = ( REPRESENTATION_RELATIONSHIP('','',#40,#10) 
REPRESENTATION_RELATIONSHIP_WITH_TRANSFORMATION(#1441) 
SHAPE_REPRESENTATION_RELATIONSHIP() );
#1441 = ITEM_DEFINED_TRANSFORMATION('','',#11,#15);
#1442 = PRODUCT_DEFINITION_SHAPE('Placement','Placement of an item',
  #1443);
#1443 = NEXT_ASSEMBLY_USAGE_OCCURRENCE('1','','',#5,#35,$);
#1444 = PRODUCT_RELATED_PRODUCT_CATEGORY('part',$,(#37));
#1445 = SHAPE_DEFINITION_REPRESENTATION(#1446,#1452);
#1446 = PRODUCT_DEFINITION_SHAPE('','',#1447);
#1447 = PRODUCT_DEFINITION('design','',#1448,#1451);
#1448 = PRODUCT_DEFINITION_FORMATION('','',#1449);
#1449 = PRODUCT('Open CASCADE STEP translator 7.9 8.2',
  'Open CASCADE STEP translator 7.9 8.2','',(#1450));
#1450 = PRODUCT_CONTEXT('',#2,'mechanical');
#1451 = PRODUCT_DEFINITION_CONTEXT('part definition',#2,'design');
#1452 = ADVANCED_BREP_SHAPE_REPRESENTATION('',(#11,#1453),#1559);
#1453 = MANIFOLD_SOLID_BREP('',#1454);
#1454 = CLOSED_SHELL('',(#1455,#1551,#1555));
#1455 = ADVANCED_FACE('',(#1456),#1471,.T.);
#1456 = FACE_BOUND('',#1457,.T.);
#1457 = EDGE_LOOP('',(#1458,#1488,#1519,#1520));
#1458 = ORIENTED_EDGE('',*,*,#1459,.T.);
#1459 = EDGE_CURVE('',#1460,#1462,#1464,.T.);
#1460 = VERTEX_POINT('',#1461);
#1461 = CARTESIAN_POINT('',(-3.828858703917,2.779027392622,0.));
#1462 = VERTEX_POINT('',#1463);
#1463 = CARTESIAN_POINT('',(-2.171141296083,2.779027392622,0.));
#1464 = SEAM_CURVE('',#1465,(#1470,#1481),.PCURVE_S1.);
#1465 = CIRCLE('',#1466,2.9);
#1466 = AXIS2_PLACEMENT_3D('',#1467,#1468,#1469);
#1467 = CARTESIAN_POINT('',(-3.,-4.163336342344E-17,2.020667218593E-16)
  );
#1468 = DIRECTION('',(0.,0.,1.));
#1469 = DIRECTION('',(-0.285813346178,0.958285307801,0.));
#1470 = PCURVE('',#1471,#1476);
#1471 = TOROIDAL_SURFACE('',#1472,3.45,0.55);
#1472 = AXIS2_PLACEMENT_3D('',#1473,#1474,#1475);
#1473 = CARTESIAN_POINT('',(-3.,-4.163336342344E-17,0.));
#1474 = DIRECTION('',(0.,0.,1.));
#1475 = DIRECTION('',(-0.285813346178,0.958285307801,0.));
#1476 = DEFINITIONAL_REPRESENTATION('',(#1477),#1480);
#1477 = B_SPLINE_CURVE_WITH_KNOTS('',1,(#1478,#1479),.UNSPECIFIED.,.F.,
  .F.,(2,2),(0.,5.703475162252),.PIECEWISE_BEZIER_KNOTS.);
#1478 = CARTESIAN_POINT('',(0.,3.14159265359));
#1479 = CARTESIAN_POINT('',(5.703475162252,3.14159265359));
#1480 = ( GEOMETRIC_REPRESENTATION_CONTEXT(2) 
PARAMETRIC_REPRESENTATION_CONTEXT() REPRESENTATION_CONTEXT('2D SPACE',''
  ) );
#1481 = PCURVE('',#1471,#1482);
#1482 = DEFINITIONAL_REPRESENTATION('',(#1483),#1487);
#1483 = LINE('',#1484,#1485);
#1484 = CARTESIAN_POINT('',(0.,9.424777960769));
#1485 = VECTOR('',#1486,1.);
#1486 = DIRECTION('',(1.,0.));
#1487 = ( GEOMETRIC_REPRESENTATION_CONTEXT(2) 
PARAMETRIC_REPRESENTATION_CONTEXT() REPRESENTATION_CONTEXT('2D SPACE',''
  ) );
#1488 = ORIENTED_EDGE('',*,*,#1489,.T.);
#1489 = EDGE_CURVE('',#1462,#1462,#1490,.T.);
#1490 = SURFACE_CURVE('',#1491,(#1496,#1503),.PCURVE_S1.);
#1491 = CIRCLE('',#1492,0.55);
#1492 = AXIS2_PLACEMENT_3D('',#1493,#1494,#1495);
#1493 = CARTESIAN_POINT('',(-2.013943955685,3.306084311912,0.));
#1494 = DIRECTION('',(0.958285307801,-0.285813346178,0.));
#1495 = DIRECTION('',(0.285813346178,0.958285307801,0.));
#1496 = PCURVE('',#1471,#1497);
#1497 = DEFINITIONAL_REPRESENTATION('',(#1498),#1502);
#1498 = LINE('',#1499,#1500);
#1499 = CARTESIAN_POINT('',(5.703475162252,0.));
#1500 = VECTOR('',#1501,1.);
#1501 = DIRECTION('',(0.,1.));
#1502 = ( GEOMETRIC_REPRESENTATION_CONTEXT(2) 
PARAMETRIC_REPRESENTATION_CONTEXT() REPRESENTATION_CONTEXT('2D SPACE',''
  ) );
#1503 = PCURVE('',#1504,#1509);
#1504 = PLANE('',#1505);
#1505 = AXIS2_PLACEMENT_3D('',#1506,#1507,#1508);
#1506 = CARTESIAN_POINT('',(-2.013943955685,3.306084311912,
    -2.459380958053E-17));
#1507 = DIRECTION('',(-0.958285307801,0.285813346178,-0.));
#1508 = DIRECTION('',(-0.285813346178,-0.958285307801,0.));
#1509 = DEFINITIONAL_REPRESENTATION('',(#1510),#1518);
#1510 = ( BOUNDED_CURVE() B_SPLINE_CURVE(2,(#1511,#1512,#1513,#1514,
#1515,#1516,#1517),.UNSPECIFIED.,.T.,.F.) B_SPLINE_CURVE_WITH_KNOTS((1,2
    ,2,2,2,1),(-2.094395102393,0.,2.094395102393,4.188790204786,
6.28318530718,8.377580409573),.UNSPECIFIED.) CURVE() 
GEOMETRIC_REPRESENTATION_ITEM() RATIONAL_B_SPLINE_CURVE((1.,0.5,1.,0.5,
1.,0.5,1.)) REPRESENTATION_ITEM('') );
#1511 = CARTESIAN_POINT('',(-0.55,2.459380958053E-17));
#1512 = CARTESIAN_POINT('',(-0.55,0.952627944163));
#1513 = CARTESIAN_POINT('',(0.275,0.476313972081));
#1514 = CARTESIAN_POINT('',(1.1,1.593049574867E-16));
#1515 = CARTESIAN_POINT('',(0.275,-0.476313972081));
#1516 = CARTESIAN_POINT('',(-0.55,-0.952627944163));
#1517 = CARTESIAN_POINT('',(-0.55,2.459380958053E-17));
#1518 = ( GEOMETRIC_REPRESENTATION_CONTEXT(2) 
PARAMETRIC_REPRESENTATION_CONTEXT() REPRESENTATION_CONTEXT('2D SPACE',''
  ) );
#1519 = ORIENTED_EDGE('',*,*,#1459,.F.);
#1520 = ORIENTED_EDGE('',*,*,#1521,.F.);
#1521 = EDGE_CURVE('',#1460,#1460,#1522,.T.);
#1522 = SURFACE_CURVE('',#1523,(#1528,#1535),.PCURVE_S1.);
#1523 = CIRCLE('',#1524,0.55);
#1524 = AXIS2_PLACEMENT_3D('',#1525,#1526,#1527);
#1525 = CARTESIAN_POINT('',(-3.986056044315,3.306084311912,0.));
#1526 = DIRECTION('',(0.958285307801,0.285813346178,-0.));
#1527 = DIRECTION('',(-0.285813346178,0.958285307801,0.));
#1528 = PCURVE('',#1471,#1529);
#1529 = DEFINITIONAL_REPRESENTATION('',(#1530),#1534);
#1530 = LINE('',#1531,#1532);
#1531 = CARTESIAN_POINT('',(0.,0.));
#1532 = VECTOR('',#1533,1.);
#1533 = DIRECTION('',(0.,1.));
#1534 = ( GEOMETRIC_REPRESENTATION_CONTEXT(2) 
PARAMETRIC_REPRESENTATION_CONTEXT() REPRESENTATION_CONTEXT('2D SPACE',''
  ) );
#1535 = PCURVE('',#1536,#1541);
#1536 = PLANE('',#1537);
#1537 = AXIS2_PLACEMENT_3D('',#1538,#1539,#1540);
#1538 = CARTESIAN_POINT('',(-3.986056044315,3.306084311912,
    -2.459380958053E-17));
#1539 = DIRECTION('',(-0.958285307801,-0.285813346178,2.684137247905E-16
    ));
#1540 = DIRECTION('',(0.285813346178,-0.958285307801,-1.232595164408E-32
    ));
#1541 = DEFINITIONAL_REPRESENTATION('',(#1542),#1550);
#1542 = ( BOUNDED_CURVE() B_SPLINE_CURVE(2,(#1543,#1544,#1545,#1546,
#1547,#1548,#1549),.UNSPECIFIED.,.T.,.F.) B_SPLINE_CURVE_WITH_KNOTS((1,2
    ,2,2,2,1),(-2.094395102393,0.,2.094395102393,4.188790204786,
6.28318530718,8.377580409573),.UNSPECIFIED.) CURVE() 
GEOMETRIC_REPRESENTATION_ITEM() RATIONAL_B_SPLINE_CURVE((1.,0.5,1.,0.5,
1.,0.5,1.)) REPRESENTATION_ITEM('') );
#1543 = CARTESIAN_POINT('',(-0.55,2.459380958053E-17));
#1544 = CARTESIAN_POINT('',(-0.55,0.952627944163));
#1545 = CARTESIAN_POINT('',(0.275,0.476313972081));
#1546 = CARTESIAN_POINT('',(1.1,1.593049574867E-16));
#1547 = CARTESIAN_POINT('',(0.275,-0.476313972081));
#1548 = CARTESIAN_POINT('',(-0.55,-0.952627944163));
#1549 = CARTESIAN_POINT('',(-0.55,2.459380958053E-17));
#1550 = ( GEOMETRIC_REPRESENTATION_CONTEXT(2) 
PARAMETRIC_REPRESENTATION_CONTEXT() REPRESENTATION_CONTEXT('2D SPACE',''
  ) );
#1551 = ADVANCED_FACE('',(#1552),#1536,.F.);
#1552 = FACE_BOUND('',#1553,.F.);
#1553 = EDGE_LOOP('',(#1554));
#1554 = ORIENTED_EDGE('',*,*,#1521,.F.);
#1555 = ADVANCED_FACE('',(#1556),#1504,.T.);
#1556 = FACE_BOUND('',#1557,.T.);
#1557 = EDGE_LOOP('',(#1558));
#1558 = ORIENTED_EDGE('',*,*,#1489,.F.);
#1559 = ( GEOMETRIC_REPRESENTATION_CONTEXT(3) 
GLOBAL_UNCERTAINTY_ASSIGNED_CONTEXT((#1563)) 
GLOBAL_UNIT_ASSIGNED_CONTEXT((#1560,#1561,#1562)) REPRESENTATION_CONTEXT
('Context #1','3D Context with UNIT and UNCERTAINTY') );
#1560 = ( LENGTH_UNIT() NAMED_UNIT(*) SI_UNIT(.MILLI.,.METRE.) );
#1561 = ( NAMED_UNIT(*) PLANE_ANGLE_UNIT() SI_UNIT($,.RADIAN.) );
#1562 = ( NAMED_UNIT(*) SI_UNIT($,.STERADIAN.) SOLID_ANGLE_UNIT() );
#1563 = UNCERTAINTY_MEASURE_WITH_UNIT(LENGTH_MEASURE(1.E-07),#1560,
  'distance_accuracy_value','confusion accuracy');
#1564 = CONTEXT_DEPENDENT_SHAPE_REPRESENTATION(#1565,#1567);
#1565 = ( REPRESENTATION_RELATIONSHIP('','',#1452,#10) 
REPRESENTATION_RELATIONSHIP_WITH_TRANSFORMATION(#1566) 
SHAPE_REPRESENTATION_RELATIONSHIP() );
#1566 = ITEM_DEFINED_TRANSFORMATION('','',#11,#19);
#1567 = PRODUCT_DEFINITION_SHAPE('Placement','Placement of an item',
  #1568);
#1568 = NEXT_ASSEMBLY_USAGE_OCCURRENCE('2','','',#5,#1447,$);
#1569 = PRODUCT_RELATED_PRODUCT_CATEGORY('part',$,(#1449));
#1570 = SHAPE_DEFINITION_REPRESENTATION(#1571,#1577);
#1571 = PRODUCT_DEFINITION_SHAPE('','',#1572);
#1572 = PRODUCT_DEFINITION('design','',#1573,#1576);
#1573 = PRODUCT_DEFINITION_FORMATION('','',#1574);
#1574 = PRODUCT('Open CASCADE STEP translator 7.9 8.3',
  'Open CASCADE STEP translator 7.9 8.3','',(#1575));
#1575 = PRODUCT_CONTEXT('',#2,'mechanical');
#1576 = PRODUCT_DEFINITION_CONTEXT('part definition',#2,'design');
#1577 = ADVANCED_BREP_SHAPE_REPRESENTATION('',(#11,#1578),#1684);
#1578 = MANIFOLD_SOLID_BREP('',#1579);
#1579 = CLOSED_SHELL('',(#1580,#1676,#1680));
#1580 = ADVANCED_FACE('',(#1581),#1596,.T.);
#1581 = FACE_BOUND('',#1582,.T.);
#1582 = EDGE_LOOP('',(#1583,#1613,#1644,#1645));
#1583 = ORIENTED_EDGE('',*,*,#1584,.T.);
#1584 = EDGE_CURVE('',#1585,#1587,#1589,.T.);
#1585 = VERTEX_POINT('',#1586);
#1586 = CARTESIAN_POINT('',(19.543253384713,3.833141231202,0.));
#1587 = VERTEX_POINT('',#1588);
#1588 = CARTESIAN_POINT('',(17.256746615287,3.833141231202,0.));
#1589 = SEAM_CURVE('',#1590,(#1595,#1606),.PCURVE_S1.);
#1590 = CIRCLE('',#1591,4.);
#1591 = AXIS2_PLACEMENT_3D('',#1592,#1593,#1594);
#1592 = CARTESIAN_POINT('',(18.4,-1.318389841742E-16,1.347111479062E-16)
  );
#1593 = DIRECTION('',(0.,0.,-1.));
#1594 = DIRECTION('',(0.285813346178,0.958285307801,0.));
#1595 = PCURVE('',#1596,#1601);
#1596 = TOROIDAL_SURFACE('',#1597,3.45,0.55);
#1597 = AXIS2_PLACEMENT_3D('',#1598,#1599,#1600);
#1598 = CARTESIAN_POINT('',(18.4,-1.318389841742E-16,0.));
#1599 = DIRECTION('',(0.,0.,-1.));
#1600 = DIRECTION('',(0.285813346178,0.958285307801,0.));
#1601 = DEFINITIONAL_REPRESENTATION('',(#1602),#1605);
#1602 = B_SPLINE_CURVE_WITH_KNOTS('',1,(#1603,#1604),.UNSPECIFIED.,.F.,
  .F.,(2,2),(0.,5.703475162252),.PIECEWISE_BEZIER_KNOTS.);
#1603 = CARTESIAN_POINT('',(0.,0.));
#1604 = CARTESIAN_POINT('',(5.703475162252,0.));
#1605 = ( GEOMETRIC_REPRESENTATION_CONTEXT(2) 
PARAMETRIC_REPRESENTATION_CONTEXT() REPRESENTATION_CONTEXT('2D SPACE',''
  ) );
#1606 = PCURVE('',#1596,#1607);
#1607 = DEFINITIONAL_REPRESENTATION('',(#1608),#1612);
#1608 = LINE('',#1609,#1610);
#1609 = CARTESIAN_POINT('',(0.,6.28318530718));
#1610 = VECTOR('',#1611,1.);
#1611 = DIRECTION('',(1.,0.));
#1612 = ( GEOMETRIC_REPRESENTATION_CONTEXT(2) 
PARAMETRIC_REPRESENTATION_CONTEXT() REPRESENTATION_CONTEXT('2D SPACE',''
  ) );
#1613 = ORIENTED_EDGE('',*,*,#1614,.T.);
#1614 = EDGE_CURVE('',#1587,#1587,#1615,.T.);
#1615 = SURFACE_CURVE('',#1616,(#1621,#1628),.PCURVE_S1.);
#1616 = CIRCLE('',#1617,0.55);
#1617 = AXIS2_PLACEMENT_3D('',#1618,#1619,#1620);
#1618 = CARTESIAN_POINT('',(17.413943955685,3.306084311912,0.));
#1619 = DIRECTION('',(-0.958285307801,-0.285813346178,-0.));
#1620 = DIRECTION('',(-0.285813346178,0.958285307801,0.));
#1621 = PCURVE('',#1596,#1622);
#1622 = DEFINITIONAL_REPRESENTATION('',(#1623),#1627);
#1623 = LINE('',#1624,#1625);
#1624 = CARTESIAN_POINT('',(5.703475162252,0.));
#1625 = VECTOR('',#1626,1.);
#1626 = DIRECTION('',(0.,1.));
#1627 = ( GEOMETRIC_REPRESENTATION_CONTEXT(2) 
PARAMETRIC_REPRESENTATION_CONTEXT() REPRESENTATION_CONTEXT('2D SPACE',''
  ) );
#1628 = PCURVE('',#1629,#1634);
#1629 = PLANE('',#1630);
#1630 = AXIS2_PLACEMENT_3D('',#1631,#1632,#1633);
#1631 = CARTESIAN_POINT('',(17.413943955685,3.306084311912,
    -3.581973857271E-17));
#1632 = DIRECTION('',(0.958285307801,0.285813346178,1.370354549271E-16)
  );
#1633 = DIRECTION('',(-0.285813346178,0.958285307801,0.));
#1634 = DEFINITIONAL_REPRESENTATION('',(#1635),#1643);
#1635 = ( BOUNDED_CURVE() B_SPLINE_CURVE(2,(#1636,#1637,#1638,#1639,
#1640,#1641,#1642),.UNSPECIFIED.,.T.,.F.) B_SPLINE_CURVE_WITH_KNOTS((1,2
    ,2,2,2,1),(-2.094395102393,0.,2.094395102393,4.188790204786,
6.28318530718,8.377580409573),.UNSPECIFIED.) CURVE() 
GEOMETRIC_REPRESENTATION_ITEM() RATIONAL_B_SPLINE_CURVE((1.,0.5,1.,0.5,
1.,0.5,1.)) REPRESENTATION_ITEM('') );
#1636 = CARTESIAN_POINT('',(0.55,3.581973857271E-17));
#1637 = CARTESIAN_POINT('',(0.55,-0.952627944163));
#1638 = CARTESIAN_POINT('',(-0.275,-0.476313972081));
#1639 = CARTESIAN_POINT('',(-1.1,-9.88914093335E-17));
#1640 = CARTESIAN_POINT('',(-0.275,0.476313972081));
#1641 = CARTESIAN_POINT('',(0.55,0.952627944163));
#1642 = CARTESIAN_POINT('',(0.55,3.581973857271E-17));
#1643 = ( GEOMETRIC_REPRESENTATION_CONTEXT(2) 
PARAMETRIC_REPRESENTATION_CONTEXT() REPRESENTATION_CONTEXT('2D SPACE',''
  ) );
#1644 = ORIENTED_EDGE('',*,*,#1584,.F.);
#1645 = ORIENTED_EDGE('',*,*,#1646,.F.);
#1646 = EDGE_CURVE('',#1585,#1585,#1647,.T.);
#1647 = SURFACE_CURVE('',#1648,(#1653,#1660),.PCURVE_S1.);
#1648 = CIRCLE('',#1649,0.55);
#1649 = AXIS2_PLACEMENT_3D('',#1650,#1651,#1652);
#1650 = CARTESIAN_POINT('',(19.386056044315,3.306084311912,0.));
#1651 = DIRECTION('',(-0.958285307801,0.285813346178,0.));
#1652 = DIRECTION('',(0.285813346178,0.958285307801,0.));
#1653 = PCURVE('',#1596,#1654);
#1654 = DEFINITIONAL_REPRESENTATION('',(#1655),#1659);
#1655 = LINE('',#1656,#1657);
#1656 = CARTESIAN_POINT('',(0.,0.));
#1657 = VECTOR('',#1658,1.);
#1658 = DIRECTION('',(0.,1.));
#1659 = ( GEOMETRIC_REPRESENTATION_CONTEXT(2) 
PARAMETRIC_REPRESENTATION_CONTEXT() REPRESENTATION_CONTEXT('2D SPACE',''
  ) );
#1660 = PCURVE('',#1661,#1666);
#1661 = PLANE('',#1662);
#1662 = AXIS2_PLACEMENT_3D('',#1663,#1664,#1665);
#1663 = CARTESIAN_POINT('',(19.386056044315,3.306084311912,
    -3.581973857271E-17));
#1664 = DIRECTION('',(0.958285307801,-0.285813346178,-1.37035454927E-16)
  );
#1665 = DIRECTION('',(0.285813346178,0.958285307801,0.));
#1666 = DEFINITIONAL_REPRESENTATION('',(#1667),#1675);
#1667 = ( BOUNDED_CURVE() B_SPLINE_CURVE(2,(#1668,#1669,#1670,#1671,
#1672,#1673,#1674),.UNSPECIFIED.,.T.,.F.) B_SPLINE_CURVE_WITH_KNOTS((1,2
    ,2,2,2,1),(-2.094395102393,0.,2.094395102393,4.188790204786,
6.28318530718,8.377580409573),.UNSPECIFIED.) CURVE() 
GEOMETRIC_REPRESENTATION_ITEM() RATIONAL_B_SPLINE_CURVE((1.,0.5,1.,0.5,
1.,0.5,1.)) REPRESENTATION_ITEM('') );
#1668 = CARTESIAN_POINT('',(0.55,3.581973857271E-17));
#1669 = CARTESIAN_POINT('',(0.55,-0.952627944163));
#1670 = CARTESIAN_POINT('',(-0.275,-0.476313972081));
#1671 = CARTESIAN_POINT('',(-1.1,-9.88914093335E-17));
#1672 = CARTESIAN_POINT('',(-0.275,0.476313972081));
#1673 = CARTESIAN_POINT('',(0.55,0.952627944163));
#1674 = CARTESIAN_POINT('',(0.55,3.581973857271E-17));
#1675 = ( GEOMETRIC_REPRESENTATION_CONTEXT(2) 
PARAMETRIC_REPRESENTATION_CONTEXT() REPRESENTATION_CONTEXT('2D SPACE',''
  ) );
#1676 = ADVANCED_FACE('',(#1677),#1661,.F.);
#1677 = FACE_BOUND('',#1678,.F.);
#1678 = EDGE_LOOP('',(#1679));
#1679 = ORIENTED_EDGE('',*,*,#1646,.F.);
#1680 = ADVANCED_FACE('',(#1681),#1629,.T.);
#1681 = FACE_BOUND('',#1682,.T.);
#1682 = EDGE_LOOP('',(#1683));
#1683 = ORIENTED_EDGE('',*,*,#1614,.F.);
#1684 = ( GEOMETRIC_REPRESENTATION_CONTEXT(3) 
GLOBAL_UNCERTAINTY_ASSIGNED_CONTEXT((#1688)) 
GLOBAL_UNIT_ASSIGNED_CONTEXT((#1685,#1686,#1687)) REPRESENTATION_CONTEXT
('Context #1','3D Context with UNIT and UNCERTAINTY') );
#1685 = ( LENGTH_UNIT() NAMED_UNIT(*) SI_UNIT(.MILLI.,.METRE.) );
#1686 = ( NAMED_UNIT(*) PLANE_ANGLE_UNIT() SI_UNIT($,.RADIAN.) );
#1687 = ( NAMED_UNIT(*) SI_UNIT($,.STERADIAN.) SOLID_ANGLE_UNIT() );
#1688 = UNCERTAINTY_MEASURE_WITH_UNIT(LENGTH_MEASURE(1.E-07),#1685,
  'distance_accuracy_value','confusion accuracy');
#1689 = CONTEXT_DEPENDENT_SHAPE_REPRESENTATION(#1690,#1692);
#1690 = ( REPRESENTATION_RELATIONSHIP('','',#1577,#10) 
REPRESENTATION_RELATIONSHIP_WITH_TRANSFORMATION(#1691) 
SHAPE_REPRESENTATION_RELATIONSHIP() );
#1691 = ITEM_DEFINED_TRANSFORMATION('','',#11,#23);
#1692 = PRODUCT_DEFINITION_SHAPE('Placement','Placement of an item',
  #1693);
#1693 = NEXT_ASSEMBLY_USAGE_OCCURRENCE('3','','',#5,#1572,$);
#1694 = PRODUCT_RELATED_PRODUCT_CATEGORY('part',$,(#1574));
ENDSEC;
END-ISO-10303-21;
